Model,H_e,Lower_CI,Upper_CI,Under_Selection
Neutral,0,0,0,No
s=0.7,0.0082,0.0033,0.0131,No
s=0.5,0.01151,0.00245,0.02058,No
s=0.8,0.01371,0.00367,0.02374,No
s=0.6,0.01601,0.00662,0.02541,No
s=0.3,0.02056,0.00765,0.03346,No
s=0.2,0.02491,0.01477,0.03506,No
s=0.4,0.02878,0.0129,0.04466,No
s=0.1,0.03616,0.02268,0.04964,No
s=0.05,0.03835,0.02869,0.04801,No
