#IID	F_ROH	ROH_length_kB	KBAVG
3331	0.30070	27804	6951
3332	0.14086	13024.7	4341.58
3333	0.19913	18411.9	4602.98
3334	0.19715	18229.5	6076.49
3335	0.31391	29025.1	9675.04
3336	0.29262	27056.4	5411.28
3337	0.22555	20854.8	5213.69
3338	0.17065	15778.8	3944.71
3339	0.38088	35217.2	5869.54
3340	0.22302	20621.6	5155.4
3341	0.44103	40779	10194.7
3342	0.46892	43357.5	8671.51
3343	0.25081	23190.3	4638.07
3344	0.17505	16185.9	5395.29
3345	0.12688	11731.7	3910.56
3346	0.11690	10809.1	5404.55
3347	0.41937	38776.2	9694.05
3348	0.45895	42436.3	8487.26
3349	0.00000	0	0
3350	0.20469	18926.1	4731.52
3351	0.15787	14597.2	7298.62
3352	0.03307	3057.75	3057.75
3353	0.11861	10967.3	10967.3
3354	0.13307	12304	6151.99
3355	0.19989	18482.5	9241.24
3356	0.23220	21470.1	10735
3357	0.19510	18039.7	3607.95
3358	0.04154	3840.55	3840.55
3359	0.25125	23231	4646.2
3360	0.25965	24008.3	8002.78
3361	0.40717	37648.5	6274.75
3362	0.07985	7383.08	7383.08
3363	0.09447	8735.33	4367.66
3364	0.33670	31132	6226.4
3365	0.36946	34161.4	11387.1
3366	0.33018	30529.9	7632.46
3367	0.28521	26371.4	8790.47
3368	0.13173	12180.5	6090.26
3369	0.18192	16821.2	5607.05
3370	0.26167	24194.7	6048.66
3371	0.07630	7055.36	7055.36
3372	0.38167	35290.4	11763.5
3373	0.11791	10902.3	5451.15
3374	0.24398	22559.5	7519.84
3375	0.27539	25463.9	12731.9
3376	0.41031	37938.9	18969.4
3377	0.20673	19115.2	6371.73
3378	0.32952	30468.9	7617.21
3379	0.17886	16538.3	5512.78
3380	0.09516	8798.56	8798.56
3381	0.17505	16185.4	5395.13
3382	0.27869	25768.9	5153.78
3383	0.42769	39545.2	7909.03
3384	0.19270	17817.6	5939.19
3385	0.23412	21647.3	5411.82
3386	0.28850	26675.5	13337.7
3387	0.07823	7233.03	3616.52
3388	0.20480	18936.2	6312.07
3389	0.22554	20854.6	10427.3
3390	0.10609	9809.85	4904.93
3391	0.05572	5151.63	5151.63
3392	0.16924	15648.8	15648.8
3393	0.34798	32175.2	4596.45
3394	0.15092	13954.5	6977.23
3395	0.09530	8811.39	4405.7
3396	0.16577	15327.4	7663.72
3397	0.46633	43118.2	8623.64
3398	0.17420	16107.5	5369.17
3399	0.22084	20420	5105.01
3400	0.17377	16067	4016.76
