#IID	F_ROH	ROH_length_kB	KBAVG
3331	0.42960	39705.6	7941.12
3332	0.17309	15997.5	5332.51
3333	0.17271	15962.6	5320.86
3334	0.27848	25738.2	8579.39
3335	0.08129	7513.21	7513.21
3336	0.43074	39810.6	6635.11
3337	0.13573	12544.6	4181.54
3338	0.11110	10268.1	5134.03
3339	0.37175	34359	17179.5
3340	0.17094	15799	7899.49
3341	0.30174	27888.2	6972.06
3342	0.33645	31095.8	10365.3
3343	0.17409	16090.1	5363.36
3344	0.52588	48603.7	16201.2
3345	0.06217	5746.06	5746.06
3346	0.20831	19252.9	9626.47
3347	0.37196	34378	8594.51
3348	0.36345	33591.8	5598.63
3349	0.17403	16084.6	5361.55
3350	0.13128	12133	4044.33
3351	0.12539	11589.2	11589.2
3352	0.05106	4718.98	4718.98
3353	0.31913	29495	5899
3354	0.04351	4021.73	4021.73
3355	0.25963	23996.4	7998.8
3356	0.18660	17246	5748.67
3357	0.21992	20326.1	6775.37
3358	0.22023	20354.4	6784.82
3359	0.10728	9915.07	4957.53
3360	0.19602	18116.6	4529.15
3361	0.13187	12187.8	6093.9
3362	0.39476	36485.1	6080.85
3363	0.32723	30243.8	6048.76
3364	0.26723	24698.4	4939.69
3365	0.29519	27282.3	6820.59
3366	0.49902	46121.6	15373.9
3367	0.46429	42911.5	8582.29
3368	0.16086	14867.8	7433.88
3369	0.26421	24419.6	8139.87
3370	0.45307	41874.2	8374.84
3371	0.21545	19912.7	6637.56
3372	0.16706	15440.5	5146.83
3373	0.45988	42504.1	10626
3374	0.16290	15056	7528.01
3375	0.60190	55629.8	13907.5
3376	0.00000	0	0
3377	0.06900	6377.26	6377.26
3378	0.17660	16322.1	4080.54
3379	0.22208	20525.1	10262.6
3380	0.25756	23804.6	7934.85
3381	0.50877	47022.8	7837.14
3382	0.47062	43496.7	10874.2
3383	0.63797	58963.4	11792.7
3384	0.47744	44127.2	11031.8
3385	0.47345	43758.3	6251.18
3386	0.29769	27513.4	6878.34
3387	0.26939	24897.7	4979.53
3388	0.19259	17800	5933.33
3389	0.34343	31741.6	4534.52
3390	0.19786	18287	6095.67
3391	0.28594	26428	6607.01
3392	0.18932	17497.9	5832.62
3393	0.03642	3366.46	3366.46
3394	0.27400	25324.4	8441.47
3395	0.25707	23759.8	7919.94
3396	0.37358	34527.4	8631.85
3397	0.12589	11635.4	11635.4
3398	0.08501	7856.73	7856.73
3399	0.20631	19067.8	4766.96
3400	0.47389	43798.7	14599.6
