#IID	F_ROH	ROH_length_kB	KBAVG
3331	0.10797	9973.35	4986.68
3332	0.12970	11980.6	3993.52
3333	0.34181	31573.1	5262.18
3334	0.27745	25628.5	8542.85
3335	0.17528	16190.6	4047.65
3336	0.21559	19913.9	9956.96
3337	0.20253	18708.3	6236.11
3338	0.20816	19228.2	4807.04
3339	0.61396	56712.2	14178
3340	0.19466	17981.2	5993.73
3341	0.21909	20237.2	5059.29
3342	0.05175	4780.12	4780.12
3343	0.21589	19941.8	6647.28
3344	0.44823	41403.6	10350.9
3345	0.32976	30460.7	15230.3
3346	0.13448	12422.1	6211.04
3347	0.23480	21688.9	7229.63
3348	0.27649	25540	6385
3349	0.31338	28947.4	5789.48
3350	0.20303	18754.1	6251.37
3351	0.50650	46786.1	11696.5
3352	0.20539	18971.8	4742.95
3353	0.41824	38633.3	5519.05
3354	0.45152	41707.7	20853.9
3355	0.30522	28193.7	9397.9
3356	0.44139	40772.1	20386
3357	0.28360	26196.5	5239.3
3358	0.40557	37462.7	9365.69
3359	0.59387	54856.1	13714
3360	0.26820	24774.1	8258.04
3361	0.23941	22114.7	7371.56
3362	0.32154	29700.6	7425.15
3363	0.23964	22135.6	5533.89
3364	0.51753	47804.5	7967.41
3365	0.21811	20146.8	5036.69
3366	0.20049	18519.6	6173.2
3367	0.25064	23151.5	5787.87
3368	0.33672	31103.6	6220.71
3369	0.54366	50218.1	7174.01
3370	0.31122	28748.1	5749.62
3371	0.45309	41852.6	8370.51
3372	0.09252	8546.53	4273.27
3373	0.25737	23773.2	5943.31
3374	0.24431	22566.8	4513.36
3375	0.23495	21702.7	10851.3
3376	0.39785	36749.5	7349.9
3377	0.37164	34328.8	8582.2
3378	0.38998	36023	7204.61
3379	0.20404	18847.6	6282.54
3380	0.23435	21647.1	5411.77
3381	0.32583	30096.9	6019.39
3382	0.23759	21946	5486.5
3383	0.19311	17837.9	5945.97
3384	0.33150	30621.2	4374.46
3385	0.29770	27499.2	6874.8
3386	0.17176	15865.9	7932.94
3387	0.29705	27438.4	4573.06
3388	0.38630	35682.7	8920.67
3389	0.39306	36307.6	6051.27
3390	0.16380	15130.8	5043.61
3391	0.21305	19679.5	4919.88
3392	0.19578	18084.5	6028.16
3393	0.37610	34740.9	6948.18
3394	0.44923	41495.8	8299.15
3395	0.22298	20597.3	10298.6
3396	0.20980	19379.4	6459.8
3397	0.19865	18349.7	4587.43
3398	0.25142	23223.5	11611.7
3399	0.30385	28066.8	7016.69
3400	0.34226	31615.3	15807.6
