#IID	F_ROH	ROH_length_kB	KBAVG
3331	0.46557	43043.1	14347.7
3332	0.20630	19073.1	4768.29
3333	0.19341	17881.3	5960.45
3334	0.18344	16959.6	5653.21
3335	0.28746	26576.1	8858.71
3336	0.21231	19628.8	4907.19
3337	0.07892	7296.01	3648.01
3338	0.15803	14609.8	4869.93
3339	0.26072	24103.8	6025.96
3340	0.12125	11209.9	5604.94
3341	0.21946	20289.3	6763.1
3342	0.13952	12898.6	12898.6
3343	0.14321	13240	4413.33
3344	0.45499	42064.5	7010.75
3345	0.20269	18738.7	4684.67
3346	0.42702	39478.9	7895.79
3347	0.08175	7557.67	3778.84
3348	0.17899	16547.7	5515.9
3349	0.19211	17760.8	4440.19
3350	0.35184	32528.3	6505.65
3351	0.17229	15928.2	5309.41
3352	0.57371	53040.9	13260.2
3353	0.11127	10286.8	5143.42
3354	0.09819	9077.86	4538.93
3355	0.31962	29550	7387.5
3356	0.24273	22440.9	5610.23
3357	0.28520	26367.3	5273.45
3358	0.21598	19967.6	9983.78
3359	0.32885	30403.2	6080.65
3360	0.25946	23988	7995.99
3361	0.35996	33279.5	8319.86
3362	0.38691	35771	11923.7
3363	0.34802	32174.8	8043.7
3364	0.02973	2748.61	2748.61
3365	0.35724	33027.2	16513.6
3366	0.25479	23555.5	7851.82
3367	0.27190	25137.3	5027.45
3368	0.05405	4997.42	4997.42
3369	0.16551	15302	5100.67
3370	0.55712	51507.3	25753.6
3371	0.39629	36638	6106.33
3372	0.30450	28151.5	5630.31
3373	0.29557	27326	6831.51
3374	0.27192	25139.5	8379.82
3375	0.21210	19609.1	4902.27
3376	0.39506	36524.2	18262.1
3377	0.05405	4997.42	4997.42
3378	0.25560	23630.5	7876.83
3379	0.25533	23605.8	5901.44
3380	0.16663	15405.4	5135.13
3381	0.61363	56731.4	11346.3
3382	0.16469	15225.5	5075.15
3383	0.46926	43383.7	8676.74
3384	0.64756	59868.7	14967.2
3385	0.62937	58186.7	19395.6
3386	0.28845	26667.9	5333.58
3387	0.14141	13073.3	13073.3
3388	0.38108	35231.6	8807.9
3389	0.34758	32134.9	8033.73
3390	0.07390	6832.26	3416.13
3391	0.43277	40010.8	6668.47
3392	0.24832	22958	7652.67
3393	0.31356	28989.7	5797.94
3394	0.27242	25185.8	6296.45
3395	0.18228	16852.5	5617.5
3396	0.30833	28506.1	9502.04
3397	0.24304	22469.4	22469.4
3398	0.53672	49621.3	12405.3
3399	0.30467	28167.6	9389.2
3400	0.39390	36417.1	7283.42
