#IID	F_ROH	ROH_length_kB	KBAVG
3331	0.08506	7864.89	3932.45
3332	0.18443	17053.1	5684.37
3333	0.18911	17486.1	5828.7
3334	0.20820	19251.2	6417.05
3335	0.38490	35590.5	7118.09
3336	0.21767	20127.1	6709.04
3337	0.23860	22062.1	4412.42
3338	0.19272	17819.7	5939.9
3339	0.48546	44888.5	8977.7
3340	0.08525	7883.17	7883.17
3341	0.23725	21937.2	10968.6
3342	0.33945	31387.5	6277.49
3343	0.30295	28012.5	14006.2
3344	0.22255	20578.4	6859.48
3345	0.49074	45376.9	11344.2
3346	0.10039	9282.82	4641.41
3347	0.30768	28449.9	9483.3
3348	0.46852	43322.4	8664.48
3349	0.20136	18619.2	4654.79
3350	0.37068	34275.5	6855.09
3351	0.38312	35425.7	5904.28
3352	0.19404	17941.9	4485.49
3353	0.23044	21307.9	10653.9
3354	0.17840	16495.5	5498.51
3355	0.43198	39943.5	6657.26
3356	0.29633	27400.2	9133.39
3357	0.32066	29650.5	5930.09
3358	0.26130	24161.3	6040.34
3359	0.26658	24649.9	6162.48
3360	0.11904	11006.9	5503.46
3361	0.31970	29561.5	5912.3
3362	0.38561	35655.7	5093.67
3363	0.32203	29777.2	9925.73
3364	0.17204	15907.7	7953.84
3365	0.10617	9817.03	4908.52
3366	0.07569	6998.38	3499.19
3367	0.33576	31046.2	7761.55
3368	0.31607	29225.9	5845.17
3369	0.26178	24205.9	6051.48
3370	0.26060	24097.1	8032.36
3371	0.50230	46445.3	9289.05
3372	0.31141	28794.6	14397.3
3373	0.08620	7970.59	3985.3
3374	0.29108	26915.1	6728.77
3375	0.12934	11959.5	3986.5
3376	0.25740	23800.8	4760.15
3377	0.38113	35241.9	7048.38
3378	0.20760	19195.8	6398.6
3379	0.14270	13195.2	4398.41
3380	0.29220	27018.3	6754.59
3381	0.16927	15652	5217.33
3382	0.12935	11960.6	3986.87
3383	0.26373	24386.5	6096.61
3384	0.32274	29842.5	5968.49
3385	0.23216	21467.1	5366.77
3386	0.39085	36140.4	6023.4
3387	0.21199	19601.7	4900.42
3388	0.48187	44557.1	5569.64
3389	0.20335	18803.4	9401.68
3390	0.22964	21234.1	5308.53
3391	0.10999	10170	5085
3392	0.30831	28508.6	9502.87
3393	0.18042	16682.5	5560.84
3394	0.19720	18234.6	4558.66
3395	0.23612	21832.9	4366.58
3396	0.35844	33143.9	5523.98
3397	0.32375	29936.2	9978.72
3398	0.29795	27550.3	5510.07
3399	0.24117	22299.7	5574.93
3400	0.16954	15676.7	5225.56
