#IID	F_ROH	ROH_length_kB	KBAVG
3331	0.19565	18077.5	6025.82
3332	0.12261	11328.8	3776.25
3333	0.33969	31386.7	7846.68
3334	0.22452	20745.4	5186.34
3335	0.40532	37450.6	9362.65
3336	0.20946	19353.9	4838.49
3337	0.15973	14758.7	4919.55
3338	0.17554	16219.2	5406.38
3339	0.25524	23583.6	5895.91
3340	0.56022	51762.9	6470.37
3341	0.21456	19824.4	4956.1
3342	0.34047	31459.1	6291.82
3343	0.28539	26369.5	8789.84
3344	0.17113	15812.1	5270.68
3345	0.31113	28748	7186.99
3346	0.26695	24665.8	4933.16
3347	0.39409	36413.1	7282.61
3348	0.20634	19065.2	4766.3
3349	0.35697	32983.3	5497.21
3350	0.30140	27849	6962.25
3351	0.25806	23844.4	5961.1
3352	0.29077	26866.6	5373.32
3353	0.16116	14890.4	4963.47
3354	0.29525	27280.8	3897.26
3355	0.38154	35253.3	7050.66
3356	0.29406	27170.5	9056.82
3357	0.39673	36656.9	6109.48
3358	0.25532	23591.3	7863.76
3359	0.32056	29619.3	5923.85
3360	0.50079	46272.3	9254.47
3361	0.30118	27828.4	9276.12
3362	0.23298	21526.4	5381.61
3363	0.38487	35561.3	5926.88
3364	0.43774	40446.2	6741.04
3365	0.35007	32346	6469.2
3366	0.33262	30733.6	6146.72
3367	0.16365	15121.3	7560.65
3368	0.42914	39651.3	6608.55
3369	0.36760	33965.7	6793.14
3370	0.19816	18309.4	4577.36
3371	0.19333	17863.6	4465.9
3372	0.26823	24784	8261.35
3373	0.29750	27488.6	9162.87
3374	0.40378	37308.8	6218.13
3375	0.64427	59528.9	14882.2
3376	0.36908	34101.9	6820.37
3377	0.37783	34910.4	6982.08
3378	0.43404	40104.6	10026.1
3379	0.37879	34999.6	4999.94
3380	0.34005	31419.6	15709.8
3381	0.40863	37756.2	6292.7
3382	0.38308	35396.1	5899.36
3383	0.26179	24188.4	6047.11
3384	0.20176	18641.8	6213.95
3385	0.21461	19829.6	4957.39
3386	0.39191	36211.3	7242.26
3387	0.33250	30722.2	7680.56
3388	0.29002	26797.1	4466.18
3389	0.06825	6306.58	6306.58
3390	0.22754	21024.4	4204.88
3391	0.27729	25620.7	5124.14
3392	0.48136	44476.6	8895.31
3393	0.33511	30963.8	7740.96
3394	0.16673	15405.3	3851.33
3395	0.26732	24699.9	6174.97
3396	0.24197	22357.9	7452.65
3397	0.10964	10130.5	3376.84
3398	0.52586	48587.9	8097.98
3399	0.38271	35361.6	11787.2
3400	0.27779	25667.1	5133.43
