#IID	F_ROH	ROH_length_kB	KBAVG
3331	0.16647	15386	7693.01
3332	0.29737	27483.8	6870.94
3333	0.19491	18014.2	6004.74
3334	0.13311	12302.1	4100.72
3335	0.33138	30627.7	5104.61
3336	0.12953	11971.5	5985.76
3337	0.13717	12677.4	4225.8
3338	0.22300	20610.7	5152.67
3339	0.16518	15266.5	7633.24
3340	0.29353	27129.4	5425.88
3341	0.15545	14367	4789.01
3342	0.08118	7503.35	3751.67
3343	0.44169	40822.6	6803.76
3344	0.13943	12886.6	6443.31
3345	0.16500	15249.9	5083.3
3346	0.34179	31589.5	10529.8
3347	0.21961	20297.1	6765.69
3348	0.12807	11836.3	3945.45
3349	0.20276	18740	6246.67
3350	0.22412	20714.1	5178.54
3351	0.15468	14295.9	7147.97
3352	0.14430	13336.5	6668.27
3353	0.10107	9341.03	4670.51
3354	0.16141	14917.8	4972.59
3355	0.26177	24193.6	6048.39
3356	0.12697	11735.3	3911.78
3357	0.00000	0	0
3358	0.22423	20724.1	6908.02
3359	0.22108	20433.3	6811.09
3360	0.48482	44808.6	7468.11
3361	0.35353	32674.8	6534.95
3362	0.22551	20842.2	5210.56
3363	0.11221	10371.2	5185.62
3364	0.29958	27688.6	9229.53
3365	0.41252	38126.1	38126.1
3366	0.21231	19622.1	6540.7
3367	0.09795	9052.53	4526.26
3368	0.12076	11161.1	5580.55
3369	0.32914	30420.5	10140.2
3370	0.17588	16255.8	8127.88
3371	0.39684	36676.9	9169.22
3372	0.64180	59317.6	7414.7
3373	0.15575	14394.5	3598.62
3374	0.23318	21551.1	5387.78
3375	0.12799	11829.5	3943.18
3376	0.21464	19837.6	6612.52
3377	0.59950	55407.7	13851.9
3378	0.03560	3290.55	3290.55
3379	0.10862	10038.6	5019.28
3380	0.29254	27037.3	13518.6
3381	0.17761	16415.2	5471.73
3382	0.31485	29099.6	7274.9
3383	0.20448	18898.6	4724.64
3384	0.12819	11847.9	5923.97
3385	0.07920	7319.52	3659.76
3386	0.26916	24876.7	6219.16
3387	0.31506	29118.5	4853.08
3388	0.17065	15771.9	7885.94
3389	0.17934	16574.8	5524.93
3390	0.15686	14497.1	4832.37
3391	0.16969	15683.8	3920.95
3392	0.24600	22735.9	11368
3393	0.20355	18812.8	6270.93
3394	0.10546	9746.58	4873.29
3395	0.36938	34139.8	5689.97
3396	0.10257	9479.69	4739.85
3397	0.12160	11239.1	5619.55
3398	0.25948	23982.1	5995.53
3399	0.11814	10918.7	5459.34
3400	0.40502	37433.7	6238.95
