#IID	F_ROH	ROH_length_kB	KBAVG
3331	0.30752	28393.2	4732.2
3332	0.30761	28401.1	7100.27
3333	0.18696	17261.5	4315.37
3334	0.25005	23086.5	5771.64
3335	0.30163	27849.5	5569.91
3336	0.37110	34263.6	6852.72
3337	0.39859	36801.7	7360.35
3338	0.47336	43705.2	8741.04
3339	0.24993	23075.8	5768.95
3340	0.14556	13439.5	6719.74
3341	0.28384	26206.7	5241.33
3342	0.25505	23548.9	5887.22
3343	0.46944	43342.9	7223.81
3344	0.19938	18408.4	6136.13
3345	0.36655	33843.1	5640.52
3346	0.25864	23880.3	7960.11
3347	0.71494	66009.9	22003.3
3348	0.33198	30651.1	10217
3349	0.27382	25281.6	5056.31
3350	0.37456	34583.2	8645.79
3351	0.59383	54827.8	13706.9
3352	0.40969	37826.4	9456.61
3353	0.32231	29758.5	5951.7
3354	0.15781	14570	4856.66
3355	0.39600	36562.1	5223.16
3356	0.14880	13738.9	4579.64
3357	0.29202	26961.8	6740.46
3358	0.34363	31727	6345.41
3359	0.20553	18976.5	9488.26
3360	0.28915	26696.7	8898.91
3361	0.28936	26716.3	5343.27
3362	0.42808	39524.2	6587.36
3363	0.23192	21412.9	7137.63
3364	0.04756	4390.84	4390.84
3365	0.20011	18476.3	6158.76
3366	0.18384	16973.5	5657.82
3367	0.23868	22037	11018.5
3368	0.20150	18604.3	6201.44
3369	0.24846	22940.5	7646.82
3370	0.18328	16922.4	5640.8
3371	0.22176	20474.8	6824.93
3372	0.31736	29301.2	7325.31
3373	0.04519	4172.03	4172.03
3374	0.24229	22370	5592.5
3375	0.31671	29241.1	5848.23
3376	0.21548	19894.7	4973.68
3377	0.09486	8758.03	4379.01
3378	0.51991	48002.4	9600.47
3379	0.10850	10017.4	5008.72
3380	0.21560	19906.6	6635.54
3381	0.32175	29706.6	9902.21
3382	0.23440	21642.2	7214.06
3383	0.32455	29965.2	7491.3
3384	0.31547	29126.8	9708.94
3385	0.30058	27752.1	5550.43
3386	0.38484	35531.5	8882.87
3387	0.35377	32663.2	6532.64
3388	0.53215	49132.6	12283.1
3389	0.31095	28709.6	7177.39
3390	0.33283	30730.1	6146.02
3391	0.17250	15926.5	3981.62
3392	0.34491	31845.3	6369.05
3393	0.14293	13196.6	6598.3
3394	0.31630	29203.5	7300.87
3395	0.13270	12252.1	4084.04
3396	0.12088	11160.7	5580.34
3397	0.21015	19403	4850.74
3398	0.24788	22886.7	4577.34
3399	0.39755	36705.3	5243.61
3400	0.32263	29788.2	7447.04
