#IID	F_ROH	ROH_length_kB	KBAVG
3331	0.30759	28438.4	7109.59
3332	0.30980	28642.3	7160.59
3333	0.39489	36509.1	6084.86
3334	0.26418	24424.7	6106.18
3335	0.18365	16979.4	5659.81
3336	0.29971	27709.9	13854.9
3337	0.25299	23390.2	5847.56
3338	0.21809	20163.2	6721.08
3339	0.45284	41867.2	41867.2
3340	0.04629	4280.16	4280.16
3341	0.30217	27937	6984.25
3342	0.13363	12354.4	6177.18
3343	0.15146	14003.4	4667.81
3344	0.24621	22763.3	11381.7
3345	0.55981	51757.2	10351.4
3346	0.43589	40299.8	10074.9
3347	0.04629	4280.16	4280.16
3348	0.42411	39210.8	9802.71
3349	0.17776	16434.5	5478.16
3350	0.25049	23159	5789.75
3351	0.19082	17642.6	17642.6
3352	0.23055	21315.8	7105.26
3353	0.22096	20429.1	6809.71
3354	0.38204	35321.4	17660.7
3355	0.13107	12117.7	6058.85
3356	0.11505	10637	5318.52
3357	0.12314	11384.9	11384.9
3358	0.29438	27216.7	5443.34
3359	0.62062	57379.3	9563.21
3360	0.17343	16034.8	5344.92
3361	0.29063	26870.2	5374.05
3362	0.40955	37864.9	9466.21
3363	0.25732	23790.6	7930.21
3364	0.29368	27151.7	6787.93
3365	0.14891	13767.7	4589.25
3366	0.18123	16755.5	5585.16
3367	0.30726	28407.2	9469.06
3368	0.15663	14481.4	4827.12
3369	0.22786	21066.4	7022.14
3370	0.08416	7781	3890.5
3371	0.22099	20431.5	5107.89
3372	0.33123	30623.9	5103.99
3373	0.38685	35766	7153.2
3374	0.09428	8716.17	4358.08
3375	0.16366	15131.2	15131.2
3376	0.21403	19788.2	9894.12
3377	0.20645	19087.2	9543.59
3378	0.19870	18371.1	6123.7
3379	0.31880	29474.9	5894.99
3380	0.51720	47817.3	11954.3
3381	0.24710	22845.8	7615.27
3382	0.46490	42981.7	10745.4
3383	0.15242	14091.8	4697.26
3384	0.10564	9767.32	4883.66
3385	0.31558	29176.9	9725.64
3386	0.11050	10215.8	5107.92
3387	0.37942	35079.2	7015.85
3388	0.12993	12012.4	4004.14
3389	0.15580	14404.8	4801.6
3390	0.26068	24100.7	8033.58
3391	0.20244	18716.7	6238.89
3392	0.30901	28569.5	7142.37
3393	0.05050	4669.1	4669.1
3394	0.47204	43642.3	43642.3
3395	0.35537	32855.7	16427.9
3396	0.14454	13363.2	13363.2
3397	0.62925	58177	11635.4
3398	0.15975	14769.5	7384.73
3399	0.21433	19815.5	4953.88
3400	0.18779	17362.5	5787.51
