#IID	F_ROH	ROH_length_kB	KBAVG
3331	0.25259	23348.5	7782.83
3332	0.24621	22758.3	5689.57
3333	0.18052	16686.5	5562.18
3334	0.37914	35046.5	7009.3
3335	0.10044	9284.27	4642.14
3336	0.14838	13716.1	4572.04
3337	0.19105	17659.9	5886.64
3338	0.26362	24368.1	4873.62
3339	0.37805	34945.5	11648.5
3340	0.21985	20322.4	10161.2
3341	0.14003	12943.8	4314.59
3342	0.18865	17437.7	5812.55
3343	0.46552	43030.5	6147.22
3344	0.16792	15522	5174.01
3345	0.20666	19102.5	6367.48
3346	0.07942	7341.67	3670.83
3347	0.12544	11595	5797.49
3348	0.32230	29792.4	5958.49
3349	0.16996	15710.7	3927.68
3350	0.20826	19250.5	6416.83
3351	0.40501	37437.6	5348.23
3352	0.15648	14464.5	7232.24
3353	0.18351	16962.6	8481.29
3354	0.00000	0	0
3355	0.31363	28990.4	7247.61
3356	0.27383	25311.8	6327.94
3357	0.26956	24917.1	12458.6
3358	0.31000	28655.3	4775.88
3359	0.14218	13142.7	13142.7
3360	0.21987	20324.3	5081.09
3361	0.06474	5984.76	5984.76
3362	0.20883	19303.5	9651.74
3363	0.42677	39448.8	13149.6
3364	0.14168	13096.5	4365.5
3365	0.23640	21852	10926
3366	0.25160	23256.7	5814.18
3367	0.30029	27757.3	5551.46
3368	0.20606	19047.2	9523.62
3369	0.23265	21505.1	7168.37
3370	0.34995	32348.2	6469.64
3371	0.66564	61529.3	15382.3
3372	0.27325	25258.2	6314.56
3373	0.16254	15024.3	7512.13
3374	0.25109	23209.9	4641.98
3375	0.36228	33487.5	16743.7
3376	0.48627	44948.5	11237.1
3377	0.35081	32427.6	6485.52
3378	0.25342	23425.4	5856.35
3379	0.18434	17040.1	5680.04
3380	0.28513	26356.6	6589.14
3381	0.15694	14507.2	14507.2
3382	0.23659	21869.6	5467.41
3383	0.29526	27292.8	9097.59
3384	0.43538	40244.7	6707.45
3385	0.14658	13549.2	6774.61
3386	0.18295	16911.5	8455.76
3387	0.19203	17750.6	4437.65
3388	0.18022	16659.2	5553.06
3389	0.37830	34968.5	17484.3
3390	0.25932	23970.1	7990.04
3391	0.18587	17181.1	8590.55
3392	0.20411	18867.1	4716.77
3393	0.24619	22756.7	7585.56
3394	0.22528	20824.1	10412
3395	0.35400	32722.5	8180.63
3396	0.57684	53320.8	13330.2
3397	0.23667	21876.6	10938.3
3398	0.21528	19899.4	6633.15
3399	0.23210	21454.7	4290.94
3400	0.26246	24260.8	8086.93
