CHR	POS	COUNT	FREQUENCY	Length_kb	Hotspot_interval
3	26800001	177	0.426506	200	[26800001,27000000]
3	87600001	180	0.433735	100	[87600001,87700000]
3	87700001	181	0.436145	200	[87700001,87900000]
3	87900001	177	0.426506	100	[87900001,88000000]
3	88100001	181	0.436145	100	[88100001,88200000]
3	88200001	175	0.421687	200	[88200001,88400000]
3	88400001	176	0.424096	100	[88400001,88500000]
3	88500001	180	0.433735	100	[88500001,88600000]
3	27000000	177	0.426506	200	[26800001,27000000]
3	87700000	180	0.433735	100	[87600001,87700000]
3	87900000	181	0.436145	200	[87700001,87900000]
3	88000000	177	0.426506	100	[87900001,88000000]
3	88200000	181	0.436145	100	[88100001,88200000]
3	88400000	175	0.421687	200	[88200001,88400000]
3	88500000	176	0.424096	100	[88400001,88500000]
3	88600000	180	0.433735	100	[88500001,88600000]
