CHR	POS	COUNT	FREQUENCY	Length_kb	Hotspot_interval
3	58600001	195	0.46988	100	[58600001,58700000]
3	58700001	200	0.481928	100	[58700001,58800000]
3	58800001	198	0.477108	100	[58800001,58900000]
3	58900001	196	0.472289	100	[58900001,59000000]
3	59000001	197	0.474699	100	[59000001,59100000]
3	59100001	189	0.455422	100	[59100001,59200000]
3	59200001	190	0.457831	100	[59200001,59300000]
3	59300001	180	0.433735	100	[59300001,59400000]
3	59400001	181	0.436145	200	[59400001,59600000]
3	58700000	195	0.46988	100	[58600001,58700000]
3	58800000	200	0.481928	100	[58700001,58800000]
3	58900000	198	0.477108	100	[58800001,58900000]
3	59000000	196	0.472289	100	[58900001,59000000]
3	59100000	197	0.474699	100	[59000001,59100000]
3	59200000	189	0.455422	100	[59100001,59200000]
3	59300000	190	0.457831	100	[59200001,59300000]
3	59400000	180	0.433735	100	[59300001,59400000]
3	59600000	181	0.436145	200	[59400001,59600000]
