CHR	POS	COUNT	FREQUENCY	Length_kb	Hotspot_interval
3	45600001	169	0.407229	100	[45600001,45700000]
3	45700001	164	0.395181	200	[45700001,45900000]
3	45900001	161	0.387952	100	[45900001,46000000]
3	46000001	158	0.380723	200	[46000001,46200000]
3	46200001	156	0.375904	100	[46200001,46300000]
3	46600001	159	0.383133	100	[46600001,46700000]
3	46700001	173	0.416867	200	[46700001,46900000]
3	45700000	169	0.407229	100	[45600001,45700000]
3	45900000	164	0.395181	200	[45700001,45900000]
3	46000000	161	0.387952	100	[45900001,46000000]
3	46200000	158	0.380723	200	[46000001,46200000]
3	46300000	156	0.375904	100	[46200001,46300000]
3	46700000	159	0.383133	100	[46600001,46700000]
3	46900000	173	0.416867	200	[46700001,46900000]
