CHR	POS	COUNT	FREQUENCY	Length_kb	Hotspot_interval
3	14200001	252	0.607229	300	[14200001,14500000]
3	14600001	251	0.604819	100	[14600001,14700000]
3	15000001	255	0.614458	100	[15000001,15100000]
3	15300001	249	0.6	200	[15300001,15500000]
3	17300001	254	0.612048	100	[17300001,17400000]
3	17400001	257	0.619277	100	[17400001,17500000]
3	17500001	259	0.624096	100	[17500001,17600000]
3	17600001	253	0.609639	100	[17600001,17700000]
3	14500000	252	0.607229	300	[14200001,14500000]
3	14700000	251	0.604819	100	[14600001,14700000]
3	15100000	255	0.614458	100	[15000001,15100000]
3	15500000	249	0.6	200	[15300001,15500000]
3	17400000	254	0.612048	100	[17300001,17400000]
3	17500000	257	0.619277	100	[17400001,17500000]
3	17600000	259	0.624096	100	[17500001,17600000]
3	17700000	253	0.609639	100	[17600001,17700000]
