CHR	POS	COUNT	FREQUENCY	Length_kb	Hotspot_interval
3	22400001	246	0.592771	100	[22400001,22500000]
3	22500001	247	0.595181	200	[22500001,22700000]
3	22700001	245	0.590361	100	[22700001,22800000]
3	22800001	244	0.587952	100	[22800001,22900000]
3	22900001	277	0.66747	100	[22900001,23000000]
3	23000001	273	0.657831	100	[23000001,23100000]
3	23100001	250	0.60241	100	[23100001,23200000]
3	23200001	243	0.585542	100	[23200001,23300000]
3	23300001	242	0.583133	200	[23300001,23500000]
3	22500000	246	0.592771	100	[22400001,22500000]
3	22700000	247	0.595181	200	[22500001,22700000]
3	22800000	245	0.590361	100	[22700001,22800000]
3	22900000	244	0.587952	100	[22800001,22900000]
3	23000000	277	0.66747	100	[22900001,23000000]
3	23100000	273	0.657831	100	[23000001,23100000]
3	23200000	250	0.60241	100	[23100001,23200000]
3	23300000	243	0.585542	100	[23200001,23300000]
3	23500000	242	0.583133	200	[23300001,23500000]
