CHR	POS	COUNT	FREQUENCY	Length_kb	Hotspot_interval
3	10300001	212	0.510843	200	[10300001,10500000]
3	10500001	214	0.515663	100	[10500001,10600000]
3	10600001	212	0.510843	100	[10600001,10700000]
3	10700001	194	0.46747	100	[10700001,10800000]
3	10800001	204	0.491566	100	[10800001,10900000]
3	10900001	201	0.484337	100	[10900001,11000000]
3	11000001	202	0.486747	100	[11000001,11100000]
3	11100001	201	0.484337	100	[11100001,11200000]
3	11200001	200	0.481928	100	[11200001,11300000]
3	11300001	194	0.46747	100	[11300001,11400000]
3	10500000	212	0.510843	200	[10300001,10500000]
3	10600000	214	0.515663	100	[10500001,10600000]
3	10700000	212	0.510843	100	[10600001,10700000]
3	10800000	194	0.46747	100	[10700001,10800000]
3	10900000	204	0.491566	100	[10800001,10900000]
3	11000000	201	0.484337	100	[10900001,11000000]
3	11100000	202	0.486747	100	[11000001,11100000]
3	11200000	201	0.484337	100	[11100001,11200000]
3	11300000	200	0.481928	100	[11200001,11300000]
3	11400000	194	0.46747	100	[11300001,11400000]
