CHR	POS	COUNT	FREQUENCY	Length_kb	Hotspot_interval
3	57900001	268	0.645783	100	[57900001,58000000]
3	58000001	266	0.640964	100	[58000001,58100000]
3	58100001	267	0.643373	100	[58100001,58200000]
3	58200001	263	0.633735	100	[58200001,58300000]
3	58300001	260	0.626506	100	[58300001,58400000]
3	58400001	261	0.628916	100	[58400001,58500000]
3	58500001	263	0.633735	200	[58500001,58700000]
3	58800001	261	0.628916	200	[58800001,59000000]
3	59000001	260	0.626506	100	[59000001,59100000]
3	58000000	268	0.645783	100	[57900001,58000000]
3	58100000	266	0.640964	100	[58000001,58100000]
3	58200000	267	0.643373	100	[58100001,58200000]
3	58300000	263	0.633735	100	[58200001,58300000]
3	58400000	260	0.626506	100	[58300001,58400000]
3	58500000	261	0.628916	100	[58400001,58500000]
3	58700000	263	0.633735	200	[58500001,58700000]
3	59000000	261	0.628916	200	[58800001,59000000]
3	59100000	260	0.626506	100	[59000001,59100000]
