CHR	POS	COUNT	FREQUENCY	Length_kb	Hotspot_interval
3	10200001	169	0.407229	100	[10200001,10300000]
3	10300001	172	0.414458	200	[10300001,10500000]
3	10500001	173	0.416867	100	[10500001,10600000]
3	10600001	178	0.428916	100	[10600001,10700000]
3	10700001	187	0.450602	100	[10700001,10800000]
3	10800001	179	0.431325	100	[10800001,10900000]
3	10900001	169	0.407229	100	[10900001,11000000]
3	14500001	179	0.431325	100	[14500001,14600000]
3	15000001	169	0.407229	100	[15000001,15100000]
3	10300000	169	0.407229	100	[10200001,10300000]
3	10500000	172	0.414458	200	[10300001,10500000]
3	10600000	173	0.416867	100	[10500001,10600000]
3	10700000	178	0.428916	100	[10600001,10700000]
3	10800000	187	0.450602	100	[10700001,10800000]
3	10900000	179	0.431325	100	[10800001,10900000]
3	11000000	169	0.407229	100	[10900001,11000000]
3	14600000	179	0.431325	100	[14500001,14600000]
3	15100000	169	0.407229	100	[15000001,15100000]
