CHR	POS	COUNT	FREQUENCY	Length_kb	Hotspot_interval
3	27200001	162	0.390361	100	[27200001,27300000]
3	27300001	163	0.392771	100	[27300001,27400000]
3	27400001	179	0.431325	200	[27400001,27600000]
3	27600001	178	0.428916	100	[27600001,27700000]
3	27900001	160	0.385542	100	[27900001,28000000]
3	28200001	161	0.387952	100	[28200001,28300000]
3	28300001	167	0.40241	100	[28300001,28400000]
3	28900001	165	0.39759	100	[28900001,29000000]
3	29000001	162	0.390361	100	[29000001,29100000]
3	27300000	162	0.390361	100	[27200001,27300000]
3	27400000	163	0.392771	100	[27300001,27400000]
3	27600000	179	0.431325	200	[27400001,27600000]
3	27700000	178	0.428916	100	[27600001,27700000]
3	28000000	160	0.385542	100	[27900001,28000000]
3	28300000	161	0.387952	100	[28200001,28300000]
3	28400000	167	0.40241	100	[28300001,28400000]
3	29000000	165	0.39759	100	[28900001,29000000]
3	29100000	162	0.390361	100	[29000001,29100000]
