CHR	POS	COUNT	FREQUENCY	Length_kb	Hotspot_interval
3	23100001	150	0.361446	200	[23100001,23300000]
3	23300001	174	0.419277	200	[23300001,23500000]
3	23500001	172	0.414458	100	[23500001,23600000]
3	23600001	151	0.363855	100	[23600001,23700000]
3	23700001	153	0.368675	100	[23700001,23800000]
3	23800001	155	0.373494	100	[23800001,23900000]
3	59200001	151	0.363855	100	[59200001,59300000]
3	60200001	150	0.361446	100	[60200001,60300000]
3	23300000	150	0.361446	200	[23100001,23300000]
3	23500000	174	0.419277	200	[23300001,23500000]
3	23600000	172	0.414458	100	[23500001,23600000]
3	23700000	151	0.363855	100	[23600001,23700000]
3	23800000	153	0.368675	100	[23700001,23800000]
3	23900000	155	0.373494	100	[23800001,23900000]
3	59300000	151	0.363855	100	[59200001,59300000]
3	60300000	150	0.361446	100	[60200001,60300000]
