CHR	POS	COUNT	FREQUENCY	Length_kb	Hotspot_interval
3	55900001	227	0.546988	500	[55900001,56400000]
3	56400001	238	0.573494	100	[56400001,56500000]
3	56500001	231	0.556627	100	[56500001,56600000]
3	56800001	231	0.556627	100	[56800001,56900000]
3	56900001	237	0.571084	100	[56900001,57000000]
3	57000001	231	0.556627	100	[57000001,57100000]
3	57100001	227	0.546988	100	[57100001,57200000]
3	57200001	231	0.556627	300	[57200001,57500000]
3	56400000	227	0.546988	500	[55900001,56400000]
3	56500000	238	0.573494	100	[56400001,56500000]
3	56600000	231	0.556627	100	[56500001,56600000]
3	56900000	231	0.556627	100	[56800001,56900000]
3	57000000	237	0.571084	100	[56900001,57000000]
3	57100000	231	0.556627	100	[57000001,57100000]
3	57200000	227	0.546988	100	[57100001,57200000]
3	57500000	231	0.556627	300	[57200001,57500000]
