CHR	POS	COUNT	FREQUENCY	Length_kb	Hotspot_interval
3	35700001	243	0.585542	100	[35700001,35800000]
3	35800001	246	0.592771	200	[35800001,36000000]
3	36000001	244	0.587952	100	[36000001,36100000]
3	36100001	247	0.595181	100	[36100001,36200000]
3	36200001	248	0.59759	200	[36200001,36400000]
3	36400001	251	0.604819	100	[36400001,36500000]
3	36500001	247	0.595181	100	[36500001,36600000]
3	36600001	244	0.587952	100	[36600001,36700000]
3	35800000	243	0.585542	100	[35700001,35800000]
3	36000000	246	0.592771	200	[35800001,36000000]
3	36100000	244	0.587952	100	[36000001,36100000]
3	36200000	247	0.595181	100	[36100001,36200000]
3	36400000	248	0.59759	200	[36200001,36400000]
3	36500000	251	0.604819	100	[36400001,36500000]
3	36600000	247	0.595181	100	[36500001,36600000]
3	36700000	244	0.587952	100	[36600001,36700000]
