CHR	POS	COUNT	FREQUENCY	Length_kb	Hotspot_interval
3	84000001	245	0.590361	200	[84000001,84200000]
3	84500001	236	0.568675	100	[84500001,84600000]
3	84600001	257	0.619277	100	[84600001,84700000]
3	84700001	249	0.6	100	[84700001,84800000]
3	85200001	249	0.6	300	[85200001,85500000]
3	89200001	237	0.571084	100	[89200001,89300000]
3	89500001	238	0.573494	100	[89500001,89600000]
3	84200000	245	0.590361	200	[84000001,84200000]
3	84600000	236	0.568675	100	[84500001,84600000]
3	84700000	257	0.619277	100	[84600001,84700000]
3	84800000	249	0.6	100	[84700001,84800000]
3	85500000	249	0.6	300	[85200001,85500000]
3	89300000	237	0.571084	100	[89200001,89300000]
3	89600000	238	0.573494	100	[89500001,89600000]
