CHR	POS	COUNT	FREQUENCY	Length_kb	Hotspot_interval
3	23400001	190	0.457831	100	[23400001,23500000]
3	86800001	191	0.460241	200	[86800001,87000000]
3	87100001	190	0.457831	100	[87100001,87200000]
3	87200001	191	0.460241	100	[87200001,87300000]
3	87400001	195	0.46988	100	[87400001,87500000]
3	87500001	209	0.503614	100	[87500001,87600000]
3	87600001	211	0.508434	100	[87600001,87700000]
3	87700001	214	0.515663	100	[87700001,87800000]
3	87800001	212	0.510843	100	[87800001,87900000]
3	88400001	197	0.474699	100	[88400001,88500000]
3	23500000	190	0.457831	100	[23400001,23500000]
3	87000000	191	0.460241	200	[86800001,87000000]
3	87200000	190	0.457831	100	[87100001,87200000]
3	87300000	191	0.460241	100	[87200001,87300000]
3	87500000	195	0.46988	100	[87400001,87500000]
3	87600000	209	0.503614	100	[87500001,87600000]
3	87700000	211	0.508434	100	[87600001,87700000]
3	87800000	214	0.515663	100	[87700001,87800000]
3	87900000	212	0.510843	100	[87800001,87900000]
3	88500000	197	0.474699	100	[88400001,88500000]
