CHR	POS	COUNT	FREQUENCY	Length_kb	Hotspot_interval
3	24700001	198	0.477108	100	[24700001,24800000]
3	24800001	200	0.481928	100	[24800001,24900000]
3	24900001	199	0.479518	200	[24900001,25100000]
3	25100001	191	0.460241	100	[25100001,25200000]
3	25600001	182	0.438554	100	[25600001,25700000]
3	41300001	188	0.453012	100	[41300001,41400000]
3	41400001	187	0.450602	100	[41400001,41500000]
3	41500001	182	0.438554	100	[41500001,41600000]
3	41600001	183	0.440964	100	[41600001,41700000]
3	24800000	198	0.477108	100	[24700001,24800000]
3	24900000	200	0.481928	100	[24800001,24900000]
3	25100000	199	0.479518	200	[24900001,25100000]
3	25200000	191	0.460241	100	[25100001,25200000]
3	25700000	182	0.438554	100	[25600001,25700000]
3	41400000	188	0.453012	100	[41300001,41400000]
3	41500000	187	0.450602	100	[41400001,41500000]
3	41600000	182	0.438554	100	[41500001,41600000]
3	41700000	183	0.440964	100	[41600001,41700000]
