Model,H_e,Lower_CI,Upper_CI,Under_Selection
s=0.6,0.01385,0.00318,0.02451,Yes
s=0.4,0.01637,0.00661,0.02612,Yes
s=0.8,0.02343,0.00637,0.04049,Yes
s=0.7,0.02488,0.00869,0.04108,Yes
s=0.5,0.02524,0.01118,0.0393,Yes
Neutral,0.04437,0.04218,0.04657,No
