Model,H_e_5th_percentile,Lower_CI,Upper_CI
s08_chr3,0.00577,0.00234,0.0092
s07_chr3,0.00757,0.00391,0.01123
s06_chr3,0.00819,0.00549,0.0109
s05_chr3,0.01643,0.01212,0.02074
s04_chr3,0.018,0.01398,0.02203
Neutral,0.04437,0.04218,0.04657
Empirical,0.07423,NA,NA
