Name	Under_selection	Window_based_Average_H_e
Hotspot_chr28_window_1	Yes	0.196869427556691
Hotspot_chr1_window_1	Yes	0.197807400378333
Hotspot_chr24_window_1	No	0.217228533182314
Hotspot_chr13_window_1	No	0.224783859396323
Hotspot_chr6_window_1	No	0.26294538065
Hotspot_chr15_window_1	No	0.268163885008767
Hotspot_chr11_window_2	No	0.283872565365744
Hotspot_chr11_window_1	No	0.290162010589421
Hotspot_chr8_window_1	No	0.331145047632305
