#IID	F_ROH	ROH_length_kB	KBAVG
2551	0.60988	56370.6	8052.95
2552	0.48832	45135	9027
2553	0.58704	54259.9	10852
2554	0.47355	43770.2	8754.03
2555	0.65159	60225.7	7528.21
2556	0.33632	31085.4	7771.35
2557	0.45276	41848.2	8369.65
2558	0.65200	60264.2	12052.8
2559	0.74075	68467	13693.4
2560	0.36904	34109.8	6821.96
2561	0.26462	24458.5	8152.83
2562	0.49363	45625.7	7604.28
2563	0.65290	60347.1	10057.9
2564	0.68459	63276.1	15819
2565	0.39667	36663.5	7332.71
2566	0.42362	39154.8	7830.96
2567	0.60211	55652.3	11130.5
2568	0.55268	51083.4	12770.8
2569	0.53051	49034.2	16344.7
2570	0.40370	37314.1	12438
2571	0.65001	60079.8	10013.3
2572	0.44711	41326.3	8265.25
2573	0.45918	42442.1	8488.41
2574	0.59336	54844.2	13711.1
2575	0.46801	43257.7	7209.61
2576	0.47189	43616	7269.33
2577	0.44846	41451.2	6908.53
2578	0.51717	47801.2	7966.86
2579	0.44594	41217.6	8243.52
2580	0.44862	41465.2	6910.86
2581	0.50819	46971.6	15657.2
2582	0.47731	44117	6302.43
2583	0.41979	38800.5	4850.06
2584	0.44511	41141	10285.2
2585	0.60270	55707.3	7958.19
2586	0.56139	51888.4	8648.06
2587	0.51954	48020.5	8003.41
2588	0.55787	51563.1	7366.16
2589	0.51509	47608.9	5951.11
2590	0.45269	41841.9	6973.65
2591	0.34935	32290.5	8072.61
2592	0.62221	57510.3	11502.1
2593	0.54021	49931.6	16643.9
2594	0.36175	33436.1	6687.22
2595	0.60565	55979.9	13995
2596	0.39960	36934.3	9233.56
2597	0.51448	47552.8	5944.1
2598	0.71007	65631.2	10938.5
2599	0.57768	53394.8	5932.75
2600	0.49706	45942.7	11485.7
