#IID	F_ROH	ROH_length_kB	KBAVG
6551	0.36620	33858.3	4836.9
6552	0.61575	56931.1	14232.8
6553	0.22487	20790.6	5197.64
6554	0.22956	21224.2	5306.06
6555	0.30493	28192.7	5638.55
6556	0.36935	34148.8	6829.77
6557	0.38867	35935.7	5989.28
6558	0.59122	54662.6	7808.94
6559	0.28428	26284	4380.67
6560	0.62230	57536.6	9589.44
6561	0.50392	46591.7	7765.28
6562	0.67466	62377.9	12475.6
6563	0.25666	23730.2	5932.54
6564	0.36139	33413.2	5568.87
6565	0.50429	46625.3	6660.76
6566	0.44415	41065.2	6844.2
6567	0.47017	43470.9	7245.16
6568	0.40331	37289.5	5327.07
6569	0.44297	40956.3	5850.9
6570	0.39790	36788.5	6131.42
6571	0.47920	44305.7	11076.4
6572	0.36200	33469.7	6693.95
6573	0.45807	42352.1	6050.3
6574	0.57773	53415.3	6676.92
6575	0.30569	28263.2	5652.64
6576	0.28351	26213	6553.26
6577	0.45861	42401.9	8480.38
6578	0.32043	29626.4	9875.48
6579	0.46848	43314.4	10828.6
6580	0.47139	43583.6	6226.23
6581	0.70799	65459.5	10909.9
6582	0.48279	44637.4	11159.3
6583	0.74326	68720.2	11453.4
6584	0.57711	53358.5	7622.64
6585	0.83940	77609.2	15521.8
6586	0.37300	34486.8	6897.37
6587	0.45677	42232.2	7038.7
6588	0.35754	33057.2	5509.53
6589	0.24946	23064.5	5766.13
6590	0.53462	49429.5	7061.36
6591	0.42552	39342.3	6557.05
6592	0.70378	65069.5	21689.8
6593	0.37571	34737.1	6947.43
6594	0.52632	48662.2	8110.36
6595	0.49570	45830.9	9166.18
6596	0.77766	71900.4	10271.5
6597	0.64900	60005.3	10000.9
6598	0.29139	26940.8	4490.13
6599	0.30021	27757	5551.39
6600	0.60150	55613.3	11122.7
