#IID	F_ROH	ROH_length_kB	KBAVG
28551	0.48099	44466.7	14822.2
28552	0.56994	52690.1	8781.69
28553	0.33511	30980.6	5163.43
28554	0.28225	26093.4	8697.81
28555	0.39912	36898.4	6149.73
28556	0.30745	28423.5	7105.88
28557	0.36222	33486.5	5581.09
28558	0.26093	24122.6	6030.66
28559	0.24507	22656.7	5664.17
28560	0.27795	25695.8	5139.15
28561	0.40535	37474.4	6245.73
28562	0.25061	23169.1	7723.05
28563	0.48557	44890.7	8978.14
28564	0.64968	60062	60062
28565	0.65746	60781.9	15195.5
28566	0.58833	54390.9	9065.15
28567	0.27487	25411.8	6352.95
28568	0.61853	57183	9530.5
28569	0.46423	42917.5	10729.4
28570	0.57342	53012.5	13253.1
28571	0.32403	29956.5	7489.12
28572	0.56771	52484.3	8747.39
28573	0.57360	53028.9	7575.56
28574	0.42111	38931.4	9732.84
28575	0.41545	38407.8	6401.3
28576	0.30259	27973.8	5594.75
28577	0.54234	50139.1	10027.8
28578	0.37710	34863	11621
28579	0.47139	43579.9	7263.32
28580	0.41134	38028.2	6338.04
28581	0.63739	58926.2	9821.03
28582	0.30838	28509.6	5701.91
28583	0.53896	49826.6	12456.6
28584	0.42939	39696.9	6616.16
28585	0.26932	24898.6	6224.66
28586	0.54466	50353.7	25176.9
28587	0.68028	62891.1	10481.8
28588	0.60490	55922.4	11184.5
28589	0.32961	30472.6	6094.52
28590	0.35051	32404	10801.3
28591	0.23469	21697.1	10848.5
28592	0.34191	31609.5	7902.37
28593	0.33921	31360.1	6272.03
28594	0.74523	68895.8	11482.6
28595	0.33312	30796.6	10265.5
28596	0.43538	40250.2	6708.37
28597	0.35593	32905.7	8226.42
28598	0.26448	24450.8	6112.69
28599	0.42650	39429.2	13143.1
28600	0.42095	38916.1	6486.01
