#IID	F_ROH	ROH_length_kB	KBAVG
2551	0.43253	39966.3	9991.58
2552	0.43706	40384.9	8076.99
2553	0.45874	42388.6	8477.71
2554	0.43018	39749.2	9937.3
2555	0.79811	73747.1	12291.2
2556	0.76396	70590.9	14118.2
2557	0.83055	76744.1	15348.8
2558	0.40164	37112	6185.34
2559	0.37269	34437.1	8609.27
2560	0.39807	36782.5	7356.51
2561	0.56352	52070.2	10414
2562	0.34296	31689.8	10563.3
2563	0.68597	63385.1	10564.2
2564	0.74855	69167.8	17291.9
2565	0.45885	42398.4	7066.4
2566	0.43409	40110.7	6685.12
2567	0.63326	58514	19504.7
2568	0.35868	33142.8	8285.71
2569	0.54885	50714.6	10142.9
2570	0.40742	37646.7	7529.33
2571	0.43120	39843.4	7968.69
2572	0.48331	44658.8	7443.13
2573	0.56589	52289.2	13072.3
2574	0.64462	59564.3	29782.2
2575	0.51921	47976.1	7996.01
2576	0.75451	69718	13943.6
2577	0.68175	62994.8	20998.3
2578	0.40772	37674	9418.5
2579	0.56014	51758.2	8626.37
2580	0.36514	33739.2	11246.4
2581	0.37409	34566.2	8641.55
2582	0.64001	59138.5	9856.41
2583	0.51367	47464.1	9492.82
2584	0.34318	31710.2	15855.1
2585	0.40353	37286.7	6214.45
2586	0.52880	48861.8	12215.5
2587	0.37376	34536.4	6907.28
2588	0.62137	57416.1	6379.56
2589	0.60862	56237.5	11247.5
2590	0.57830	53436.2	7633.74
2591	0.44047	40700.5	8140.11
2592	0.47647	44026.3	8805.26
2593	0.37400	34558.1	5759.68
2594	0.67241	62132.2	15533.1
2595	0.51252	47357.6	7892.94
2596	0.84669	78236.2	19559
2597	0.35830	33108	5517.99
2598	0.54194	50076.3	7153.76
2599	0.42896	39636.6	6606.1
2600	0.34165	31569.3	10523.1
