#IID	F_ROH	ROH_length_kB	KBAVG
2551	0.16766	15501.3	5167.11
2552	0.21488	19866.8	6622.26
2553	0.31832	29430.6	7357.66
2554	0.27692	25602.8	5120.56
2555	0.43097	39845.5	6640.92
2556	0.37127	34326.2	6865.25
2557	0.24630	22772	5693
2558	0.35196	32540.5	10846.8
2559	0.36722	33952.1	8488.03
2560	0.32125	29701.2	7425.31
2561	0.45761	42308.6	8461.72
2562	0.41336	38218	7643.59
2563	0.45436	42008	7001.33
2564	0.36835	34056.2	6811.23
2565	0.44436	41083.3	6847.22
2566	0.19658	18174.7	6058.23
2567	0.33440	30917.6	7729.39
2568	0.44444	41090.7	13696.9
2569	0.43993	40673.8	6778.96
2570	0.21597	19967.7	6655.89
2571	0.18945	17515.8	5838.59
2572	0.38941	36003.5	9000.87
2573	0.55837	51625.1	10325
2574	0.32646	30183.2	10061.1
2575	0.50367	46567.1	7761.19
2576	0.49780	46024.4	7670.74
2577	0.33646	31108	6221.59
2578	0.36046	33326.4	8331.6
2579	0.23899	22096.3	5524.07
2580	0.43983	40665.1	5083.13
2581	0.50116	46335.6	9267.13
2582	0.47001	43454.8	10863.7
2583	0.26226	24247.2	6061.79
2584	0.35719	33024.6	5504.1
2585	0.33869	31313.6	7828.4
2586	0.25465	23543.9	11771.9
2587	0.27413	25345.2	6336.29
2588	0.50635	46815.5	11703.9
2589	0.62046	57365.1	19121.7
2590	0.28484	26335.2	6583.8
2591	0.16003	14795.6	4931.88
2592	0.36697	33928.5	5654.74
2593	0.37736	34888.8	6977.77
2594	0.31469	29095.3	5819.07
2595	0.28484	26334.9	13167.5
2596	0.29129	26931.9	8977.31
2597	0.37534	34702.6	5783.77
2598	0.20139	18619.9	4654.98
2599	0.30986	28648.8	4774.8
2600	0.29965	27704.5	6926.14
