#IID	F_ROH	ROH_length_kB	KBAVG
8551	0.34312	31690.2	5281.7
8552	0.60628	55995.7	11199.1
8553	0.46802	43225.9	14408.6
8554	0.51650	47704.1	7950.69
8555	0.55621	51371.9	7338.85
8556	0.58950	54446.5	9074.42
8557	0.33496	30936.8	6187.35
8558	0.65272	60284.8	12057
8559	0.29395	27149	6787.25
8560	0.27610	25500.2	3642.89
8561	0.69372	64072.3	12814.5
8562	0.38135	35221.3	8805.32
8563	0.48238	44552.6	14850.9
8564	0.29235	27001.8	6750.45
8565	0.52507	48495.3	9699.06
8566	0.29539	27282	5456.41
8567	0.57381	52997.3	6624.66
8568	0.35078	32397.8	5399.63
8569	0.61184	56509.3	11301.9
8570	0.33031	30507.8	5084.64
8571	0.64514	59584.8	9930.8
8572	0.35999	33248.6	4156.08
8573	0.38072	35162.9	5860.49
8574	0.17468	16133.6	4033.41
8575	0.45537	42057.6	7009.6
8576	0.63973	59085.5	7385.69
8577	0.45475	42000.2	6000.03
8578	0.41845	38648.2	5521.17
8579	0.63831	58954.2	7369.28
8580	0.36847	34032	4861.71
8581	0.06827	6305.63	3152.81
8582	0.47002	43411.2	10852.8
8583	0.76820	70950.9	10135.8
8584	0.37826	34936.4	6987.28
8585	0.39478	36461.8	4051.31
8586	0.58223	53774.8	13443.7
8587	0.24076	22236.1	5559.03
8588	0.63300	58463.4	8351.91
8589	0.62052	57311.4	8187.35
8590	0.24327	22468.3	5617.08
8591	0.68845	63585.2	9083.6
8592	0.19242	17772	5923.99
8593	0.24524	22650.5	11325.2
8594	0.19907	18386.2	4596.54
8595	0.29063	26842.9	5368.59
8596	0.28198	26043.6	5208.71
8597	0.67481	62325.5	15581.4
8598	0.59602	55048.1	6116.45
8599	0.48390	44692.8	5586.6
8600	0.55244	51023.2	7289.03
