#IID	F_ROH	ROH_length_kB	KBAVG
2551	0.46465	42936.1	7156.02
2552	0.58765	54301.7	10860.3
2553	0.51966	48019.3	9603.87
2554	0.46872	43312.1	8662.42
2555	0.32926	30425.8	5070.97
2556	0.36828	34031.4	8507.86
2557	0.46906	43344	6192.01
2558	0.41854	38675	6445.84
2559	0.58631	54178.1	10835.6
2560	0.19312	17845	5948.34
2561	0.44847	41441.5	5180.18
2562	0.25631	23684.9	5921.21
2563	0.24923	23030.4	5757.6
2564	0.44592	41205.8	6867.63
2565	0.37064	34249.1	5708.18
2566	0.36048	33310.3	8327.57
2567	0.48923	45207.7	7534.62
2568	0.33134	30618.1	10206
2569	0.42491	39264.3	9816.07
2570	0.47303	43710.6	7285.09
2571	0.57223	52877.2	13219.3
2572	0.41531	38377.4	6396.23
2573	0.59937	55385	11077
2574	0.64931	60000.1	15000
2575	0.38266	35360	8840.01
2576	0.55917	51670.2	6458.77
2577	0.46161	42654.9	6093.55
2578	0.61807	57112.9	9518.82
2579	0.47894	44256.6	6322.38
2580	0.39823	36798.3	7359.66
2581	0.47926	44286.5	7381.09
2582	0.52184	48221.2	9644.25
2583	0.60720	56108.8	9351.46
2584	0.28903	26707.9	4451.32
2585	0.29470	27232.2	6808.04
2586	0.49875	46086.9	9217.38
2587	0.70374	65029.8	13006
2588	0.39145	36171.8	6028.63
2589	0.41515	38362	7672.4
2590	0.42004	38813.6	7762.73
2591	0.54493	50354.5	7193.49
2592	0.52816	48805.3	9761.06
2593	0.49899	46109.9	6587.13
2594	0.42172	38969.6	6494.93
2595	0.67009	61920.1	8845.73
2596	0.40667	37578.5	6263.09
2597	0.36831	34033.8	6806.75
2598	0.45242	41806.3	6967.72
2599	0.50011	46213	7702.17
2600	0.26541	24525.4	8175.12
