#IID	F_ROH	ROH_length_kB	KBAVG
4551	0.65552	60603.1	15150.8
4552	0.53929	49856.8	7122.41
4553	0.41521	38386.5	6397.76
4554	0.64470	59602.4	11920.5
4555	0.60925	56325.2	14081.3
4556	0.39574	36586.5	7317.3
4557	0.47070	43515.8	10879
4558	0.26020	24055	6013.76
4559	0.63522	58726.1	14681.5
4560	0.47841	44228.9	14743
4561	0.69427	64185.5	10697.6
4562	0.42215	39028	13009.3
4563	0.31315	28950.9	5790.18
4564	0.45908	42441.7	8488.35
4565	0.62407	57695.6	9615.94
4566	0.52718	48737.7	8122.95
4567	0.45106	41700	13900
4568	0.76153	70403.2	17600.8
4569	0.47430	43849.3	7308.22
4570	0.40711	37636.9	9409.23
4571	0.51154	47292.1	11823
4572	0.53205	49187.6	12296.9
4573	0.33932	31370.5	7842.61
4574	0.50733	46903	7817.17
4575	0.42292	39099.1	7819.83
4576	0.34653	32036.2	8009.04
4577	0.60359	55801.9	7971.69
4578	0.77259	71425.4	23808.5
4579	0.32643	30178.4	7544.61
4580	0.48988	45289.7	11322.4
4581	0.47612	44017.2	11004.3
4582	0.46139	42655.5	8531.09
4583	0.42633	39414	7882.81
4584	0.46383	42881	8576.2
4585	0.75612	69903.5	7767.06
4586	0.34305	31714.6	6342.92
4587	0.55100	50939.7	10187.9
4588	0.41565	38427.1	9606.77
4589	0.49832	46069.3	11517.3
4590	0.27260	25201.7	12600.9
4591	0.49054	45350.6	11337.6
4592	0.71655	66244.9	11040.8
4593	0.58870	54425.3	7775.04
4594	0.54474	50360.9	25180.5
4595	0.54122	50035.3	6254.42
4596	0.54575	50454.9	8409.15
4597	0.41981	38811.7	7762.35
4598	0.44495	41135.1	20567.5
4599	0.44936	41543.4	6923.9
4600	0.37013	34218.6	8554.65
