#IID	F_ROH	ROH_length_kB	KBAVG
10551	0.57899	53484.2	8914.03
10552	0.56672	52350.9	10470.2
10553	0.58634	54163.8	10832.8
10554	0.57412	53034.4	7576.34
10555	0.51259	47351.3	7891.89
10556	0.51482	47557.1	9511.42
10557	0.61666	56964.2	6329.35
10558	0.52241	48257.6	8042.93
10559	0.54651	50484.3	6310.53
10560	0.44765	41351.7	8270.33
10561	0.66415	61351.2	10225.2
10562	0.50889	47009.4	9401.89
10563	0.62398	57640.2	8234.31
10564	0.48973	45238.8	7539.8
10565	0.42657	39405.1	7881.03
10566	0.53067	49020.7	9804.15
10567	0.59698	55146.1	11029.2
10568	0.69141	63869.2	10644.9
10569	0.60512	55898.8	13974.7
10570	0.69326	64040.7	7115.64
10571	0.70177	64826.8	12965.4
10572	0.62495	57730.4	11546.1
10573	0.60804	56167.9	8023.98
10574	0.56898	52559.7	5255.97
10575	0.46532	42984.1	7164.02
10576	0.59747	55191.7	9198.62
10577	0.41362	38208.5	9552.13
10578	0.66370	61309.6	7663.7
10579	0.42794	39531.4	6588.57
10580	0.56394	52094.3	13023.6
10581	0.62751	57966.4	9661.06
10582	0.87479	80809.5	26936.5
10583	0.59815	55254.4	7893.48
10584	0.60409	55803.6	9300.61
10585	0.50609	46750	7791.67
10586	0.46532	42984.6	7164.11
10587	0.73375	67780.9	7531.22
10588	0.54183	50052.2	7150.31
10589	0.82359	76079.7	9509.97
10590	0.85687	79153.6	26384.5
10591	0.46675	43116.8	7186.14
10592	0.54919	50731.6	7247.36
10593	0.59483	54947.6	10989.5
10594	0.37942	35049.4	8762.35
10595	0.43522	40203.5	13401.2
10596	0.71548	66093	11015.5
10597	0.47542	43917.7	14639.2
10598	0.42724	39466.6	5638.09
10599	0.53172	49118.3	8186.39
10600	0.66438	61372.9	12274.6
