#IID	F_ROH	ROH_length_kB	KBAVG
6551	0.37345	34522.3	6904.45
6552	0.32694	30222.9	7555.74
6553	0.46472	42959.3	6137.04
6554	0.62443	57722.7	14430.7
6555	0.55168	50998.2	10199.6
6556	0.50618	46791.6	6684.52
6557	0.17949	16592.4	5530.79
6558	0.50809	46968	6709.71
6559	0.14644	13537.5	4512.5
6560	0.52363	48404.7	6914.95
6561	0.29960	27695.2	6923.8
6562	0.30225	27939.8	6984.96
6563	0.46789	43252.5	4805.83
6564	0.22237	20555.8	6851.95
6565	0.38330	35432.3	5061.75
6566	0.40998	37898.8	6316.47
6567	0.55251	51074.7	6384.34
6568	0.61140	56518.4	8074.05
6569	0.27276	25214.3	6303.56
6570	0.35147	32490.6	8122.65
6571	0.35786	33080.8	5513.46
6572	0.31937	29523.3	9841.11
6573	0.18940	17508.4	4377.1
6574	0.35959	33241.2	6648.24
6575	0.45922	42450.5	7075.08
6576	0.35282	32615	6523.01
6577	0.27047	25002.1	8334.03
6578	0.25437	23514.2	11757.1
6579	0.22281	20596.4	6865.45
6580	0.36743	33965.9	5660.98
6581	0.39967	36945.7	6157.62
6582	0.27714	25619.4	6404.86
6583	0.33322	30803	6160.6
6584	0.47255	43682.5	7280.41
6585	0.45828	42363.8	8472.75
6586	0.53276	49248.9	7035.56
6587	0.26778	24754	4950.8
6588	0.39482	36497.9	9124.47
6589	0.34550	31938.4	7984.59
6590	0.85886	79393.6	26464.5
6591	0.35688	32990.6	4712.94
6592	0.55779	51562.3	7366.05
6593	0.61599	56942.6	11388.5
6594	0.58038	53650.5	10730.1
6595	0.37015	34216.9	8554.24
6596	0.30166	27886.1	5577.22
6597	0.33810	31254.6	7813.64
6598	0.35397	32721.4	8180.35
6599	0.28049	25929.1	6482.27
6600	0.50849	47005.1	6715.01
