#IID	F_ROH	ROH_length_kB	KBAVG
2551	0.56775	52431.3	7490.19
2552	0.39633	36600.4	7320.08
2553	0.29925	27635.6	6908.89
2554	0.32951	30429.9	6085.97
2555	0.19841	18322.9	6107.62
2556	0.27839	25709	6427.25
2557	0.20269	18718.5	6239.5
2558	0.12764	11787.8	5893.89
2559	0.37069	34232.9	5705.49
2560	0.39484	36462.9	6077.15
2561	0.68505	63264.1	12652.8
2562	0.34750	32091.7	5348.62
2563	0.35927	33177.9	5529.65
2564	0.40212	37135	4641.87
2565	0.14846	13710.1	4570.04
2566	0.34661	32009.4	8002.35
2567	0.10086	9314.45	4657.23
2568	0.18240	16844.9	8422.47
2569	0.20878	19280.6	4820.14
2570	0.21505	19859.6	4964.9
2571	0.27221	25138.5	4189.75
2572	0.30067	27766.3	5553.27
2573	0.40246	37166.6	4129.63
2574	0.27599	25487	6371.75
2575	0.32510	30022.2	6004.43
2576	0.32680	30179.8	5029.97
2577	0.32660	30161.4	6032.29
2578	0.30985	28613.9	7153.48
2579	0.20330	18775	6258.34
2580	0.54405	50242.4	16747.5
2581	0.46412	42861.3	10715.3
2582	0.51504	47563.4	11890.9
2583	0.38737	35772.8	8943.2
2584	0.37237	34387.8	11462.6
2585	0.27291	25203.1	8401.04
2586	0.38040	35129.4	7025.89
2587	0.15321	14148.4	7074.2
2588	0.47142	43535.6	6219.37
2589	0.45446	41969.1	8393.82
2590	0.48280	44586	14862
2591	0.44323	40931.4	8186.29
2592	0.33573	31004	6200.8
2593	0.25983	23994.7	4798.94
2594	0.13390	12365.3	6182.67
2595	0.39808	36762.3	7352.46
2596	0.23149	21378.2	4275.65
2597	0.31957	29512.1	4918.68
2598	0.45325	41857.4	6976.23
2599	0.41758	38563.5	7712.7
2600	0.27682	25564.2	6391.05
