#IID	F_ROH	ROH_length_kB	KBAVG
8551	0.24416	22554.5	5638.62
8552	0.44546	41150.1	6858.35
8553	0.41709	38530	7706
8554	0.30900	28544.8	5708.96
8555	0.28053	25914.8	6478.69
8556	0.30070	27777.9	6944.48
8557	0.55520	51288.3	10257.7
8558	0.17758	16404.6	5468.19
8559	0.22346	20642.2	6880.72
8560	0.22179	20488.7	5122.17
8561	0.23936	22111.5	5527.87
8562	0.30460	28138.5	7034.63
8563	0.26464	24446.4	8148.8
8564	0.40136	37076.7	6179.45
8565	0.29323	27088.2	9029.41
8566	0.05404	4991.9	4991.9
8567	0.22070	20387.5	6795.83
8568	0.49190	45440.5	9088.1
8569	0.43630	40304.2	13434.7
8570	0.34871	32212.8	5368.79
8571	0.43409	40100.2	6683.37
8572	0.42002	38800.1	9700.02
8573	0.48852	45128.4	15042.8
8574	0.23825	22009.1	5502.27
8575	0.49330	45570.1	7595.02
8576	0.26350	24341.4	4056.9
8577	0.32133	29684	9894.68
8578	0.45320	41865.7	8373.14
8579	0.32972	30458.6	6091.71
8580	0.23288	21512.6	4302.52
8581	0.26751	24711.4	6177.84
8582	0.13943	12880	4293.34
8583	0.19405	17925.9	8962.97
8584	0.36882	34070.5	6814.1
8585	0.23669	21864.6	5466.16
8586	0.20807	19221.1	4805.26
8587	0.71572	66116.4	66116.4
8588	0.62492	57728.8	14432.2
8589	0.18500	17090.1	4272.52
8590	0.13161	12157.8	4052.6
8591	0.19058	17604.9	4401.22
8592	0.38106	35201	5866.83
8593	0.08375	7736.4	3868.2
8594	0.35975	33232.3	6646.46
8595	0.11993	11078.6	5539.29
8596	0.36745	33944.5	5657.42
8597	0.14683	13563.3	3390.82
8598	0.10962	10126.7	5063.34
8599	0.13473	12445.9	6222.96
8600	0.40643	37544.6	7508.92
