#IID	F_ROH	ROH_length_kB	KBAVG
8551	0.48059	44430.9	7405.15
8552	0.29148	26947.3	6736.82
8553	0.43181	39920.9	9980.22
8554	0.16076	14862.1	7431.04
8555	0.57650	53298.1	8883.02
8556	0.25948	23989.5	4797.89
8557	0.50779	46945.7	7824.28
8558	0.29467	27242.7	4540.45
8559	0.34886	32252	6450.39
8560	0.34650	32033.8	6406.77
8561	0.56954	52654.7	10530.9
8562	0.37839	34982.9	8745.72
8563	0.49425	45694	7615.67
8564	0.32973	30483.7	7620.92
8565	0.61394	56758.9	11351.8
8566	0.34936	32298.6	8074.64
8567	0.44727	41350.5	13783.5
8568	0.31124	28774.5	5754.9
8569	0.61723	57063.4	14265.9
8570	0.50085	46304.3	7717.38
8571	0.29843	27589.8	4598.3
8572	0.47352	43777.8	8755.56
8573	0.50596	46776.3	7796.05
8574	0.48418	44762.6	8952.52
8575	0.46964	43418.2	8683.63
8576	0.56500	52234.9	8705.82
8577	0.50941	47095.3	6727.9
8578	0.47149	43590.1	8718.02
8579	0.45258	41841.4	6973.56
8580	0.50837	46999.5	9399.91
8581	0.34980	32339.5	6467.91
8582	0.28657	26493.5	6623.37
8583	0.61512	56868.7	14217.2
8584	0.40779	37700.5	9425.12
8585	0.41275	38158.8	7631.76
8586	0.48653	44979.8	7496.63
8587	0.75505	69805.2	17451.3
8588	0.45650	42204	7034
8589	0.67947	62817.5	20939.2
8590	0.26464	24465.9	6116.47
8591	0.47912	44295.2	14765.1
8592	0.41740	38588.7	9647.17
8593	0.41843	38683.8	7736.77
8594	0.56716	52434.7	7490.68
8595	0.83397	77101	25700.3
8596	0.68385	63222.4	15805.6
8597	0.32523	30067.6	10022.5
8598	0.48078	44448.7	7408.11
8599	0.76848	71046.9	35523.5
8600	0.43709	40409.4	8081.88
