#IID	F_ROH	ROH_length_kB	KBAVG
4551	0.33831	31280.7	5213.46
4552	0.39559	36576.5	9144.13
4553	0.47386	43814.1	8762.83
4554	0.56282	52039.5	8673.26
4555	0.45495	42065.8	6009.4
4556	0.41473	38347.1	7669.43
4557	0.29179	26979.1	4496.52
4558	0.40446	37397.5	9349.37
4559	0.35935	33225.8	6645.17
4560	0.28273	26141.3	6535.33
4561	0.38792	35867.7	7173.55
4562	0.42693	39475	7895
4563	0.32459	30011.7	6002.35
4564	0.48867	45183.7	6454.81
4565	0.28097	25979.2	6494.79
4566	0.36225	33494.5	8373.63
4567	0.22950	21219.6	5304.91
4568	0.27363	25300.1	5060.01
4569	0.46152	42672.9	7112.15
4570	0.32102	29682.2	9894.07
4571	0.31815	29416.5	4902.75
4572	0.33389	30871.8	7717.96
4573	0.32132	29709.8	7427.46
4574	0.28694	26530.8	4421.81
4575	0.27030	24992.2	4998.45
4576	0.24760	22893.4	11446.7
4577	0.39343	36376.9	6062.82
4578	0.42771	39546.4	19773.2
4579	0.20318	18786.3	6262.1
4580	0.46846	43314.2	5414.27
4581	0.31887	29482.9	14741.5
4582	0.37604	34768.9	5794.82
4583	0.25096	23203.9	5800.96
4584	0.31639	29254.2	7313.56
4585	0.23441	21673.6	7224.55
4586	0.19423	17959	5986.33
4587	0.66714	61685.3	12337.1
4588	0.24573	22720.6	4544.13
4589	0.32436	29991.2	4998.54
4590	0.40233	37200.3	7440.07
4591	0.46572	43061.6	10765.4
4592	0.37355	34538.9	6907.77
4593	0.36831	34054.2	5675.7
4594	0.64478	59617.9	11923.6
4595	0.61916	57248.2	11449.6
4596	0.26616	24609.5	12304.8
4597	0.65517	60578.1	8654.02
4598	0.26835	24812.3	12406.1
4599	0.26438	24445.2	8148.38
4600	0.37485	34659.4	17329.7
