#IID	F_ROH	ROH_length_kB	KBAVG
32551	0.41765	38617.4	5516.78
32552	0.40286	37249.5	9312.37
32553	0.42512	39307.8	4913.47
32554	0.46650	43134.4	6162.05
32555	0.44619	41256	10314
32556	0.39258	36298.9	7259.79
32557	0.57365	53042.1	6630.26
32558	0.47509	43928.5	8785.7
32559	0.41314	38200.1	9550.03
32560	0.42310	39121.7	5588.81
32561	0.50545	46735.4	9347.08
32562	0.37060	34266.6	8566.66
32563	0.21333	19725.1	4931.28
32564	0.24790	22921.4	11460.7
32565	0.54550	50438.7	7205.53
32566	0.31399	29032.6	5806.53
32567	0.20335	18802.6	4700.65
32568	0.46900	43365.3	14455.1
32569	0.65803	60844	30422
32570	0.29370	27156.6	9052.19
32571	0.29357	27144.1	5428.81
32572	0.65007	60108.1	12021.6
32573	0.32781	30310	6062
32574	0.28587	26432.6	6608.15
32575	0.28358	26220.5	5244.1
32576	0.49145	45441.3	11360.3
32577	0.28681	26519.3	5303.85
32578	0.24439	22596.9	5649.23
32579	0.38628	35716.6	8929.14
32580	0.31588	29207.7	5841.54
32581	0.37638	34801.2	5800.2
32582	0.51042	47195.4	5899.43
32583	0.48751	45076.8	7512.8
32584	0.35121	32473.9	8118.48
32585	0.21514	19892.9	4973.23
32586	0.36085	33365.9	6673.18
32587	0.22671	20962.3	6987.42
32588	0.14277	13201.4	6600.68
32589	0.37190	34386.9	5731.14
32590	0.41111	38012.3	5430.32
32591	0.30016	27753.7	6938.42
32592	0.44061	40740.8	8148.16
32593	0.37988	35125.1	7025.02
32594	0.56196	51960.6	7422.94
32595	0.30487	28188.9	5637.79
32596	0.27535	25460.2	5092.04
32597	0.40433	37385.8	7477.15
32598	0.43757	40458.9	8091.79
32599	0.25137	23242.3	4648.47
32600	0.38047	35179.6	11726.5
