#IID	F_ROH	ROH_length_kB	KBAVG
36551	0.49837	46032.5	7672.08
36552	0.42486	39242.3	7848.46
36553	0.51214	47303.9	7883.99
36554	0.60794	56152.1	9358.69
36555	0.37254	34409.8	8602.44
36556	0.45611	42128.5	6018.36
36557	0.49533	45751	6535.86
36558	0.34753	32100.1	6420.01
36559	0.33712	31138.2	7784.55
36560	0.40750	37638.9	6273.14
36561	0.34801	32143.6	10714.5
36562	0.48991	45250.8	7541.79
36563	0.41370	38211.9	5458.84
36564	0.57301	52926.5	13231.6
36565	0.36745	33939.3	8484.83
36566	0.27728	25611.2	6402.79
36567	0.51617	47675.9	11919
36568	0.51939	47973.7	7995.61
36569	0.29231	26999.3	5399.85
36570	0.33371	30823.4	6164.68
36571	0.27296	25211.7	6302.93
36572	0.24867	22968.1	4593.61
36573	0.32683	30187.4	7546.85
36574	0.30443	28118.7	5623.74
36575	0.65285	60300.3	7537.54
36576	0.31216	28832.9	7208.22
36577	0.54923	50730.1	7247.16
36578	0.15506	14321.8	4773.95
36579	0.46494	42944.2	8588.85
36580	0.58011	53581.9	13395.5
36581	0.56397	52090.9	7441.55
36582	0.40578	37479.8	5354.26
36583	0.28207	26053.7	4342.28
36584	0.48639	44925.5	7487.59
36585	0.30098	27799.9	5559.98
36586	0.44969	41535.6	8307.12
36587	0.33027	30505.5	5084.26
36588	0.12565	11605.3	5802.64
36589	0.46825	43250.4	8650.07
36590	0.41390	38229.7	9557.42
36591	0.24527	22654.7	5663.67
36592	0.46313	42776.7	10694.2
36593	0.33542	30981.3	7745.31
36594	0.46046	42530.7	8506.14
36595	0.45296	41837.9	5229.74
36596	0.41063	37928.3	7585.65
36597	0.46184	42657.5	10664.4
36598	0.65612	60602.2	12120.4
36599	0.47518	43889.8	7314.97
36600	0.47082	43487.8	7247.97
