#IID	F_ROH	ROH_length_kB	KBAVG
2551	0.67945	62828.4	6282.84
2552	0.38536	35634.3	7126.86
2553	0.40988	37901.5	5414.5
2554	0.35647	32962.8	5493.8
2555	0.52396	48450	6056.25
2556	0.49316	45601.9	11400.5
2557	0.60423	55872.7	9312.12
2558	0.35744	33052.4	5508.74
2559	0.53400	49378.6	7054.09
2560	0.38033	35168.6	7033.72
2561	0.39217	36263.6	7252.71
2562	0.71583	66192.8	16548.2
2563	0.32657	30197.6	6039.52
2564	0.26629	24623.3	4924.65
2565	0.44290	40954.4	6825.74
2566	0.43232	39976.3	6662.71
2567	0.76475	70715.9	17679
2568	0.38156	35282.9	7056.58
2569	0.49508	45779.9	6539.98
2570	0.34450	31855.3	5309.22
2571	0.38891	35961.9	5993.66
2572	0.61236	56624.8	8089.26
2573	0.40779	37707.9	7541.59
2574	0.53583	49548.2	8258.04
2575	0.65312	60393.8	7549.22
2576	0.54646	50531.1	10106.2
2577	0.72643	67172.7	16793.2
2578	0.48312	44674.3	11168.6
2579	0.38704	35789.7	5964.95
2580	0.36993	34207.6	6841.52
2581	0.48246	44612.6	8922.51
2582	0.40113	37092.2	7418.45
2583	0.68083	62956.4	12591.3
2584	0.56768	52492.8	7498.97
2585	0.55966	51751.7	12937.9
2586	0.48369	44726.5	6389.5
2587	0.49299	45586.6	9117.32
2588	0.78019	72143.7	14428.7
2589	0.37680	34842.1	6968.42
2590	0.47376	43808.5	8761.71
2591	0.44640	41278	8255.59
2592	0.67420	62343.1	10390.5
2593	0.56655	52388.2	6548.52
2594	0.54072	49999.8	9999.96
2595	0.54019	49951.3	9990.26
2596	0.68690	63516.9	15879.2
2597	0.64390	59541.3	14885.3
2598	0.26952	24922.1	4984.41
2599	0.33638	31104.9	6220.98
2600	1.00000	92469.5	92469.5
