#IID	F_ROH	ROH_length_kB	KBAVG
6551	0.40310	37219.9	7443.99
6552	0.61388	56682.6	11336.5
6553	0.38882	35901.4	7180.28
6554	0.22680	20941.4	6980.47
6555	0.51542	47590.9	9518.17
6556	0.38400	35456.4	5909.4
6557	0.37072	34230.5	6846.1
6558	0.46479	42916.3	8583.27
6559	0.51042	47129.1	6732.72
6560	0.54274	50113.3	7159.05
6561	0.48672	44940.7	6420.1
6562	0.92940	85816.1	85816.1
6563	0.21643	19984.4	6661.47
6564	0.36833	34009.4	5668.23
6565	0.08146	7521.42	7521.42
6566	0.21616	19958.8	4989.69
6567	0.37687	34798.5	8699.63
6568	0.29603	27333.6	6833.39
6569	0.22156	20458	5114.51
6570	0.23492	21691.1	7230.36
6571	0.33391	30831.8	4404.55
6572	0.20228	18677.8	4669.46
6573	0.61595	56873.8	11374.8
6574	0.23702	21884.7	7294.92
6575	0.34151	31533.4	6306.68
6576	0.22288	20579.5	5144.87
6577	0.42904	39615	7923
6578	0.28536	26348.8	5269.77
6579	0.28433	26253.3	5250.66
6580	0.27055	24981.2	6245.31
6581	0.40050	36980.4	7396.09
6582	0.26175	24168.8	4833.77
6583	0.48328	44623.4	7437.24
6584	0.34386	31750.2	7937.56
6585	0.52680	48641.7	8106.94
6586	0.22864	21111	5277.76
6587	0.34064	31452.8	5242.13
6588	0.13422	12393.5	4131.17
6589	0.40346	37253.4	9313.36
6590	0.20263	18709.6	3741.92
6591	0.65305	60299.5	15074.9
6592	0.42370	39122.4	9780.61
6593	0.33611	31034.2	6206.84
6594	0.38848	35869.7	7173.93
6595	0.37238	34383.6	6876.72
6596	0.13985	12912.7	4304.22
6597	0.41069	37920.5	6320.09
6598	0.24770	22871.6	5717.89
6599	0.52429	48410.3	16136.8
6600	0.21918	20237.9	5059.48
