#IID	F_ROH	ROH_length_kB	KBAVG
2551	0.47699	44101.9	8820.38
2552	0.59713	55209.5	13802.4
2553	0.28540	26387.6	8795.88
2554	0.39392	36421.8	7284.37
2555	0.47734	44134.5	14711.5
2556	0.27600	25518.7	5103.73
2557	0.30727	28409.4	5681.87
2558	0.39125	36174.2	6029.04
2559	0.46209	42724.1	8544.82
2560	0.57612	53267.4	10653.5
2561	0.51839	47929.8	9585.95
2562	0.24424	22581.7	5645.43
2563	0.43854	40546.9	13515.6
2564	0.33135	30636.3	6127.25
2565	0.44714	41342.4	8268.49
2566	0.58755	54324.2	9054.03
2567	0.59604	55109.3	11021.9
2568	0.48924	45234.9	7539.14
2569	0.42479	39275.2	5610.75
2570	0.44122	40794.8	10198.7
2571	0.53233	49218.5	9843.69
2572	0.24537	22686.5	7562.18
2573	0.30639	28328.4	14164.2
2574	0.27596	25514.5	8504.83
2575	0.64571	59701.3	11940.3
2576	0.32888	30407.8	15203.9
2577	0.50713	46888.3	11722.1
2578	0.62039	57360.9	9560.16
2579	0.52646	48675.9	6953.7
2580	0.50280	46488	7747.99
2581	0.48356	44709	7451.49
2582	0.48655	44986	6426.57
2583	0.47405	43830	7305
2584	0.59355	54879.2	7839.88
2585	0.28387	26246	6561.5
2586	0.23865	22065.1	5516.28
2587	0.32068	29649.4	7412.36
2588	0.56686	52411.3	26205.6
2589	0.48300	44657.3	7442.88
2590	0.28087	25969	12984.5
2591	0.30085	27816.6	9272.19
2592	0.53448	49417.8	12354.5
2593	0.50713	46888.7	9377.74
2594	0.54780	50649	7235.58
2595	0.35004	32363.9	8090.98
2596	0.27931	25824.5	8608.17
2597	0.36926	34140.9	8535.23
2598	0.48306	44663.4	8932.69
2599	0.28388	26247.5	8749.15
2600	0.51641	47746.8	9549.36
