#IID	F_ROH	ROH_length_kB	KBAVG
2551	0.30415	28110.3	9370.1
2552	0.54257	50145.7	16715.2
2553	0.46008	42521.4	7086.91
2554	0.31411	29031	4838.49
2555	0.54873	50714.6	12678.6
2556	0.27377	25302.8	8434.26
2557	0.48474	44800.3	7466.72
2558	0.54102	50002.7	7143.24
2559	0.29138	26929.9	8976.62
2560	0.53591	49530.3	8255.05
2561	0.59397	54895.6	9149.27
2562	0.49982	46194.5	6599.22
2563	0.44588	41208.8	8241.76
2564	0.45393	41953.5	13984.5
2565	0.32964	30466.5	6093.29
2566	0.40370	37311.1	7462.21
2567	0.48738	45044.8	7507.46
2568	0.47286	43702.6	5462.82
2569	0.18158	16782.2	4195.55
2570	0.46805	43258.2	10814.5
2571	0.29312	27091	6772.75
2572	0.55550	51340.3	10268.1
2573	0.56673	52378.4	8729.73
2574	0.47648	44037.5	11009.4
2575	0.15887	14683.5	7341.74
2576	0.61306	56660.2	11332
2577	0.41106	37991.2	7598.24
2578	0.25395	23470.7	5867.66
2579	0.25854	23895.2	5973.8
2580	0.52547	48565.3	9713.06
2581	0.32042	29613.8	4935.63
2582	0.43219	39944.4	7988.88
2583	0.34755	32121.4	6424.29
2584	0.33456	30920.8	5153.47
2585	0.61816	57131.6	11426.3
2586	0.44119	40776.2	8155.25
2587	0.58640	54196.6	9032.77
2588	0.74679	69020.2	34510.1
2589	0.41098	37983.3	6330.55
2590	0.53842	49762	8293.67
2591	0.48014	44375.8	8875.17
2592	0.50858	47003.9	6714.84
2593	0.15512	14336.3	3584.08
2594	0.28800	26618	6654.5
2595	0.51182	47303.5	11825.9
2596	0.38216	35319.7	8829.93
2597	0.51717	47798	7966.33
2598	0.33572	31028.2	6205.65
2599	0.32555	30088.5	6017.7
2600	0.41778	38612.2	9653.06
