#IID	F_ROH	ROH_length_kB	KBAVG
4551	0.52743	48759.2	6965.6
4552	0.34630	32014.5	6402.91
4553	0.47686	44084.9	7347.48
4554	0.47547	43955.9	8791.18
4555	0.47109	43551.1	5443.88
4556	0.94836	87673.6	21918.4
4557	0.52459	48496.8	6062.1
4558	0.64455	59587.2	8512.46
4559	0.38730	35804.8	5114.97
4560	0.61093	56479	6275.44
4561	0.52520	48553.3	6936.19
4562	0.45493	42057.3	8411.46
4563	0.42315	39119.4	7823.88
4564	0.47380	43801.5	5475.19
4565	0.60264	55712.2	7958.88
4566	0.52876	48883	6110.38
4567	0.44703	41326.7	8265.34
4568	0.38037	35164.2	5023.46
4569	0.52156	48216.9	5357.43
4570	0.41092	37988.5	7597.7
4571	0.39076	36124.7	6020.79
4572	0.57649	53295.4	13323.8
4573	0.44157	40822.3	10205.6
4574	0.68236	63082.2	12616.4
4575	0.55263	51089.6	8514.94
4576	0.53710	49653.7	9930.75
4577	0.61547	56898.8	11379.8
4578	0.51199	47332.1	15777.4
4579	0.46227	42735.6	5341.96
4580	0.47362	43785.1	10946.3
4581	0.25661	23723.3	5930.83
4582	0.60533	55961.5	6217.94
4583	0.45201	41786.9	6964.49
4584	0.49499	45760.7	7626.79
4585	0.49878	46111.4	9222.28
4586	0.62409	57695.7	11539.1
4587	0.54853	50710.2	10142
4588	0.32990	30498	10166
4589	0.56895	52598.3	7514.04
4590	0.40815	37732.6	6288.77
4591	0.43550	40261.1	6710.19
4592	0.38343	35447.2	7089.44
4593	0.59653	55148.1	7878.31
4594	0.53735	49676.6	8279.43
4595	0.69372	64132.4	16033.1
4596	0.42645	39424	6570.66
4597	0.38994	36049.2	7209.85
4598	0.88571	81881.8	13647
4599	0.50063	46282.4	6611.78
4600	0.71039	65673.7	9381.96
