#IID	F_ROH	ROH_length_kB	KBAVG
2551	0.57317	52964.8	7566.4
2552	0.51203	47314.7	11828.7
2553	0.41266	38132.7	6355.44
2554	0.45225	41790.4	8358.08
2555	0.52001	48051.8	9610.35
2556	0.48254	44590	7431.67
2557	0.58000	53596	8932.67
2558	0.36343	33583.6	8395.9
2559	0.55639	51414.1	8569.01
2560	0.37753	34885.9	4983.69
2561	0.51215	47325.6	11831.4
2562	0.47410	43809.7	14603.2
2563	0.27760	25652.4	8550.81
2564	0.45217	41783	8356.61
2565	0.34095	31506.2	7876.55
2566	0.30529	28210.9	7052.72
2567	0.31165	28798.3	7199.59
2568	0.60714	56103.5	8014.78
2569	0.52188	48225.4	9645.08
2570	0.43894	40560.5	13520.2
2571	0.61844	57147.8	9524.63
2572	0.49832	46048.3	7674.71
2573	0.52422	48441.6	16147.2
2574	0.44555	41171.4	10292.8
2575	0.36595	33815.8	11271.9
2576	0.53268	49223.5	9844.7
2577	0.32657	30177.6	7544.41
2578	0.27565	25471.5	6367.87
2579	0.46846	43288.4	8657.68
2580	0.27161	25098.4	5019.68
2581	0.84745	78310.2	19577.5
2582	0.53526	49461.4	7065.91
2583	0.52540	48550.4	6068.8
2584	0.54135	50024.6	12506.2
2585	0.44870	41462.5	8292.51
2586	0.46984	43416	10854
2587	0.69950	64638.6	32319.3
2588	0.38747	35804.4	7160.88
2589	0.45051	41629.6	5947.09
2590	0.26165	24178.2	4835.64
2591	0.38037	35148.4	5858.07
2592	0.45528	42070.5	10517.6
2593	0.54007	49905.5	7129.36
2594	0.27589	25493.7	8497.89
2595	0.40107	37061.1	7412.22
2596	0.63342	58532.3	9755.38
2597	0.41128	38004.9	9501.23
2598	0.56594	52296.5	10459.3
2599	0.41285	38150.3	9537.57
2600	0.53913	49819.5	6227.44
