#IID	F_ROH	ROH_length_kB	KBAVG
4551	0.36285	33538.6	5589.77
4552	0.43003	39747.9	7949.58
4553	0.37181	34366.9	5727.82
4554	0.31449	29068.8	5813.75
4555	0.13753	12711.9	6355.95
4556	0.25883	23923.7	5980.93
4557	0.52452	48481.5	9696.3
4558	0.36079	33348.3	6669.67
4559	0.48932	45227.6	5025.29
4560	0.88738	82020.9	41010.5
4561	0.78588	72639.2	36319.6
4562	0.28674	26503.5	8834.51
4563	0.43525	40230.1	8046.02
4564	0.31831	29421.5	7355.38
4565	0.36744	33962.2	8490.56
4566	0.34099	31517.8	7879.44
4567	0.30422	28119.3	14059.6
4568	0.56608	52322.7	8720.44
4569	0.42817	39575.9	7915.18
4570	0.40254	37207	7441.39
4571	0.20389	18845.5	3769.1
4572	0.38580	35660	5094.29
4573	0.28592	26427.9	5285.58
4574	0.42158	38966.8	4329.65
4575	0.23017	21274.3	5318.58
4576	0.19800	18301.4	4575.36
4577	0.29592	27352.1	6838.02
4578	0.27143	25088.3	5017.65
4579	0.69886	64595.9	12919.2
4580	0.44956	41553.4	8310.68
4581	0.56565	52283.6	13070.9
4582	0.38719	35788	5964.66
4583	0.25946	23982.4	4796.49
4584	0.24089	22265.7	5566.44
4585	0.18218	16839.2	5613.07
4586	0.30606	28289.4	7072.36
4587	0.27116	25063.5	5012.71
4588	0.28144	26013.8	8671.26
4589	0.22897	21163.5	10581.7
4590	0.40871	37777.6	4722.2
4591	0.40182	37140.1	9285.01
4592	0.49875	46099.7	7683.28
4593	0.32909	30417.8	30417.8
4594	0.46790	43248.3	6178.34
4595	0.36993	34192.9	6838.57
4596	0.29462	27232.1	6808.03
4597	0.30535	28223.9	5644.79
4598	0.13202	12202.6	4067.52
4599	0.27866	25756.6	8585.52
4600	0.53050	49034.1	9806.82
