#IID	F_ROH	ROH_length_kB	KBAVG
8551	0.57533	53182	10636.4
8552	0.56047	51808	10361.6
8553	0.56443	52174.3	10434.9
8554	0.35764	33059.4	5509.9
8555	0.27199	25142.3	12571.1
8556	0.41274	38152.4	9538.1
8557	0.46289	42787.9	10697
8558	0.33234	30720.1	10240
8559	0.76155	70394.9	14079
8560	0.37718	34865.1	6973.03
8561	0.46119	42631.3	8526.26
8562	0.34204	31617.1	7904.28
8563	0.48183	44538.6	14846.2
8564	0.46383	42874.9	10718.7
8565	0.41931	38759.6	12919.9
8566	0.52163	48218.1	16072.7
8567	0.83450	77138.9	15427.8
8568	0.61331	56692.7	11338.5
8569	0.44494	41128.5	10282.1
8570	0.32922	30431.8	10143.9
8571	0.41010	37908.7	9477.16
8572	0.51184	47313	9462.6
8573	0.58898	54443.9	9073.98
8574	0.48259	44609.5	8921.9
8575	0.84415	78030.2	26010.1
8576	0.32729	30253.7	10084.6
8577	0.51734	47821.3	6831.62
8578	0.41505	38365.8	12788.6
8579	0.47163	43595.6	8719.12
8580	0.39553	36561.5	12187.2
8581	0.56390	52124.8	10425
8582	0.60361	55795.4	6974.43
8583	0.55806	51585.3	7369.33
8584	0.39131	36171.4	7234.28
8585	0.59964	55429.1	9238.18
8586	0.35754	33050.3	8262.56
8587	0.49552	45804.3	5725.54
8588	0.59807	55283.9	7897.7
8589	0.31213	28852.6	7213.15
8590	0.51044	47183.3	9436.66
8591	0.54905	50752.9	8458.82
8592	0.46711	43178.4	8635.67
8593	0.37202	34388.3	11462.8
8594	0.65984	60993.2	12198.6
8595	0.51479	47585.5	11896.4
8596	0.55692	51479.9	17160
8597	0.41273	38151.4	12717.1
8598	0.50220	46422.1	11605.5
8599	0.31141	28785.9	9595.31
8600	0.62316	57603.2	11520.6
