#IID	F_ROH	ROH_length_kB	KBAVG
16551	0.33093	30584.8	7646.2
16552	0.15217	14063.6	4687.86
16553	0.27247	25181.8	6295.45
16554	0.33959	31385	7846.25
16555	0.19417	17945.3	4486.33
16556	0.38044	35160.8	7032.17
16557	0.23962	22146	7382.01
16558	0.71442	66027	22009
16559	0.00000	0	0
16560	0.28075	25947	6486.74
16561	0.30985	28636.7	7159.17
16562	0.29750	27494.9	5498.98
16563	0.25513	23579	5894.76
16564	0.36995	34191.2	11397.1
16565	0.27300	25231.2	6307.8
16566	0.41805	38636.6	7727.33
16567	0.43458	40164.5	10041.1
16568	0.50713	46869.1	9373.81
16569	0.20214	18682.1	6227.35
16570	0.27591	25499.6	5099.91
16571	0.28945	26751.4	6687.86
16572	0.32596	30125.8	6025.15
16573	0.53005	48987.3	12246.8
16574	0.40956	37851.5	6308.59
16575	0.28555	26390.5	6597.64
16576	0.16040	14824.1	4941.38
16577	0.12279	11348.2	11348.2
16578	0.11847	10949.4	5474.71
16579	0.42939	39684.7	7936.94
16580	0.43851	40527.6	20263.8
16581	0.32856	30365.6	10121.9
16582	0.25366	23443.4	5860.85
16583	0.17189	15886.5	15886.5
16584	0.59741	55212.9	13803.2
16585	0.20880	19297.3	4824.31
16586	0.70203	64881.7	16220.4
16587	0.32437	29978.7	7494.67
16588	0.42879	39628.7	9907.18
16589	0.27342	25269.7	6317.43
16590	0.20739	19167.1	6389.02
16591	0.14340	13253	6626.52
16592	0.42231	39030.2	6505.03
16593	0.16894	15613.8	7806.89
16594	0.28976	26780.2	5356.05
16595	0.23343	21573.4	10786.7
16596	0.26902	24863	4972.61
16597	0.52920	48909.3	8151.55
16598	0.27309	25238.8	5047.75
16599	0.55658	51439.8	12860
16600	0.23420	21644.9	7214.96
