#IID	F_ROH	ROH_length_kB	KBAVG
22551	0.27129	25057.3	5011.45
22552	0.39071	36086.9	6014.48
22553	0.53403	49324.9	8220.82
22554	0.30964	28599.6	7149.91
22555	0.36688	33886.3	6777.26
22556	0.37522	34656.1	11552
22557	0.49948	46133	15377.7
22558	0.27985	25847.3	6461.82
22559	0.28646	26457.9	5291.58
22560	0.16808	15524.8	5174.94
22561	0.23161	21392	10696
22562	0.90906	83963.7	41981.8
22563	0.34465	31833.2	7958.31
22564	0.45380	41914.6	13971.5
22565	0.58244	53795.4	7685.05
22566	0.20973	19370.9	9685.46
22567	0.31199	28816.1	9605.36
22568	0.47317	43703.2	7283.86
22569	0.36864	34048.9	6809.78
22570	0.42049	38837.3	6472.88
22571	0.37463	34601.7	6920.34
22572	0.32680	30183.9	6036.77
22573	0.29612	27350.6	4558.44
22574	0.40842	37723	7544.61
22575	0.24079	22239.8	5559.96
22576	0.25014	23103.6	11551.8
22577	0.41523	38351.4	4793.92
22578	0.36544	33753.2	11251.1
22579	0.21814	20147.9	4029.57
22580	0.15255	14089.6	4696.53
22581	0.54004	49879.5	6234.93
22582	0.35100	32419.2	6483.83
22583	0.55603	51356.4	12839.1
22584	0.27415	25321.2	6330.3
22585	0.50395	46546.5	11636.6
22586	0.32719	30220.5	7555.13
22587	0.43455	40136.6	20068.3
22588	0.36476	33690.6	8422.66
22589	0.62863	58062.2	19354.1
22590	0.50035	46213.7	9242.74
22591	0.28224	26068.2	8689.38
22592	0.33944	31352	6270.41
22593	0.35804	33069.2	8267.31
22594	0.50918	47029.1	11757.3
22595	0.27970	25834.2	5166.84
22596	0.18580	17161.1	5720.38
22597	0.60407	55793.6	13948.4
22598	0.54661	50486	6310.75
22599	0.62694	57905.7	19301.9
22600	0.26017	24030.3	8010.11
