#IID	F_ROH	ROH_length_kB	KBAVG
10551	0.07965	7361.88	3680.94
10552	0.16602	15344.7	5114.91
10553	0.28738	26561.5	5312.31
10554	0.62931	58166.2	19388.7
10555	0.41274	38148.4	6358.07
10556	0.42437	39223.4	13074.5
10557	0.31854	29441.7	7360.43
10558	0.43726	40415.4	6735.91
10559	0.19819	18318.3	6106.11
10560	0.55825	51597.4	17199.1
10561	0.43018	39760.5	5680.07
10562	0.20425	18878.7	4719.68
10563	0.31278	28909.8	5781.97
10564	0.34674	32048.5	6409.7
10565	0.55285	51099.1	10219.8
10566	0.53629	49567.7	16522.6
10567	0.26704	24682.1	8227.38
10568	0.40303	37251.5	12417.2
10569	0.34713	32084.7	6416.95
10570	0.40452	37389.3	7477.86
10571	0.35475	32789.1	5464.85
10572	0.23036	21291.4	7097.13
10573	0.57828	53448.7	10689.7
10574	0.35273	32602.1	5433.68
10575	0.23159	21405.7	7135.25
10576	0.29731	27479.4	9159.82
10577	0.53310	49273.2	7039.03
10578	0.65985	60988.1	8712.58
10579	0.43469	40177.7	10044.4
10580	0.14648	13538.4	6769.2
10581	0.34294	31696.8	7924.2
10582	0.45753	42288.9	8457.78
10583	0.26009	24039.3	8013.1
10584	0.63752	58924.4	14731.1
10585	0.24270	22432.2	5608.05
10586	0.41260	38135.5	7627.09
10587	0.35445	32760.7	6552.13
10588	0.34041	31463.5	7865.87
10589	1.00000	92427.8	92427.8
10590	0.57765	53390.8	7627.26
10591	0.23680	21886.8	5471.7
10592	0.44664	41282.3	8256.47
10593	0.44583	41207.1	8241.42
10594	0.41642	38488.7	7697.74
10595	0.25411	23487	7829.01
10596	0.35089	32431.6	16215.8
10597	0.45338	41904.6	8380.92
10598	0.18978	17541.3	4385.33
10599	0.75537	69817.3	11636.2
10600	0.71443	66033.2	22011.1
