#IID	F_ROH	ROH_length_kB	KBAVG
2551	0.13799	12756	6378.02
2552	0.28047	25925.8	5185.17
2553	0.20852	19275.3	4818.82
2554	0.47907	44284.9	7380.82
2555	0.45207	41788.4	10447.1
2556	0.42098	38914.6	6485.77
2557	0.18429	17035.7	4258.92
2558	0.26389	24393.9	8131.31
2559	0.12755	11790.5	3930.16
2560	0.62245	57538.6	7192.32
2561	0.22111	20438.8	6812.94
2562	0.27645	25554.8	6388.7
2563	0.31428	29051.4	7262.86
2564	0.32539	30078.5	5013.08
2565	0.27200	25142.9	8380.98
2566	0.36365	33615.1	4802.16
2567	0.37375	34549	8637.26
2568	0.41549	38407	5486.72
2569	0.35473	32790.3	6558.07
2570	0.42152	38965.1	6494.18
2571	0.28862	26679.8	8893.25
2572	0.39372	36395.1	6065.85
2573	0.22121	20448.8	4089.75
2574	0.14796	13676.8	4558.93
2575	0.23221	21464.8	5366.2
2576	0.33585	31045.2	7761.3
2577	0.28871	26687.9	6671.98
2578	0.20481	18932.8	3786.56
2579	0.53622	49567.3	8261.22
2580	0.34697	32073.5	10691.2
2581	0.28622	26457.9	5291.57
2582	0.41294	38171.5	5453.07
2583	0.46569	43047.3	5380.91
2584	0.37085	34281.2	6856.25
2585	0.43807	40494.2	5784.89
2586	0.35985	33263.7	6652.74
2587	0.24959	23071.8	7690.59
2588	0.29254	27042.1	4507.02
2589	0.33657	31112.2	6222.43
2590	0.19639	18154.1	4538.53
2591	0.17929	16573.2	5524.4
2592	0.36209	33471.3	8367.83
2593	0.37936	35067.4	7013.48
2594	0.23783	21984.3	4396.86
2595	0.48845	45151.2	7525.19
2596	0.29453	27226.2	4537.7
2597	0.18731	17315.1	4328.77
2598	0.28878	26694.7	5338.94
2599	0.40718	37639.1	7527.83
2600	0.36924	34132	5688.67
