#IID	F_ROH	ROH_length_kB	KBAVG
2551	0.55424	51243.1	7320.44
2552	0.71857	66436.4	13287.3
2553	0.49350	45627.4	7604.57
2554	0.58342	53941.4	10788.3
2555	0.35612	32925.4	10975.1
2556	0.55079	50923.9	16974.6
2557	0.55114	50956.1	6369.51
2558	0.59814	55302.2	11060.4
2559	0.58763	54329.9	9054.99
2560	0.55278	51108.1	12777
2561	0.60670	56093.6	9348.93
2562	0.59158	54695.2	9115.87
2563	0.72490	67021.9	9574.56
2564	0.62797	58060.3	14515.1
2565	0.47069	43518	10879.5
2566	0.53058	49055.6	12263.9
2567	0.62064	57382.5	9563.76
2568	0.63138	58374.8	8339.26
2569	0.66799	61760	15440
2570	0.62834	58094.3	19364.8
2571	0.74435	68819.8	13764
2572	0.72706	67221.8	16805.4
2573	0.68542	63371.8	12674.4
2574	0.65906	60934.1	10155.7
2575	0.62647	57921.4	9653.57
2576	0.60483	55920.6	13980.2
2577	0.68569	63396.5	15849.1
2578	0.72345	66887.3	11147.9
2579	0.61031	56427.4	9404.56
2580	0.72287	66833.9	22278
2581	0.59893	55375.3	13843.8
2582	0.77985	72102.7	12017.1
2583	0.76657	70874.1	8859.26
2584	0.60443	55883.2	13970.8
2585	0.62129	57442.8	11488.6
2586	0.71877	66455.2	11075.9
2587	0.78773	72830.7	18207.7
2588	0.83321	77035.9	38517.9
2589	0.51730	47828.1	9565.62
2590	0.68925	63725.3	15931.3
2591	0.71875	66452.9	11075.5
2592	0.56034	51807.3	10361.5
2593	0.53849	49786.5	12446.6
2594	0.66232	61236.3	20412.1
2595	0.50904	47064.5	9412.9
2596	0.67124	62060.2	8865.74
2597	0.62435	57725.5	8246.5
2598	0.52059	48132.1	16044
2599	0.61983	57307.1	8186.72
2600	0.75577	69875.9	13975.2
