CHR	POS	COUNT	FREQUENCY	Length_kb	Hotspot_interval
3	100001	66	0.942857	4700	[100001,4800000]
3	4800001	63	0.9	300	[4800001,5100000]
3	5100001	66	0.942857	900	[5100001,6000000]
3	6000001	57	0.814286	600	[6000001,6600000]
3	6600001	55	0.785714	800	[6600001,7400000]
3	7400001	56	0.8	200	[7400001,7600000]
3	7600001	55	0.785714	300	[7600001,7900000]
3	41300001	60	0.857143	100	[41300001,41400000]
3	41400001	63	0.9	1900	[41400001,43300000]
3	43300001	64	0.914286	200	[43300001,43500000]
3	43500001	66	0.942857	400	[43500001,43900000]
3	43900001	70	1	12200	[43900001,56100000]
3	4800000	66	0.942857	4700	[100001,4800000]
3	5100000	63	0.9	300	[4800001,5100000]
3	6000000	66	0.942857	900	[5100001,6000000]
3	6600000	57	0.814286	600	[6000001,6600000]
3	7400000	55	0.785714	800	[6600001,7400000]
3	7600000	56	0.8	200	[7400001,7600000]
3	7900000	55	0.785714	300	[7600001,7900000]
3	41400000	60	0.857143	100	[41300001,41400000]
3	43300000	63	0.9	1900	[41400001,43300000]
3	43500000	64	0.914286	200	[43300001,43500000]
3	43900000	66	0.942857	400	[43500001,43900000]
3	56100000	70	1	12200	[43900001,56100000]
