CHR	POS	COUNT	FREQUENCY	Length_kb	Hotspot_interval
3	66300001	40	0.571429	700	[66300001,67000000]
3	68300001	41	0.585714	100	[68300001,68400000]
3	68400001	70	1	4700	[68400001,73100000]
3	73100001	68	0.971429	100	[73100001,73200000]
3	73200001	70	1	3300	[73200001,76500000]
3	76500001	67	0.957143	100	[76500001,76600000]
3	76600001	45	0.642857	500	[76600001,77100000]
3	77100001	67	0.957143	200	[77100001,77300000]
3	77300001	68	0.971429	2300	[77300001,79600000]
3	79600001	70	1	2900	[79600001,82500000]
3	82500001	68	0.971429	3400	[82500001,85900000]
3	85900001	69	0.985714	2400	[85900001,88300000]
3	88300001	52	0.742857	100	[88300001,88400000]
3	88400001	41	0.585714	400	[88400001,88800000]
3	88800001	46	0.657143	200	[88800001,89000000]
3	89000001	45	0.642857	400	[89000001,89400000]
3	89600001	40	0.571429	1100	[89600001,90700000]
3	67000000	40	0.571429	700	[66300001,67000000]
3	68400000	41	0.585714	100	[68300001,68400000]
3	73100000	70	1	4700	[68400001,73100000]
3	73200000	68	0.971429	100	[73100001,73200000]
3	76500000	70	1	3300	[73200001,76500000]
3	76600000	67	0.957143	100	[76500001,76600000]
3	77100000	45	0.642857	500	[76600001,77100000]
3	77300000	67	0.957143	200	[77100001,77300000]
3	79600000	68	0.971429	2300	[77300001,79600000]
3	82500000	70	1	2900	[79600001,82500000]
3	85900000	68	0.971429	3400	[82500001,85900000]
3	88300000	69	0.985714	2400	[85900001,88300000]
3	88400000	52	0.742857	100	[88300001,88400000]
3	88800000	41	0.585714	400	[88400001,88800000]
3	89000000	46	0.657143	200	[88800001,89000000]
3	89400000	45	0.642857	400	[89000001,89400000]
3	90700000	40	0.571429	1100	[89600001,90700000]
