Model,H_e,Lower_CI,Upper_CI,Under_Selection
Neutral,0.16683,0.16108,0.17258,No
s=0.1,0.24372,0.20878,0.27866,No
s=0.3,0.26404,0.21314,0.31493,No
s=0.2,0.28716,0.25089,0.32343,No
s=0.05,0.31365,0.27473,0.35257,No
s=0.4,0.32284,0.28948,0.3562,No
s=0.6,0.33585,0.28866,0.38303,No
s=0.8,0.33609,0.29209,0.38009,No
s=0.5,0.33619,0.29296,0.37942,No
s=0.7,0.33807,0.28983,0.3863,No
