Model,H_e_5th_percentile,Lower_CI,Upper_CI
s01_chr3,0.15285,0.14262,0.16309
s08_chr3,0.15927,0.14455,0.174
s02_chr3,0.15996,0.15177,0.16815
s07_chr3,0.16193,0.15085,0.173
s03_chr3,0.16287,0.15123,0.17452
s04_chr3,0.16637,0.15725,0.17549
Neutral,0.16683,0.16108,0.17258
s005_chr3,0.16904,0.16161,0.17647
s05_chr3,0.17357,0.16482,0.18232
s06_chr3,0.17614,0.16712,0.18516
Empirical,NA,NA,NA
