#IID	F_ROH	ROH_length_kB	KBAVG
3331	0.40416	37355.4	6225.9
3332	0.22668	20951.6	10475.8
3333	0.53481	49431.6	7061.66
3334	0.39296	36320.1	12106.7
3335	0.26515	24506.9	8168.96
3336	0.42485	39268.2	13089.4
3337	0.42769	39530	9882.51
3338	0.35501	32812.9	6562.58
3339	0.35384	32704.2	6540.84
3340	0.42344	39137.8	9784.46
3341	0.20170	18643.1	4660.78
3342	0.23378	21607.6	5401.91
3343	0.38654	35726.6	7145.31
3344	0.37781	34920.2	6984.04
3345	0.30742	28414.3	4735.71
3346	0.29159	26950.8	13475.4
3347	0.49845	46070.5	7678.42
3348	0.53725	49656.8	9931.37
3349	0.25930	23966.7	11983.4
3350	0.16332	15095.1	5031.69
3351	0.53246	49214.1	9842.81
3352	0.12013	11103.6	5551.8
3353	0.57126	52800.5	7542.93
3354	0.30446	28140.7	7035.16
3355	0.27847	25737.9	6434.46
3356	0.13818	12771.3	4257.09
3357	0.33617	31071.5	7767.87
3358	0.30239	27949.5	9316.51
3359	0.41753	38591.6	6431.93
3360	0.40656	37577.4	9394.35
3361	0.31491	29106.6	7276.66
3362	0.20504	18951.5	4737.88
3363	0.36682	33904.3	8476.07
3364	0.52726	48733.4	8122.24
3365	0.30826	28491.4	5698.27
3366	0.15142	13995.6	6997.8
3367	0.18587	17179.4	17179.4
3368	0.29360	27136.7	5427.34
3369	0.46561	43034.9	7172.49
3370	0.42036	38853.2	9713.31
3371	0.08037	7428.78	3714.39
3372	0.25878	23918	7972.66
3373	0.25536	23602.3	7867.45
3374	0.16956	15671.9	5223.96
3375	0.41710	38551.4	6425.23
3376	0.46585	43057.5	10764.4
3377	0.39484	36494.3	9123.57
3378	0.31989	29566.9	7391.72
3379	0.20543	18987.5	6329.17
3380	0.33293	30771.5	10257.2
3381	0.35643	32943.8	5490.63
3382	0.17271	15963.5	3990.87
3383	0.41561	38413.6	7682.72
3384	0.49560	45806.8	15268.9
3385	0.24066	22243.6	11121.8
3386	0.46046	42559.5	6079.93
3387	0.17484	16159.8	5386.59
3388	0.41038	37930.8	9482.7
3389	0.30448	28142.6	7035.65
3390	0.48969	45261.2	11315.3
3391	0.25667	23723.6	4744.72
3392	0.35650	32950.9	10983.6
3393	0.13229	12227	4075.66
3394	0.19259	17800.3	4450.08
3395	0.43091	39827.9	5689.7
3396	0.25542	23607.9	7869.29
3397	0.35058	32403.6	5400.61
3398	0.39595	36597	7319.4
3399	0.21489	19861.6	4965.41
3400	0.40496	37429.7	7485.93
