#IID	F_ROH	ROH_length_kB	KBAVG
3331	0.40590	37524.3	5360.62
3332	0.62073	57385.4	8197.91
3333	0.74791	69143	13828.6
3334	0.37755	34903.8	6980.77
3335	0.29366	27148.1	6787.02
3336	0.37091	34290.1	11430
3337	0.39462	36481.8	6080.3
3338	0.66444	61425.6	7678.2
3339	0.31965	29550.8	5910.15
3340	0.43573	40282.7	6713.78
3341	0.37898	35036.3	8759.08
3342	0.40160	37127.2	9281.81
3343	0.66488	61467	12293.4
3344	0.22474	20777	6925.68
3345	0.34323	31730.8	7932.69
3346	0.35719	33021.6	6604.32
3347	0.38985	36040.5	5148.64
3348	0.35212	32553.1	6510.62
3349	0.39519	36534.3	5219.18
3350	0.31375	29005.6	7251.39
3351	0.33144	30640.6	5106.77
3352	0.36820	34039.6	6807.91
3353	0.35700	33004	5500.67
3354	0.38480	35573.8	5081.97
3355	0.65228	60302.1	12060.4
3356	0.68015	62878.1	10479.7
3357	0.69313	64078.8	16019.7
3358	0.52655	48678.8	8113.13
3359	0.37803	34947.8	8736.94
3360	0.48383	44728.9	7454.82
3361	0.63302	58521.6	9753.6
3362	0.46074	42594.6	10648.6
3363	0.36771	33993.9	6798.79
3364	0.24255	22423.2	7474.39
3365	0.44057	40729.7	10182.4
3366	0.53586	49539.1	8256.52
3367	0.72892	67387.3	13477.5
3368	0.40311	37266.9	7453.38
3369	0.52442	48481.8	8080.3
3370	0.33626	31086.3	5181.05
3371	0.55051	50893.4	8482.23
3372	0.44818	41433	8286.61
3373	0.40317	37272.5	7454.5
3374	0.40896	37807.4	7561.48
3375	0.46898	43356	8671.2
3376	0.49192	45477.2	7579.54
3377	0.44374	41022.8	8204.56
3378	0.49780	46020.5	23010.3
3379	0.37390	34566.2	6913.25
3380	0.49841	46076.5	11519.1
3381	0.43904	40587.9	6764.65
3382	0.53519	49477.5	9895.51
3383	0.54241	50144.7	25072.4
3384	0.47371	43793.4	7298.9
3385	0.32381	29935.1	5987.02
3386	0.61066	56454	9409
3387	0.43920	40603.1	8120.63
3388	0.37760	34908.6	5818.1
3389	0.34015	31446	6289.21
3390	0.44948	41553.7	10388.4
3391	0.27881	25775.1	6443.76
3392	0.48603	44932.8	8986.57
3393	0.37940	35074.7	5845.79
3394	0.37570	34732.5	8683.12
3395	0.51411	47528.4	9505.68
3396	0.40731	37654.5	7530.9
3397	0.20861	19285.5	6428.49
3398	0.49509	45770.4	7628.4
3399	0.37245	34432.6	6886.52
3400	0.45776	42318.6	10579.6
