#IID	F_ROH	ROH_length_kB	KBAVG
3331	0.34071	31488	7872
3332	0.48890	45183.7	11295.9
3333	0.37720	34859.8	11619.9
3334	0.39160	36191.3	6031.88
3335	0.44990	41579.1	13859.7
3336	0.49794	46018.8	7669.8
3337	0.32339	29887.4	7471.84
3338	0.32505	30040.7	10013.6
3339	0.22600	20886.3	6962.12
3340	0.40383	37321.8	6220.31
3341	0.48181	44528.2	11132.1
3342	0.51174	47293.8	11823.5
3343	0.45493	42044.1	8408.81
3344	0.41412	38272.1	19136.1
3345	0.29586	27343.3	27343.3
3346	0.39895	36870	12290
3347	0.28057	25930.1	8643.37
3348	0.46443	42921.8	8584.36
3349	0.38088	35200.6	8800.15
3350	0.31157	28795.2	7198.8
3351	0.33106	30596.5	7649.14
3352	0.47305	43718.6	21859.3
3353	0.57590	53223.9	8870.65
3354	0.35400	32716.6	6543.32
3355	0.55334	51138.6	6392.33
3356	0.38839	35894	8973.5
3357	0.45851	42374.7	10593.7
3358	0.38468	35551.3	8887.82
3359	0.33252	30731.1	7682.79
3360	0.23301	21534.2	10767.1
3361	0.44662	41275.8	8255.16
3362	0.55556	51344.1	25672.1
3363	0.26722	24696.3	8232.09
3364	0.40159	37114.1	9278.53
3365	0.35904	33181.9	11060.6
3366	0.41283	38153.5	7630.71
3367	0.37579	34730.1	6946.03
3368	0.30881	28540	14270
3369	0.37044	34235.2	8558.81
3370	0.29699	27447	9148.99
3371	0.51798	47870.9	15957
3372	0.52908	48896.5	6112.06
3373	0.47644	44032	11008
3374	0.36971	34168.2	17084.1
3375	0.49167	45439	9087.81
3376	0.43632	40323.7	10080.9
3377	0.52736	48737.6	6962.52
3378	0.38146	35253.8	7050.76
3379	0.42359	39147.6	9786.9
3380	0.27821	25711.5	8570.51
3381	0.27215	25151.5	8383.85
3382	0.42524	39299.7	6549.95
3383	0.28135	26001.5	8667.18
3384	0.37998	35116.9	7023.38
3385	0.21364	19744.1	9872.03
3386	0.45017	41604.1	8320.83
3387	0.44925	41518.8	13839.6
3388	0.58804	54345.6	9057.6
3389	0.50730	46884	9376.81
3390	0.25626	23683.6	7894.53
3391	0.40326	37269	7453.79
3392	0.35445	32757.8	8189.46
3393	0.34278	31679.2	6335.84
3394	0.58176	53765.8	8960.97
3395	0.40812	37717.9	7543.57
3396	0.31192	28827.2	7206.8
3397	0.35679	32973.9	16487
3398	0.42229	39027.3	13009.1
3399	0.42309	39101	13033.7
3400	0.22469	20765.5	20765.5
