#IID	F_ROH	ROH_length_kB	KBAVG
8931	0.47690	44041	7340.17
8932	0.30075	27773.7	6943.42
8933	0.32356	29880.1	7470.02
8934	0.14970	13824.8	4608.27
8935	0.60099	55500.4	7928.63
8936	0.19357	17876.2	8938.09
8937	0.32849	30335.7	6067.14
8938	0.27950	25811.6	6452.9
8939	0.37648	34767.2	6953.44
8940	0.23986	22150.8	5537.69
8941	0.23040	21277.4	7092.48
8942	0.14252	13161.5	4387.15
8943	0.33653	31077.9	6215.59
8944	0.37402	34540.3	6908.06
8945	0.32670	30170.3	7542.56
8946	0.22583	20854.8	10427.4
8947	0.44767	41341.3	10335.3
8948	0.50647	46771.5	11692.9
8949	0.23099	21331.5	5332.87
8950	0.33870	31278.5	3909.82
8951	0.55809	51538.7	7362.68
8952	0.23743	21926.2	5481.56
8953	0.47572	43932	6275.99
8954	0.30899	28535	4755.83
8955	0.30122	27817.5	5563.5
8956	0.20673	19091	6363.68
8957	0.36371	33588.5	6717.7
8958	0.26308	24294.7	6073.69
8959	0.38035	35125.1	8781.28
8960	0.37227	34378.2	5729.69
8961	0.33838	31248.8	6249.77
8962	0.32007	29557.7	4222.53
8963	0.25325	23387.2	5846.81
8964	0.29788	27509	6877.25
8965	0.47810	44151.6	7358.59
8966	0.11147	10294.2	5147.09
8967	0.20568	18994.1	6331.37
8968	0.48129	44446	11111.5
8969	0.38561	35610.4	5935.06
8970	0.21659	20001.4	10000.7
8971	0.46029	42506.8	5313.36
8972	0.51144	47230.4	11807.6
8973	0.38482	35537.6	7107.52
8974	0.18814	17374.3	8687.17
8975	0.36191	33421.5	6684.3
8976	0.38352	35417.5	5902.91
8977	0.49492	45704.7	5713.09
8978	0.54536	50362.9	8393.82
8979	0.38397	35458.8	7091.75
8980	0.42982	39693.2	7938.64
8981	0.57224	52845.4	6605.68
8982	0.40718	37602.6	6267.11
8983	0.69366	64058.9	10676.5
8984	0.30435	28106.4	7026.59
8985	0.39946	36889.3	7377.86
8986	0.54584	50407.2	6300.9
8987	0.75184	69430.9	23143.6
8988	0.20292	18739.5	9369.77
8989	0.30820	28461.8	7115.44
8990	0.43905	40546	6757.67
8991	0.30594	28252.7	9417.57
8992	0.44784	41357.5	8271.51
8993	0.22687	20951.3	10475.6
8994	0.45238	41776.9	6962.82
8995	0.45390	41917	8383.4
8996	0.44213	40829.7	8165.93
8997	0.25590	23632	4726.39
8998	0.39755	36713.4	9178.34
8999	0.47149	43541.8	6220.26
9000	0.42778	39504.5	7900.89
