#IID	F_ROH	ROH_length_kB	KBAVG
8931	0.24904	23020.6	4604.11
8932	0.56862	52562.7	10512.5
8933	0.26977	24937.4	4987.49
8934	0.43245	39975.4	7995.08
8935	0.37471	34637.7	5772.94
8936	0.61125	56502.9	11300.6
8937	0.32982	30487.8	5081.3
8938	0.60739	56146.9	14036.7
8939	0.51693	47784.5	11946.1
8940	0.44609	41236.2	10309
8941	0.35576	32886.4	4698.05
8942	0.35385	32709.8	10903.3
8943	0.48149	44508.5	6358.35
8944	0.29966	27700.1	5540.02
8945	0.37692	34842.2	8710.56
8946	0.35432	32752.8	8188.21
8947	0.34679	32056.5	6411.31
8948	0.58193	53792.7	6724.09
8949	0.23088	21342.3	5335.58
8950	0.44954	41554.8	8310.96
8951	0.42222	39030	7806.01
8952	0.39515	36527.1	9131.77
8953	0.30904	28567.3	5713.46
8954	0.24830	22952.8	4590.57
8955	0.31982	29563.7	9854.57
8956	0.27746	25648.5	5129.71
8957	0.55496	51299.7	7328.53
8958	0.42949	39701.4	7940.28
8959	0.32901	30413.3	7603.33
8960	0.25179	23274.9	5818.73
8961	0.16946	15664.7	5221.57
8962	0.46838	43296.4	8659.28
8963	0.36380	33629.5	6725.9
8964	0.37045	34244	5707.33
8965	0.21994	20331.3	6777.09
8966	0.40922	37827.5	7565.49
8967	0.33900	31336.5	6267.3
8968	0.27262	25200.6	6300.15
8969	0.26507	24503.1	8167.69
8970	0.37331	34508.3	6901.67
8971	0.49756	45993.5	15331.2
8972	0.32611	30145.6	7536.41
8973	0.26843	24813	6203.25
8974	0.88577	81879.2	81879.2
8975	0.25761	23812.9	7937.63
8976	0.31166	28809.6	5761.92
8977	0.20057	18540.3	6180.11
8978	0.23025	21284	4256.81
8979	0.37534	34695.6	5782.6
8980	0.13090	12099.9	6049.95
8981	0.14947	13816.7	4605.56
8982	0.46729	43195.5	5399.44
8983	0.41696	38543.5	7708.69
8984	0.57942	53560.7	7651.53
8985	0.36042	33316.5	6663.3
8986	0.46103	42616.8	14205.6
8987	0.21711	20069	5017.26
8988	0.22101	20429.8	5107.46
8989	0.19622	18138	6046
8990	0.28097	25972.1	6493.04
8991	0.25230	23322.5	4664.5
8992	0.46058	42575.6	10643.9
8993	0.29111	26909.9	6727.47
8994	0.32099	29671.7	4945.28
8995	0.55407	51217.4	10243.5
8996	0.60251	55695.3	9282.55
8997	0.27125	25073.6	6268.4
8998	0.21268	19659.8	6553.28
8999	0.28476	26323	6580.75
9000	0.35629	32934.7	8233.68
