#IID	F_ROH	ROH_length_kB	KBAVG
6131	0.26226	24242.7	8080.92
6132	0.44879	41484.2	13828.1
6133	0.46646	43117.5	6159.64
6134	0.78199	72284.3	10326.3
6135	0.36184	33446.9	11149
6136	0.50370	46559.7	9311.95
6137	0.34079	31501.5	6300.29
6138	0.59627	55116.4	11023.3
6139	0.60440	55868	11173.6
6140	0.37952	35081.4	5846.89
6141	0.45769	42307.2	10576.8
6142	0.44089	40754	10188.5
6143	0.56654	52368.8	13092.2
6144	0.41306	38181.9	9545.47
6145	0.32624	30156.7	10052.2
6146	0.44984	41581.6	13860.5
6147	0.53727	49662.8	9932.57
6148	0.55503	51305	8550.83
6149	0.46835	43292.6	7215.43
6150	0.33970	31400.5	7850.11
6151	0.84189	77820.8	19455.2
6152	0.49454	45713	7618.84
6153	0.33683	31135.5	7783.88
6154	0.59989	55451.8	7921.69
6155	0.51757	47842.2	6834.6
6156	0.50785	46943.6	9388.72
6157	0.72838	67328.6	13465.7
6158	0.54122	50028.2	7146.89
6159	0.56198	51947.2	10389.4
6160	0.42516	39299.8	9824.96
6161	0.51312	47430.6	9486.12
6162	0.53367	49330.4	7047.2
6163	0.37824	34963.4	6992.68
6164	0.33833	31273.9	10424.6
6165	0.38275	35379.4	8844.86
6166	0.48188	44543.2	7423.87
6167	0.55604	51397.9	10279.6
6168	0.69041	63818.7	10636.5
6169	0.44688	41307.9	10327
6170	0.39706	36702.6	6117.1
6171	0.53927	49848.2	9969.65
6172	0.51476	47582.3	9516.45
6173	0.52333	48374.1	12093.5
6174	0.67901	62764.8	12553
6175	0.42525	39308	6551.34
6176	0.60051	55508.3	7929.76
6177	0.84023	77667.3	15533.5
6178	0.48057	44422	7403.67
6179	0.82522	76279.6	38139.8
6180	0.36110	33378.6	8344.65
6181	0.66405	61382.5	8768.93
6182	0.34547	31933.6	7983.4
6183	0.34174	31589.5	10529.8
6184	0.48363	44704.8	8940.96
6185	0.42120	38934	12978
6186	0.38450	35541.6	7108.32
6187	0.45312	41884.5	10471.1
6188	0.60851	56247.8	11249.6
6189	0.42805	39567.1	6594.52
6190	0.47030	43473	5434.13
6191	0.37574	34732.2	8683.04
6192	0.32297	29854.1	7463.53
6193	0.50415	46601.1	15533.7
6194	0.41036	37932	9483.01
6195	0.60842	56240	14060
6196	0.39019	36067.7	9016.93
6197	0.45806	42340.8	7056.81
6198	0.37720	34867.2	6973.43
6199	0.44192	40849.7	8169.94
6200	0.35970	33249.5	8312.37
