#IID	F_ROH	ROH_length_kB	KBAVG
3331	0.39140	36179.9	6029.98
3332	0.31686	29289.7	9763.23
3333	0.33299	30780.5	5130.09
3334	0.28886	26701.4	6675.36
3335	0.29086	26886.2	6721.54
3336	0.29044	26847.3	5369.45
3337	0.23968	22155.4	7385.15
3338	0.22061	20392.8	10196.4
3339	0.17777	16432.7	4108.18
3340	0.43040	39784.6	9946.15
3341	0.39935	36914.1	7382.82
3342	0.16726	15461.3	7730.63
3343	0.28059	25936.8	6484.19
3344	0.24352	22509.7	5627.43
3345	0.89691	82907.5	27635.8
3346	0.19476	18003.4	4500.84
3347	0.37403	34573.7	6914.75
3348	0.34271	31679.1	5279.86
3349	0.31554	29167	4861.16
3350	0.27141	25088.5	8362.84
3351	0.49189	45468.2	6495.46
3352	0.31791	29386.4	7346.61
3353	0.14691	13580.1	6790.05
3354	0.39688	36685.8	6114.3
3355	0.40724	37643.6	7528.72
3356	0.15147	14001	7000.5
3357	0.18338	16950.7	4237.67
3358	0.24025	22208	4441.6
3359	0.20596	19038.2	4759.56
3360	0.37114	34306.6	6861.32
3361	0.35136	32478.3	4639.76
3362	0.38070	35190.4	8797.59
3363	0.39664	36664	7332.8
3364	0.39985	36961	12320.3
3365	0.40522	37457.4	9364.34
3366	0.17121	15826.1	7913.03
3367	0.10196	9425.08	4712.54
3368	0.43085	39826.2	6637.71
3369	0.31692	29294.8	9764.93
3370	0.37074	34269.6	6853.92
3371	0.19557	18077.4	4519.35
3372	0.51180	47308.6	5256.51
3373	0.38671	35746.3	7149.25
3374	0.32547	30085.5	6017.1
3375	0.32753	30275.5	7568.86
3376	0.19719	18227.2	6075.72
3377	0.42562	39342.6	6557.1
3378	0.23539	21759.1	4351.82
3379	0.38799	35864.2	5977.37
3380	0.44239	40893.1	10223.3
3381	0.17257	15951.4	3987.84
3382	0.37697	34845.8	8711.46
3383	0.32235	29796.6	5959.32
3384	0.29013	26818.2	5363.64
3385	0.21640	20003.3	5000.83
3386	0.24422	22574.6	5643.64
3387	0.13267	12263.8	4087.93
3388	0.12651	11694	3898.02
3389	0.44662	41283.7	5897.68
3390	0.25752	23804.2	5951.06
3391	0.29426	27200.6	6800.14
3392	0.23690	21898.3	7299.44
3393	0.20518	18965.7	3793.14
3394	0.40900	37806.8	7561.37
3395	0.23588	21803.6	5450.89
3396	0.65848	60867.8	15216.9
3397	0.04611	4262.66	4262.66
3398	0.20516	18964	4741.01
3399	0.24479	22627.7	4525.55
3400	0.33012	30515.3	30515.3
