#IID	F_ROH	ROH_length_kB	KBAVG
8931	0.23115	21367.4	4273.49
8932	0.06820	6304.78	6304.78
8933	0.23145	21395.4	7131.79
8934	0.13220	12220.1	6110.05
8935	0.14261	13182.4	6591.22
8936	0.46345	42841.1	8568.21
8937	0.24723	22853.6	7617.88
8938	0.18675	17263.5	5754.49
8939	0.72929	67415.1	22471.7
8940	0.15470	14300.1	4766.68
8941	0.25600	23664.9	5916.23
8942	0.40917	37823.6	9455.9
8943	0.21853	20200.7	5050.17
8944	0.11616	10737.4	3579.13
8945	0.32927	30437.4	6087.49
8946	0.39973	36950.9	6158.49
8947	0.58919	54464.5	54464.5
8948	0.28263	26126.6	6531.65
8949	0.30058	27785.5	5557.1
8950	0.26461	24460.1	6115.01
8951	0.26326	24335.4	6083.84
8952	0.35023	32375.4	5395.9
8953	0.24056	22237.4	5559.36
8954	0.30564	28253.7	5650.74
8955	0.18711	17296.4	8648.2
8956	0.31414	29039.1	4839.86
8957	0.41889	38722.2	12907.4
8958	0.35156	32498	4642.58
8959	0.40297	37250.2	7450.04
8960	0.22267	20583.1	5145.77
8961	0.29488	27258.4	6814.6
8962	0.42546	39329	9832.24
8963	0.30126	27848.4	4641.4
8964	0.43007	39755.7	5679.38
8965	0.52316	48360.3	16120.1
8966	0.16572	15319.2	7659.58
8967	0.33245	30732	6146.4
8968	0.25662	23722.1	7907.37
8969	0.14666	13556.9	4518.97
8970	0.24581	22722.5	5680.62
8971	0.15223	14072	14072
8972	0.25193	23288.3	5822.07
8973	0.23174	21421.5	5355.37
8974	0.46891	43345.9	14448.6
8975	0.38212	35323.3	5046.18
8976	0.16722	15458.1	3864.52
8977	0.18980	17544.7	4386.19
8978	0.19027	17588.7	4397.17
8979	0.23079	21334.5	5333.62
8980	0.20549	18995.3	6331.78
8981	0.04435	4099.85	4099.85
8982	0.30163	27882.7	9294.22
8983	0.19591	18109.4	4527.35
8984	0.40594	37524.6	9381.14
8985	0.32582	30119.1	6023.82
8986	0.53900	49825.2	8304.21
8987	0.42835	39596.6	5656.66
8988	0.27840	25735.5	5147.11
8989	0.15193	14044.3	7022.17
8990	0.20141	18618.3	9309.13
8991	0.57923	53543.7	17847.9
8992	0.30419	28118.8	5623.75
8993	0.23860	22056.2	7352.05
8994	0.21144	19545.6	4886.41
8995	0.16016	14805.3	14805.3
8996	0.38555	35639.7	11879.9
8997	0.16190	14966.3	7483.15
8998	0.17839	16490.6	5496.86
8999	0.18673	17261.2	8630.62
9000	0.35004	32358	6471.6
