#IID	F_ROH	ROH_length_kB	KBAVG
8931	0.34146	31569.2	7892.29
8932	0.28791	26618.5	6654.63
8933	0.48102	44471.6	7411.93
8934	0.32683	30216.6	7554.14
8935	0.57832	53467.3	13366.8
8936	0.27561	25481	8493.68
8937	0.18602	17198.2	5732.73
8938	0.31087	28740.6	9580.21
8939	0.29255	27046.7	5409.34
8940	0.23995	22184.3	4436.86
8941	0.36602	33839.9	5639.99
8942	0.18177	16805	5601.67
8943	0.35859	33152.4	6630.48
8944	0.46720	43194.4	7199.06
8945	0.37109	34308	6861.59
8946	0.28256	26123.7	5224.75
8947	0.43078	39826.6	6637.76
8948	0.46459	42953.1	7158.85
8949	0.28053	25935.5	6483.88
8950	0.48577	44910.5	7485.09
8951	0.18759	17343.2	5781.08
8952	0.16395	15157.9	5052.64
8953	0.38250	35363.7	7072.73
8954	0.25415	23496.5	5874.14
8955	0.30013	27747.8	6936.94
8956	0.36451	33700.4	8425.1
8957	0.28118	25996.2	6499.06
8958	0.18658	17250.2	5750.07
8959	0.68236	63086.4	15771.6
8960	0.46559	43045.3	6149.32
8961	0.30330	28041.1	5608.22
8962	0.45393	41967.1	8393.42
8963	0.50469	46660	9332
8964	0.28626	26465.9	6616.48
8965	0.26837	24811.6	4135.27
8966	0.22531	20830.8	4166.16
8967	0.40909	37822	9455.51
8968	0.88327	81661	40830.5
8969	0.09513	8794.85	4397.42
8970	0.26910	24879.3	4975.85
8971	0.55123	50962.5	6370.31
8972	0.46155	42671.6	7111.94
8973	0.08530	7886.33	3943.16
8974	0.28638	26476.4	4412.74
8975	0.28166	26040.3	8680.1
8976	0.16842	15570.6	15570.6
8977	0.26947	24913.7	12456.9
8978	0.29302	27090.8	4515.14
8979	0.17926	16573.4	8286.7
8980	0.48892	45202.4	6457.49
8981	0.60900	56303.5	9383.92
8982	0.19241	17789.3	4447.33
8983	0.51576	47683.7	11920.9
8984	0.20515	18967	6322.33
8985	0.37201	34393.8	5732.3
8986	0.12787	11822.2	3940.73
8987	0.58102	53717.4	8952.89
8988	0.63351	58569.9	11714
8989	0.22830	21107.4	5276.86
8990	0.44248	40908.6	13636.2
8991	0.26526	24523.7	12261.9
8992	0.31308	28945.2	5789.03
8993	0.31143	28792.9	4798.81
8994	0.16746	15482.5	5160.84
8995	0.32004	29588.9	5917.78
8996	0.23643	21858.8	5464.69
8997	0.37015	34221.5	4888.79
8998	0.34931	32294.4	6458.89
8999	0.69162	63942.3	21314.1
9000	0.26609	24601.2	6150.29
