#IID	F_ROH	ROH_length_kB	KBAVG
42531	0.25378	23458.1	4691.61
42532	0.15690	14502.5	7251.24
42533	0.11020	10186.3	5093.14
42534	0.24162	22334.3	7444.76
42535	0.29845	27586.7	5517.33
42536	0.10216	9443	4721.5
42537	0.29947	27681.3	6920.34
42538	0.19163	17713.3	5904.42
42539	0.07940	7339.46	3669.73
42540	0.09002	8321.14	4160.57
42541	0.28299	26158	6539.5
42542	0.06992	6462.84	6462.84
42543	0.23371	21603.2	7201.07
42544	0.22484	20782.7	6927.58
42545	0.09629	8900.63	4450.31
42546	0.33036	30536.4	5089.39
42547	0.06875	6354.64	6354.64
42548	0.23106	21358.3	4271.66
42549	0.28458	26305.1	5261.02
42550	0.18844	17418	5806
42551	0.36091	33360.6	6672.12
42552	0.21256	19647.6	4911.89
42553	0.13064	12075.9	4025.32
42554	0.03616	3342.46	3342.46
42555	0.00000	0	0
42556	0.38192	35302.5	5043.21
42557	0.33411	30883.2	5147.2
42558	0.11268	10415.2	5207.62
42559	0.22008	20342.8	5085.7
42560	0.27803	25699.9	12850
42561	0.22796	21071.2	5267.79
42562	0.28919	26731.3	6682.83
42563	0.15231	14078.8	4692.92
42564	0.05024	4643.5	4643.5
42565	0.19376	17910.1	5970.03
42566	0.21679	20039.2	6679.75
42567	0.17146	15848.9	7924.44
42568	0.30260	27971	5594.2
42569	0.11472	10603.9	5301.95
42570	0.58376	53959.8	10792
42571	0.19497	18022.3	9011.16
42572	0.16455	15209.9	5069.97
42573	0.00000	0	0
42574	0.16580	15325.2	5108.41
42575	0.21998	20333.8	6777.95
42576	0.33366	30841.3	7710.33
42577	0.22351	20659.9	5164.97
42578	0.22020	20354	5088.5
42579	0.38910	35965.8	8991.44
42580	0.19442	17971	5990.34
42581	0.20299	18763.4	6254.48
42582	0.27149	25094.9	6273.73
42583	0.22598	20888.2	10444.1
42584	0.08875	8203.9	4101.95
42585	0.24974	23084.5	5771.14
42586	0.38916	35971.7	17985.9
42587	0.25533	23600.9	7866.98
42588	0.85764	79275.3	19818.8
42589	0.16148	14926.1	4975.36
42590	0.16364	15125.6	5041.86
42591	0.12408	11468.8	5734.4
42592	0.03752	3468.45	3468.45
42593	0.21224	19618.2	4904.55
42594	0.13741	12701	12701
42595	0.17441	16121.9	5373.98
42596	0.11276	10422.7	3474.23
42597	0.19893	18387.7	6129.23
42598	0.26788	24761	12380.5
42599	0.03769	3483.5	3483.5
42600	0.24505	22651.3	5662.84
