#IID	F_ROH	ROH_length_kB	KBAVG
31331	0.36131	33357	6671.41
31332	0.19057	17593.5	5864.49
31333	0.17150	15833.5	3958.38
31334	0.30436	28098.9	7024.73
31335	0.22098	20401.2	5100.29
31336	0.50243	46385.4	7730.91
31337	0.16487	15221	5073.68
31338	0.20004	18468.4	4617.11
31339	0.18514	17092.9	4273.23
31340	0.52457	48429.3	9685.85
31341	0.33325	30766.6	7691.64
31342	0.29321	27069.6	5413.92
31343	0.31093	28705.4	7176.35
31344	0.24022	22177.9	5544.47
31345	0.29930	27632.5	6908.13
31346	0.40640	37520.1	6253.34
31347	0.29082	26849.2	4474.86
31348	0.23086	21313.8	7104.61
31349	0.20344	18782	4695.51
31350	0.43776	40415	8082.99
31351	0.28211	26045.4	13022.7
31352	0.20166	18617.7	9308.87
31353	0.35655	32918	6583.59
31354	0.20474	18901.9	18901.9
31355	0.30072	27762.9	6940.73
31356	0.23495	21691.1	5422.78
31357	0.29839	27547.9	4591.32
31358	0.42098	38865.7	5552.25
31359	0.16111	14873.7	4957.89
31360	0.26621	24577.4	4915.49
31361	0.79942	73804.4	24601.5
31362	0.27667	25542.8	6385.69
31363	0.33926	31321.3	10440.4
31364	0.32978	30445.7	7611.42
31365	0.32331	29848.9	5969.78
31366	0.33983	31374.2	5229.03
31367	0.20631	19046.7	4761.69
31368	0.17745	16382.8	8191.42
31369	0.18270	16867.5	4216.88
31370	0.41025	37875	6312.5
31371	0.39295	36277.7	9069.42
31372	0.39576	36537.2	7307.45
31373	0.14287	13190.1	4396.69
31374	0.66914	61776.6	10296.1
31375	0.19561	18059.6	6019.88
31376	0.12773	11792.5	5896.26
31377	0.53442	49339.1	9867.82
31378	0.30586	28237.8	7059.45
31379	0.43402	40070.2	5724.31
31380	0.32144	29675.9	5935.17
31381	0.34596	31939.6	6387.92
31382	0.08772	8098.55	4049.27
31383	0.56540	52199.5	7457.07
31384	0.10249	9462.08	4731.04
31385	0.24050	22203.4	11101.7
31386	0.31656	29225.7	7306.43
31387	0.15653	14450.8	4816.92
31388	0.32382	29896.1	4982.68
31389	0.23428	21629.5	5407.37
31390	0.26779	24723	4120.5
31391	0.19947	18415.7	4603.92
31392	0.33345	30784.6	6156.92
31393	0.36457	33657.7	8414.43
31394	0.23633	21818.9	5454.73
31395	0.24042	22196.5	7398.84
31396	0.26949	24879.9	8293.31
31397	0.36580	33771.7	16885.8
31398	0.36779	33955.1	11318.4
31399	0.53264	49174.5	16391.5
31400	0.14876	13733.5	6866.77
