#IID	F_ROH	ROH_length_kB	KBAVG
17331	0.17148	15851.2	5283.72
17332	0.49469	45729.3	7621.54
17333	0.12496	11551.4	3850.48
17334	0.24215	22384	4476.79
17335	0.39939	36919.2	6153.19
17336	0.31801	29397	5879.41
17337	0.51695	47786.4	9557.27
17338	0.20996	19408.4	6469.48
17339	0.17961	16603.2	5534.41
17340	0.36218	33479.3	11159.8
17341	0.20180	18654.2	9327.11
17342	0.32711	30238.3	7559.57
17343	0.32302	29859.6	4976.61
17344	0.38526	35613.6	7122.72
17345	0.33769	31215.5	6243.1
17346	0.36685	33911.6	5651.94
17347	0.36076	33348.1	6669.62
17348	0.23961	22149.1	4429.82
17349	0.38581	35664.1	8916.02
17350	0.38969	36023.1	7204.62
17351	0.32919	30430.1	4347.15
17352	0.26600	24588.7	6147.18
17353	0.50466	46650.2	11662.5
17354	0.46561	43041.2	7173.54
17355	0.20413	18869.8	9434.92
17356	0.39346	36371	6061.83
17357	0.26050	24080.3	8026.76
17358	0.09070	8384.19	4192.1
17359	0.40711	37632.7	7526.54
17360	0.27977	25861.8	5172.36
17361	0.39728	36724	5246.28
17362	0.54314	50207.6	8367.93
17363	0.32972	30479.5	7619.86
17364	0.38423	35518	5919.66
17365	0.26105	24131.2	4826.25
17366	0.18079	16711.8	5570.61
17367	0.33812	31256.1	7814.03
17368	0.33899	31336.5	6267.3
17369	0.12342	11408.6	5704.3
17370	0.38651	35729.2	8932.29
17371	0.20576	19020.5	6340.16
17372	0.32373	29925.2	7481.29
17373	0.19410	17942.5	4485.62
17374	0.31975	29557.2	7389.3
17375	0.26814	24786.4	6196.6
17376	0.39336	36361.8	7272.36
17377	0.35306	32636.5	8159.13
17378	0.04387	4055.36	4055.36
17379	0.32911	30423.1	5070.52
17380	0.26171	24192.6	4838.51
17381	0.54701	50565.2	7223.6
17382	0.12753	11788.5	3929.51
17383	0.28721	26549.2	6637.29
17384	0.25931	23970.1	11985
17385	0.25832	23879	5969.75
17386	0.44197	40855.5	8171.1
17387	0.12273	11345.4	5672.71
17388	0.41446	38312.8	7662.55
17389	0.23931	22121.8	5530.44
17390	0.24954	23067.5	7689.16
17391	0.21411	19792	4948.01
17392	0.30229	27943.9	5588.78
17393	0.51098	47234.9	11808.7
17394	0.39044	36092.3	7218.45
17395	0.28256	26119.8	6529.94
17396	0.44803	41415.9	5916.55
17397	0.25244	23335.7	5833.93
17398	0.31271	28906.8	5781.37
17399	0.34469	31863.2	10621.1
17400	0.28151	26022.9	6505.73
