#IID	F_ROH	ROH_length_kB	KBAVG
3331	0.42454	39249.6	19624.8
3332	0.50720	46891.4	5861.42
3333	0.09050	8366.61	4183.3
3334	0.38534	35624.9	11875
3335	0.28224	26093.6	5218.71
3336	0.50777	46944.4	9388.87
3337	0.26300	24315.1	4052.52
3338	0.77756	71887	35943.5
3339	0.26221	24241.5	24241.5
3340	0.46408	42904.5	14301.5
3341	0.26859	24831.2	12415.6
3342	0.56600	52327.2	13081.8
3343	0.37195	34387.7	8596.92
3344	0.38769	35842.8	8960.69
3345	0.64878	59980.5	19993.5
3346	0.38263	35374.7	7074.94
3347	0.63272	58495.8	11699.2
3348	0.46950	43405.6	14468.5
3349	0.64409	59547.4	11909.5
3350	0.24981	23095	4619
3351	0.40248	37209.7	12403.2
3352	0.51270	47400.2	15800.1
3353	0.22393	20702.3	5175.57
3354	0.11221	10373.7	5186.85
3355	0.25995	24033.2	8011.06
3356	0.21567	19939.2	9969.58
3357	0.39578	36590.3	5227.19
3358	0.43750	40447.6	8089.52
3359	0.59222	54751.3	9125.22
3360	0.15351	14192	4730.68
3361	0.25207	23303.9	7767.96
3362	0.44600	41233.2	8246.64
3363	0.33220	30712.7	5118.78
3364	0.48633	44962.2	11240.5
3365	0.46470	42962.5	8592.51
3366	0.18428	17037.3	8518.67
3367	0.25878	23924.9	7974.96
3368	0.40729	37654.6	6275.77
3369	0.23981	22171.2	7390.4
3370	0.45724	42273	8454.61
3371	0.64675	59793.4	8541.92
3372	0.32408	29961.4	7490.36
3373	0.21986	20326.1	6775.36
3374	0.43775	40470.8	8094.16
3375	0.35216	32558	10852.7
3376	0.41736	38586	7717.19
3377	0.39319	36350.7	7270.14
3378	0.31098	28751	14375.5
3379	0.32906	30421.7	7605.43
3380	0.23763	21969.3	4393.86
3381	0.46228	42738.7	10684.7
3382	0.47731	44127.8	14709.3
3383	0.25395	23477.9	7825.96
3384	0.19717	18228.8	6076.25
3385	0.45214	41800.8	5971.54
3386	0.45548	42110.3	10527.6
3387	0.46613	43094.3	7182.38
3388	0.82621	76384.7	25461.6
3389	0.29754	27507.6	5501.52
3390	0.81075	74955.2	24985.1
3391	0.29838	27585.6	4597.6
3392	0.44485	41127.2	6854.54
3393	0.25684	23745.6	5936.41
3394	0.35023	32379.5	8094.87
3395	0.17380	16068	8034
3396	0.16099	14883.6	7441.79
3397	0.14895	13770.4	4590.12
3398	0.15689	14504.3	4834.75
3399	0.39136	36181.6	5168.81
3400	0.55217	51049.2	10209.8
