#IID	F_ROH	ROH_length_kB	KBAVG
20131	0.54370	50229.6	10045.9
20132	0.19252	17786.2	5928.74
20133	0.14880	13747.4	4582.47
20134	0.32938	30429.9	10143.3
20135	0.37928	35039.8	11679.9
20136	0.22892	21149	5287.26
20137	0.39603	36587.1	7317.42
20138	0.39091	36114	7222.79
20139	0.43789	40454.4	13484.8
20140	0.40376	37301.2	7460.23
20141	0.29099	26883.1	5376.63
20142	0.11565	10684	5342.01
20143	0.52492	48494.6	12123.7
20144	0.18558	17144.6	5714.87
20145	0.42056	38853.5	7770.7
20146	0.17607	16266.3	4066.57
20147	0.12472	11522.6	5761.28
20148	0.05862	5415.8	5415.8
20149	0.22042	20363.4	10181.7
20150	0.47044	43461.6	14487.2
20151	0.12896	11913.7	5956.84
20152	0.52252	48273.2	9654.65
20153	0.31550	29147.2	7286.8
20154	0.35286	32599.2	8149.8
20155	0.33043	30527.1	6105.42
20156	0.19218	17754.6	4438.64
20157	0.34219	31612.9	10537.6
20158	0.15625	14435.1	4811.7
20159	0.41983	38786.1	6464.34
20160	0.78060	72115.7	18028.9
20161	0.22956	21207.9	7069.29
20162	0.32669	30181	5030.17
20163	0.20718	19140.6	19140.6
20164	0.36784	33982.8	8495.7
20165	0.38372	35450.2	7090.04
20166	0.14501	13396.6	6698.29
20167	0.05860	5413.47	5413.47
20168	0.14032	12963.9	4321.31
20169	0.11470	10596.7	5298.34
20170	0.08969	8286.37	4143.18
20171	0.19156	17696.9	4424.23
20172	0.40221	37158.2	9289.55
20173	0.32271	29813.6	5962.73
20174	0.23715	21909.5	5477.37
20175	0.23519	21728.3	5432.06
20176	0.31575	29170.7	7292.67
20177	0.34622	31986	6397.19
20178	0.13898	12839.4	4279.81
20179	0.12973	11985.1	5992.54
20180	0.34667	32027.1	10675.7
20181	0.24988	23085	5771.24
20182	0.40385	37310.1	9327.52
20183	0.17695	16347.7	5449.23
20184	0.30861	28510.7	9503.58
20185	0.33484	30934.3	10311.4
20186	0.21916	20247	5061.76
20187	0.29797	27528.5	9176.17
20188	0.28158	26014	5202.79
20189	0.25447	23509.2	5877.29
20190	0.34146	31546.3	5257.71
20191	0.29273	27044.3	6761.08
20192	0.18834	17399.7	8699.87
20193	0.37404	34555.7	8638.92
20194	0.13591	12556.4	4185.48
20195	0.47411	43800.4	7300.06
20196	0.29117	26900	8966.65
20197	0.31281	28899.2	5779.84
20198	0.28363	26203.5	6550.89
20199	0.27611	25508.5	8502.84
20200	0.50999	47115.4	11778.9
