#IID	F_ROH	ROH_length_kB	KBAVG
6131	0.18538	17139.7	5713.25
6132	0.28897	26716.8	5343.36
6133	0.30705	28387.8	5677.55
6134	0.22328	20643.6	6881.2
6135	0.46904	43364.6	7227.44
6136	0.16881	15607.3	5202.45
6137	0.78759	72816.8	24272.3
6138	0.38723	35801.3	5114.47
6139	0.36995	34203.9	6840.78
6140	0.23710	21921.1	10960.5
6141	0.25280	23372.7	11686.4
6142	0.17515	16193.6	8096.79
6143	0.44974	41580.5	6930.09
6144	0.54281	50185.7	16728.6
6145	0.46401	42900.2	14300.1
6146	0.32525	30071	6014.21
6147	0.22003	20343.2	5085.8
6148	0.24623	22764.9	7588.29
6149	0.19643	18160.6	6053.53
6150	0.39164	36209.2	9052.31
6151	0.31828	29426.8	7356.69
6152	0.28252	26120	5224
6153	0.28241	26109.9	8703.31
6154	0.37699	34854.6	5809.1
6155	0.56474	52213.2	17404.4
6156	0.61355	56725.3	14181.3
6157	0.22106	20438.1	5109.52
6158	0.31643	29255.8	4875.97
6159	0.34186	31606.8	7901.69
6160	0.48949	45255.4	11313.9
6161	0.16692	15432.3	5144.1
6162	0.50295	46500.4	9300.08
6163	0.22477	20780.9	6926.98
6164	0.45094	41691.9	10423
6165	0.20156	18635.5	6211.82
6166	0.31689	29298.3	5859.66
6167	0.18305	16923.9	5641.31
6168	0.27441	25370.7	5074.14
6169	0.05984	5532.61	5532.61
6170	0.47703	44104	14701.3
6171	0.28170	26044.1	8681.36
6172	0.42522	39313.6	7862.73
6173	0.53440	49408.1	12352
6174	0.25183	23283.3	5820.83
6175	0.43006	39760.7	9940.18
6176	0.60707	56126.3	11225.3
6177	0.39858	36850.6	5264.37
6178	0.33831	31278.8	6255.76
6179	0.69410	64172.8	21390.9
6180	0.41615	38475.1	9618.77
6181	0.36303	33563.7	6712.74
6182	0.26685	24671.6	8223.88
6183	0.22249	20570.5	5142.62
6184	0.27822	25722.6	5144.52
6185	0.25596	23664.4	5916.11
6186	0.28254	26121.8	13060.9
6187	0.42367	39169.9	6528.32
6188	0.19068	17629	8814.49
6189	0.53174	49161.9	9832.39
6190	0.35918	33207.5	5534.58
6191	0.39001	36058.6	9014.65
6192	0.26068	24101.5	6025.37
6193	0.30613	28303.4	9434.47
6194	0.45047	41648	6941.33
6195	0.21202	19602.6	4900.65
6196	0.57761	53403.1	17801
6197	0.23276	21519.7	4303.94
6198	0.42655	39436.4	7887.29
6199	0.44935	41544.6	6924.1
6200	0.33246	30737.1	6147.42
