#IID	F_ROH	ROH_length_kB	KBAVG
3331	0.25818	23834.4	5958.59
3332	0.52531	48495	8082.51
3333	1.00000	92317.4	92317.4
3334	0.43959	40581.5	6763.58
3335	0.21860	20180.7	5045.19
3336	0.12285	11341.4	5670.71
3337	0.16583	15308.9	7654.47
3338	0.17678	16320.2	5440.06
3339	0.45209	41735.9	10434
3340	0.13740	12684.6	6342.3
3341	0.27081	25000.2	8333.41
3342	0.41836	38621.7	7724.33
3343	0.26619	24573.8	6143.45
3344	0.32629	30122.6	6024.51
3345	0.28274	26101.8	8700.6
3346	0.03217	2969.92	2969.92
3347	0.27314	25215.7	6303.94
3348	0.15013	13859.5	6929.75
3349	0.37403	34529.4	5754.89
3350	0.21672	20006.8	6668.94
3351	0.22866	21109.7	5277.42
3352	0.31972	29515.9	9838.64
3353	0.36390	33594.6	8398.64
3354	0.46286	42730	21365
3355	0.13748	12692	6345.98
3356	0.20420	18851	6283.67
3357	0.47055	43439.7	8687.94
3358	0.25191	23255.9	7751.98
3359	0.20952	19342.8	6447.61
3360	0.51025	47104.8	11776.2
3361	0.28338	26160.5	8720.17
3362	0.29129	26890.7	8963.55
3363	0.11401	10525.2	10525.2
3364	0.23681	21861.5	7287.15
3365	0.64223	59288.8	11857.8
3366	0.28765	26555.1	8851.7
3367	0.19893	18365.1	6121.69
3368	0.26148	24139.5	6034.88
3369	0.25785	23803.6	5950.9
3370	0.21707	20039.2	5009.8
3371	0.30915	28539.6	9513.19
3372	0.24072	22222.5	5555.64
3373	0.38002	35082.2	8770.55
3374	0.41552	38359.9	7671.97
3375	0.23986	22143.7	5535.94
3376	0.12277	11334.2	5667.12
3377	0.72891	67291.1	13458.2
3378	0.34126	31503.9	7875.97
3379	0.16803	15511.8	7755.91
3380	0.10437	9635.02	4817.51
3381	0.39460	36428.8	9107.2
3382	0.29038	26807.5	8935.85
3383	0.39133	36126.4	9031.61
3384	0.46097	42555.2	8511.04
3385	0.14625	13501	6750.5
3386	0.31000	28618.3	7154.57
3387	0.25338	23391.3	5847.83
3388	0.14149	13061.8	6530.92
3389	0.27120	25036.3	6259.08
3390	0.29121	26884	5376.8
3391	0.28532	26340.2	6585.06
3392	0.30095	27782.6	5556.52
3393	0.42981	39679.2	7935.84
3394	0.20531	18953.9	6317.96
3395	0.28420	26236.8	6559.2
3396	0.24122	22268.8	7422.94
3397	0.53195	49108.5	8184.74
3398	0.13361	12334.7	12334.7
3399	0.23912	22074.8	5518.69
3400	0.07290	6730.22	6730.22
