#IID	F_ROH	ROH_length_kB	KBAVG
22931	0.18010	16644.6	4161.15
22932	0.51148	47270.5	7878.42
22933	0.26559	24545.9	4909.17
22934	0.31859	29443.8	4907.31
22935	0.35850	33132.4	8283.11
22936	0.20877	19294.8	4823.71
22937	0.03505	3238.89	3238.89
22938	0.19086	17638.9	5879.64
22939	0.28973	26776.8	5355.36
22940	0.30789	28455.3	9485.12
22941	0.35969	33242.1	5540.35
22942	0.35254	32581.4	6516.28
22943	0.45183	41757.6	5965.37
22944	0.29833	27571.4	6892.86
22945	0.31120	28761.4	7190.35
22946	0.28115	25983.8	5196.77
22947	0.17557	16226.2	4056.54
22948	0.26696	24672.2	8224.08
22949	0.60577	55984.9	11197
22950	0.28380	26229	6557.26
22951	0.30713	28385.3	5677.06
22952	0.18313	16925	5641.65
22953	0.68881	63659.2	10609.9
22954	0.17641	16303.8	8151.9
22955	0.26066	24090.5	8030.17
22956	0.60748	56143	8020.42
22957	0.25519	23584.8	5896.21
22958	0.26136	24154.5	8051.5
22959	0.39439	36449.8	6074.97
22960	0.31049	28695.7	5739.14
22961	0.26108	24128.9	8042.97
22962	0.35849	33131.5	8282.87
22963	0.11611	10731.3	5365.63
22964	0.10696	9885.32	4942.66
22965	0.45977	42492	8498.4
22966	0.36624	33847.9	6769.57
22967	0.25252	23337.4	7779.12
22968	0.25432	23504.3	5876.07
22969	0.30123	27839.8	5567.96
22970	0.26731	24704.7	6176.18
22971	0.43093	39826.3	7965.27
22972	0.46788	43241.7	7206.95
22973	0.19797	18296.3	6098.75
22974	0.13973	12913.9	6456.96
22975	0.44189	40839.1	8167.82
22976	0.21748	20099.7	20099.7
22977	0.41766	38599.8	6433.3
22978	0.37437	34599.2	5766.54
22979	0.36800	34010.3	4858.62
22980	0.27611	25518.2	5103.64
22981	0.19066	17620.7	8810.37
22982	0.39438	36448.2	6074.7
22983	0.60893	56277.3	8039.61
22984	0.40794	37702	4712.75
22985	0.49989	46199.6	7699.93
22986	0.13665	12629.4	4209.79
22987	0.39586	36585.4	9146.35
22988	0.21333	19716.1	6572.02
22989	0.39980	36949	9237.26
22990	0.16712	15445	7722.49
22991	0.39460	36468.9	7293.79
22992	0.24662	22792.1	7597.37
22993	0.42685	39449.1	5635.59
22994	0.23853	22044.9	11022.5
22995	0.28359	26208.9	4368.15
22996	0.29185	26973.1	6743.28
22997	0.31808	29396.6	7349.14
22998	0.20485	18932.6	4733.14
22999	0.26868	24830.9	6207.71
23000	0.12743	11777.5	5888.74
