#IID	F_ROH	ROH_length_kB	KBAVG
6131	0.36636	33863.5	16931.7
6132	0.62286	57573.3	9595.56
6133	0.39091	36132.9	12044.3
6134	0.53593	49537.8	9907.56
6135	0.56017	51778.1	10355.6
6136	0.55603	51395.4	8565.9
6137	0.41557	38412.2	7682.44
6138	0.67343	62247.7	15561.9
6139	0.57580	53222.7	10644.5
6140	0.61032	56413.8	18804.6
6141	0.49473	45729.3	9145.87
6142	0.79766	73730.6	10532.9
6143	0.61964	57275.4	14318.8
6144	0.30414	28112.4	7028.11
6145	0.43112	39849.8	7969.97
6146	0.48196	44549	11137.2
6147	0.31473	29091.6	9697.19
6148	0.56059	51817.3	12954.3
6149	0.50261	46458.4	11614.6
6150	0.53501	49453	8242.17
6151	0.45914	42440.2	8488.04
6152	0.47945	44317.6	14772.5
6153	0.51948	48017.4	8002.91
6154	0.33465	30932.4	7733.11
6155	0.40480	37417.5	18708.8
6156	0.17202	15900.5	7950.24
6157	0.36911	34117.9	5686.32
6158	0.49927	46149.5	11537.4
6159	0.44038	40706.1	10176.5
6160	0.42732	39498.6	9874.66
6161	0.52205	48255.1	6893.59
6162	0.38027	35149.9	11716.6
6163	0.47761	44146.7	8829.33
6164	0.52643	48659.3	9731.86
6165	0.53585	49530.2	9906.04
6166	0.60592	56006.8	6222.98
6167	1.00000	92433.4	92433.4
6168	0.47838	44217.9	8843.58
6169	0.57323	52985.4	10597.1
6170	0.39216	36248.8	7249.77
6171	0.51118	47250.1	23625
6172	0.38452	35542.5	8885.63
6173	0.42210	39015.7	6502.62
6174	0.38267	35371.8	11790.6
6175	0.38002	35126.5	11708.8
6176	0.33615	31071.3	10357.1
6177	0.53187	49163	8193.83
6178	0.32156	29723.2	9907.73
6179	0.35520	32832.4	8208.11
6180	0.48783	45091.6	9018.32
6181	0.51282	47402	7900.33
6182	0.46803	43261.7	8652.34
6183	0.50367	46556.2	15518.7
6184	0.30169	27886.1	6971.52
6185	0.51155	47284.5	9456.91
6186	0.39384	36404	9100.99
6187	0.40650	37573.9	18787
6188	0.33537	30999.8	10333.3
6189	0.40245	37199.5	12399.8
6190	0.41656	38504.4	9626.1
6191	0.63554	58745.4	11749.1
6192	0.46983	43428	14476
6193	0.49584	45832.4	15277.5
6194	0.42122	38935	12978.3
6195	0.53646	49586.8	12396.7
6196	0.46864	43318.1	8663.62
6197	0.63918	59081.4	19693.8
6198	0.38379	35474.9	11825
6199	0.41862	38694.1	9673.53
6200	0.33595	31052.8	10350.9
