#IID	F_ROH	ROH_length_kB	KBAVG
22931	0.12280	11351.2	3783.72
22932	0.38559	35641.7	17820.8
22933	0.35181	32519.2	5419.87
22934	0.31308	28940	4823.34
22935	0.12867	11893.9	3964.62
22936	0.13202	12203.4	4067.82
22937	0.27227	25167.1	5033.43
22938	0.12634	11678.7	5839.36
22939	0.34463	31855.5	5309.26
22940	0.52107	48165.3	9633.06
22941	0.33378	30853	6170.61
22942	0.08819	8152.02	4076.01
22943	0.39565	36572.1	5224.58
22944	0.19166	17716.1	5905.38
22945	0.17912	16557.1	4139.28
22946	0.21661	20022	5005.49
22947	0.12526	11578.5	5789.27
22948	0.25945	23981.9	4796.38
22949	0.18306	16920.9	8460.44
22950	0.33048	30547.6	7636.9
22951	0.28722	26548.8	4424.8
22952	0.29990	27721.6	4620.27
22953	0.24455	22605	5651.26
22954	0.14606	13500.6	4500.2
22955	0.37835	34973.1	6994.62
22956	0.19820	18320.3	6106.75
22957	0.20153	18628.6	6209.53
22958	0.22706	20988.4	6996.15
22959	0.29652	27408.7	6852.16
22960	0.22942	21206.1	4241.23
22961	0.40507	37442.2	6240.36
22962	0.27142	25089.1	6272.28
22963	0.13442	12425.2	6212.62
22964	0.16407	15166.1	5055.35
22965	0.40773	37688.4	7537.69
22966	0.29181	26973.6	4495.59
22967	0.23932	22121.2	7373.74
22968	0.38468	35557.9	7111.58
22969	0.09348	8641.14	4320.57
22970	0.17550	16222	4055.49
22971	0.27200	25142.7	8380.92
22972	0.14018	12957.3	12957.3
22973	0.37303	34480.6	8620.16
22974	0.41633	38483.4	9620.84
22975	0.29821	27565.1	4594.18
22976	0.18199	16821.9	4205.48
22977	0.33913	31347.9	6269.58
22978	0.11308	10452.4	3484.12
22979	0.48307	44652.9	8930.58
22980	0.13515	12492.5	6246.24
22981	0.13102	12110.9	4036.97
22982	0.43253	39981.1	7996.22
22983	0.18255	16873.6	5624.53
22984	0.23187	21433.3	5358.33
22985	0.03720	3438.93	3438.93
22986	0.34931	32288.2	6457.64
22987	0.15420	14253.9	4751.32
22988	0.24770	22896.2	5724.04
22989	0.04275	3951.97	3951.97
22990	0.17469	16147.1	4036.78
22991	0.27710	25613.9	6403.49
22992	0.11434	10569	5284.49
22993	0.34423	31819.1	6363.83
22994	0.05239	4842.8	4842.8
22995	0.42075	38892.1	7778.42
22996	0.13394	12381.2	4127.08
22997	0.11747	10858	5429
22998	0.11978	11071.9	5535.94
22999	0.19329	17866.9	8933.47
23000	0.15689	14501.8	4833.92
