#IID	F_ROH	ROH_length_kB	KBAVG
11731	0.24050	22240.2	7413.39
11732	0.25804	23861.9	7953.95
11733	0.38078	35213	8803.26
11734	0.32716	30254.5	7563.62
11735	0.28636	26481.5	6620.36
11736	0.33989	31431.2	5238.53
11737	0.34314	31732.1	7933.03
11738	0.32952	30472.6	6094.51
11739	0.31196	28848.5	5769.69
11740	0.32330	29897.4	5979.49
11741	0.44030	40716.2	8143.25
11742	0.18712	17303.9	5767.97
11743	0.29688	27453.7	6863.42
11744	0.21568	19944.9	6648.3
11745	0.22774	21060.4	5265.1
11746	0.27720	25633.8	4272.31
11747	0.39520	36546.1	6091.02
11748	0.19572	18099.1	6033.02
11749	0.36999	34215	17107.5
11750	0.17194	15900.1	5300.03
11751	0.17914	16566.2	4141.54
11752	0.68341	63198.2	21066.1
11753	0.23068	21331.7	7110.57
11754	0.10298	9523.34	9523.34
11755	0.25889	23941	7980.34
11756	0.14675	13570.9	4523.63
11757	0.36400	33660.5	5610.08
11758	0.29330	27123.2	9041.08
11759	0.58542	54136.9	13534.2
11760	0.11885	10990.6	5495.29
11761	0.09790	9053.02	4526.51
11762	0.38701	35788.3	8947.08
11763	0.16795	15531	5177
11764	0.19805	18314.9	6104.95
11765	0.14713	13605.7	4535.24
11766	0.05607	5184.9	5184.9
11767	0.20146	18630.4	6210.14
11768	0.20786	19221.8	4805.45
11769	0.17195	15900.9	5300.29
11770	0.45455	42034.8	10508.7
11771	0.14042	12985.3	6492.63
11772	0.35455	32787	6557.4
11773	0.39990	36980.3	12326.8
11774	0.22622	20920	5229.99
11775	0.26631	24626.6	6156.65
11776	0.38628	35721.6	11907.2
11777	0.36447	33704.7	6740.95
11778	0.24234	22410.3	7470.1
11779	0.26779	24764.2	6191.05
11780	0.37700	34863.1	5810.52
11781	0.12975	11998.4	3999.45
11782	0.30414	28125.4	5625.09
11783	0.18308	16929.9	4232.47
11784	0.52421	48476.1	16158.7
11785	0.09086	8402.62	4201.31
11786	0.29011	26827.6	5365.52
11787	0.31960	29554.8	7388.71
11788	0.24351	22518.6	7506.2
11789	0.44941	41558.8	8311.76
11790	0.10491	9701.21	4850.6
11791	0.43278	40021.2	6670.19
11792	0.36991	34207.1	8551.79
11793	0.07127	6590.66	6590.66
11794	0.28929	26751.9	5350.38
11795	0.20983	19403.6	6467.88
11796	0.12230	11310	11310
11797	0.35281	32626	8156.51
11798	0.34748	32133.4	5355.57
11799	0.40316	37282.2	5326.03
11800	0.25089	23200.6	7733.53
