#IID	F_ROH	ROH_length_kB	KBAVG
11731	0.41508	38341.8	9585.44
11732	0.15942	14725.6	3681.39
11733	0.46106	42588.8	8517.76
11734	0.54970	50776.7	10155.3
11735	0.32147	29694.5	7423.62
11736	0.27421	25329.1	6332.29
11737	0.45218	41768.5	10442.1
11738	0.26522	24498.3	4899.66
11739	0.25600	23647	4729.39
11740	0.81732	75496.4	37748.2
11741	0.37022	34197.9	6839.57
11742	0.42066	38857	9714.26
11743	0.13244	12234	4077.99
11744	0.35922	33181.7	5530.28
11745	0.26556	24530.4	6132.61
11746	0.28539	26362.2	5272.44
11747	0.24640	22759.9	5689.96
11748	0.37635	34764.3	11588.1
11749	0.44793	41375.7	6895.95
11750	0.29304	27068.3	5413.66
11751	0.29887	27606.8	6901.71
11752	0.24242	22392.6	5598.16
11753	0.28144	25996.7	5199.35
11754	0.34941	32275.8	6455.17
11755	0.33414	30864.6	7716.15
11756	0.27995	25859.5	6464.87
11757	0.25707	23745.5	5936.38
11758	0.40244	37174.2	9293.54
11759	0.34192	31583.4	6316.68
11760	0.22837	21095	7031.68
11761	0.39559	36541.4	6090.24
11762	0.33499	30943.1	5157.18
11763	0.41796	38607.2	7721.45
11764	0.12677	11710	5855.01
11765	0.30320	28007.2	5601.43
11766	0.45703	42216.4	7036.06
11767	0.53960	49843.3	12460.8
11768	0.35678	32956.5	6591.3
11769	0.22833	21090.8	5272.7
11770	0.25725	23762.4	7920.81
11771	0.29238	27007.6	5401.52
11772	0.47460	43839.5	14613.2
11773	0.31964	29525.7	4920.95
11774	0.09648	8911.53	4455.76
11775	0.31880	29447.5	5889.49
11776	0.60623	55998.1	13999.5
11777	0.22815	21074.6	4214.92
11778	0.49803	46003.7	9200.73
11779	0.26786	24742.4	6185.59
11780	0.39943	36896.1	5270.87
11781	0.33896	31310.2	6262.04
11782	0.39995	36943.5	6157.24
11783	0.35133	32452.6	6490.52
11784	0.41959	38757.9	7751.59
11785	0.33367	30821.4	5136.9
11786	0.27573	25469.3	6367.32
11787	0.48265	44582.5	6368.92
11788	0.20930	19333.6	6444.54
11789	0.54276	50135.1	8355.85
11790	0.40928	37806	6301.01
11791	0.24770	22880.4	7626.81
11792	0.43866	40519.5	5788.5
11793	0.38997	36022	7204.39
11794	0.11666	10775.8	5387.92
11795	0.37862	34973.2	5828.86
11796	0.29011	26798	4466.33
11797	0.35036	32363.5	8090.89
11798	0.20189	18648.8	4662.19
11799	0.44578	41177	5882.43
11800	0.55196	50984.8	8497.47
