#IID	F_ROH	ROH_length_kB	KBAVG
3331	0.27146	25089.7	4181.61
3332	0.16749	15480.7	5160.22
3333	0.22817	21089.3	7029.78
3334	0.46278	42773.4	8554.68
3335	0.19643	18155.2	6051.72
3336	0.31124	28767.2	5753.44
3337	0.32984	30486.2	6097.23
3338	0.25012	23117.7	11558.9
3339	0.26407	24407.1	4881.41
3340	0.61860	57174.6	14293.7
3341	0.34107	31523.8	6304.76
3342	0.24672	22803.8	5700.95
3343	0.27985	25865.6	5173.12
3344	0.24915	23027.7	5756.92
3345	0.43458	40166.8	6694.46
3346	0.46736	43196.7	5399.59
3347	0.50390	46573.5	15524.5
3348	0.26513	24504.9	6126.23
3349	0.19955	18444.1	9222.03
3350	0.13048	12059.5	3014.86
3351	0.38825	35884.7	5980.79
3352	0.35318	32643	8160.76
3353	0.26930	24890.5	6222.63
3354	0.41725	38565.3	5509.33
3355	0.42244	39044.6	6507.43
3356	0.27751	25649.2	8549.74
3357	0.25910	23947.7	5986.93
3358	0.45211	41786.9	8357.39
3359	0.38519	35601.7	8900.43
3360	0.33209	30694.3	6138.85
3361	0.29379	27154	4525.66
3362	0.41557	38409.8	7681.96
3363	0.18274	16890	5629.99
3364	0.29691	27442.1	5488.42
3365	0.12623	11666.6	3888.87
3366	0.19313	17850.3	5950.11
3367	0.44216	40867.5	13622.5
3368	0.29330	27108.5	6777.14
3369	0.18413	17018.4	4254.6
3370	0.14311	13227.1	6613.56
3371	0.11125	10282	5141.02
3372	0.21888	20230.7	6743.56
3373	0.35627	32928.8	4704.11
3374	0.21646	20006.9	6668.98
3375	0.20968	19380	6459.99
3376	0.24067	22243.9	5560.98
3377	0.11803	10908.9	5454.47
3378	0.35125	32464.5	8116.12
3379	0.41833	38665.1	7733.02
3380	0.49298	45564.1	9112.82
3381	0.32372	29920.5	7480.12
3382	0.15323	14162.4	7081.2
3383	0.18267	16883.9	5627.96
3384	0.21976	20311.5	4062.29
3385	0.05661	5232.53	5232.53
3386	0.45942	42462.3	6066.05
3387	0.43478	40185.1	8037.03
3388	0.19859	18355.1	9177.57
3389	0.35450	32764.8	8191.21
3390	0.41958	38780.7	7756.14
3391	0.31787	29379.4	5875.89
3392	0.12578	11625.3	3875.12
3393	0.22002	20335.4	6778.46
3394	0.19060	17616.2	5872.08
3395	0.42729	39492.7	5641.82
3396	0.07080	6543.95	6543.95
3397	0.35236	32567.4	8141.85
3398	0.24038	22217.7	5554.43
3399	0.38612	35687.7	5947.94
3400	0.32012	29587.2	9862.39
