#IID	F_ROH	ROH_length_kB	KBAVG
6131	0.33208	30678.6	6135.72
6132	0.14641	13525.8	4508.6
6133	0.38702	35754.4	5959.06
6134	0.70271	64918.9	9274.13
6135	0.44178	40812.7	8162.54
6136	0.28233	26082.7	8694.24
6137	0.63586	58742.8	11748.6
6138	0.48258	44582.1	11145.5
6139	0.26346	24339	6084.76
6140	0.48803	45085.9	11271.5
6141	0.41417	38262.4	9565.59
6142	0.51758	47815.8	23907.9
6143	0.72851	67302.3	13460.5
6144	0.52905	48875.3	8145.88
6145	0.33982	31393.2	6278.64
6146	0.43341	40039.7	5719.96
6147	0.51651	47716.3	15905.4
6148	0.61260	56593.9	11318.8
6149	0.48225	44551.9	7425.32
6150	0.31668	29255.8	7313.94
6151	0.19692	18192.2	6064.07
6152	0.23485	21696.4	5424.09
6153	0.47948	44296.2	6328.03
6154	0.36972	34155.6	11385.2
6155	0.16469	15215	7607.48
6156	0.19464	17981	4495.25
6157	0.30624	28291.1	5658.21
6158	0.26499	24480.6	8160.19
6159	0.30258	27953.4	6988.35
6160	0.17035	15737.6	3934.4
6161	0.34379	31760.7	6352.13
6162	0.23881	22061.6	7353.88
6163	0.72633	67100.5	22366.8
6164	0.37284	34444.4	4920.62
6165	0.18007	16635.1	5545.04
6166	0.33288	30752.1	6150.41
6167	0.46500	42958.5	8591.7
6168	0.31297	28913.5	7228.38
6169	0.49612	45832.7	15277.6
6170	0.44392	41010.5	6835.08
6171	0.42615	39369.1	9842.28
6172	0.50085	46269.6	9253.91
6173	0.57370	53000.4	8833.4
6174	0.16008	14788.8	7394.39
6175	0.63550	58709.5	14677.4
6176	0.42022	38821.5	9705.37
6177	0.24490	22624.6	7541.55
6178	0.28766	26575.2	8858.39
6179	0.33036	30519.9	7629.99
6180	0.35422	32723.5	6544.7
6181	0.30772	28427.9	4737.98
6182	0.07576	6999.22	6999.22
6183	0.41047	37920.8	6320.13
6184	0.30221	27919.2	9306.41
6185	0.39882	36844.2	7368.83
6186	0.45047	41615.6	8323.12
6187	0.73217	67639.6	16909.9
6188	0.84588	78145.3	39072.7
6189	0.43298	40000.4	6666.74
6190	0.31113	28743.4	14371.7
6191	0.50304	46472.2	9294.44
6192	0.31696	29281.5	9760.52
6193	0.34523	31893.3	10631.1
6194	0.35792	33065.5	6613.1
6195	0.49160	45415.3	9083.06
6196	0.31260	28878.8	9626.28
6197	0.52603	48596.2	9719.24
6198	0.13997	12930.7	6465.35
6199	0.26559	24535.8	8178.61
6200	0.29671	27410.9	5482.18
