#IID	F_ROH	ROH_length_kB	KBAVG
11731	0.14017	12955.6	4318.53
11732	0.27834	25726.8	8575.61
11733	0.53497	49447.6	7063.94
11734	0.39215	36246.3	9061.57
11735	0.32231	29791	5958.21
11736	0.21154	19552.8	6517.59
11737	0.84038	77677.1	25892.4
11738	0.31864	29452.5	7363.11
11739	0.19886	18380.8	4595.19
11740	0.05063	4679.52	4679.52
11741	0.55832	51605.8	8600.97
11742	0.35446	32763.4	6552.68
11743	0.20235	18703.2	4675.81
11744	0.27768	25665.9	5133.17
11745	0.15228	14075.8	4691.92
11746	0.37709	34854.7	6970.94
11747	0.31945	29526.8	5905.37
11748	0.28718	26544	6636
11749	0.10973	10142.5	5071.26
11750	0.20919	19335.4	4833.85
11751	0.41872	38703	5528.99
11752	0.42300	39098	9774.51
11753	0.42485	39269.2	19634.6
11754	0.58337	53921	7703
11755	0.32026	29602	3700.26
11756	0.30869	28532.9	5706.58
11757	0.18012	16648.9	5549.64
11758	0.52067	48125.5	6875.07
11759	0.19367	17900.7	5966.9
11760	0.24155	22326.8	5581.7
11761	0.42751	39515	7902.99
11762	0.32955	30460.5	7615.12
11763	0.24972	23082	4616.4
11764	0.58385	53965.3	8994.22
11765	0.38861	35919.1	8979.78
11766	0.35581	32887.6	8221.89
11767	0.12433	11491.7	3830.55
11768	0.39783	36771.4	6128.57
11769	0.30463	28157.1	5631.42
11770	0.52194	48243.4	6891.91
11771	0.31541	29153.4	5830.69
11772	0.22629	20916.1	4183.22
11773	0.13796	12751.9	4250.63
11774	0.22167	20488.9	4097.79
11775	0.37492	34654	5775.66
11776	0.33137	30628.5	7657.12
11777	0.33666	31117.9	6223.58
11778	0.22909	21174.7	7058.25
11779	0.18761	17341.3	5780.43
11780	0.10063	9301.58	3100.53
11781	0.36292	33544.7	4792.1
11782	0.29348	27127	6781.74
11783	0.19840	18338.4	6112.81
11784	0.32132	29699.8	4949.96
11785	0.21060	19465.8	4866.45
11786	0.25417	23493.3	5873.33
11787	0.22084	20412.7	5103.18
11788	0.22631	20918.1	5229.51
11789	0.23788	21987.4	7329.13
11790	0.18950	17516	5838.66
11791	0.31717	29316	7329.01
11792	0.19695	18204.3	6068.09
11793	0.13559	12532.3	4177.45
11794	0.39260	36288.6	6048.1
11795	0.50445	46627.1	9325.42
11796	0.32958	30463.4	5077.23
11797	0.20946	19360.5	4840.13
11798	0.39910	36889.3	6148.22
11799	0.27882	25771.7	6442.94
11800	0.19403	17934.5	5978.15
