#IID	F_ROH	ROH_length_kB	KBAVG
34131	0.45201	41770.6	5967.24
34132	0.50732	46881.5	9376.31
34133	0.14359	13269	4422.99
34134	0.14560	13455.3	6727.63
34135	0.25526	23589.1	4717.83
34136	0.10071	9306.74	4653.37
34137	0.30497	28182.6	5636.52
34138	0.45776	42302.1	8460.43
34139	0.08015	7406.88	7406.88
34140	0.21279	19664.5	4916.14
34141	0.16533	15278.6	5092.88
34142	0.15467	14293	4764.33
34143	0.14911	13779.8	13779.8
34144	0.29726	27470.2	6867.55
34145	0.12381	11441.6	5720.82
34146	0.32271	29822.3	7455.57
34147	0.00000	0	0
34148	0.16344	15103.3	3775.82
34149	0.44562	41180.5	8236.1
34150	0.21778	20125.3	6708.43
34151	0.29150	26938	6734.5
34152	0.26048	24071.1	6017.77
34153	0.45669	42203.3	8440.65
34154	0.30726	28394	9464.66
34155	0.17274	15963.1	3990.78
34156	0.53021	48997.3	9799.47
34157	0.30408	28099.9	5619.98
34158	0.23066	21315.4	5328.84
34159	0.15920	14711.9	4903.96
34160	0.27565	25473.2	6368.31
34161	0.34568	31944.8	5324.13
34162	0.24605	22737.4	7579.15
34163	0.70740	65371.9	16343
34164	0.12717	11751.5	3917.17
34165	0.27364	25287.5	6321.88
34166	0.30698	28368.5	9456.18
34167	0.68996	63760.2	63760.2
34168	0.37922	35043.8	8760.95
34169	0.15110	13963.1	4654.38
34170	0.30676	28347.7	4724.62
34171	0.24231	22392.2	5598.05
34172	0.28994	26794	6698.51
34173	0.24389	22537.7	7512.56
34174	0.21591	19952.1	3990.42
34175	0.42814	39564.4	7912.89
34176	0.27551	25459.9	8486.65
34177	0.07181	6635.93	3317.96
34178	0.68439	63245.1	31622.6
34179	0.21706	20059.1	10029.5
34180	0.34871	32224.2	6444.83
34181	0.32010	29580.3	5916.05
34182	0.17610	16273.8	8136.92
34183	0.47825	44196	8839.19
34184	0.49149	45419.2	11354.8
34185	0.11723	10832.9	5416.43
34186	0.41138	38016.3	7603.25
34187	0.14694	13578.7	4526.24
34188	0.51135	47254.1	7875.69
34189	0.18202	16820.4	4205.1
34190	0.25725	23772.9	7924.3
34191	0.11081	10239.8	10239.8
34192	0.37308	34476.7	6895.33
34193	0.22018	20346.7	5086.67
34194	0.28997	26796.4	8932.14
34195	0.25987	24014.9	8004.96
34196	0.48675	44981	6425.86
34197	0.29678	27426	9141.99
34198	0.25593	23650.8	4730.15
34199	0.28470	26309.5	4384.91
34200	0.16441	15192.9	3798.22
