#IID	F_ROH	ROH_length_kB	KBAVG
3331	0.20916	19330.4	4832.6
3332	0.18587	17178.1	4294.54
3333	0.34063	31480.1	6296.01
3334	0.09512	8790.97	4395.49
3335	0.33521	30979.4	5163.23
3336	0.30139	27854.2	6963.54
3337	0.24880	22993.3	5748.32
3338	0.28641	26469.8	5293.96
3339	0.19781	18281.2	6093.73
3340	0.23739	21939.3	4387.86
3341	0.08409	7771.47	3885.74
3342	0.38282	35379.2	11793.1
3343	0.43835	40511.6	6751.93
3344	0.24827	22944.4	4588.89
3345	0.18201	16821	5606.99
3346	0.25004	23107.8	7702.58
3347	0.11339	10479.5	5239.75
3348	0.53070	49046.2	9809.24
3349	0.37727	34866.3	5811.05
3350	0.14983	13846.5	4615.51
3351	0.38463	35546.6	7109.32
3352	0.27980	25858.9	12929.5
3353	0.24178	22344.8	5586.21
3354	0.38092	35203.3	5867.21
3355	0.20701	19131	4782.74
3356	0.24017	22195.5	5548.86
3357	0.25233	23319.3	4663.87
3358	0.37934	35057.4	5008.2
3359	0.27160	25100.6	6275.14
3360	0.14043	12977.9	4325.97
3361	0.30074	27793.7	13896.8
3362	0.17956	16594.5	4148.63
3363	0.24575	22711.9	5677.97
3364	0.37311	34481.7	5746.96
3365	0.15865	14662.3	3665.57
3366	0.11525	10650.9	5325.43
3367	0.21114	19512.7	3902.54
3368	0.31863	29446.9	7361.74
3369	0.20515	18959.5	6319.83
3370	0.20435	18885.3	6295.11
3371	0.22586	20873.4	4174.67
3372	0.34126	31538.9	7884.72
3373	0.45534	42081.3	10520.3
3374	0.33286	30762.3	30762.3
3375	0.56291	52023.1	8670.51
3376	0.36758	33971.3	8492.83
3377	0.22130	20452.3	5113.08
3378	0.15860	14657.1	3664.29
3379	0.27258	25190.9	5038.17
3380	0.29440	27207.9	9069.3
3381	0.39654	36647	7329.4
3382	0.47943	44307.5	6329.65
3383	0.03316	3064.96	3064.96
3384	0.34862	32218.9	6443.78
3385	0.21295	19680.6	4920.14
3386	0.15287	14127.9	7063.97
3387	0.10390	9602.43	4801.22
3388	0.19863	18357	4589.24
3389	0.19227	17769.3	4442.33
3390	0.24277	22435.9	11217.9
3391	0.30647	28323	5664.59
3392	0.25705	23756.4	4751.29
3393	0.00000	0	0
3394	0.43369	40080.3	13360.1
3395	0.20871	19288.9	9644.44
3396	0.19068	17622.5	5874.17
3397	0.17463	16138.6	4034.66
3398	0.24465	22610.4	7536.81
3399	0.13005	12018.7	6009.35
3400	0.32282	29834.2	5966.84
