#IID	F_ROH	ROH_length_kB	KBAVG
8931	0.17127	15828.8	7914.38
8932	0.31661	29260.5	9753.52
8933	0.39000	36042.9	18021.5
8934	0.19571	18087.2	6029.06
8935	0.28970	26773.7	13386.9
8936	0.24488	22631.1	11315.5
8937	0.26733	24705.9	8235.29
8938	0.44645	41259.6	10314.9
8939	0.17130	15830.9	5276.98
8940	0.37617	34764.8	11588.3
8941	0.43211	39934.4	7986.88
8942	0.47633	44021.1	11005.3
8943	0.22936	21197.3	10598.7
8944	0.67950	62797.6	20932.5
8945	0.20032	18512.7	18512.7
8946	0.40895	37794.6	12598.2
8947	0.23446	21668.1	10834
8948	0.48970	45257	11314.3
8949	0.28830	26644.5	6661.12
8950	0.45148	41724.6	13908.2
8951	0.78090	72169.3	36084.6
8952	0.51140	47262.5	11815.6
8953	0.34219	31624.7	5270.78
8954	0.19164	17710.9	5903.65
8955	0.33132	30620.1	10206.7
8956	0.26174	24189	8062.98
8957	0.32402	29944.9	9981.65
8958	0.23785	21981.5	10990.8
8959	0.32716	30235.4	7558.84
8960	0.25152	23244.7	11622.4
8961	0.21954	20289.1	6763.03
8962	0.48106	44458.6	6351.23
8963	0.24210	22374.5	7458.17
8964	0.54403	50278.4	10055.7
8965	0.28826	26640.4	8880.15
8966	0.35554	32858.4	10952.8
8967	0.38586	35660.8	7132.16
8968	0.27942	25823.5	12911.8
8969	0.37523	34677.6	11559.2
8970	0.67946	62794.6	12558.9
8971	0.40598	37520.2	9380.06
8972	0.19387	17916.6	8958.31
8973	0.20687	19118.1	9559.06
8974	0.38939	35986.9	8996.73
8975	0.46503	42977.3	10744.3
8976	0.24821	22938.7	7646.22
8977	0.51128	47251.1	6750.16
8978	0.55393	51192.7	8532.11
8979	0.85584	79094.7	26364.9
8980	0.35223	32552.6	6510.51
8981	0.38232	35333.6	8833.41
8982	0.27232	25167.5	12583.7
8983	0.24129	22299.4	11149.7
8984	0.31825	29411.6	7352.9
8985	0.26289	24295.7	8098.56
8986	0.24305	22462.2	7487.39
8987	0.29241	27024	13512
8988	0.19869	18362.7	18362.7
8989	0.57018	52695.2	8782.54
8990	0.12927	11946.6	11946.6
8991	0.46745	43200.9	8640.18
8992	0.33670	31117.4	7779.34
8993	0.34086	31501.4	10500.5
8994	0.33504	30964.1	15482
8995	0.44855	41453.9	10363.5
8996	0.39034	36074.4	18037.2
8997	0.34886	32241.2	6448.25
8998	0.38181	35286	11762
8999	0.42227	39025	7805
9000	0.34153	31563.9	6312.77
