#IID	F_ROH	ROH_length_kB	KBAVG
25731	0.20453	18907.8	6302.59
25732	0.52663	48684	9736.8
25733	0.36216	33479.1	8369.77
25734	0.30821	28491.7	7122.92
25735	0.36681	33909.5	5651.58
25736	0.20493	18944.7	6314.89
25737	0.28636	26472.1	5294.42
25738	0.44093	40760.7	10190.2
25739	0.17926	16571	4142.76
25740	0.22430	20735.2	5183.8
25741	0.35052	32403.4	5400.57
25742	0.34231	31644.1	6328.82
25743	0.30293	28004.4	7001.11
25744	0.41663	38514.8	7702.97
25745	0.37910	35045.7	5840.95
25746	0.47059	43502.7	6214.67
25747	0.45368	41939.4	5991.35
25748	0.21812	20164	6721.34
25749	0.64434	59565.3	14891.3
25750	0.36209	33473.3	6694.66
25751	0.23535	21756.4	7252.14
25752	0.26153	24176.4	12088.2
25753	0.21158	19559.2	6519.74
25754	0.27569	25486.2	8495.39
25755	0.50228	46432.2	5159.13
25756	0.20328	18791.6	4697.9
25757	0.48207	44564.5	5570.57
25758	0.26520	24516.2	6129.05
25759	0.24778	22905.6	4581.13
25760	0.52940	48939.5	12234.9
25761	0.48858	45165.9	7527.65
25762	0.40887	37797.6	6299.59
25763	0.28304	26165.4	6541.34
25764	0.18806	17384.8	5794.92
25765	0.43104	39846.6	5692.37
25766	0.22174	20498.6	5124.66
25767	0.26882	24851.1	4970.21
25768	0.12164	11244.6	11244.6
25769	0.79144	73163.4	73163.4
25770	0.36792	34011.7	11337.2
25771	0.18488	17091.4	5697.14
25772	0.38061	35184.9	5864.14
25773	0.35016	32369.8	8092.44
25774	0.34486	31879.8	7969.96
25775	0.32249	29812.5	9937.49
25776	0.20998	19410.9	9705.45
25777	0.28597	26435.8	6608.96
25778	0.20417	18874.1	6291.36
25779	0.41249	38131.6	7626.32
25780	0.15191	14043.2	7021.6
25781	0.44374	41020.7	8204.14
25782	0.33368	30847	10282.3
25783	0.25531	23601.5	4720.31
25784	0.52098	48161.2	8026.86
25785	0.36377	33627.9	11209.3
25786	0.38191	35304.8	8826.2
25787	0.27045	25001.1	6250.28
25788	0.08800	8135.23	8135.23
25789	0.40226	37186.1	9296.52
25790	0.36981	34186.5	5697.76
25791	0.33831	31274.6	6254.91
25792	0.30189	27908.1	9302.7
25793	0.29190	26984.6	5396.93
25794	0.34403	31803.3	4543.33
25795	0.19198	17747.1	5915.69
25796	0.45968	42494.8	10623.7
25797	0.76452	70675	70675
25798	0.37876	35013.6	5835.61
25799	0.39771	36766.1	6127.69
25800	0.25490	23564.2	5891.05
