#IID	F_ROH	ROH_length_kB	KBAVG
3331	0.17417	16098	5366
3332	0.29188	26978.2	6744.56
3333	0.28869	26683.2	6670.81
3334	0.47756	44140.3	11035.1
3335	0.69094	63862.7	21287.6
3336	0.17309	15999	5332.99
3337	0.34635	32012.9	10671
3338	0.26499	24492.4	6123.1
3339	0.22385	20690.3	6896.76
3340	0.27585	25496.6	4249.44
3341	0.45387	41950.6	8390.12
3342	0.36098	33365.1	6673.02
3343	0.09979	9223.6	9223.6
3344	0.30328	28031.6	5606.32
3345	0.25569	23633.7	5908.42
3346	0.35557	32865.5	10955.2
3347	0.26827	24796	6199
3348	0.53184	49157.2	9831.44
3349	0.41493	38351.3	7670.27
3350	0.30502	28193	7048.26
3351	0.23897	22087.4	11043.7
3352	0.15304	14145	7072.49
3353	0.38169	35279	8819.75
3354	0.16556	15302.4	5100.82
3355	0.44717	41332	13777.3
3356	0.23517	21736.4	7245.45
3357	0.29526	27290.4	6822.59
3358	0.22217	20535.3	6845.1
3359	0.79995	73938.5	36969.2
3360	0.14736	13620.7	13620.7
3361	0.28194	26059.1	13029.5
3362	0.23906	22095.7	5523.92
3363	0.60454	55877	13969.2
3364	0.13689	12652.4	4217.48
3365	0.36085	33352.7	6670.55
3366	0.26792	24763.5	6190.86
3367	0.35668	32967.9	5494.65
3368	0.33471	30936.6	6187.32
3369	0.21233	19625.1	6541.69
3370	0.15746	14553.8	7276.91
3371	0.20267	18732.7	4683.18
3372	0.57962	53573.6	10714.7
3373	0.13550	12524.2	6262.11
3374	0.22394	20698.8	5174.69
3375	0.22485	20782.9	6927.62
3376	0.30477	28169.8	5633.97
3377	0.91937	84976.7	84976.7
3378	0.14102	13034.7	6517.36
3379	0.27052	25004.1	6251.03
3380	0.18236	16855.5	5618.49
3381	0.22947	21209.9	7069.96
3382	0.23758	21959.7	5489.92
3383	0.61342	56698	7087.25
3384	0.24791	22914.4	11457.2
3385	0.31652	29255.7	9751.89
3386	0.20505	18952.6	6317.53
3387	0.49310	45577.2	9115.45
3388	0.23248	21487.7	5371.93
3389	0.39702	36695.9	6115.98
3390	0.39142	36178.5	7235.7
3391	0.27272	25207.6	6301.9
3392	0.41115	38002.5	9500.62
3393	0.38444	35533.8	5922.29
3394	0.23634	21844.5	7281.51
3395	0.36782	33997.7	5666.29
3396	0.37236	34416.9	8604.23
3397	0.34125	31541.8	7885.44
3398	0.11653	10770.4	5385.2
3399	0.42574	39351.3	6558.55
3400	0.37309	34484.6	8621.14
