#IID	F_ROH	ROH_length_kB	KBAVG
6131	0.25735	23775.2	7925.08
6132	0.39870	36834.6	4604.33
6133	0.24251	22404.3	5601.08
6134	0.28299	26144.2	4357.36
6135	0.06178	5707.74	5707.74
6136	0.25316	23388.6	7796.2
6137	0.14179	13099	4366.35
6138	0.46932	43358.4	14452.8
6139	0.18657	17236	4309.01
6140	0.34761	32113.9	6422.79
6141	0.11274	10415.9	5207.95
6142	0.58451	54000.6	9000.1
6143	0.17148	15842.4	5280.81
6144	0.11326	10463.7	5231.87
6145	0.19971	18450.4	6150.13
6146	0.31519	29119	7279.76
6147	0.35354	32662.1	10887.4
6148	0.16685	15414.2	7707.1
6149	0.17908	16544.2	4136.06
6150	0.36265	33503.5	5583.92
6151	0.35636	32922.7	8230.68
6152	0.04245	3922	3922
6153	0.24093	22258.4	4451.67
6154	0.24714	22832	7610.65
6155	0.12705	11737.5	5868.76
6156	0.11139	10291.1	5145.53
6157	0.26448	24433.8	8144.61
6158	0.39062	36088	7217.6
6159	0.22822	21084.6	7028.2
6160	0.32922	30415.6	5069.27
6161	0.15994	14776.4	4925.46
6162	0.30359	28047.2	7011.81
6163	0.10613	9804.46	4902.23
6164	0.20157	18622.1	4655.53
6165	0.22061	20381.4	5095.35
6166	0.18276	16884.1	5628.04
6167	0.15000	13858	4619.32
6168	0.58276	53838.5	7691.21
6169	0.49227	45479.1	9095.83
6170	0.00000	0	0
6171	0.43220	39929.2	6654.86
6172	0.24871	22977.1	4595.41
6173	0.13302	12289.2	12289.2
6174	0.33314	30777.8	10259.3
6175	0.10744	9925.57	4962.78
6176	0.08465	7820.54	7820.54
6177	0.45958	42458.7	14152.9
6178	0.17329	16009.2	8004.62
6179	0.19013	17565.1	8782.57
6180	0.16470	15216.3	7608.16
6181	0.16643	15375.6	7687.79
6182	0.27011	24954.6	6238.66
6183	0.37180	34348.9	8587.22
6184	0.23864	22047.2	5511.81
6185	0.07983	7375.57	7375.57
6186	0.12161	11234.6	3744.88
6187	0.43327	40028.2	13342.7
6188	0.46939	43364.7	14454.9
6189	0.40793	37687.3	7537.46
6190	0.30245	27942.3	4657.06
6191	0.26857	24812	8270.67
6192	0.46058	42550.7	8510.14
6193	0.17305	15987.2	5329.08
6194	0.30711	28372.5	14186.2
6195	0.05389	4978.81	4978.81
6196	0.30839	28490.8	7122.7
6197	0.19314	17843.7	5947.9
6198	0.21921	20251.6	5062.9
6199	0.19347	17874.2	8937.08
6200	0.32449	29978.6	7494.66
