#IID	F_ROH	ROH_length_kB	KBAVG
8931	0.42617	39369.4	5624.19
8932	0.20564	18996.6	9498.29
8933	0.24893	22996.2	5749.06
8934	0.25778	23813.9	11907
8935	0.11111	10264	5132.01
8936	0.21408	19776.8	4944.21
8937	0.36804	33999.2	6799.83
8938	0.41068	37938.4	9484.61
8939	0.36713	33914.9	6782.98
8940	0.07106	6564.59	3282.29
8941	0.22470	20757.2	5189.29
8942	0.09800	9053.34	4526.67
8943	0.47131	43539.4	7256.57
8944	0.38834	35874.9	11958.3
8945	0.39309	36313.3	6052.22
8946	0.28934	26728.9	5345.77
8947	0.07972	7364.82	3682.41
8948	0.05489	5071.09	5071.09
8949	0.56420	52120.4	7445.77
8950	0.35826	33095.8	6619.16
8951	0.04020	3713.92	3713.92
8952	0.60836	56199.7	28099.8
8953	0.24017	22186.6	7395.52
8954	0.16864	15578.6	5192.88
8955	0.56422	52122.1	10424.4
8956	0.11843	10940.1	3646.72
8957	0.15573	14385.8	4795.27
8958	0.17653	16307.5	5435.82
8959	0.43660	40332.4	8066.49
8960	0.23130	21367.3	7122.42
8961	0.32048	29605.4	7401.34
8962	0.12356	11414.3	5707.17
8963	0.50310	46476.3	9295.27
8964	0.21283	19661.3	6553.77
8965	0.27073	25010	8336.66
8966	0.14163	13083.4	4361.12
8967	0.19808	18298	6099.33
8968	0.48286	44605.9	11151.5
8969	0.31337	28948.7	4824.78
8970	0.12289	11352.8	3784.26
8971	0.73130	67556.6	33778.3
8972	0.40035	36984.3	7396.87
8973	0.70182	64833.3	21611.1
8974	0.13395	12373.8	4124.61
8975	0.33964	31375.2	5229.2
8976	0.48001	44342.7	22171.4
8977	0.18453	17046.4	4261.6
8978	0.37048	34224.2	5704.04
8979	0.17888	16524.6	5508.19
8980	0.17729	16377.7	5459.23
8981	0.43182	39891.1	9972.76
8982	0.25780	23815.2	11907.6
8983	0.14092	13017.7	4339.25
8984	0.15930	14716.3	4905.44
8985	0.22564	20844	5210.99
8986	0.11815	10914.3	5457.15
8987	0.06507	6011.45	6011.45
8988	0.45304	41851.4	8370.27
8989	0.35330	32637.6	5439.59
8990	0.24418	22557.1	5639.27
8991	0.13485	12457	6228.52
8992	0.42678	39425.9	7885.19
8993	0.24726	22841.3	7613.76
8994	0.21448	19813.3	6604.42
8995	0.18846	17409.3	4352.33
8996	0.46997	43415.7	8683.15
8997	0.12588	11628.4	3876.12
8998	0.35726	33002.9	6600.59
8999	0.41304	38156.2	6359.36
9000	0.25048	23139.2	4627.83
