#IID	F_ROH	ROH_length_kB	KBAVG
8931	0.31161	28788.9	9596.31
8932	0.54652	50491.6	10098.3
8933	0.37672	34804.2	6960.83
8934	0.37784	34908.3	6981.67
8935	0.74879	69179	17294.8
8936	0.33646	31085.3	10361.8
8937	0.77786	71864.8	14373
8938	0.34546	31916.8	7979.21
8939	0.52584	48581.5	12145.4
8940	0.41156	38023.1	9505.77
8941	0.48599	44899.8	11224.9
8942	0.56175	51899.2	12974.8
8943	0.32521	30045.4	7511.36
8944	0.57346	52980.9	10596.2
8945	0.30493	28171.8	7042.94
8946	0.53491	49419.6	12354.9
8947	0.35353	32662.4	6532.47
8948	0.55929	51672	8612
8949	0.45098	41665.6	8333.12
8950	0.44971	41547.8	10387
8951	0.37871	34988.7	4998.38
8952	0.26922	24872.8	8290.93
8953	0.35957	33219.9	6643.99
8954	0.50017	46210.3	5776.29
8955	0.41051	37926.5	7585.31
8956	0.23685	21882.4	7294.15
8957	0.53577	49499.2	12374.8
8958	0.45377	41923.1	10480.8
8959	0.32506	30031.8	5005.3
8960	0.42675	39426.9	6571.15
8961	0.37821	34941.8	8735.45
8962	0.24262	22414.9	11207.4
8963	0.39024	36053.6	9013.39
8964	0.53249	49195.6	9839.12
8965	0.47054	43472.4	8694.48
8966	0.27220	25147.8	6286.94
8967	0.30446	28128.7	7032.17
8968	0.58720	54250.6	13562.6
8969	0.53050	49012	7001.71
8970	0.24337	22484.6	5621.16
8971	0.40716	37616.6	6269.43
8972	0.17915	16551.7	8275.84
8973	0.52663	48654.2	8109.03
8974	0.30857	28508.5	9502.83
8975	0.37623	34759.7	6951.93
8976	0.34486	31861	7965.24
8977	0.62578	57815.1	14453.8
8978	0.26020	24039.8	6009.95
8979	0.61852	57143.8	8163.4
8980	0.28415	26251.8	6562.95
8981	0.34419	31799.3	7949.83
8982	0.31121	28751.8	4791.97
8983	0.43773	40440.9	6740.15
8984	0.19341	17868.5	8934.27
8985	0.33110	30589.6	7647.39
8986	0.49256	45507.2	7584.54
8987	0.66959	61862.5	8837.5
8988	0.37623	34759.4	5793.24
8989	0.43424	40118.8	8023.76
8990	0.36640	33851.1	6770.22
8991	0.82847	76540.6	38270.3
8992	0.52579	48576.8	8096.13
8993	0.53845	49746.6	8291.1
8994	0.43579	40262.1	5751.72
8995	0.37316	34475.5	4925.07
8996	0.36712	33918	6783.6
8997	0.48921	45197.6	9039.51
8998	0.31175	28801.8	9600.59
8999	0.22288	20591.9	6863.97
9000	0.34235	31629.3	6325.85
