#IID	F_ROH	ROH_length_kB	KBAVG
6131	0.38889	35948.2	5991.37
6132	0.29401	27177.6	5435.52
6133	0.15805	14609.9	7304.93
6134	0.32453	29999	7499.75
6135	0.32005	29585	9861.66
6136	0.23296	21533.9	5383.48
6137	0.20086	18566.9	4641.73
6138	0.24186	22357.1	4471.42
6139	0.31023	28677	4779.49
6140	0.34316	31720.7	7930.17
6141	0.40287	37240.3	5320.04
6142	0.47650	44046.7	8809.34
6143	0.22877	21147.3	5286.82
6144	0.19510	18034.3	4508.58
6145	0.40483	37421.2	12473.7
6146	0.26989	24947.7	6236.92
6147	0.23326	21561.7	5390.42
6148	0.13276	12271.7	6135.84
6149	0.22880	21149.5	5287.38
6150	0.53932	49853.1	9970.61
6151	0.39112	36154.2	9038.55
6152	0.33639	31095.3	15547.7
6153	0.45014	41609.6	8321.91
6154	0.42673	39445.5	6574.24
6155	0.17629	16295.4	4073.84
6156	0.23184	21431	5357.76
6157	0.37091	34286.5	11428.8
6158	0.32974	30480.1	7620.03
6159	0.19795	18298.4	4574.6
6160	0.24360	22517.4	11258.7
6161	0.21785	20137.9	5034.47
6162	0.20080	18561.3	6187.11
6163	0.41984	38809	12936.3
6164	0.28022	25903.3	5180.67
6165	0.66179	61174.2	61174.2
6166	0.64362	59494.8	14873.7
6167	0.23977	22163.4	4432.67
6168	0.33186	30676.4	6135.29
6169	0.44273	40924.5	6820.74
6170	0.31119	28765.3	4794.22
6171	0.26508	24503	6125.75
6172	0.41778	38618.5	5516.92
6173	0.31403	29027.8	4837.96
6174	0.44255	40908.2	6818.03
6175	0.43905	40584.4	10146.1
6176	0.25764	23815.9	4763.18
6177	0.32471	30015	6003
6178	0.29040	26844.2	5368.84
6179	0.28887	26702.7	6675.68
6180	0.38413	35508.4	8877.1
6181	0.33082	30580.7	7645.18
6182	0.48830	45137.1	7522.85
6183	0.21892	20236.7	5059.18
6184	0.31163	28805.9	9601.98
6185	0.52674	48690.7	9738.15
6186	0.25190	23285.5	7761.82
6187	0.50199	46402.7	9280.54
6188	0.30507	28200.3	4700.05
6189	0.13656	12623.3	4207.75
6190	0.12662	11704.6	3901.54
6191	0.36081	33352.5	11117.5
6192	0.16397	15157	5052.34
6193	0.47157	43590.6	7265.09
6194	0.63687	58870.9	14717.7
6195	0.28738	26564.6	4427.43
6196	0.50970	47115.9	15705.3
6197	0.53886	49811.3	7115.91
6198	0.31554	29167.8	9722.59
6199	0.40918	37824.1	7564.82
6200	0.27186	25129.9	6282.47
