#IID	F_ROH	ROH_length_kB	KBAVG
11731	0.51437	47560.3	7926.71
11732	0.27839	25740.8	6435.2
11733	0.13835	12791.9	4263.96
11734	0.36564	33808.2	6761.63
11735	0.19003	17570.7	4392.68
11736	0.50608	46793.5	9358.7
11737	0.12252	11328.7	3776.22
11738	0.13650	12621.5	4207.17
11739	0.22602	20898.9	6966.31
11740	0.31145	28797.2	7199.31
11741	0.40380	37336.7	7467.33
11742	0.33713	31172.3	4453.18
11743	0.34557	31952.7	6390.53
11744	0.15666	14485.6	4828.53
11745	0.24641	22783.7	7594.56
11746	0.24147	22326.7	4465.34
11747	0.24777	22909.2	7636.39
11748	0.28850	26675.5	6668.88
11749	0.14530	13434.6	4478.2
11750	0.16656	15400.7	7700.35
11751	0.42902	39668.1	13222.7
11752	0.43899	40590.4	10147.6
11753	0.41932	38771.9	5538.85
11754	0.22574	20872.1	6957.36
11755	0.07805	7216.68	3608.34
11756	0.27690	25603.1	5120.63
11757	0.43817	40514.5	8102.91
11758	0.22164	20493.1	4098.62
11759	0.03140	2902.98	2902.98
11760	0.12964	11986.8	3995.61
11761	0.26871	24845.7	4969.14
11762	0.50689	46868.9	9373.77
11763	0.18404	17016.8	17016.8
11764	0.13774	12735.4	4245.12
11765	0.19489	18020.1	4505.04
11766	0.22529	20830.6	5207.65
11767	0.20650	19093.6	4773.4
11768	0.08840	8173.31	4086.65
11769	0.38712	35793.8	8948.46
11770	0.30340	28052.8	4007.55
11771	0.14180	13111.3	6555.64
11772	0.09292	8591.49	4295.74
11773	0.09637	8910.94	8910.94
11774	0.19270	17817.9	4454.47
11775	0.09270	8571.44	4285.72
11776	0.13322	12318	6159.02
11777	0.43380	40110.5	6685.09
11778	0.32077	29658.9	7414.74
11779	0.29308	27099.1	5419.81
11780	0.23070	21331.1	5332.78
11781	0.16351	15118.9	7559.44
11782	0.14045	12986.5	4328.84
11783	0.23495	21723.8	5430.96
11784	0.21164	19569	6523.01
11785	0.34190	31613	6322.6
11786	0.33508	30982.4	10327.5
11787	0.20325	18793.4	18793.4
11788	0.21275	19671	4917.76
11789	0.67462	62377.7	10396.3
11790	0.12039	11131.4	5565.7
11791	0.06229	5759.51	5759.51
11792	0.15247	14097.6	4699.2
11793	0.33599	31066.8	6213.37
11794	0.19018	17584.7	5861.56
11795	0.13582	12557.9	4185.95
11796	0.21880	20230.6	5057.64
11797	0.11994	11089.9	3696.64
11798	0.00000	0	0
11799	0.25505	23582.8	7860.92
11800	0.22842	21120.7	7040.23
