#IID	F_ROH	ROH_length_kB	KBAVG
36931	0.25470	23548.3	5887.06
36932	0.37345	34526.8	8631.7
36933	0.54751	50619.2	8436.53
36934	0.35349	32681.6	6536.32
36935	0.61052	56444.9	8063.56
36936	0.25108	23212.8	4642.57
36937	0.09492	8775.8	4387.9
36938	0.34113	31539	6307.8
36939	0.46981	43435.3	8687.05
36940	0.27570	25489.6	4248.27
36941	0.21922	20267.8	5066.95
36942	0.22971	21237.1	4247.41
36943	0.17487	16167.7	4041.93
36944	0.25885	23931.7	5982.92
36945	0.36163	33433.8	5572.31
36946	0.29711	27469	9156.32
36947	0.55436	51252.3	10250.5
36948	0.23090	21347.1	4269.42
36949	0.28340	26201.3	5240.26
36950	0.25009	23121.9	7707.28
36951	0.76017	70280	70280
36952	0.22776	21057	7019
36953	0.19871	18371.5	9185.74
36954	0.18373	16986.4	4246.61
36955	0.31845	29441.8	7360.44
36956	0.28042	25926.1	5185.22
36957	0.27919	25812.3	6453.08
36958	0.35477	32799.4	6559.87
36959	0.50010	46236	11559
36960	0.31925	29516.1	5903.22
36961	0.28083	25963.6	8654.55
36962	0.48562	44897.5	6413.93
36963	0.26962	24927.1	4985.41
36964	0.23550	21772.4	4354.47
36965	0.26367	24377	8125.66
36966	0.49544	45805.3	22902.7
36967	0.43163	39905.5	6650.91
36968	0.40375	37327.9	9331.97
36969	0.52271	48326.6	12081.6
36970	0.10851	10032.4	5016.18
36971	0.33256	30746.6	7686.65
36972	0.23957	22148.9	4429.77
36973	0.03842	3552.46	3552.46
36974	0.86090	79593	39796.5
36975	0.39415	36440.2	6073.37
36976	0.47361	43787	7297.84
36977	0.23351	21589.2	7196.41
36978	0.24758	22889.8	7629.94
36979	0.36522	33765.6	5627.61
36980	0.22477	20781.2	5195.3
36981	0.22212	20536.1	5134.04
36982	0.32760	30287.6	7571.91
36983	0.43411	40134.8	5733.54
36984	0.37001	34208.6	8552.14
36985	0.30311	28023.8	5604.77
36986	0.41146	38040.7	5434.39
36987	0.46107	42627.2	14209.1
36988	0.44370	41021.7	6836.95
36989	0.26544	24540.5	6135.12
36990	0.28061	25943.1	8647.71
36991	0.72884	67383.7	33691.9
36992	0.46000	42528.2	6075.46
36993	0.22719	21004.3	5251.08
36994	0.23363	21599.9	5399.99
36995	0.47125	43569	8713.81
36996	0.27351	25286.7	4214.44
36997	0.21862	20212.4	5053.11
36998	0.13236	12237.5	4079.17
36999	0.11180	10335.9	5167.94
37000	0.26763	24743	4948.59
