#IID	F_ROH	ROH_length_kB	KBAVG
6131	0.27720	25619.8	5123.96
6132	0.22390	20693.4	5173.34
6133	0.18477	17076.9	5692.31
6134	0.39835	36817.2	6136.2
6135	0.26159	24177.1	6044.29
6136	0.30648	28326.2	7081.55
6137	0.30519	28206.8	7051.7
6138	0.18452	17054.3	4263.58
6139	0.37455	34617.5	6923.51
6140	0.27256	25190.6	6297.65
6141	0.29796	27538.2	5507.64
6142	0.32417	29961.1	4993.52
6143	0.21316	19700.6	4925.16
6144	0.18502	17100.2	4275.05
6145	0.34096	31512.2	6302.44
6146	0.28621	26452.3	5290.46
6147	0.21933	20271.1	5067.77
6148	0.19403	17932.9	5977.64
6149	0.16149	14925.4	4975.14
6150	0.10191	9418.43	4709.21
6151	0.23179	21423	5355.74
6152	0.35380	32699.8	6539.97
6153	0.05080	4695.25	4695.25
6154	0.37861	34992.2	5832.03
6155	0.24429	22578.4	7526.14
6156	0.33570	31026.8	6205.36
6157	0.14271	13189.7	4396.56
6158	0.86804	80226.7	40113.4
6159	0.09801	9058.13	4529.07
6160	0.18444	17046.1	4261.52
6161	0.30153	27868.8	6967.21
6162	0.36879	34085.2	6817.05
6163	0.14923	13792.4	3448.11
6164	0.15303	14143.9	4714.63
6165	0.40665	37583.6	7516.73
6166	0.08226	7603.2	7603.2
6167	0.04738	4378.74	4378.74
6168	0.26175	24192.1	8064.02
6169	0.46045	42556.4	7092.73
6170	0.34136	31549.2	5258.2
6171	0.09747	9008.9	4504.45
6172	0.45699	42236.4	14078.8
6173	0.04928	4554.73	4554.73
6174	0.23896	22085.1	7361.71
6175	0.23404	21630.6	5407.66
6176	0.27888	25775.1	8591.7
6177	0.26917	24877.8	6219.44
6178	0.22088	20414.1	5103.52
6179	0.14424	13331.2	4443.72
6180	0.09831	9085.77	4542.89
6181	0.55898	51662.8	6457.85
6182	0.40030	36996.6	12332.2
6183	0.14933	13801.6	6900.81
6184	0.53444	49394.9	12348.7
6185	0.34727	32096.3	5349.39
6186	0.63020	58245.2	9707.53
6187	0.09064	8377.25	4188.63
6188	0.30989	28641.1	9547.02
6189	0.43636	40329.6	8065.92
6190	0.14551	13448.6	4482.88
6191	0.15778	14582.1	4860.7
6192	0.37539	34694.4	11564.8
6193	0.59268	54777.6	10955.5
6194	0.23548	21764.2	7254.74
6195	0.57987	53593.9	7656.27
6196	0.15936	14728.7	7364.34
6197	0.49043	45327.1	15109
6198	0.20092	18569.7	6189.89
6199	0.39334	36354	9088.5
6200	0.40249	37199.8	7439.96
