#IID	F_ROH	ROH_length_kB	KBAVG
11731	0.37719	34859.2	8714.81
11732	0.27462	25380.2	8460.06
11733	0.20829	19249.4	6416.48
11734	0.42066	38876.5	6479.42
11735	0.22635	20919.3	5229.83
11736	0.34726	32092.9	10697.6
11737	0.41633	38476.6	6412.77
11738	0.38693	35759.4	5959.89
11739	0.43827	40503.8	6750.63
11740	0.22449	20746.8	5186.69
11741	0.15049	13907.9	6953.97
11742	0.33192	30675.2	7668.81
11743	0.22205	20521.9	4104.38
11744	0.12063	11148.3	5574.13
11745	0.26798	24765.9	8255.29
11746	0.36566	33793.4	6758.68
11747	0.45760	42290.6	8458.12
11748	0.32220	29777.6	5955.52
11749	0.26981	24935.5	12467.7
11750	0.33326	30799.5	7699.86
11751	0.39692	36682.8	7336.57
11752	0.36883	34086.7	11362.2
11753	0.24420	22568.5	5642.13
11754	0.47985	44347	11086.8
11755	0.24175	22342.5	11171.3
11756	0.21027	19432.5	4858.14
11757	0.37855	34985.4	8746.34
11758	0.63731	58898.9	9816.48
11759	0.41842	38669.5	7733.9
11760	0.28508	26346.5	6586.63
11761	0.50900	47041.1	11760.3
11762	0.55034	50861.9	16954
11763	0.28189	26051.9	6512.98
11764	0.31452	29067	7266.74
11765	0.24962	23069.9	7689.97
11766	0.28208	26069	5213.8
11767	0.36796	34006.1	6801.22
11768	0.36343	33587.9	6717.58
11769	0.20978	19387.9	4846.98
11770	0.15959	14748.6	4916.19
11771	0.26974	24929.1	12464.6
11772	0.38361	35452.2	5908.7
11773	0.33399	30867.1	7716.77
11774	0.59688	55162.4	13790.6
11775	0.25137	23231.6	3871.93
11776	0.29241	27023.6	9007.86
11777	0.21569	19934.1	9967.07
11778	0.44715	41325.3	8265.06
11779	0.33504	30964	7741
11780	0.14870	13743	4581.02
11781	0.46571	43040.1	10760
11782	0.28300	26154.3	26154.3
11783	0.33060	30553.5	5092.24
11784	0.26761	24731.8	8243.95
11785	0.40734	37645.9	7529.18
11786	0.40517	37445.2	12481.7
11787	0.37117	34302.5	5717.08
11788	0.35221	32550.5	6510.1
11789	0.16365	15124.4	15124.4
11790	0.16756	15485.2	7742.58
11791	0.33740	31181.7	7795.42
11792	0.22419	20719.6	10359.8
11793	0.24490	22632.8	5658.19
11794	0.21629	19989.6	6663.22
11795	0.19987	18472	6157.33
11796	0.29258	27039.5	13519.8
11797	0.37168	34349.7	8587.42
11798	0.16044	14827.2	7413.6
11799	0.20064	18542.8	6180.92
11800	0.17500	16173	5391.01
