#IID	F_ROH	ROH_length_kB	KBAVG
34131	0.20840	19262.3	4815.57
34132	0.10767	9952.08	4976.04
34133	0.55862	51633.7	10326.7
34134	0.27764	25662.8	6415.7
34135	0.12185	11263	5631.51
34136	0.26455	24452.5	4890.5
34137	0.24881	22997.4	7665.79
34138	0.15099	13956.2	3489.04
34139	0.13732	12692.6	6346.29
34140	0.10844	10022.9	5011.46
34141	0.22154	20476.9	5119.22
34142	0.52858	48857.5	9771.5
34143	0.13575	12547.1	4182.37
34144	0.25259	23347.2	4669.43
34145	0.15748	14556.4	4852.15
34146	0.31413	29035.3	5807.05
34147	0.33202	30689	6137.8
34148	0.11274	10420.8	5210.4
34149	0.42089	38903.2	9725.79
34150	0.39442	36456.6	7291.33
34151	0.25391	23468.7	5867.19
34152	0.23054	21309.5	7103.17
34153	0.22668	20952.1	5238.03
34154	0.43417	40130.4	10032.6
34155	0.22913	21178.9	7059.65
34156	0.33027	30526.9	15263.5
34157	0.22085	20413.2	5103.31
34158	0.41673	38518.8	9629.71
34159	0.53636	49576.5	7082.36
34160	0.17978	16616.8	5538.93
34161	0.11885	10985.8	5492.89
34162	0.26188	24206	4841.21
34163	0.15759	14566	7283.01
34164	0.22152	20475	10237.5
34165	0.26366	24369.9	8123.31
34166	0.42235	39038.4	13012.8
34167	0.33204	30690.9	10230.3
34168	0.26208	24224.4	4844.88
34169	0.28477	26321.8	8773.93
34170	0.14037	12974.8	6487.42
34171	0.24525	22668.4	5667.1
34172	0.23011	21269.3	7089.75
34173	0.28056	25932.7	6483.18
34174	0.28137	26007	6501.74
34175	0.41297	38170.8	6361.8
34176	0.00000	0	0
34177	0.29762	27509.3	9169.76
34178	0.16962	15677.9	3919.49
34179	0.30938	28596.5	5719.31
34180	0.33257	30740.1	7685.03
34181	0.15994	14783	4927.67
34182	0.21813	20162.2	5040.54
34183	0.32095	29666	5933.21
34184	0.36975	34176.1	6835.21
34185	0.44767	41379	8275.81
34186	0.48766	45075	11268.8
34187	0.33966	31395.4	7848.86
34188	0.96901	89566.7	89566.7
34189	0.13137	12142.7	6071.37
34190	0.37350	34523.2	6904.64
34191	0.76543	70749.2	23583.1
34192	0.13675	12640.1	4213.36
34193	0.10158	9388.9	4694.45
34194	0.35061	32406.8	8101.69
34195	0.07967	7363.77	7363.77
34196	0.30960	28616.2	5723.24
34197	0.25219	23310.2	5827.54
34198	0.58907	54448.6	18149.5
34199	0.32687	30213.3	6042.65
34200	0.00000	0	0
