#IID	F_ROH	ROH_length_kB	KBAVG
6131	0.37142	34343.4	8585.86
6132	0.27375	25311.8	5062.37
6133	0.40055	37036.8	12345.6
6134	0.34642	32031.2	8007.79
6135	0.22990	21257.6	5314.39
6136	0.41908	38750.5	6458.41
6137	0.19623	18144.3	9072.16
6138	0.23883	22083.7	11041.8
6139	0.25014	23129	3854.83
6140	0.10941	10116.4	5058.21
6141	0.04316	3990.43	3990.43
6142	0.39909	36901.3	9225.33
6143	0.27944	25838.4	6459.6
6144	0.41332	38217.8	19108.9
6145	0.46049	42579.5	10644.9
6146	0.27879	25778.3	6444.57
6147	0.17450	16134.7	8067.35
6148	0.12813	11847.8	5923.9
6149	0.26628	24621.2	6155.31
6150	0.16297	15069.2	5023.06
6151	0.23492	21721.4	5430.36
6152	0.27843	25745	6436.25
6153	0.09657	8929.05	8929.05
6154	0.12133	11218.5	3739.49
6155	0.27427	25360.4	6340.1
6156	0.22140	20471.4	5117.85
6157	0.42526	39321.3	7864.25
6158	0.24874	22999.5	5749.88
6159	0.22810	21091.5	7030.49
6160	0.27828	25731.4	5146.29
6161	0.25856	23907.3	4781.46
6162	0.09741	9006.57	4503.29
6163	0.22474	20780.7	5195.19
6164	0.33766	31222	6244.39
6165	0.30855	28530.3	9510.09
6166	0.23676	21891.7	7297.23
6167	0.70032	64755.2	21585.1
6168	0.34832	32207.5	6441.5
6169	0.25343	23433.1	7811.02
6170	0.09541	8822.04	4411.02
6171	0.47083	43534.7	14511.6
6172	0.07378	6821.81	3410.91
6173	0.43332	40066.9	8013.37
6174	0.16674	15417.8	3854.45
6175	0.29421	27204	9068.01
6176	0.11765	10878.3	5439.17
6177	0.11602	10727.9	5363.93
6178	0.30443	28149.4	7037.35
6179	0.25467	23547.9	7849.3
6180	0.47217	43659.1	6237.01
6181	0.19629	18150.2	6050.08
6182	0.14441	13352.8	6676.42
6183	0.23075	21335.8	5333.96
6184	0.16721	15461.4	3865.34
6185	0.18764	17350.5	17350.5
6186	0.20495	18950.4	6316.79
6187	0.25719	23780.7	7926.91
6188	0.44829	41451.4	20725.7
6189	0.32958	30474.2	10158.1
6190	0.35411	32742.3	5457.05
6191	0.15224	14076.9	7038.43
6192	0.27018	24982.2	4996.44
6193	0.23492	21721.7	7240.56
6194	0.16650	15395.5	3848.86
6195	0.05234	4839.66	4839.66
6196	0.36026	33311	5551.83
6197	0.38085	35215	11738.3
6198	0.41809	38658.9	5522.7
6199	0.20406	18868.1	9434.03
6200	0.28034	25922	8640.67
