#IID	F_ROH	ROH_length_kB	KBAVG
3331	0.20409	18864.8	6288.26
3332	0.10469	9676.88	4838.44
3333	0.16652	15391.8	5130.61
3334	0.19112	17665.2	4416.3
3335	0.17714	16373.3	5457.75
3336	0.31215	28853	14426.5
3337	0.77989	72087.2	14417.4
3338	0.26653	24636.2	4927.24
3339	0.25361	23442.1	7814.03
3340	0.24264	22428	4485.6
3341	0.24538	22681.4	5670.35
3342	0.17855	16503.5	4125.89
3343	0.04049	3742.35	3742.35
3344	0.27809	25704.4	4284.06
3345	0.35826	33115.1	6623.03
3346	0.35140	32480.8	6496.15
3347	0.38544	35627.2	5089.59
3348	0.37454	34619.2	8654.79
3349	0.24784	22908.6	4581.71
3350	0.33220	30705.6	6141.12
3351	0.07549	6978.04	3489.02
3352	0.34028	31452.4	6290.49
3353	0.31721	29320	5864
3354	0.29960	27693.1	5538.62
3355	0.13575	12547.5	6273.75
3356	0.39394	36412.7	7282.55
3357	0.18053	16686.7	4171.67
3358	0.29471	27240.4	3891.49
3359	0.38806	35869.5	7173.91
3360	0.28251	26113.2	5222.64
3361	0.16674	15411.7	5137.22
3362	0.39040	36085.7	6014.29
3363	0.12056	11144	11144
3364	0.33093	30588.7	5098.12
3365	0.20767	19195.3	4798.82
3366	0.48017	44383.2	7397.2
3367	0.38472	35560.3	5080.04
3368	0.47495	43900.2	6271.45
3369	0.51051	47187.7	9437.54
3370	0.26899	24863.2	4143.87
3371	0.35414	32734.2	5455.7
3372	0.29565	27327.8	5465.55
3373	0.46210	42712.8	10678.2
3374	0.31360	28986.3	5797.25
3375	0.15455	14285.6	14285.6
3376	0.13205	12205.5	4068.49
3377	0.29792	27537.2	6884.3
3378	0.16922	15641.1	3910.28
3379	0.45571	42122.3	6017.47
3380	0.17738	16395.9	8197.95
3381	0.34446	31839	7959.74
3382	0.54462	50340.8	8390.13
3383	0.46717	43181.7	6168.82
3384	0.27358	25287.8	25287.8
3385	0.16993	15707.2	7853.62
3386	0.22777	21052.8	10526.4
3387	0.15868	14666.9	4888.98
3388	0.23995	22179.5	4435.91
3389	0.40726	37644.2	9411.04
3390	0.27082	25032.6	5006.51
3391	0.32189	29752.8	7438.2
3392	0.42831	39589.6	9897.4
3393	0.30120	27840.9	4640.15
3394	0.07635	7056.75	3528.37
3395	0.28982	26788.8	5357.75
3396	0.30845	28510.5	9503.51
3397	0.14992	13857.4	4619.13
3398	0.25067	23169.9	11584.9
3399	0.35763	33056.4	6611.27
3400	0.38089	35206.1	5029.44
