#IID	F_ROH	ROH_length_kB	KBAVG
6131	0.44600	41229.3	10307.3
6132	0.19286	17828.7	5942.89
6133	0.13504	12483.1	12483.1
6134	0.15180	14033.2	4677.74
6135	0.25747	23801.3	7933.78
6136	0.32390	29942.8	4990.46
6137	0.15302	14145.6	7072.81
6138	0.22092	20422.4	4084.48
6139	0.11310	10455.5	5227.74
6140	0.20932	19349.9	3869.97
6141	0.41483	38348.2	7669.64
6142	0.05304	4902.82	4902.82
6143	0.21511	19885.8	4971.45
6144	0.08495	7853.11	3926.55
6145	0.18536	17135.1	5711.71
6146	0.17930	16575.4	5525.13
6147	0.15128	13984.4	6992.18
6148	0.31675	29281.3	9760.42
6149	0.62120	57425.7	8203.66
6150	0.20040	18525.5	4631.38
6151	0.29320	27104	9034.68
6152	0.19553	18075.1	4518.78
6153	0.32015	29596	7399
6154	0.81337	75190.3	37595.1
6155	0.24283	22447.9	4489.58
6156	0.15745	14555.4	3638.84
6157	0.51707	47799.5	11949.9
6158	0.33057	30559.2	5093.2
6159	0.20010	18498.3	4624.58
6160	0.42581	39363.3	6560.55
6161	0.24649	22785.9	4557.17
6162	0.14310	13228.4	4409.47
6163	0.39279	36311	12103.7
6164	0.34028	31456.2	6291.24
6165	0.24413	22568.1	4513.61
6166	0.22200	20522.7	6840.9
6167	0.23691	21900.7	7300.22
6168	0.12215	11292.4	5646.21
6169	0.38487	35578.9	5929.81
6170	0.05641	5215	5215
6171	0.00000	0	0
6172	0.17424	16106.9	5368.96
6173	0.35972	33253.8	11084.6
6174	0.19798	18301.6	4575.41
6175	0.30241	27955.5	5591.1
6176	0.19260	17804.4	8902.18
6177	0.12487	11543.4	3847.79
6178	0.37083	34280.7	11426.9
6179	0.12658	11701.1	3900.36
6180	0.40850	37763.4	9440.85
6181	0.20244	18713.9	9356.96
6182	0.34921	32282.1	6456.42
6183	0.18848	17424.1	4356.03
6184	0.12204	11281.8	3760.6
6185	0.04264	3941.82	3941.82
6186	0.14363	13277.4	6638.71
6187	0.31758	29358.4	7339.6
6188	0.24879	22999.3	7666.43
6189	0.15511	14339	4779.68
6190	0.14701	13590.3	6795.14
6191	0.16661	15402.3	5134.09
6192	0.18408	17017	5672.34
6193	0.12721	11759.9	3919.98
6194	0.26333	24343.2	6085.79
6195	0.36623	33855.6	6771.11
6196	0.31316	28949.6	9649.86
6197	0.59849	55326.2	13831.6
6198	0.18287	16905	5635
6199	0.16134	14914.8	7457.39
6200	0.08234	7611.64	3805.82
