#IID	F_ROH	ROH_length_kB	KBAVG
31331	0.00000	0	0
31332	0.20330	18791.4	9395.69
31333	0.04370	4039.25	4039.25
31334	0.08297	7668.94	3834.47
31335	0.10206	9433.04	4716.52
31336	0.09966	9212.04	4606.02
31337	0.29080	26879.1	8959.68
31338	0.10968	10137.4	5068.7
31339	0.18336	16948.2	5649.39
31340	0.06730	6220.25	6220.25
31341	0.17630	16295.8	8147.92
31342	0.16461	15215	5071.66
31343	0.48714	45027.2	15009.1
31344	0.18206	16827.7	8413.87
31345	0.23040	21296.1	5324.03
31346	0.20009	18494.8	6164.92
31347	0.33351	30826.4	10275.5
31348	0.18718	17301	5766.99
31349	0.22130	20455	4090.99
31350	0.30882	28544.9	5708.98
31351	0.12715	11752.7	3917.57
31352	0.29126	26921.3	8973.78
31353	0.16472	15224.8	5074.93
31354	0.36025	33298.6	11099.5
31355	0.10481	9687.89	9687.89
31356	0.29067	26867.2	5373.43
31357	0.16617	15359	5119.68
31358	0.18763	17342.4	8671.18
31359	0.28686	26514.4	6628.59
31360	0.11428	10562.7	5281.37
31361	0.14923	13793.3	6896.66
31362	0.28435	26282.8	6570.7
31363	0.23845	22040.2	11020.1
31364	0.43627	40324.7	8064.93
31365	0.43827	40510.1	13503.4
31366	0.22857	21126.5	7042.17
31367	0.06380	5896.92	5896.92
31368	0.19703	18211.5	6070.49
31369	0.37755	34897.7	8724.44
31370	0.26257	24269.3	4853.85
31371	0.13839	12791.7	4263.9
31372	0.11557	10682.5	5341.23
31373	0.42698	39465.9	7893.19
31374	0.28009	25889.3	5177.86
31375	0.30800	28469	4067.01
31376	0.12502	11556	3852.01
31377	0.18282	16898	8449.01
31378	0.31836	29426.5	5885.3
31379	0.28417	26266.4	5253.27
31380	0.10482	9688.2	4844.1
31381	0.13415	12399.6	6199.79
31382	0.27831	25724.5	5144.9
31383	0.21916	20257.4	5064.35
31384	0.29066	26865.6	8955.2
31385	0.35011	32361	4623
31386	0.31764	29359.6	7339.91
31387	0.42013	38832.9	7766.58
31388	0.20359	18818.4	6272.8
31389	0.10152	9383.52	4691.76
31390	0.50072	46281.6	11570.4
31391	0.10939	10111.4	5055.69
31392	0.03107	2872.2	2872.2
31393	0.36034	33306.1	11102
31394	0.14721	13607.1	6803.57
31395	0.40298	37248	9312
31396	0.29323	27103.8	9034.59
31397	0.17987	16625.6	5541.86
31398	0.27988	25870	8623.32
31399	0.32727	30249.6	6049.92
31400	0.17415	16097.1	16097.1
