#IID	F_ROH	ROH_length_kB	KBAVG
6131	0.29834	27582	6895.5
6132	0.51987	48061.6	8010.26
6133	0.45828	42368.2	7061.37
6134	0.18562	17160.7	5720.22
6135	0.26210	24230.9	6057.73
6136	0.41642	38498	9624.51
6137	0.48845	45157.5	9031.51
6138	0.28931	26746.3	5349.26
6139	0.53155	49141.7	8190.29
6140	0.29536	27305.7	6826.42
6141	0.35016	32372.7	6474.54
6142	0.15157	14013	4671
6143	0.22309	20624.8	10312.4
6144	0.59142	54676.8	6834.6
6145	0.11894	10995.6	5497.82
6146	0.32496	30042.9	6008.58
6147	0.42072	38895.9	7779.18
6148	0.23985	22173.8	5543.44
6149	0.50897	47053.9	15684.6
6150	0.48445	44787.2	11196.8
6151	0.41285	38167.8	12722.6
6152	0.31075	28729.3	9576.43
6153	0.36629	33863.2	4837.6
6154	0.42460	39254.1	6542.36
6155	0.31543	29161.1	4860.18
6156	0.27727	25634	6408.51
6157	0.27466	25392.8	6348.2
6158	0.50408	46601.9	7766.98
6159	0.38957	36015.5	7203.1
6160	0.45132	41724.8	8344.96
6161	0.33570	31035.3	7758.84
6162	0.19801	18305.6	4576.41
6163	0.59096	54634.6	9105.76
6164	0.28577	26419.8	5283.97
6165	0.31477	29100.1	5820.01
6166	0.41907	38743.5	7748.7
6167	0.42614	39397.1	5628.16
6168	0.44181	40845.1	8169.02
6169	0.32698	30229.2	6045.84
6170	0.36693	33923.1	6784.62
6171	0.54406	50298.3	10059.7
6172	0.47877	44262.2	11065.6
6173	0.43615	40321.8	8064.36
6174	0.23742	21949.4	5487.34
6175	0.51368	47489.7	6784.25
6176	0.36020	33300.9	6660.17
6177	0.30547	28240.6	4706.77
6178	0.58922	54473.1	10894.6
6179	0.30718	28398.6	9466.2
6180	0.63061	58300.3	9716.72
6181	0.29445	27221.7	6805.44
6182	0.22381	20691	6897
6183	0.63051	58290.3	11658.1
6184	0.52702	48723.3	9744.66
6185	0.22297	20613.6	4122.72
6186	0.22437	20743.2	5185.81
6187	0.41374	38250.6	12750.2
6188	0.37819	34963.7	17481.8
6189	0.23788	21992	5497.99
6190	0.59903	55380.7	6922.59
6191	0.38664	35744.9	5957.48
6192	0.19222	17770.3	5923.44
6193	0.46583	43066.4	8613.29
6194	0.35739	33040.6	16520.3
6195	0.85984	79492.6	15898.5
6196	0.41792	38636.3	6439.39
6197	0.35263	32600.8	6520.16
6198	0.20402	18861.5	6287.18
6199	0.55625	51425.5	8570.91
6200	0.21839	20189.8	6729.93
