#IID	F_ROH	ROH_length_kB	KBAVG
6131	0.32057	29631.9	7407.98
6132	0.31216	28854	5770.8
6133	0.30098	27820.9	5564.17
6134	0.45823	42356.3	6050.9
6135	0.68015	62869.1	20956.4
6136	0.49778	46012	9202.41
6137	0.24271	22434.9	5608.71
6138	0.26565	24555.3	6138.84
6139	0.49121	45404.1	7567.35
6140	0.49701	45940.2	7656.69
6141	0.22183	20504.2	6834.73
6142	0.42292	39092.5	6515.41
6143	0.33775	31219.1	6243.81
6144	0.23189	21434.9	4286.97
6145	0.49036	45325.9	9065.18
6146	0.37106	34298.5	8574.63
6147	0.47712	44101.9	11025.5
6148	0.28577	26415.1	6603.77
6149	0.12257	11329.3	5664.66
6150	0.26387	24390.2	4878.05
6151	0.46041	42557.6	7092.93
6152	0.23996	22180.8	5545.19
6153	0.60902	56294.3	56294.3
6154	0.82827	76560.1	76560.1
6155	0.40837	37746.9	6291.14
6156	0.27852	25745	8581.68
6157	0.25572	23637.1	4727.42
6158	0.21698	20056.4	5014.09
6159	0.45598	42147.5	10536.9
6160	0.47720	44109.3	8821.86
6161	0.20023	18507.6	4626.91
6162	0.50668	46833.9	7805.66
6163	1.00000	92433.7	92433.7
6164	0.37074	34268.7	11422.9
6165	0.25150	23247.1	4649.42
6166	0.32962	30468	10156
6167	0.30066	27791.4	9263.8
6168	0.41442	38306.4	6384.4
6169	0.25482	23554	5888.51
6170	0.55034	50870.3	7267.18
6171	0.29329	27109.8	6777.45
6172	0.27575	25488.3	6372.07
6173	0.28347	26202.3	5240.46
6174	0.35842	33129.8	6625.95
6175	0.43287	40011.9	10003
6176	0.62829	58075.2	19358.4
6177	0.62354	57636	11527.2
6178	0.38477	35565.7	8891.41
6179	0.40617	37544.1	7508.83
6180	0.29653	27409.4	5481.88
6181	0.39448	36462.8	6077.13
6182	0.35707	33005.3	5500.88
6183	0.42112	38925.9	7785.19
6184	0.50829	46982.7	11745.7
6185	0.29838	27580	5516
6186	0.32750	30271.6	6054.32
6187	0.34146	31562.5	7890.62
6188	0.32727	30250.9	6050.18
6189	0.24611	22749.3	5687.33
6190	0.27400	25326.6	12663.3
6191	0.37909	35040.6	7008.13
6192	0.42102	38916	6486
6193	0.19405	17937.2	5979.08
6194	0.31652	29257.4	5851.49
6195	0.45262	41837.4	6972.9
6196	0.33667	31119.2	6223.84
6197	0.34713	32086.8	6417.35
6198	0.23373	21604.3	5401.06
6199	0.27130	25077.2	8359.07
6200	0.45439	42001	6000.15
