#IID	F_ROH	ROH_length_kB	KBAVG
8931	0.44911	41520.1	5931.44
8932	0.36714	33942.1	6788.41
8933	0.34393	31796.3	6359.27
8934	0.23097	21353	21353
8935	0.48031	44404	7400.67
8936	0.46069	42590.1	8518.02
8937	0.51205	47339.1	6762.73
8938	0.70056	64766.3	9252.33
8939	0.49419	45687.7	5710.97
8940	0.29189	26984.6	4497.44
8941	0.33091	30592.7	10197.6
8942	0.26696	24680.4	6170.11
8943	0.31322	28957.4	4826.24
8944	0.36599	33835.8	4833.68
8945	0.21449	19829.4	6609.81
8946	0.23447	21677	4335.41
8947	0.50805	46969.3	11742.3
8948	0.31703	29309.5	9769.83
8949	0.63675	58866.9	8409.55
8950	0.26180	24203.2	8067.73
8951	0.44758	41378.7	6896.45
8952	0.21447	19827.2	4956.79
8953	0.45168	41757.9	10439.5
8954	0.33835	31280.4	6256.08
8955	0.66115	61122.7	6112.27
8956	0.28595	26436.3	5287.26
8957	0.31731	29334.9	14667.5
8958	0.60119	55579.5	7939.93
8959	0.43431	40151.9	6691.98
8960	0.33105	30605.8	6121.16
8961	0.24050	22234.1	7411.36
8962	0.37848	34990.3	6998.06
8963	0.28334	26194.5	5238.89
8964	0.44853	41466.3	6911.06
8965	0.41250	38135.3	7627.06
8966	0.53412	49378.8	9875.75
8967	0.39993	36973.5	6162.25
8968	0.28267	26133	5226.6
8969	0.40345	37298.6	6216.44
8970	0.43551	40263.1	8052.62
8971	0.50580	46760.7	9352.14
8972	0.18716	17302.6	5767.53
8973	0.38309	35416.6	5059.51
8974	0.18115	16746.8	5582.27
8975	0.58758	54321	10864.2
8976	0.52504	48539.2	6067.4
8977	0.29287	27075.3	6768.82
8978	0.22192	20516.5	6838.85
8979	0.32926	30439.7	5073.28
8980	0.28299	26161.8	6540.45
8981	0.45604	42160.6	6022.94
8982	0.31319	28954.1	4136.29
8983	0.44066	40738.9	10184.7
8984	0.39675	36679.7	6113.28
8985	0.52077	48145.2	6877.89
8986	0.31217	28860.2	5772.05
8987	0.42687	39463.8	4932.98
8988	0.28530	26375.6	8791.86
8989	0.43416	40137.9	5733.99
8990	0.32053	29632.8	4938.8
8991	0.29179	26975.7	6743.93
8992	0.16979	15696.8	7848.39
8993	0.27530	25451.5	5090.3
8994	0.44311	40965.3	6827.55
8995	0.34074	31501.3	6300.26
8996	0.39627	36634.8	5233.54
8997	0.49508	45770.1	7628.35
8998	0.32676	30209.2	7552.31
8999	0.42681	39458.4	5636.92
9000	0.23061	21319.3	7106.44
