#IID	F_ROH	ROH_length_kB	KBAVG
6131	0.15418	14250.5	7125.25
6132	0.36356	33603.6	5600.61
6133	0.79630	73601.2	36800.6
6134	0.47257	43679.5	7279.92
6135	0.48456	44787.3	8957.45
6136	0.44199	40852.9	20426.4
6137	0.43937	40610.4	6768.39
6138	0.34595	31976.3	6395.26
6139	0.59142	54664.4	18221.5
6140	0.47562	43961.5	10990.4
6141	0.54733	50588.9	16863
6142	0.10317	9535.63	9535.63
6143	0.53338	49299.5	16433.2
6144	0.41229	38107.9	7621.58
6145	0.54536	50407	10081.4
6146	0.28217	26080.3	8693.45
6147	0.57473	53122	8853.67
6148	0.37520	34679.6	8669.9
6149	0.51186	47311.1	11827.8
6150	0.43351	40068.7	10017.2
6151	0.35997	33271.3	5545.21
6152	0.34801	32165.9	8041.48
6153	0.44848	41452.7	8290.53
6154	0.32771	30290.2	7572.55
6155	0.43676	40369.4	8073.87
6156	0.46000	42517.6	6073.94
6157	0.46306	42800.1	7133.34
6158	0.49808	46036.7	11509.2
6159	0.25771	23820.2	5955.05
6160	0.44137	40795.6	10198.9
6161	0.58200	53793.4	8965.57
6162	0.41406	38271.6	9567.9
6163	0.39772	36761.4	6126.9
6164	0.32717	30240.4	10080.1
6165	0.79790	73749.1	14749.8
6166	0.33772	31214.8	10404.9
6167	0.48091	44450	8890.01
6168	0.22396	20700.1	6900.02
6169	0.28308	26164.5	8721.5
6170	0.40193	37150.3	9287.57
6171	0.49795	46024.7	7670.78
6172	0.49039	45326.2	7554.37
6173	0.42954	39702.5	7940.49
6174	0.55018	50852.7	10170.5
6175	0.57101	52778	8796.33
6176	0.30091	27812.8	6953.19
6177	0.47444	43852.2	6264.6
6178	0.55090	50919.6	8486.61
6179	0.32215	29776.3	7444.06
6180	0.37274	34451.6	6890.32
6181	0.58092	53693.9	8948.98
6182	0.21797	20146.9	5036.73
6183	0.42658	39428.1	6571.35
6184	0.27641	25548.4	6387.11
6185	0.44579	41203.8	6867.31
6186	0.27173	25115.6	5023.12
6187	0.40226	37180.5	7436.09
6188	0.19523	18044.6	6014.86
6189	0.46610	43081.4	8616.27
6190	0.31548	29159.9	7289.98
6191	0.37725	34868.6	8717.15
6192	0.50117	46322.6	9264.52
6193	0.49203	45478.1	6496.87
6194	0.40383	37325.4	6220.89
6195	0.53551	49496.6	8249.44
6196	0.46778	43236.3	6176.62
6197	0.35208	32542.2	10847.4
6198	0.99875	92314	46157
6199	0.36953	34155.6	6831.11
6200	0.52341	48378.2	8063.03
