#IID	F_ROH	ROH_length_kB	KBAVG
48131	0.13685	12634.5	12634.5
48132	0.29953	27654.1	9218.04
48133	0.56981	52608.2	13152
48134	0.25398	23449.1	11724.6
48135	0.21456	19809.6	6603.21
48136	0.35389	32673.7	6534.74
48137	0.17081	15770.4	7885.18
48138	0.37217	34361.4	11453.8
48139	0.23073	21302.1	5325.53
48140	0.37154	34302.9	8575.71
48141	0.26579	24539.8	8179.93
48142	0.32196	29725.8	5945.16
48143	0.30521	28178.8	9392.94
48144	0.37670	34778.9	17389.4
48145	0.34173	31550.5	7887.62
48146	0.47611	43957.5	8791.5
48147	0.11184	10325.8	10325.8
48148	0.28401	26221.5	6555.37
48149	0.14509	13395.6	6697.81
48150	0.47065	43453.3	7242.21
48151	0.15537	14345.1	7172.56
48152	0.38436	35486.4	11828.8
48153	0.31312	28909.1	5781.82
48154	0.43263	39943.5	13314.5
48155	0.34281	31650.6	7912.64
48156	0.30069	27761.7	5552.34
48157	0.19471	17976.8	5992.25
48158	0.34890	32213	10737.7
48159	0.28521	26332.4	8777.47
48160	0.46685	43102.8	10775.7
48161	0.24277	22414.3	5603.58
48162	0.35423	32704.9	8176.23
48163	0.41281	38113.3	12704.4
48164	0.28252	26084	5216.8
48165	0.38490	35536.5	5922.75
48166	0.28335	26160.4	8720.13
48167	0.23293	21505.7	7168.58
48168	0.16516	15248.7	7624.34
48169	0.40343	37247.4	9311.86
48170	0.17587	16237.2	5412.4
48171	0.38765	35790.4	7158.08
48172	0.23689	21870.9	7290.3
48173	0.34624	31967.5	7991.89
48174	0.32779	30263.7	7565.92
48175	0.36868	34038.4	5673.06
48176	0.29785	27499.4	5499.89
48177	0.18305	16900	5633.33
48178	0.45937	42411.5	10602.9
48179	0.45492	42001.5	8400.3
48180	0.26224	24211.6	12105.8
48181	0.41538	38350.5	7670.1
48182	0.38404	35456.7	8864.18
48183	0.29181	26942.1	6735.52
48184	0.74010	68330.5	17082.6
48185	0.21723	20056.2	6685.4
48186	0.27918	25775.7	6443.93
48187	0.35676	32938.5	6587.71
48188	0.14169	13081.3	6540.63
48189	0.23267	21481.1	5370.28
48190	0.39144	36140.3	9035.08
48191	0.54356	50184.5	12546.1
48192	0.23303	21514.9	7171.64
48193	0.41272	38104.8	9526.2
48194	0.35345	32632.7	8158.17
48195	0.24254	22393.2	7464.39
48196	0.24049	22203.3	7401.11
48197	0.13685	12634.5	12634.5
48198	0.23118	21343.9	7114.64
48199	0.33196	30649.1	7662.28
48200	0.39455	36427.5	9106.88
