#IID	F_ROH	ROH_length_kB	KBAVG
3331	0.58029	53603.3	26801.7
3332	0.34117	31515.4	10505.1
3333	0.41351	38197.3	12732.4
3334	0.24866	22969.2	11484.6
3335	0.87133	80487.7	80487.7
3336	0.32425	29952	5990.4
3337	0.30900	28543.4	7135.86
3338	0.24775	22885.3	11442.7
3339	0.29426	27181.5	6795.38
3340	0.35214	32528.4	6505.68
3341	0.22088	20403.1	6801.02
3342	0.57059	52707.3	7529.62
3343	0.29067	26850.5	6712.61
3344	0.41331	38179.1	9544.76
3345	0.36895	34081.1	6816.22
3346	0.30775	28428.4	5685.67
3347	0.32339	29872.9	7468.23
3348	0.46909	43331.6	10832.9
3349	0.28129	25983.5	6495.88
3350	0.29315	27079.4	5415.88
3351	0.46932	43352.6	8670.53
3352	0.46660	43101.5	21550.8
3353	0.21221	19603	4900.76
3354	0.42308	39081.6	6513.6
3355	0.23928	22103.1	5525.77
3356	0.40970	37845.1	9461.28
3357	0.22450	20737.8	6912.61
3358	0.43258	39959.3	4994.91
3359	0.38532	35593.8	7118.77
3360	0.25281	23353.1	5838.27
3361	0.46778	43210.3	10802.6
3362	0.30375	28058.8	7014.7
3363	0.38163	35252.5	7050.51
3364	0.21999	20321	5080.26
3365	0.34736	32086.9	10695.6
3366	0.35896	33158.2	8289.55
3367	0.17634	16289.5	5429.84
3368	0.31113	28740.2	7185.04
3369	0.28564	26385.5	6596.37
3370	0.28596	26414.9	6603.72
3371	0.41051	37920.3	6320.05
3372	0.20992	19391.5	6463.83
3373	0.13515	12483.9	12483.9
3374	0.19266	17796.7	5932.23
3375	0.29191	26964.4	6741.09
3376	0.23499	21706.9	5426.73
3377	0.40779	37668.9	9417.22
3378	0.56389	52088.9	13022.2
3379	0.32673	30181.4	6036.28
3380	0.35415	32714.4	8178.6
3381	0.34356	31735.6	7933.89
3382	0.16192	14957.2	7478.6
3383	0.51059	47165.1	7860.84
3384	0.10793	9969.55	9969.55
3385	0.17307	15986.7	7993.35
3386	0.26617	24586.9	6146.71
3387	0.17527	16190	5396.68
3388	0.43766	40427.9	8085.58
3389	0.28368	26204.5	8734.83
3390	0.47761	44118.6	7353.11
3391	0.24638	22758.6	7586.19
3392	0.37205	34368	8591.99
3393	0.23416	21630.5	5407.62
3394	0.25462	23519.9	7839.96
3395	0.41251	38105.1	9526.27
3396	0.38937	35967.9	7193.58
3397	0.40926	37805	5400.71
3398	0.39432	36424.6	7284.91
3399	0.28257	26102.3	6525.58
3400	0.23885	22063.8	5515.94
