#IID	F_ROH	ROH_length_kB	KBAVG
3331	0.15989	14782.1	4927.37
3332	0.28864	26686	5337.2
3333	0.41208	38097.7	6349.61
3334	0.25236	23331.2	4666.24
3335	0.60833	56241.9	18747.3
3336	0.20098	18581.5	9290.76
3337	0.38744	35820.2	5970.03
3338	0.29709	27466.8	9155.59
3339	0.24972	23087.3	5771.82
3340	0.43250	39985.5	9996.38
3341	0.35437	32762.1	5460.35
3342	0.13644	12614.4	4204.81
3343	0.41900	38737.8	7747.57
3344	0.34059	31488.2	6297.64
3345	0.23945	22138.1	7379.37
3346	0.27705	25614.1	6403.52
3347	0.61922	57248.3	28624.1
3348	0.23487	21714.8	5428.71
3349	0.49612	45867.7	11466.9
3350	0.35328	32661.4	6532.28
3351	0.15864	14666.7	4888.89
3352	0.15332	14174.9	4724.95
3353	0.39100	36148.7	18074.3
3354	0.25534	23606.9	7868.97
3355	0.33310	30796.4	5132.73
3356	0.22781	21061.9	4212.39
3357	0.41702	38555	7711
3358	0.19681	18196	6065.34
3359	0.23301	21542	5385.49
3360	0.20586	19032.4	6344.12
3361	0.48629	44959	8991.8
3362	0.54334	50233.3	12558.3
3363	0.25072	23180	5795
3364	0.32237	29804.4	9934.79
3365	0.21087	19495.9	6498.63
3366	0.29770	27523.4	13761.7
3367	0.39519	36536.2	9134.04
3368	0.37100	34300.2	8575.05
3369	0.35867	33159.8	11053.3
3370	0.25750	23806.7	5951.67
3371	0.40467	37412.8	7482.55
3372	0.35340	32673.2	6534.64
3373	0.27654	25566.5	8522.15
3374	0.30039	27771.8	6942.95
3375	0.37834	34978.9	11659.6
3376	0.13068	12081.4	4027.15
3377	0.12501	11557.4	5778.68
3378	0.13699	12664.8	6332.38
3379	0.39775	36773	9193.24
3380	0.30580	28272.1	5654.41
3381	0.29599	27365.1	6841.28
3382	0.19810	18315.1	6105.03
3383	0.22447	20753.1	4150.62
3384	0.39526	36542.9	7308.59
3385	0.36715	33944.4	6788.88
3386	0.27537	25458.8	6364.7
3387	0.30007	27742	9247.35
3388	0.17815	16470.2	4117.55
3389	0.23475	21702.9	5425.73
3390	0.27001	24963.6	6240.9
3391	0.21611	19980.2	6660.06
3392	0.12247	11322.7	3774.24
3393	0.30448	28149.6	7037.41
3394	0.49840	46078.3	9215.66
3395	0.24230	22401.5	5600.38
3396	0.28824	26648.9	8882.95
3397	0.14348	13264.9	6632.44
3398	0.50132	46348.9	6621.27
3399	0.47573	43982.8	8796.57
3400	0.34688	32069.8	8017.45
