#IID	F_ROH	ROH_length_kB	KBAVG
50931	0.36531	33738.1	5623.01
50932	0.46335	42792.6	7132.11
50933	0.69512	64198.2	21399.4
50934	0.26434	24413	6103.26
50935	0.66152	61094.8	12219
50936	0.44638	41225.9	6870.98
50937	0.78551	72545.8	12091
50938	0.24258	22403.4	5600.85
50939	0.30324	28005.4	5601.08
50940	0.11060	10214.1	3404.7
50941	0.12525	11567.1	5783.57
50942	0.58579	54100.5	10820.1
50943	0.13945	12879	4293
50944	0.11781	10880.5	3626.83
50945	0.37243	34395.9	6879.18
50946	0.33165	30629.6	7657.4
50947	0.23594	21790.1	4358.02
50948	0.14004	12933.2	6466.6
50949	0.24925	23019.3	5754.82
50950	0.30481	28150.5	7037.63
50951	0.14964	13819.9	6909.97
50952	0.16751	15470.1	5156.69
50953	0.19643	18141.6	4535.39
50954	0.55544	51297.7	10259.5
50955	0.34169	31556.8	6311.36
50956	0.27648	25534	6383.5
50957	0.50488	46628	9325.59
50958	0.24280	22424.2	7474.72
50959	0.32081	29628.6	7407.15
50960	0.42710	39445.4	7889.07
50961	0.08469	7821.63	7821.63
50962	0.52096	48113.5	8018.92
50963	0.27421	25324.4	5064.89
50964	0.16512	15250.1	5083.38
50965	0.22972	21216.3	4243.26
50966	0.30398	28074.5	9358.17
50967	0.80542	74384.9	37192.5
50968	0.03119	2880.62	2880.62
50969	0.48119	44440.9	11110.2
50970	0.19877	18357.5	4589.37
50971	0.32007	29560.5	7390.13
50972	0.26638	24601.6	4920.32
50973	0.23642	21834.4	7278.13
50974	0.09731	8986.74	8986.74
50975	0.15872	14658.9	4886.3
50976	0.60116	55520.2	7931.46
50977	0.32737	30234.6	4319.22
50978	0.38559	35611	11870.3
50979	0.15051	13900	4633.34
50980	0.58381	53917.6	17972.5
50981	0.18536	17118.6	5706.19
50982	0.12113	11187.3	5593.66
50983	0.16358	15107.9	5035.98
50984	0.35101	32417.3	6483.45
50985	0.14631	13512.6	6756.32
50986	0.19118	17656.9	5885.65
50987	0.20285	18734.6	6244.87
50988	0.06491	5994.37	5994.37
50989	0.13652	12608	12608
50990	0.35313	32613.4	6522.68
50991	0.30221	27910.8	6977.69
50992	0.29759	27483.6	5496.72
50993	0.32807	30299.3	10099.8
50994	0.27672	25556.3	12778.1
50995	0.33480	30920.2	7730.04
50996	0.25683	23719.8	4743.97
50997	0.42497	39248.3	7849.66
50998	0.32006	29559.2	7389.81
50999	0.25416	23473.5	4694.71
51000	0.34822	32160	6432
