#IID	F_ROH	ROH_length_kB	KBAVG
8931	0.04881	4511.3	4511.3
8932	0.32150	29717.5	7429.38
8933	0.24534	22678.2	5669.55
8934	0.33057	30555.9	7638.98
8935	0.08940	8263.76	4131.88
8936	0.19132	17684.7	5894.9
8937	0.41012	37909.5	7581.91
8938	0.15883	14681.9	4893.95
8939	1.00000	92435.2	92435.2
8940	0.33257	30741.4	6148.28
8941	0.32585	30119.8	7529.94
8942	0.04967	4591.6	4591.6
8943	0.39560	36567.5	9141.87
8944	0.37752	34895.8	5815.97
8945	0.24143	22316.6	7438.86
8946	0.24286	22448.6	5612.14
8947	0.35235	32569.4	8142.34
8948	0.23038	21294.9	7098.3
8949	0.21414	19794.1	9897.06
8950	0.23862	22056.7	5514.18
8951	0.29215	27005	9001.67
8952	0.19186	17734.5	5911.5
8953	0.19058	17616.4	8808.18
8954	0.34405	31802.3	6360.47
8955	0.14311	13228	6613.98
8956	0.22234	20552.5	5138.12
8957	0.06397	5912.99	2956.49
8958	0.32574	30109.8	6021.96
8959	0.21644	20006.7	5001.66
8960	0.22365	20673.3	6891.09
8961	0.24656	22790.5	7596.85
8962	0.23511	21732	5433
8963	0.18835	17409.9	5803.3
8964	0.19947	18438.3	6146.09
8965	0.19952	18443	6147.66
8966	0.28434	26283	6570.76
8967	0.38261	35366.2	11788.7
8968	0.30272	27981.8	6995.46
8969	0.09838	9094.09	4547.05
8970	0.40887	37794.2	6299.03
8971	0.19431	17961.1	5987.04
8972	0.21956	20295.2	10147.6
8973	0.21182	19579.3	6526.44
8974	0.16848	15573.1	5191.02
8975	0.33692	31143.7	7785.91
8976	0.34897	32257.1	8064.27
8977	0.27986	25868.5	5173.71
8978	0.19823	18323.6	4580.89
8979	0.23530	21749.6	7249.88
8980	0.16865	15589	5196.34
8981	0.27471	25392.5	8464.17
8982	0.21048	19455.5	9727.75
8983	0.23227	21470.1	5367.54
8984	0.26565	24555.2	4911.04
8985	0.38018	35142.4	5857.07
8986	0.29946	27680.3	6920.06
8987	0.25876	23918.3	5979.57
8988	0.29269	27054.6	6763.64
8989	0.30003	27732.9	6933.24
8990	0.29912	27649.2	9216.4
8991	0.14811	13690.6	4563.53
8992	0.31033	28685.5	7171.38
8993	0.09301	8596.98	4298.49
8994	0.50769	46928.5	11732.1
8995	0.16242	15013.4	5004.47
8996	0.28097	25971.5	5194.31
8997	0.17525	16199.4	5399.8
8998	0.28043	25922	8640.67
8999	0.27306	25239.9	12619.9
9000	0.11856	10959.2	3653.07
