#IID	F_ROH	ROH_length_kB	KBAVG
17331	0.14981	13833.9	4611.3
17332	0.20790	19198.8	6399.59
17333	0.17453	16117.4	5372.45
17334	0.25470	23520.4	11760.2
17335	0.40932	37798.6	9449.66
17336	0.13183	12173.4	6086.72
17337	0.17556	16212.1	8106.05
17338	0.21808	20138.6	5034.65
17339	0.06983	6448.48	3224.24
17340	0.34386	31753.9	10584.6
17341	0.29805	27523	5504.6
17342	0.17341	16013.4	5337.82
17343	0.24654	22767	4553.4
17344	0.25424	23478.2	7826.07
17345	0.12632	11664.7	5832.33
17346	0.20278	18725.9	9362.93
17347	0.68464	63223.3	31611.6
17348	0.17852	16485.2	5495.05
17349	0.11088	10238.9	5119.43
17350	0.25715	23746.9	7915.64
17351	0.16486	15223.8	3805.94
17352	0.30103	27799	9266.33
17353	0.14125	13044.2	6522.08
17354	0.22235	20533.2	6844.41
17355	0.27809	25680.5	5136.1
17356	0.40400	37307.2	9326.81
17357	0.45454	41975	8395
17358	0.28300	26134.1	8711.38
17359	0.10038	9269.25	4634.63
17360	0.28924	26709.5	8903.16
17361	0.20883	19284.4	9642.19
17362	0.15972	14749.4	3687.35
17363	0.69266	63963.9	12792.8
17364	0.25094	23173.1	5793.27
17365	0.34618	31967.9	7991.99
17366	0.04042	3732.16	3732.16
17367	0.32295	29822.5	5964.5
17368	0.31359	28958.8	9652.94
17369	0.21637	19980.9	6660.3
17370	0.16559	15291.8	5097.28
17371	0.26669	24627.9	6156.99
17372	0.35542	32820.9	8205.23
17373	0.45683	42186	10546.5
17374	0.13452	12422.2	4140.72
17375	0.08425	7780.21	3890.11
17376	0.08638	7976.49	3988.25
17377	0.26393	24373	6093.24
17378	0.29269	27028.3	6757.09
17379	0.30422	28093.1	4682.19
17380	0.29903	27614.4	5522.88
17381	0.25127	23204	5800.99
17382	0.25319	23380.4	4676.09
17383	0.08944	8258.94	4129.47
17384	0.25040	23123.3	5780.84
17385	0.23092	21323.9	5330.98
17386	0.17090	15781.8	5260.59
17387	0.07644	7059.14	7059.14
17388	0.12267	11327.6	11327.6
17389	0.23790	21968.5	5492.14
17390	0.37047	34211.4	8552.86
17391	0.23264	21483.6	7161.2
17392	0.48642	44918.2	7486.36
17393	0.44465	41061.4	5865.91
17394	0.13830	12771.7	6385.86
17395	0.24183	22331.5	5582.87
17396	0.30361	28037	7009.25
17397	0.14713	13586.9	6793.43
17398	0.27065	24993.4	8331.12
17399	0.25614	23653	5913.24
17400	0.58211	53754.7	10750.9
