#IID	F_ROH	ROH_length_kB	KBAVG
11731	0.10262	9483.47	3161.16
11732	0.33287	30761.9	7690.48
11733	0.65703	60719.9	15180
11734	0.27808	25698.5	6424.63
11735	0.12236	11308.1	3769.37
11736	0.33456	30918.2	6183.64
11737	0.28660	26486.5	6621.64
11738	0.12705	11741.8	5870.89
11739	0.25705	23755	11877.5
11740	0.16916	15633.2	3908.3
11741	0.19720	18223.9	6074.65
11742	0.32987	30484.7	7621.19
11743	0.34596	31971.9	6394.38
11744	0.28268	26123.9	4353.98
11745	0.12726	11761.2	3920.39
11746	0.10131	9362.9	4681.45
11747	0.20761	19186.4	6395.48
11748	0.25796	23839.4	4767.89
11749	0.60690	56087	18695.7
11750	0.63730	58896.3	19632.1
11751	0.21932	20268.3	4053.67
11752	0.31346	28968.9	4828.14
11753	0.37112	34297.4	8574.34
11754	0.16276	15041.5	7520.77
11755	0.17017	15726.6	7863.28
11756	0.09336	8628.02	4314.01
11757	0.39119	36152.2	7230.44
11758	0.33243	30721.8	5120.29
11759	0.30344	28042.3	7010.58
11760	0.47401	43805.6	7300.94
11761	0.07690	7106.72	3553.36
11762	0.12259	11329.2	5664.58
11763	0.46270	42760.5	14253.5
11764	0.06581	6082.24	6082.24
11765	0.24840	22955.7	5738.93
11766	0.18860	17429.5	5809.84
11767	0.22434	20732.1	4146.42
11768	0.49217	45483.8	15161.3
11769	0.10007	9247.71	4623.86
11770	0.30598	28277.3	7069.32
11771	0.22847	21114.4	7038.12
11772	0.34680	32049.9	5341.65
11773	0.15171	14020.4	7010.21
11774	0.17558	16226.6	4056.65
11775	0.22596	20882.5	5220.63
11776	0.20628	19063.3	6354.42
11777	0.18108	16734.2	4183.55
11778	0.39776	36759.5	12253.2
11779	0.29460	27225.9	4537.65
11780	0.10503	9706.58	4853.29
11781	0.35505	32811.8	6562.37
11782	0.28921	26727.9	6681.98
11783	0.38909	35957.6	7191.52
11784	0.22670	20950.4	5237.61
11785	0.24411	22559.6	3759.93
11786	0.35216	32545.5	8136.37
11787	0.21738	20089.3	6696.43
11788	0.13922	12866.1	4288.7
11789	0.34204	31609.6	15804.8
11790	0.32031	29601.7	7400.44
11791	0.52057	48108.4	9621.68
11792	0.30090	27807.4	6951.84
11793	0.45641	42178.9	6025.56
11794	0.32272	29824.7	4260.67
11795	0.44048	40706.9	6784.48
11796	0.31898	29479	7369.76
11797	0.19034	17590	8795.02
11798	0.19207	17750.7	4437.68
11799	0.33856	31288.2	6257.64
11800	0.43134	39862.7	5694.66
