#IID	F_ROH	ROH_length_kB	KBAVG
20131	0.38153	35245.7	5874.28
20132	0.46053	42543.9	7090.65
20133	0.26189	24193.9	8064.63
20134	0.12797	11821.7	5910.85
20135	0.21775	20115.9	6705.3
20136	0.50980	47095.6	15698.5
20137	0.48630	44924.5	8984.9
20138	0.12499	11546.2	11546.2
20139	0.27722	25609.5	6402.37
20140	0.14999	13856.1	13856.1
20141	0.22361	20657.6	6885.88
20142	0.54854	50674.6	16891.5
20143	0.52470	48472.5	8078.74
20144	0.26704	24669.6	8223.19
20145	0.47025	43441.9	8688.37
20146	0.20084	18554	6184.65
20147	0.48325	44642.8	11160.7
20148	0.30130	27834.6	5566.92
20149	0.41767	38584.3	9646.09
20150	0.52807	48783.2	12195.8
20151	0.32257	29799.6	7449.91
20152	0.32848	30345.3	10115.1
20153	0.48985	45252.9	9050.58
20154	0.17248	15933.8	7966.92
20155	0.44344	40964.9	6827.48
20156	0.32705	30212.8	7553.2
20157	0.54907	50723	10144.6
20158	0.37744	34867.9	5811.32
20159	0.26586	24560.2	6140.04
20160	0.41119	37985.9	12662
20161	0.41269	38124.1	9531.03
20162	0.34547	31914.9	10638.3
20163	0.27609	25505.3	6376.33
20164	0.42244	39024.8	7804.96
20165	0.27402	25314.4	8438.13
20166	0.20580	19012.3	9506.16
20167	0.21331	19705.3	6568.44
20168	0.34147	31545.6	7886.4
20169	0.29074	26858.9	8952.97
20170	0.30427	28108.6	7027.16
20171	0.19959	18438.2	6146.06
20172	0.23922	22099.3	5524.82
20173	0.26643	24613.1	12306.6
20174	0.41999	38798.7	5542.67
20175	0.65438	60451.9	12090.4
20176	0.30104	27810.4	6952.59
20177	0.39849	36813	7362.6
20178	0.20642	19069	9534.48
20179	0.16165	14933.5	7466.77
20180	0.26683	24649.7	8216.56
20181	0.25853	23883.3	11941.7
20182	0.22255	20558.9	10279.4
20183	0.41489	38328.1	5475.44
20184	0.27084	25019.9	6254.98
20185	0.31752	29332.2	7333.04
20186	0.38549	35611.6	5935.26
20187	0.45252	41804.4	8360.88
20188	0.16590	15325.8	7662.9
20189	0.25745	23783.2	5945.8
20190	0.37033	34211.6	8552.89
20191	0.15544	14359.8	4786.59
20192	0.28580	26402.6	8800.88
20193	0.68176	62981.4	15745.3
20194	0.43154	39866.1	13288.7
20195	0.54364	50221.3	6277.67
20196	0.29472	27226.1	13613
20197	0.23506	21714.6	4342.91
20198	0.43481	40168.2	20084.1
20199	0.09465	8744.12	4372.06
20200	0.56823	52493.6	7499.08
