#IID	F_ROH	ROH_length_kB	KBAVG
6131	0.20073	18556.2	6185.39
6132	0.38860	35924.3	8981.07
6133	0.29588	27352.5	5470.5
6134	0.23169	21418.6	7139.55
6135	0.36069	33344	5557.34
6136	0.43960	40639.5	10159.9
6137	0.45350	41924.1	8384.83
6138	0.15069	13930.9	6965.47
6139	0.22762	21042.2	5260.54
6140	0.23455	21683.4	21683.4
6141	0.31919	29507.9	4917.98
6142	0.45868	42402.6	7067.1
6143	0.30194	27913	9304.35
6144	0.14641	13535.1	4511.72
6145	0.43297	40026.2	8005.24
6146	0.67735	62618.3	10436.4
6147	0.27721	25626.9	5125.38
6148	0.48702	45022.6	15007.5
6149	0.45391	41962.5	8392.51
6150	0.24223	22392.8	11196.4
6151	0.46760	43227.8	8645.56
6152	0.21502	19877.7	6625.89
6153	0.81307	75164.9	8351.66
6154	0.18730	17314.9	5771.63
6155	0.25102	23206.2	5801.56
6156	0.31128	28776.8	7194.19
6157	0.32347	29903.1	5980.62
6158	0.25788	23839.8	7946.59
6159	0.41990	38817.9	6469.65
6160	0.25014	23124.5	4624.9
6161	0.63103	58335.9	29168
6162	0.16758	15491.7	7745.86
6163	0.23577	21796.1	5449.03
6164	0.16741	15475.9	5158.64
6165	0.09848	9103.77	9103.77
6166	0.62355	57644.7	11528.9
6167	0.22774	21053.4	5263.36
6168	0.70992	65629.1	16407.3
6169	0.19255	17800.8	5933.6
6170	0.25180	23278.2	7759.39
6171	0.29624	27386.1	5477.23
6172	0.45709	42256	5282
6173	0.36399	33649.7	5608.28
6174	0.40749	37670.4	7534.07
6175	0.41768	38612.4	4826.55
6176	0.47748	44140.7	14713.6
6177	0.37820	34962.6	5827.09
6178	0.73979	68390.4	22796.8
6179	0.24711	22844.7	5711.17
6180	0.16336	15101.8	7550.89
6181	0.24758	22888	5722.01
6182	0.42190	39003.2	5571.88
6183	0.37061	34261.1	4894.45
6184	0.53006	49002.1	16334
6185	0.23636	21850.3	4370.06
6186	0.33063	30565.7	7641.43
6187	0.24282	22447.7	7482.56
6188	0.42724	39496.7	5642.38
6189	0.16572	15319.8	7659.92
6190	0.34238	31651.6	6330.31
6191	0.28811	26634.7	5326.94
6192	0.36347	33601.7	5600.28
6193	0.49531	45789.7	9157.95
6194	0.26942	24906.5	4981.29
6195	0.41262	38144.6	9536.15
6196	0.17342	16032.3	4008.08
6197	0.24144	22320.4	7440.12
6198	0.36446	33692.5	6738.5
6199	0.34796	32167.8	8041.95
6200	0.38062	35186.3	5864.39
