#IID	F_ROH	ROH_length_kB	KBAVG
8931	0.25810	23857.2	5964.3
8932	0.14333	13248.4	4416.13
8933	0.24221	22388.3	22388.3
8934	0.33868	31305.5	5217.59
8935	0.15599	14418.4	7209.19
8936	0.52965	48957	6119.62
8937	0.26965	24925	12462.5
8938	0.29832	27574.3	5514.87
8939	0.35766	33059.6	4722.8
8940	0.47129	43563	21781.5
8941	0.70787	65430.7	16357.7
8942	0.32730	30253.8	7563.45
8943	0.29776	27522.6	6880.65
8944	0.28449	26296.5	5259.31
8945	0.81959	75758	18939.5
8946	0.24607	22745.4	4549.08
8947	0.41720	38563.4	12854.5
8948	0.30837	28503.3	5700.66
8949	0.29148	26942.4	8980.8
8950	0.53835	49761.7	8293.61
8951	0.48492	44823.3	5602.92
8952	0.54903	50748.6	12687.1
8953	0.41297	38172.5	9543.13
8954	0.40771	37686.4	9421.61
8955	0.13216	12215.7	6107.86
8956	0.31413	29036.1	7259.03
8957	0.42227	39032.3	7806.45
8958	0.31117	28762.7	5752.55
8959	0.50914	47061.5	9412.3
8960	0.32183	29747.8	5949.56
8961	0.42090	38905.5	4863.19
8962	0.23511	21731.7	4346.34
8963	0.61229	56595.7	28297.8
8964	0.28791	26612.3	5322.47
8965	0.21875	20219.4	5054.86
8966	0.51504	47607.1	9521.43
8967	0.35925	33206.3	8301.57
8968	0.08359	7726.45	3863.23
8969	0.46839	43295.1	8659.01
8970	0.33358	30834	7708.5
8971	0.19265	17807.3	4451.84
8972	0.49156	45436.6	6490.94
8973	0.28004	25885.3	8628.44
8974	0.28243	26105.6	5221.13
8975	0.17597	16265.7	5421.91
8976	0.39122	36161.5	9040.36
8977	0.25011	23118.6	7706.19
8978	0.39163	36199.3	6033.21
8979	0.19143	17694.3	5898.1
8980	0.52214	48262.9	6894.69
8981	0.49016	45307.3	11326.8
8982	0.28783	26605.4	5321.09
8983	0.28888	26702.1	5340.42
8984	0.40544	37476.3	7495.27
8985	0.28707	26534.9	4422.49
8986	0.35203	32539.1	8134.79
8987	0.07489	6922.09	3461.04
8988	0.48784	45092.8	6441.83
8989	0.34208	31620	4517.15
8990	0.27993	25874.5	5174.89
8991	0.31193	28832.8	5766.57
8992	0.23816	22014	5503.51
8993	0.34800	32167.1	10722.4
8994	0.23666	21875.3	4375.06
8995	0.21018	19428	6476
8996	0.49546	45797.1	6542.44
8997	0.16828	15554.7	5184.91
8998	0.30995	28649.9	7162.47
8999	0.33405	30877.3	7719.33
9000	0.78918	72946.8	24315.6
