#IID	F_ROH	ROH_length_kB	KBAVG
8931	0.37995	35123.1	5853.84
8932	0.47577	43981	10995.2
8933	0.38190	35303.1	35303.1
8934	0.42920	39675.9	7935.18
8935	0.22160	20485	5121.24
8936	0.43661	40360.5	5765.78
8937	0.28024	25905.8	5181.15
8938	0.31860	29452.1	5890.42
8939	0.37974	35103.9	11701.3
8940	0.27980	25864.8	5172.96
8941	0.56775	52483.8	17494.6
8942	0.37339	34516.9	8629.24
8943	0.46574	43054.1	8610.82
8944	0.27856	25750.9	6437.72
8945	0.11567	10692.4	3564.15
8946	0.40386	37333.6	7466.71
8947	0.40940	37845.6	7569.12
8948	0.14216	13141.6	4380.54
8949	0.25614	23677.9	5919.49
8950	0.09848	9103.26	4551.63
8951	0.45696	42242.1	10560.5
8952	0.31957	29541.1	7385.27
8953	0.22744	21024.7	7008.23
8954	0.22875	21145.7	7048.57
8955	0.20609	19051.5	4762.88
8956	0.17831	16483.4	5494.46
8957	0.21404	19786.3	6595.43
8958	0.30740	28416.1	7104.02
8959	0.30448	28146.5	4691.09
8960	0.35204	32542.9	6508.58
8961	0.22193	20516	5128.99
8962	0.19082	17640	4409.99
8963	0.33810	31254.5	7813.62
8964	0.35530	32844.7	6568.93
8965	0.59676	55165.1	7880.73
8966	0.39150	36190.9	6031.82
8967	0.29729	27482.2	9160.73
8968	0.49025	45319	6474.14
8969	0.22336	20647.3	5161.83
8970	0.35578	32889	5481.5
8971	0.25072	23176.5	5794.12
8972	0.28407	26259.8	6564.96
8973	0.28529	26372.2	5274.44
8974	0.37983	35111.8	5851.97
8975	0.50485	46668.7	7778.12
8976	0.14069	13005.4	6502.69
8977	0.57282	52951.9	13238
8978	0.41439	38306.5	9576.62
8979	0.41665	38515.4	5502.2
8980	0.31985	29567.2	5913.43
8981	0.25510	23581.5	4716.29
8982	0.07752	7165.78	3582.89
8983	0.25228	23321	7773.67
8984	0.47666	44062.8	44062.8
8985	0.49770	46008.2	9201.64
8986	0.44805	41418.3	5916.9
8987	0.33782	31228.3	31228.3
8988	0.36132	33400.8	8350.19
8989	0.38082	35204	35204
8990	0.41826	38664.5	6444.08
8991	0.30102	27826.5	5565.31
8992	0.30725	28402.5	7100.63
8993	0.36220	33482.4	8370.6
8994	0.38235	35345.2	5890.86
8995	0.16745	15479.1	7739.54
8996	0.11078	10241	5120.51
8997	0.31080	28730.8	5746.15
8998	0.49593	45844.5	9168.89
8999	0.26937	24901.4	6225.35
9000	0.44901	41507.5	8301.51
