#IID	F_ROH	ROH_length_kB	KBAVG
6131	0.12157	11239.8	5619.89
6132	0.56098	51867.7	51867.7
6133	0.18777	17361.4	5787.14
6134	0.37119	34319.5	8579.88
6135	0.28764	26594.6	5318.92
6136	0.30689	28375.2	7093.79
6137	0.28805	26632.7	4438.78
6138	0.52777	48797.3	9759.46
6139	0.29663	27425.8	6856.45
6140	0.24773	22904.9	5726.23
6141	0.47600	44010.8	22005.4
6142	0.31551	29172.1	5834.42
6143	0.26007	24046.1	6011.53
6144	0.37678	34837	8709.24
6145	0.28769	26599.3	5319.87
6146	0.37411	34589.5	11529.8
6147	0.24070	22254.8	5563.71
6148	0.33606	31071.6	7767.89
6149	0.17578	16252.2	5417.41
6150	0.45125	41721.9	6953.65
6151	0.27324	25263.5	6315.87
6152	0.33207	30702.9	10234.3
6153	0.28171	26046.5	5209.29
6154	0.24756	22889.6	5722.41
6155	0.39677	36685.1	12228.4
6156	0.29392	27175.7	6793.94
6157	0.26617	24610.2	6152.54
6158	0.52061	48134.8	9626.96
6159	0.36731	33960.9	6792.18
6160	0.29412	27194.1	4532.36
6161	0.25979	24019.8	4003.29
6162	0.23008	21273.3	5318.31
6163	0.24629	22772.1	11386
6164	0.23625	21843.7	7281.24
6165	0.19981	18474.4	6158.15
6166	0.25484	23562.5	4712.5
6167	0.36825	34048.3	4864.04
6168	0.38350	35458.2	5065.46
6169	0.53159	49150.3	8191.71
6170	0.23926	22121.3	4424.27
6171	0.25186	23286.8	4657.36
6172	0.33188	30685.1	5114.19
6173	0.25060	23170.2	4634.05
6174	0.33043	30551.1	6110.22
6175	0.32429	29983.5	5996.7
6176	0.44743	41369.2	5909.89
6177	0.45883	42422.9	8484.57
6178	0.36762	33990.2	5665.03
6179	0.41742	38594.4	7718.88
6180	0.22400	20710.5	10355.2
6181	0.23766	21973.8	5493.44
6182	0.39678	36685.9	7337.19
6183	0.46352	42856.7	7142.78
6184	0.26508	24509.1	6127.28
6185	0.36524	33769.9	6753.98
6186	0.34521	31917.4	7979.34
6187	0.19290	17835.5	5945.16
6188	0.40945	37857.4	7571.49
6189	0.41130	38028.3	9507.08
6190	0.21051	19464	4866
6191	0.39758	36759.4	6126.57
6192	0.45793	42339.7	10584.9
6193	0.38067	35196.8	17598.4
6194	0.38744	35822.4	7164.49
6195	0.40026	37007.6	6167.94
6196	0.40712	37642.3	7528.47
6197	0.38674	35757.3	8939.32
6198	0.30059	27791.8	6947.94
6199	0.31380	29013.3	4835.55
6200	0.15043	13909	4636.34
