#IID	F_ROH	ROH_length_kB	KBAVG
3331	0.34909	32168.1	5361.34
3332	0.54394	50123.5	6265.44
3333	0.38873	35821.1	7164.21
3334	0.34533	31821.2	6364.24
3335	0.54555	50271.5	16757.2
3336	0.35151	32390.9	6478.17
3337	0.15387	14178.4	3544.61
3338	0.29530	27211.8	6802.94
3339	0.38595	35564.5	8891.13
3340	0.27182	25047.3	8349.1
3341	0.45008	41474	10368.5
3342	0.23279	21451.5	5362.87
3343	0.56136	51728.2	8621.37
3344	0.23620	21765	7255.01
3345	0.29399	27090.3	4515.06
3346	0.30584	28182.3	7045.58
3347	0.23317	21486.3	7162.11
3348	0.29179	26887.9	6721.97
3349	0.14674	13521.6	6760.79
3350	0.34636	31916.1	6383.21
3351	0.14847	13680.9	3420.24
3352	0.43534	40115.9	8023.18
3353	0.42438	39106.2	9776.54
3354	0.35057	32304.2	8076.05
3355	0.34054	31380.6	6276.12
3356	0.43027	39648.5	5664.07
3357	0.31030	28594	5718.8
3358	0.23123	21307.2	5326.8
3359	0.20914	19272	4817.99
3360	0.65542	60396	15099
3361	0.23094	21280.3	5320.08
3362	0.34273	31581.8	10527.3
3363	0.38517	35492.4	5915.4
3364	0.30689	28279.4	5655.88
3365	0.48837	45002.1	9000.43
3366	0.23170	21350.8	7116.92
3367	0.22561	20790	5197.5
3368	0.34000	31330.7	10443.6
3369	0.40878	37668	6278
3370	0.41511	38251.3	7650.25
3371	0.36184	33342.9	5557.15
3372	0.20548	18935	6311.68
3373	0.24222	22320.2	4464.03
3374	0.29526	27207.9	6801.97
3375	0.35205	32441.2	5406.87
3376	0.33197	30590.3	6118.06
3377	0.16287	15008.2	3752.05
3378	0.13707	12630.8	12630.8
3379	0.19035	17540	4385
3380	0.38965	35905.6	5129.38
3381	0.22584	20810.4	5202.59
3382	0.22889	21091.6	7030.53
3383	0.36436	33574.8	6714.95
3384	0.23600	21747.4	5436.86
3385	0.19026	17531.8	5843.92
3386	0.22979	21174.4	5293.6
3387	0.31894	29390.2	7347.56
3388	0.46704	43037.3	6148.19
3389	0.45032	41496	13832
3390	0.19233	17723	5907.66
3391	0.53932	49697.2	9939.44
3392	0.14630	13481.3	4493.77
3393	0.32848	30268.8	6053.76
3394	0.30606	28203.2	7050.81
3395	0.36841	33947.9	6789.58
3396	0.14125	13016.1	4338.71
3397	0.38602	35571.4	5928.56
3398	0.50691	46710.7	15570.2
3399	0.41449	38194.6	7638.91
3400	0.26717	24619.6	8206.53
