#IID	F_ROH	ROH_length_kB	KBAVG
3331	0.27312	25215.5	8405.16
3332	0.12291	11347.9	3782.65
3333	0.38175	35245.1	5874.18
3334	0.42192	38953.3	6492.22
3335	0.45704	42195.8	7032.63
3336	0.22246	20538.1	5134.53
3337	0.63792	58895.9	19632
3338	0.33447	30880	5146.67
3339	0.38916	35929.5	8982.38
3340	0.11042	10194.9	3398.3
3341	0.26512	24476.8	6119.19
3342	0.32511	30015.9	5002.65
3343	0.34229	31602.1	5267.02
3344	0.38142	35214.5	7042.9
3345	0.62764	57946.8	14486.7
3346	0.44903	41456.7	6909.45
3347	0.36359	33568.1	11189.4
3348	0.36696	33879.1	11293
3349	0.59094	54558.4	10911.7
3350	0.51042	47123.9	9424.77
3351	0.29971	27670.3	4611.71
3352	0.33086	30546.3	5091.05
3353	0.39222	36211.1	9052.78
3354	0.17210	15888.7	5296.22
3355	0.30308	27982.2	6995.55
3356	0.37122	34272.6	5712.09
3357	0.21843	20166.7	5041.68
3358	0.50772	46874.6	7812.43
3359	0.27868	25729.2	6432.29
3360	0.39539	36504.6	9126.15
3361	0.39593	36553.8	6092.31
3362	0.27062	24984.5	8328.18
3363	0.35656	32918.8	8229.71
3364	0.21778	20106.8	10053.4
3365	0.26777	24721.6	6180.4
3366	0.33548	30972.8	6194.57
3367	0.55040	50815.7	10163.1
3368	0.44759	41323.4	8264.68
3369	0.26944	24875.5	6218.89
3370	0.18336	16928.8	5642.94
3371	0.35361	32647.1	5441.19
3372	0.17600	16249	4062.25
3373	0.41022	37873	12624.3
3374	0.26113	24108.9	6027.22
3375	0.30112	27801.1	5560.21
3376	0.34811	32138.9	6427.78
3377	0.55413	51159.9	17053.3
3378	0.36667	33853.1	5642.18
3379	0.19702	18190.1	6063.37
3380	0.37061	34216.1	5702.68
3381	0.30463	28124.5	7031.14
3382	0.26266	24250.4	8083.46
3383	0.26929	24862	8287.34
3384	0.51091	47169.1	5896.14
3385	0.29326	27075.2	5415.03
3386	0.29236	26991.8	8997.28
3387	0.35920	33163	11054.3
3388	0.67114	61962.3	20654.1
3389	0.28171	26008.6	6502.15
3390	0.21895	20214.3	4042.85
3391	0.15305	14130.5	4710.15
3392	0.16020	14790.1	4930.04
3393	0.24511	22630	7543.32
3394	0.13686	12635.4	4211.81
3395	0.42009	38784.5	9696.13
3396	0.10818	9987.51	4993.75
3397	0.32121	29655.3	7413.83
3398	0.15812	14598.6	7299.31
3399	0.51936	47949.6	23974.8
3400	0.18988	17530.3	4382.58
