#IID	F_ROH	ROH_length_kB	KBAVG
3331	0.36125	33390.7	8347.68
3332	0.33935	31366.5	5227.76
3333	0.37622	34774.3	6954.86
3334	0.37394	34564.2	8641.06
3335	0.40989	37886.4	6314.39
3336	0.33205	30692.3	7673.08
3337	0.56420	52149.7	7449.95
3338	0.23142	21390.9	5347.72
3339	0.29115	26911.9	6727.97
3340	0.41541	38396.6	6399.43
3341	0.47952	44322.7	7387.12
3342	0.43995	40665.6	10166.4
3343	0.11397	10534	5267.02
3344	0.32059	29632.9	4938.82
3345	0.24501	22646.4	5661.6
3346	0.41594	38446.4	12815.5
3347	0.40974	37872.6	6312.1
3348	0.31878	29465.1	7366.28
3349	0.21200	19595.5	6531.82
3350	0.31385	29009.5	9669.82
3351	0.29633	27389.8	5477.95
3352	0.24285	22446.9	5611.73
3353	0.56259	52000.9	13000.2
3354	0.29770	27517.2	6879.31
3355	0.44083	40746.5	6791.09
3356	0.35054	32400.9	8100.22
3357	0.24957	23068.2	5767.06
3358	0.41358	38228	7645.6
3359	0.21909	20250.6	5062.66
3360	0.17125	15829.2	5276.41
3361	0.32389	29937.7	5987.53
3362	0.42349	39143.6	7828.73
3363	0.23142	21390.3	5347.58
3364	0.33667	31118.6	5186.43
3365	0.36615	33843.7	4834.82
3366	0.22565	20857.3	6952.42
3367	0.33403	30875.2	6175.05
3368	0.46979	43423.7	7237.28
3369	0.41278	38154	9538.49
3370	0.45433	41994.3	8398.87
3371	0.56045	51803	5180.3
3372	0.41819	38654.2	9663.56
3373	0.39098	36138.6	6023.1
3374	0.31591	29199.7	7299.92
3375	0.35412	32731.9	6546.38
3376	0.36675	33899.4	6779.88
3377	0.41279	38154.6	5450.65
3378	0.41786	38623.9	6437.31
3379	0.64411	59536.2	11907.2
3380	0.30571	28257.3	7064.32
3381	0.40200	37157.7	12385.9
3382	0.40068	37035.2	7407.03
3383	0.38266	35370.3	5052.9
3384	0.61084	56460.6	18820.2
3385	0.25116	23215.3	5803.82
3386	0.30083	27806.5	6951.61
3387	0.40047	37015.8	6169.3
3388	0.30431	28128.2	7032.06
3389	0.47560	43960.4	8792.07
3390	0.40005	36977.7	6162.94
3391	0.35416	32736	8184
3392	0.63816	58986.5	8426.64
3393	0.25133	23231.2	7743.73
3394	0.26995	24951.8	4990.36
3395	0.57596	53236.7	13309.2
3396	0.18628	17218.4	4304.6
3397	0.40650	37573.7	5367.67
3398	0.17972	16611.8	8305.91
3399	0.40612	37538.1	6256.35
3400	0.45791	42325.1	6046.44
