#IID	F_ROH	ROH_length_kB	KBAVG
22931	0.52740	48745.6	6963.65
22932	0.36567	33797.4	6759.47
22933	0.33592	31047.4	6209.48
22934	0.28844	26659.7	5331.95
22935	0.29330	27108.9	13554.4
22936	0.34770	32136.8	10712.3
22937	0.38124	35236.8	7047.37
22938	0.47426	43834.1	8766.83
22939	0.55670	51453.9	10290.8
22940	0.14707	13593.4	4531.12
22941	0.14460	13364.8	4454.92
22942	0.41282	38155.7	7631.13
22943	0.28702	26528	6631.99
22944	0.42949	39696.4	7939.28
22945	0.35738	33031.1	5505.18
22946	0.12668	11708.9	5854.45
22947	0.25506	23574.2	4714.84
22948	0.21283	19670.6	9835.31
22949	0.24791	22913.4	4582.67
22950	0.59995	55450.7	9241.78
22951	0.33231	30713.9	7678.47
22952	0.46655	43121.6	8624.33
22953	0.44857	41459.4	13819.8
22954	0.22588	20877.6	5219.4
22955	0.30754	28424.8	9474.94
22956	0.17073	15779.5	3944.87
22957	0.41232	38109.5	7621.91
22958	0.48059	44418.8	7403.13
22959	0.39171	36204.6	12068.2
22960	0.54506	50377.7	50377.7
22961	0.30504	28193.6	7048.39
22962	0.51970	48034	12008.5
22963	0.22605	20893.3	6964.44
22964	0.34943	32296.8	5382.8
22965	0.60608	56018	11203.6
22966	0.51001	47138.6	7856.43
22967	0.32568	30101.5	10033.8
22968	0.29493	27259.3	6814.83
22969	0.47536	43935.7	8787.15
22970	0.25508	23576	5894
22971	0.33864	31299.3	7824.83
22972	0.34480	31868.5	6373.7
22973	0.50118	46322.2	7720.37
22974	0.12713	11750.2	11750.2
22975	0.54489	50362.2	12590.5
22976	0.36388	33632.2	5605.36
22977	0.46938	43382.6	7230.43
22978	0.23417	21643.4	10821.7
22979	0.30811	28477.2	7119.31
22980	0.21349	19732.1	6577.36
22981	0.25534	23600	4720
22982	0.33469	30934	5155.67
22983	0.33748	31191.8	10397.3
22984	0.36224	33480	6696
22985	0.44221	40871.3	6811.88
22986	0.37762	34902	6980.4
22987	0.16485	15236.8	5078.95
22988	0.15842	14642.3	7321.14
22989	0.54644	50505.1	6313.14
22990	0.33555	31013.8	5168.97
22991	0.53831	49754.1	9950.83
22992	0.30120	27839.2	4639.86
22993	0.37207	34388.9	4912.7
22994	0.25938	23973.3	5993.32
22995	0.36883	34089.6	8522.41
22996	0.19185	17732.3	5910.78
22997	0.34386	31781.5	10593.8
22998	0.15050	13910.1	6955.03
22999	0.24577	22715.7	7571.9
23000	0.15815	14617.1	4872.37
