#IID	F_ROH	ROH_length_kB	KBAVG
3331	0.53564	49389.7	16463.2
3332	0.31428	28979	7244.76
3333	0.33920	31277.2	10425.7
3334	0.18429	16992.7	5664.23
3335	0.29027	26765.2	8921.75
3336	0.33277	30684	6136.81
3337	0.39718	36623	6103.83
3338	0.31406	28959	9653.02
3339	0.21373	19707.7	4926.92
3340	0.44060	40626.8	8125.36
3341	0.27807	25640.1	8546.7
3342	0.17521	16155.4	4038.85
3343	0.38957	35921.3	5986.88
3344	0.36226	33402.8	6680.57
3345	0.48918	45106.1	15035.4
3346	0.33588	30970.9	7742.73
3347	0.32232	29720.3	9906.77
3348	0.25493	23506.5	4701.3
3349	0.38865	35836.6	8959.15
3350	0.43869	40450.4	10112.6
3351	0.26353	24299.1	6074.77
3352	0.42822	39485.1	9871.27
3353	0.20968	19334.2	6444.74
3354	0.20226	18649.7	4662.43
3355	0.42797	39462.5	9865.63
3356	0.38724	35706.2	5100.89
3357	0.41273	38056.5	5436.65
3358	0.46672	43035.2	8607.04
3359	0.39015	35975	7194.99
3360	0.26605	24531.6	4906.32
3361	0.13793	12718.6	4239.54
3362	0.39066	36021.6	7204.32
3363	0.39291	36229.4	7245.87
3364	0.56063	51694	10338.8
3365	0.41915	38648.8	12882.9
3366	0.33539	30925.3	6185.05
3367	0.28562	26336.7	5267.35
3368	0.20007	18447.8	6149.26
3369	0.33217	30628.7	10209.6
3370	0.40640	37473.5	9368.38
3371	0.36760	33895.9	6779.19
3372	0.30654	28265.7	7066.42
3373	0.36209	33387.4	6677.47
3374	0.20287	18705.8	6235.28
3375	0.39092	36045.5	7209.1
3376	0.42595	39276.1	9819.02
3377	0.18131	16718	8359.02
3378	0.38054	35088.6	7017.73
3379	0.39806	36703.8	7340.76
3380	0.21665	19976.9	4994.24
3381	0.38214	35235.8	5872.64
3382	0.48458	44681.8	8936.36
3383	0.16756	15450.4	5150.13
3384	0.36379	33544.6	6708.93
3385	0.43955	40529.9	10132.5
3386	0.39303	36240.7	6040.12
3387	0.24367	22468.5	5617.12
3388	0.20348	18762.1	6254.03
3389	0.27641	25486.9	6371.73
3390	0.40360	37214.8	6202.47
3391	0.31094	28670.6	7167.65
3392	0.52817	48701.5	9740.31
3393	0.45084	41570.5	6928.42
3394	0.31740	29266.6	5853.32
3395	0.26865	24771.5	6192.87
3396	0.38012	35049.5	8762.38
3397	0.46329	42718.8	8543.76
3398	0.45300	41769.6	10442.4
3399	0.45287	41757.7	5965.38
3400	0.27548	25401.7	8467.23
