#IID	F_ROH	ROH_length_kB	KBAVG
22931	0.35512	32814.2	5469.03
22932	0.38826	35876.5	5979.41
22933	0.26206	24215.5	4843.1
22934	0.15741	14545.6	7272.78
22935	0.26835	24796.4	4132.73
22936	0.08833	8161.89	4080.94
22937	0.20766	19188.9	4797.22
22938	0.22848	21112.8	5278.21
22939	0.36046	33307.6	5551.26
22940	0.29804	27540	5508
22941	0.56418	52132.2	10426.4
22942	0.25694	23742.1	5935.52
22943	0.25950	23978.5	4795.7
22944	0.30091	27805	9268.32
22945	0.40531	37452.4	9363.11
22946	0.36156	33409.3	6681.85
22947	0.25426	23495	7831.66
22948	0.24603	22734.4	5683.59
22949	0.21722	20072	5017.99
22950	0.23956	22136.1	5534.03
22951	0.38917	35961.3	5993.55
22952	0.26144	24157.9	6039.47
22953	0.47700	44076.8	7346.13
22954	0.36271	33515.5	6703.09
22955	0.72133	66653.9	33327
22956	0.15517	14338.2	7169.08
22957	0.51067	47188.4	7864.73
22958	0.34356	31746.2	6349.25
22959	0.14394	13300.4	4433.46
22960	0.36397	33632.5	16816.2
22961	0.38414	35495.9	7099.17
22962	0.22079	20402.3	4080.46
22963	0.17802	16449.4	8224.72
22964	0.26276	24280.2	6070.05
22965	0.40582	37499	9374.75
22966	0.35075	32411.1	10803.7
22967	0.55306	51104.7	7300.67
22968	0.16979	15689.7	5229.91
22969	0.26932	24886.6	6221.66
22970	0.34929	32275.8	5379.3
22971	0.43608	40295.7	8059.14
22972	0.15964	14751.8	4917.28
22973	0.40252	37194.1	6199.02
22974	0.44875	41465.9	8293.18
22975	0.28233	26088.5	5217.7
22976	0.36833	34035.1	5672.52
22977	0.26335	24334.4	4866.88
22978	0.20258	18719.2	6239.74
22979	0.10194	9419.71	4709.86
22980	0.35718	33004.5	6600.89
22981	0.14166	13089.6	6544.82
22982	0.20444	18890.9	6296.96
22983	0.30381	28073.4	5614.69
22984	0.27426	25342.6	6335.66
22985	0.20062	18537.7	6179.22
22986	0.28335	26182.9	8727.64
22987	0.34581	31954.5	5325.74
22988	0.56174	51907.2	7415.32
22989	0.31056	28696.7	5739.33
22990	0.15100	13953.4	4651.12
22991	0.12509	11559.1	5779.57
22992	0.38099	35204.8	7040.95
22993	0.15346	14180.3	7090.13
22994	0.26273	24277.5	4855.5
22995	0.23910	22093.4	5523.35
22996	0.38641	35705.7	5100.82
22997	0.20562	19000.4	4750.1
22998	0.24287	22441.8	5610.44
22999	0.28713	26532	3790.29
23000	0.33433	30893.2	5148.87
