#IID	F_ROH	ROH_length_kB	KBAVG
3331	0.73242	67701.6	22567.2
3332	0.18906	17475.5	5825.16
3333	0.15346	14184.8	4728.28
3334	0.44030	40699	10174.7
3335	0.33522	30986.3	6197.26
3336	0.49354	45620.3	11405.1
3337	0.55807	51585.1	17195
3338	0.42262	39065.4	6510.91
3339	0.30325	28031	5606.21
3340	0.39213	36246.5	7249.3
3341	0.15917	14712.6	4904.2
3342	0.30923	28584.2	9528.05
3343	0.42874	39630.4	6605.07
3344	0.37275	34455	5742.5
3345	0.29679	27433.5	5486.69
3346	0.60472	55898	9316.33
3347	0.25123	23222.4	5805.59
3348	0.39688	36686.1	18343.1
3349	0.17446	16126.1	5375.37
3350	0.37739	34883.8	5813.97
3351	0.10284	9506	4753
3352	0.28124	25996.3	4332.71
3353	0.34331	31733.9	7933.48
3354	0.32342	29895.3	4982.56
3355	0.36752	33972.2	8493.05
3356	0.48250	44600	11150
3357	0.32148	29716.6	4952.76
3358	0.11521	10649.2	3549.72
3359	0.28021	25901.3	8633.78
3360	0.33228	30714.7	7678.68
3361	0.07972	7368.67	7368.67
3362	0.19525	18048.3	4512.07
3363	0.24062	22241.7	5560.43
3364	0.26998	24955.6	4159.27
3365	0.11113	10272.6	5136.31
3366	0.20347	18808.2	4702.04
3367	0.09762	9023.62	4511.81
3368	0.25264	23352.6	5838.16
3369	0.17304	15994.9	5331.64
3370	0.28941	26752.2	4458.69
3371	0.26930	24892.7	4978.55
3372	0.22650	20936.7	6978.91
3373	0.18933	17500.6	5833.52
3374	0.34269	31676.4	4525.2
3375	0.32157	29724.6	9908.21
3376	0.37925	35055.9	8763.98
3377	0.50794	46951.9	11738
3378	0.22351	20659.9	6886.62
3379	0.61636	56973.4	9495.57
3380	0.37640	34792.7	6958.54
3381	0.29189	26980.6	5396.11
3382	0.37863	34998.6	6999.71
3383	0.27313	25246.9	5049.39
3384	0.21861	20207.1	5051.76
3385	0.45763	42301.1	7050.19
3386	0.28661	26492.6	4415.43
3387	0.60496	55919.7	9319.94
3388	0.60023	55482.3	13870.6
3389	0.40645	37570.3	5367.19
3390	0.18977	17541.6	5847.2
3391	0.38146	35260.9	5037.28
3392	0.44474	41110	8222
3393	0.32686	30213.1	7553.27
3394	0.43270	39997	7999.4
3395	0.22106	20433.5	5108.37
3396	0.23432	21659.9	5414.98
3397	0.29829	27573	6893.26
3398	0.19835	18334.8	4583.7
3399	0.38814	35877.8	7175.55
3400	0.17912	16556.6	4139.14
