#IID	F_ROH	ROH_length_kB	KBAVG
11731	0.48622	44936.3	7489.38
11732	0.47410	43817	10954.2
11733	0.31264	28894.8	5778.95
11734	0.44529	41153.6	10288.4
11735	0.55326	51132.5	10226.5
11736	0.44722	41332.5	8266.49
11737	0.27506	25421.6	5084.32
11738	0.63670	58843.7	9807.28
11739	0.51372	47478.4	6782.63
11740	0.35296	32621	8155.25
11741	0.58743	54290.4	13572.6
11742	0.40098	37058.7	9264.69
11743	0.29075	26870.8	6717.71
11744	0.49725	45955.9	9191.19
11745	0.27596	25504.6	5100.92
11746	0.23737	21937.8	5484.46
11747	0.50274	46463.6	9292.73
11748	0.36725	33941.8	6788.36
11749	0.38643	35714.5	7142.91
11750	0.40401	37338.6	9334.65
11751	0.65868	60875.5	20291.8
11752	0.50525	46695.9	7782.65
11753	0.26632	24613.8	4922.75
11754	0.45683	42220	8444.01
11755	0.75978	70218.9	14043.8
11756	0.36510	33742.6	5623.76
11757	0.71316	65911	32955.5
11758	0.39533	36536.6	6089.44
11759	0.39033	36074.4	9018.61
11760	0.45421	41978.5	8395.7
11761	0.35250	32578.2	8144.55
11762	0.61796	57112.6	9518.77
11763	0.54732	50583.7	12645.9
11764	0.35641	32939.6	8234.9
11765	0.31191	28827.3	7206.82
11766	0.25326	23406.2	4681.24
11767	0.35851	33133.5	5522.26
11768	0.29799	27540.5	6885.13
11769	0.30272	27977.5	6994.38
11770	0.46709	43169	14389.7
11771	0.36101	33365	8341.26
11772	0.58665	54218.6	6777.33
11773	0.27825	25715.8	8571.94
11774	0.33512	30971.8	10323.9
11775	0.52090	48141.7	8023.61
11776	0.46735	43193.1	8638.63
11777	0.17680	16340	5446.65
11778	0.33127	30615.7	6123.13
11779	0.34232	31637.1	7909.27
11780	0.57809	53427.7	13356.9
11781	0.31016	28665.1	7166.28
11782	0.33987	31410.9	6282.18
11783	0.62772	58014.4	14503.6
11784	0.34427	31817.6	6363.52
11785	0.60963	56342.1	11268.4
11786	0.56376	52103.2	7443.31
11787	0.36865	34070.9	11357
11788	0.18884	17452.8	8726.39
11789	0.29666	27417.8	5483.56
11790	0.32552	30084.7	6016.94
11791	0.31498	29111	7277.74
11792	0.52757	48758.5	12189.6
11793	0.31979	29555.4	14777.7
11794	0.34960	32309.8	6461.96
11795	0.57273	52931.7	17643.9
11796	0.56371	52098	10419.6
11797	0.33619	31071.1	10357
11798	0.27442	25362.3	6340.56
11799	0.63327	58526.8	8360.97
11800	0.40122	37081.1	9270.27
