#IID	F_ROH	ROH_length_kB	KBAVG
3331	0.48673	44980.1	6425.72
3332	0.62777	58013.5	9668.91
3333	0.45283	41846.7	13948.9
3334	0.24678	22805.9	7601.97
3335	0.39205	36230.3	7246.06
3336	0.64512	59617.1	7452.14
3337	0.29439	27205.1	9068.37
3338	0.54942	50773.3	8462.21
3339	0.42729	39486.7	7897.34
3340	0.32268	29820	7454.99
3341	0.54487	50352.4	10070.5
3342	0.44868	41463.4	13821.1
3343	0.51422	47519.8	9503.96
3344	0.50988	47119.2	5889.9
3345	0.43434	40138.7	6689.78
3346	0.30696	28366.5	5673.3
3347	0.45372	41929.2	6988.21
3348	0.38502	35580.2	8895.04
3349	0.47458	43856.8	8771.36
3350	0.38319	35411.4	5901.9
3351	0.29884	27616	9205.33
3352	0.45170	41742.5	6957.08
3353	0.42182	38981.3	12993.8
3354	0.43672	40358.1	8071.61
3355	0.55733	51504.3	12876.1
3356	0.38398	35484	7096.79
3357	0.48145	44491.8	8898.36
3358	0.49936	46147.4	7691.24
3359	0.44492	41115.8	13705.3
3360	0.36682	33898.3	6779.67
3361	0.27187	25123.7	6280.93
3362	0.55851	51613.3	6451.67
3363	0.42671	39433.6	7886.72
3364	0.41110	37990.7	9497.68
3365	0.40128	37083	12361
3366	0.48116	44464.6	8892.91
3367	0.56629	52331.8	8721.97
3368	0.45353	41911.5	13970.5
3369	0.39307	36324.3	9081.07
3370	0.50728	46878.6	6696.94
3371	0.41061	37945.4	9486.34
3372	0.64920	59993.8	9998.96
3373	0.42951	39692.2	6615.37
3374	0.40680	37593.5	7518.69
3375	0.59089	54605.1	7800.73
3376	0.56298	52026.2	10405.2
3377	0.42635	39399.5	4924.94
3378	0.36624	33844.6	11281.5
3379	0.31917	29495.4	7373.85
3380	0.56614	52318.5	7474.07
3381	0.47812	44183.7	6311.95
3382	0.33239	30717.3	10239.1
3383	0.55252	51059.5	6382.44
3384	0.46122	42622.5	7103.75
3385	0.46694	43150.9	7191.82
3386	0.41046	37931.1	5418.72
3387	0.37173	34352.5	8588.13
3388	0.65377	60416.3	6041.63
3389	0.62413	57677	9612.84
3390	0.41039	37925.3	9481.33
3391	0.51127	47247.2	9449.45
3392	0.43982	40644.5	6774.08
3393	0.36993	34186.4	6837.27
3394	0.42447	39226.4	13075.5
3395	0.27777	25669.2	6417.31
3396	0.43955	40620.2	6770.04
3397	0.45245	41811.7	13937.2
3398	0.37672	34813.6	5802.27
3399	0.35424	32735.9	6547.19
3400	0.59639	55113.5	9185.58
