#IID	F_ROH	ROH_length_kB	KBAVG
3331	0.26839	24800.9	6200.23
3332	0.13956	12896.3	6448.15
3333	0.40983	37871	7574.2
3334	0.43080	39808.3	7961.66
3335	0.44183	40827.8	20413.9
3336	0.34024	31439.8	6287.97
3337	0.36642	33859.1	4837.01
3338	0.26540	24524.8	6131.19
3339	0.40580	37498.4	6249.74
3340	0.23209	21446.7	5361.68
3341	0.20822	19240.9	6413.65
3342	0.20575	19012.1	6337.37
3343	0.48467	44786.8	6398.11
3344	0.17858	16501.4	8250.69
3345	0.37428	34585.5	6917.09
3346	0.64186	59312.1	19770.7
3347	0.47514	43905.8	7317.64
3348	0.44341	40973.6	10243.4
3349	0.20862	19277.4	4819.34
3350	0.30860	28516.4	5703.27
3351	0.38874	35922	5986.99
3352	0.23443	21662.5	5415.62
3353	0.21185	19575.8	6525.27
3354	0.50792	46935.1	6705.01
3355	0.20496	18939.1	6313.03
3356	0.39488	36488.9	6081.49
3357	0.23117	21361.1	5340.27
3358	0.34716	32079.5	6415.9
3359	0.27994	25867.8	6466.96
3360	0.45877	42392.9	6056.13
3361	0.28065	25933.9	5186.79
3362	0.36783	33989.6	8497.41
3363	0.33933	31356.3	10452.1
3364	0.28956	26757.1	6689.28
3365	0.28911	26715.6	8905.21
3366	0.66007	60994.5	20331.5
3367	0.75303	69584.8	17396.2
3368	0.21229	19617.1	4904.28
3369	0.48667	44971	5621.38
3370	0.18716	17294.3	5764.77
3371	0.24373	22522.2	5630.56
3372	0.20694	19122.3	4780.56
3373	0.32431	29968	9989.33
3374	0.16782	15507.4	5169.14
3375	0.14861	13732.5	4577.5
3376	0.25252	23334.1	5833.53
3377	0.17147	15844.4	7922.22
3378	0.15908	14699.5	4899.82
3379	0.39969	36934	5276.29
3380	0.26019	24043.4	6010.86
3381	0.09685	8949.5	4474.75
3382	0.29405	27172.2	5434.44
3383	0.18895	17459.8	5819.92
3384	0.16031	14813.3	7406.66
3385	0.34595	31967.8	6393.55
3386	0.34812	32168.6	6433.72
3387	0.20024	18503.4	4625.84
3388	0.29332	27104.9	5420.99
3389	0.13724	12682	4227.35
3390	0.41482	38331.8	7666.36
3391	0.25771	23814.1	5953.52
3392	0.18361	16966.2	4241.55
3393	0.30756	28420.8	5684.15
3394	0.34076	31487.8	6297.56
3395	0.36873	34072.8	6814.56
3396	0.25266	23346.9	7782.29
3397	0.32086	29649.8	4235.69
3398	0.13525	12497.5	6248.73
3399	0.28532	26365.4	5273.08
3400	0.25659	23710.2	7903.39
