#IID	F_ROH	ROH_length_kB	KBAVG
3331	0.44771	41395.2	6899.2
3332	0.36357	33615.5	8403.88
3333	0.35262	32603	8150.76
3334	0.34071	31501.4	6300.28
3335	0.55506	51320.6	7331.51
3336	0.39296	36332.2	7266.43
3337	0.41700	38555.5	7711.11
3338	0.39984	36969	18484.5
3339	0.27403	25336.3	12668.1
3340	0.26485	24487.8	8162.59
3341	0.20309	18777.9	6259.3
3342	0.48155	44524	8904.79
3343	0.36015	33299.3	5549.88
3344	0.32497	30046.5	7511.61
3345	0.40435	37385.7	9346.42
3346	0.43997	40679	10169.7
3347	0.29567	27337.6	9112.53
3348	0.19258	17805.7	5935.22
3349	0.25440	23521.1	5880.28
3350	0.55038	50887.1	10177.4
3351	0.40653	37587.6	7517.52
3352	0.48359	44711.9	6387.41
3353	0.32122	29700.1	7425.02
3354	0.34793	32169.3	6433.87
3355	0.39172	36218	18109
3356	0.45482	42052.2	10513.1
3357	0.23118	21374.2	4274.83
3358	0.30960	28625.4	7156.34
3359	0.45586	42148.1	8429.62
3360	0.30281	27997.9	6999.47
3361	0.26417	24424.8	4070.8
3362	0.47630	44038.1	8807.62
3363	0.60037	55509.6	13877.4
3364	0.18437	17047.1	8523.57
3365	0.19388	17925.8	5975.26
3366	0.36403	33658.1	6731.63
3367	0.22231	20554.6	10277.3
3368	0.48280	44638.8	8927.77
3369	0.24877	23000.8	7666.94
3370	0.57073	52769.3	10553.9
3371	0.28094	25975.2	5195.04
3372	0.25491	23568.4	7856.13
3373	0.27148	25101.2	6275.29
3374	0.28513	26362.9	8787.65
3375	0.23162	21415.5	7138.5
3376	0.40070	37048	5292.58
3377	0.28568	26413.9	6603.48
3378	0.33852	31299.1	6259.82
3379	0.31398	29029.9	4838.31
3380	0.55458	51276.1	12819
3381	0.32827	30351.5	7587.88
3382	0.32276	29842.4	4973.73
3383	0.41974	38808.8	5544.12
3384	0.39144	36191.7	6031.95
3385	0.28479	26331.7	6582.92
3386	0.58650	54227.2	9037.86
3387	0.35242	32584.3	8146.08
3388	0.46137	42658	10664.5
3389	0.45402	41978.1	10494.5
3390	0.35864	33159	5526.5
3391	0.50069	46293.2	15431.1
3392	0.29643	27407.6	6851.89
3393	0.40753	37680.2	7536.05
3394	0.24515	22666.6	7555.53
3395	0.29744	27500.6	6875.15
3396	0.53605	49562.7	7080.39
3397	0.32895	30414.5	6082.89
3398	0.21635	20003.3	6667.77
3399	0.37340	34524.1	6904.82
3400	0.43690	40395.5	8079.09
