#IID	F_ROH	ROH_length_kB	KBAVG
6131	0.31206	28833.1	9611.04
6132	0.36578	33797.2	8449.29
6133	0.45968	42472.7	10618.2
6134	0.27466	25377.5	5075.51
6135	0.37336	34496.8	6899.36
6136	0.45957	42462.2	8492.44
6137	0.37187	34359.7	6871.93
6138	0.37574	34716.9	5786.16
6139	0.30275	27972.9	9324.28
6140	0.40067	37020.2	9255.05
6141	0.23525	21736.2	5434.04
6142	0.28205	26060.4	5212.08
6143	0.29572	27323.9	6830.99
6144	0.33563	31011	5168.5
6145	0.70731	65353.3	13070.7
6146	0.34339	31728.3	6345.67
6147	0.39937	36900.2	7380.05
6148	0.22681	20956.2	5239.06
6149	0.28676	26496	5299.2
6150	0.32422	29956.4	9985.46
6151	0.50658	46806.1	11701.5
6152	0.35716	32999.9	5499.98
6153	0.22322	20624.9	5156.23
6154	0.30227	27929.1	5585.83
6155	0.18826	17394.2	8697.11
6156	0.22539	20825.3	5206.33
6157	0.24443	22584.3	5646.09
6158	0.18968	17525.8	4381.46
6159	0.35453	32757	5459.49
6160	0.29884	27612.2	9204.05
6161	0.11911	11005	5502.52
6162	0.26361	24356.7	4871.33
6163	0.41958	38767.9	9691.97
6164	0.47271	43676.8	8735.37
6165	0.32483	30013.3	5002.22
6166	0.38172	35269.4	7053.88
6167	0.28394	26235	5247
6168	0.14772	13648.9	6824.47
6169	0.26631	24606.2	6151.54
6170	0.25109	23199.9	4639.98
6171	0.35960	33226.2	6645.24
6172	0.45845	42359.1	7059.86
6173	0.10553	9751.02	4875.51
6174	0.21055	19454.3	6484.76
6175	0.23930	22110.7	7370.24
6176	0.25923	23952.1	5988.02
6177	0.22441	20734.3	5183.58
6178	0.39110	36136	12045.3
6179	0.39106	36132.4	9033.1
6180	0.40079	37032	7406.41
6181	0.26319	24317.9	4863.59
6182	0.64346	59453.1	11890.6
6183	0.29317	27087.7	6771.92
6184	0.34387	31772	5295.33
6185	0.31180	28809	4801.51
6186	0.24372	22519	5629.76
6187	0.22172	20486.3	5121.58
6188	0.14561	13453.9	6726.93
6189	0.17097	15796.7	7898.34
6190	0.35669	32956.6	5492.77
6191	0.24802	22915.7	4583.13
6192	0.43054	39780.1	7956.03
6193	0.32983	30475.5	5079.25
6194	0.34125	31529.9	6305.98
6195	0.22116	20434.4	6811.47
6196	0.52437	48449.9	6921.41
6197	0.31866	29443.3	5888.66
6198	0.33686	31124.5	7781.13
6199	0.31170	28800.1	4800.01
6200	0.29212	26990.8	5398.16
