#IID	F_ROH	ROH_length_kB	KBAVG
56531	0.25049	23137.7	4627.53
56532	0.59832	55266.9	13816.7
56533	0.22922	21173.2	7057.72
56534	0.22226	20529.8	4105.95
56535	0.40968	37841.9	12614
56536	0.20941	19343.5	6447.83
56537	0.06535	6036.45	6036.45
56538	0.32287	29823.3	7455.82
56539	0.06426	5935.68	5935.68
56540	0.22338	20633.3	6877.78
56541	0.51713	47767.3	7961.21
56542	0.49753	45957	15319
56543	0.21822	20157.2	6719.07
56544	0.24068	22231.4	11115.7
56545	0.37716	34837.8	6967.57
56546	0.09538	8810.58	8810.58
56547	0.33605	31041	6208.2
56548	0.41499	38332	7666.41
56549	0.27187	25112.8	5022.57
56550	0.25418	23478.6	7826.21
56551	0.37003	34179.5	8544.86
56552	0.16152	14919.8	4973.26
56553	0.32183	29727.7	7431.93
56554	0.23933	22106.7	5526.68
56555	0.17589	16247.2	5415.74
56556	0.32601	30113.2	7528.31
56557	0.23033	21275.8	5318.94
56558	0.27031	24968.6	6242.16
56559	0.13277	12263.8	6131.9
56560	0.20418	18859.8	4714.94
56561	0.27660	25549.8	5109.96
56562	0.23362	21579	7193
56563	0.16533	15271.3	7635.67
56564	0.19895	18377	6125.66
56565	0.15377	14203.4	7101.68
56566	0.21249	19627.7	6542.55
56567	0.62815	58021.6	8288.8
56568	0.76374	70545.9	23515.3
56569	0.41595	38421.1	7684.23
56570	0.23266	21490.5	7163.49
56571	0.18625	17204	8601.98
56572	0.48868	45139.4	15046.5
56573	0.41313	38161	12720.3
56574	0.29915	27632.6	6908.15
56575	0.19669	18167.8	4541.95
56576	0.27845	25720.6	6430.14
56577	0.21179	19562.9	4890.72
56578	0.47107	43512.3	7252.04
56579	0.53022	48976.2	8162.7
56580	0.58959	54459.7	27229.8
56581	0.17068	15766	3941.51
56582	0.14608	13493.3	6746.66
56583	0.29305	27068.6	5413.73
56584	0.18434	17027	5675.65
56585	0.31274	28887.5	7221.88
56586	0.24520	22649.3	7549.76
56587	0.21457	19819.6	4954.91
56588	0.28575	26394.5	6598.62
56589	0.37991	35092	8773
56590	0.17308	15987.1	5329.03
56591	0.13789	12736.6	6368.32
56592	0.84203	77777.7	77777.7
56593	0.31386	28991	5798.2
56594	0.49652	45863.5	9172.71
56595	0.30251	27942.3	9314.09
56596	0.26327	24318.3	4863.65
56597	0.48401	44707.6	14902.5
56598	0.23996	22165.2	5541.31
56599	0.15835	14626.3	4875.43
56600	0.56472	52163.3	8693.88
