#IID	F_ROH	ROH_length_kB	KBAVG
36931	0.23460	21672.8	7224.26
36932	0.18542	17129.7	8564.85
36933	0.16403	15153.9	5051.29
36934	0.37782	34904.1	11634.7
36935	0.10319	9532.89	4766.45
36936	0.29329	27095	9031.67
36937	0.30662	28326.5	14163.2
36938	0.43016	39739.3	7947.86
36939	0.14649	13533.2	4511.08
36940	0.36797	33994.6	33994.6
36941	0.29731	27466.6	9155.52
36942	0.16295	15053.8	5017.93
36943	0.34398	31778.2	10592.7
36944	0.33704	31136.6	5189.44
36945	0.29638	27380.2	9126.75
36946	0.26623	24595.1	6148.78
36947	0.27589	25487.8	6371.95
36948	0.15781	14578.6	7289.3
36949	0.21336	19710.8	3942.16
36950	0.27425	25336	12668
36951	0.16398	15149.2	7574.59
36952	0.15638	14446.8	4815.61
36953	0.32124	29677.5	7419.37
36954	0.08079	7463.55	3731.78
36955	0.73360	67772.6	22590.9
36956	0.48321	44640.7	7440.12
36957	0.20504	18942.1	4735.52
36958	0.10849	10022.8	5011.4
36959	0.14558	13449.3	4483.11
36960	0.19992	18469.5	4617.38
36961	0.38051	35153.1	5858.84
36962	0.30257	27952.7	5590.53
36963	0.44690	41286.6	10321.7
36964	0.24038	22206.8	5551.69
36965	0.50502	46655.7	5183.97
36966	0.10859	10032.1	3344.05
36967	0.02849	2631.57	2631.57
36968	0.31411	29018.4	7254.6
36969	0.12448	11499.9	3833.32
36970	0.21524	19884.6	4971.15
36971	0.40252	37186.5	9296.63
36972	0.44626	41227.2	8245.45
36973	0.17420	16093.4	4023.35
36974	0.28385	26223.5	5244.71
36975	0.12135	11210.7	5605.37
36976	0.11035	10194.2	5097.08
36977	0.10964	10129.2	3376.4
36978	0.22792	21056.5	7018.82
36979	0.21188	19574.2	6524.72
36980	0.14672	13554.6	4518.21
36981	0.19235	17770.1	5923.36
36982	0.47507	43888.8	14629.6
36983	0.31464	29067.5	4844.59
36984	0.11158	10308.5	5154.23
36985	0.16225	14989.4	7494.69
36986	0.38056	35157.1	8789.28
36987	0.30837	28488.2	5697.65
36988	0.12948	11962.1	5981.05
36989	0.17285	15968.2	5322.74
36990	0.35730	33008.3	8252.07
36991	0.64605	59684.6	11936.9
36992	0.39920	36879.9	7375.97
36993	0.17419	16092.3	5364.09
36994	0.23908	22087.2	5521.8
36995	0.19759	18254	6084.67
36996	0.17202	15892.1	3973.04
36997	0.33598	31038.7	6207.74
36998	0.26564	24541.1	6135.27
36999	0.17648	16303.4	4075.86
37000	0.10791	9969.38	9969.38
