#IID	F_ROH	ROH_length_kB	KBAVG
6131	0.23426	21648.8	5412.21
6132	0.35614	32911.3	6582.26
6133	0.46073	42577.2	8515.45
6134	0.55601	51382.4	12845.6
6135	0.27020	24969.9	4993.98
6136	0.05543	5122.32	5122.32
6137	0.26540	24526.5	12263.2
6138	0.22925	21185.9	10592.9
6139	0.16779	15506.2	7753.1
6140	0.66786	61718.7	8816.96
6141	0.14358	13268.5	6634.26
6142	0.36041	33306	11102
6143	0.28888	26696.1	8898.7
6144	0.30843	28502.7	7125.67
6145	0.42598	39365.8	7873.16
6146	0.31211	28842.6	4807.1
6147	0.35575	32876.1	10958.7
6148	0.31918	29495.7	5899.13
6149	0.27542	25452.6	6363.15
6150	0.35220	32547.4	8136.86
6151	0.26447	24440.4	6110.1
6152	0.53516	49455.8	16485.3
6153	0.21692	20046.1	6682.05
6154	0.24334	22488	5622
6155	0.12675	11713.3	5856.67
6156	0.19594	18107.7	6035.91
6157	0.42072	38879.7	7775.93
6158	0.53272	49229.9	24614.9
6159	0.10281	9501.2	9501.2
6160	0.28398	26243.3	6560.82
6161	0.15241	14084.9	4694.97
6162	0.24724	22848	7615.99
6163	0.14938	13804.8	6902.41
6164	0.19101	17651.5	8825.77
6165	0.27219	25153.7	5030.74
6166	0.31775	29363.8	4893.96
6167	0.28396	26241	8747
6168	0.24050	22225.2	7408.39
6169	0.17802	16451	16451
6170	0.28392	26237.7	8745.89
6171	0.11355	10493.5	5246.77
6172	0.15211	14056.4	7028.19
6173	0.32871	30376.5	7594.13
6174	0.27095	25039.4	8346.46
6175	0.63724	58888.5	19629.5
6176	0.66295	61264.3	8752.04
6177	0.19892	18382.2	6127.39
6178	0.17780	16430.5	8215.26
6179	0.31808	29394.4	7348.59
6180	0.32454	29991.3	5998.25
6181	0.18460	17059.2	5686.4
6182	0.19171	17715.9	8857.93
6183	0.26401	24398.2	4879.65
6184	0.35860	33139.3	6627.85
6185	0.26592	24574.3	4914.87
6186	0.16986	15696.9	7848.46
6187	0.29868	27601.5	9200.51
6188	0.30415	28106.9	7026.72
6189	0.21670	20025.9	5006.48
6190	0.56793	52483.4	8747.23
6191	0.61787	57098.5	11419.7
6192	0.30366	28061.8	7015.45
6193	0.10019	9258.63	9258.63
6194	0.30741	28408.5	9469.49
6195	0.48973	45257.1	7542.85
6196	0.40703	37614.8	7522.97
6197	0.44343	40978.4	10244.6
6198	0.26465	24456.6	4891.33
6199	0.25090	23186.6	7728.86
6200	0.31266	28894	5778.8
