#IID	F_ROH	ROH_length_kB	KBAVG
14531	0.11454	10585.5	5292.75
14532	0.14736	13618.9	6809.47
14533	0.53984	49892.9	9978.59
14534	0.12626	11669.3	3889.77
14535	0.16421	15176.7	7588.36
14536	0.31948	29526.4	4921.07
14537	0.32528	30062.8	6012.56
14538	0.22996	21253.5	10626.7
14539	0.18449	17050.6	4262.64
14540	0.09165	8470.71	4235.36
14541	0.04889	4518.44	4518.44
14542	0.19879	18372.2	4593.05
14543	0.68079	62919.6	20973.2
14544	0.33114	30604.4	7651.09
14545	0.04367	4036.15	4036.15
14546	0.14899	13769.4	4589.79
14547	0.42829	39583.1	19791.6
14548	0.29736	27482.8	9160.94
14549	0.16733	15464.7	5154.89
14550	0.25961	23993.8	7997.93
14551	0.16453	15206.4	5068.82
14552	0.10392	9604.84	4802.42
14553	0.29576	27334.5	5466.91
14554	0.25175	23267.2	5816.79
14555	0.08691	8032.56	4016.28
14556	0.18414	17018.9	5672.96
14557	0.36768	33981.3	5663.55
14558	0.35516	32824	8206.01
14559	0.28329	26181.8	8727.25
14560	0.20030	18512.1	6170.69
14561	0.39844	36824.7	9206.18
14562	0.17391	16073.4	16073.4
14563	0.04889	4518.44	4518.44
14564	0.51002	47136.3	7856.06
14565	0.62717	57963.5	14490.9
14566	0.34114	31528.8	7882.21
14567	0.14253	13173.2	4391.06
14568	0.12612	11656.3	5828.14
14569	0.32203	29762.3	5952.45
14570	0.46592	43060.5	10765.1
14571	0.00000	0	0
14572	0.38751	35814.6	11938.2
14573	0.25626	23684.2	5921.05
14574	0.29438	27206.6	5441.32
14575	0.29192	26979.6	6744.89
14576	0.41994	38811.3	9702.83
14577	0.14441	13346.5	6673.26
14578	0.22422	20722.5	4144.5
14579	0.45582	42127.8	6018.26
14580	0.22573	20862.2	4172.43
14581	0.20823	19244.5	4811.13
14582	0.27098	25044.7	5008.94
14583	0.09411	8697.48	4348.74
14584	0.44541	41165.1	6860.85
14585	0.26419	24416.9	6104.21
14586	0.10507	9710.5	4855.25
14587	0.11103	10261.3	5130.66
14588	0.26182	24197.8	6049.46
14589	0.17735	16391.3	4097.83
14590	0.28589	26422	6605.5
14591	0.15050	13909.5	4636.49
14592	0.23232	21471.3	7157.1
14593	0.39632	36628.2	18314.1
14594	0.33021	30518.2	6103.65
14595	0.36660	33881.7	11293.9
14596	0.13645	12611.3	4203.77
14597	0.03817	3527.34	3527.34
14598	0.14415	13322.5	4440.83
14599	0.12178	11255	5627.48
14600	0.29532	27293.5	5458.69
