#IID	F_ROH	ROH_length_kB	KBAVG
17331	0.33798	31195.5	10398.5
17332	0.16833	15536.9	3884.23
17333	0.27647	25518.3	5103.65
17334	0.32658	30143.5	6028.7
17335	0.41101	37936.5	7587.3
17336	0.50572	46677.8	15559.3
17337	0.29055	26818.2	8939.39
17338	0.33656	31064.9	10355
17339	0.37529	34639.4	4948.48
17340	0.42011	38776	4847
17341	0.45323	41832.8	6972.13
17342	0.37634	34736.5	5789.42
17343	0.42395	39130.7	5590.1
17344	0.50565	46671.6	9334.32
17345	0.07570	6987.38	6987.38
17346	0.49189	45401.3	9080.26
17347	0.32108	29636.2	7409.06
17348	0.29732	27442.9	6860.71
17349	0.28676	26467.7	6616.92
17350	0.20472	18895.3	6298.45
17351	0.49987	46137.8	11534.5
17352	0.12289	11342.4	3780.81
17353	0.32099	29627.3	5925.46
17354	0.50689	46786.4	7797.73
17355	0.43408	40065.6	6677.6
17356	0.26254	24232.9	6058.23
17357	0.18548	17120.1	3424.02
17358	0.21844	20162.5	5040.63
17359	0.28443	26253.4	6563.35
17360	0.36528	33715.3	8428.82
17361	0.54525	50326.5	16775.5
17362	0.28582	26381.4	4396.9
17363	0.42286	39030.5	13010.2
17364	0.44148	40748.6	10187.1
17365	0.28976	26745.1	4457.52
17366	0.31129	28732.2	5746.43
17367	0.32086	29615.9	5923.18
17368	0.35356	32634	6526.81
17369	0.40757	37618.4	7523.69
17370	0.69540	64185.4	21395.1
17371	0.03821	3526.78	3526.78
17372	0.15165	13997.2	6998.58
17373	0.29651	27368.2	6842.04
17374	0.46582	42994.9	8598.98
17375	0.32301	29814.2	5962.83
17376	0.38305	35356	7071.19
17377	0.28004	25847.8	8615.94
17378	0.37855	34939.9	8734.98
17379	0.21507	19851.3	6617.12
17380	0.26630	24579.7	8193.24
17381	0.26278	24254.3	4042.38
17382	0.48344	44621.3	7436.89
17383	0.28699	26488.9	4414.81
17384	0.18792	17344.6	8672.28
17385	0.33118	30568.2	10189.4
17386	0.26418	24383.7	6095.93
17387	0.43516	40165.7	6694.28
17388	0.52164	48147.1	9629.42
17389	0.42763	39470.1	5638.59
17390	0.25367	23413.4	4682.68
17391	0.21672	20003.2	5000.79
17392	0.35560	32822	10940.7
17393	0.37141	34281.2	6856.24
17394	0.46387	42815.3	6116.48
17395	0.20600	19014.1	4753.52
17396	0.27947	25795.3	5159.06
17397	0.23331	21534.9	7178.31
17398	0.20579	18994.9	6331.63
17399	0.25982	23981	7993.68
17400	0.16144	14900.7	4966.91
