#IID	F_ROH	ROH_length_kB	KBAVG
3331	0.29766	27521.7	5504.33
3332	0.40178	37149.2	7429.84
3333	0.37641	34803	6960.61
3334	0.26733	24717.4	4943.48
3335	0.07895	7299.36	7299.36
3336	0.11859	10964.6	5482.3
3337	0.24691	22829.7	5707.43
3338	0.24222	22395.5	11197.8
3339	0.22483	20787.6	6929.22
3340	0.14574	13475.3	6737.64
3341	0.39353	36385.7	5197.95
3342	0.23710	21922.4	5480.59
3343	0.11727	10842.7	3614.23
3344	0.35495	32818.7	6563.74
3345	0.33272	30763.3	6152.66
3346	0.26997	24961.6	4992.32
3347	0.13046	12062	6031.02
3348	0.34591	31982.8	5330.46
3349	0.33365	30849.4	7712.35
3350	0.16348	15115.4	7557.72
3351	0.25958	24001.3	6000.32
3352	0.22425	20734.3	4146.85
3353	0.28346	26208.9	8736.31
3354	0.32337	29899.1	5979.82
3355	0.11539	10669.2	3556.41
3356	0.35816	33115.5	6623.11
3357	0.24870	22995.2	4599.05
3358	0.15581	14405.8	3601.44
3359	0.29955	27696.4	9232.13
3360	0.17204	15906.9	5302.29
3361	0.61425	56793.6	7099.2
3362	0.15786	14596.2	7298.09
3363	0.24040	22227.1	5556.78
3364	0.37350	34534.1	6906.82
3365	0.32746	30277	7569.24
3366	0.07832	7241.71	3620.85
3367	0.22891	21165.5	7055.16
3368	0.20797	19228.6	4807.14
3369	0.14532	13436.6	6718.31
3370	0.17582	16256.4	8128.2
3371	0.18619	17215.6	5738.54
3372	0.27056	25016	12508
3373	0.49071	45371.5	9074.31
3374	0.31069	28726.6	5745.31
3375	0.44719	41347.4	6891.23
3376	0.06030	5575.68	5575.68
3377	0.39453	36478.1	5211.15
3378	0.43906	40595.4	5799.34
3379	0.34705	32088.3	5348.04
3380	0.28554	26400.8	6600.21
3381	0.14504	13410.8	4470.28
3382	0.13161	12168.9	6084.44
3383	0.34704	32087.5	6417.5
3384	0.07927	7329.58	3664.79
3385	0.33873	31319.4	6263.88
3386	0.32965	30480	6095.99
3387	0.30825	28500.6	9500.19
3388	0.14988	13857.7	4619.25
3389	0.03477	3214.81	3214.81
3390	0.14005	12949.1	4316.36
3391	0.17733	16395.9	8197.96
3392	0.26599	24593.4	6148.36
3393	0.43422	40148	10037
3394	0.22250	20572.2	6857.38
3395	0.28093	25975	5195
3396	0.22685	20974.3	6991.42
3397	0.39219	36262.4	9065.6
3398	0.07343	6788.96	3394.48
3399	0.12282	11356.4	3785.46
3400	0.27920	25815.2	6453.8
