#IID	F_ROH	ROH_length_kB	KBAVG
3331	0.39276	36310.7	5187.24
3332	0.32089	29666.2	7416.56
3333	0.47434	43852.3	8770.46
3334	0.57360	53029.6	10605.9
3335	0.48338	44688.5	8937.71
3336	0.38669	35749.5	7149.9
3337	0.75023	69358.4	8669.8
3338	0.41152	38045.2	7609.05
3339	0.68904	63701.8	15925.4
3340	0.50391	46586.4	7764.4
3341	0.41208	38096.5	12698.8
3342	0.44615	41246.8	6874.47
3343	0.47858	44244.8	7374.13
3344	0.51012	47160.2	23580.1
3345	0.75943	70209.3	17552.3
3346	0.58706	54274.1	13568.5
3347	0.42389	39188.5	19594.2
3348	0.55489	51299.7	7328.52
3349	0.36193	33460.6	5576.77
3350	0.57792	53428.5	6678.57
3351	0.46198	42710.5	6101.51
3352	0.53272	49249.9	9849.98
3353	0.40929	37838.7	6306.44
3354	0.45880	42415.9	7069.32
3355	0.56602	52328.7	13082.2
3356	0.49597	45852.1	5731.51
3357	0.26534	24530.8	8176.94
3358	0.49431	45699.3	6528.47
3359	0.44432	41077.8	6846.3
3360	0.44941	41548.3	8309.66
3361	0.22470	20773.3	5193.32
3362	0.51683	47780.6	9556.12
3363	0.65498	60553	20184.3
3364	0.43623	40329.7	10082.4
3365	0.32600	30138.5	7534.62
3366	0.63456	58665.1	9777.51
3367	0.49390	45660.8	7610.13
3368	0.48474	44814.5	11203.6
3369	0.50538	46722.5	11680.6
3370	0.34400	31803	7950.75
3371	0.45424	41994.8	10498.7
3372	0.29772	27523.9	6880.96
3373	0.54351	50247.8	7178.26
3374	0.65046	60135	15033.8
3375	0.61369	56735.6	8105.09
3376	0.52548	48580.9	6940.12
3377	0.50554	46737.6	6676.8
3378	0.46990	43441.8	8688.36
3379	0.40136	37105.4	9276.34
3380	0.39286	36319.9	7263.98
3381	0.44976	41579.9	8315.98
3382	0.67155	62085	15521.2
3383	0.61264	56638.8	14159.7
3384	0.70564	65236.5	16309.1
3385	0.55191	51024.4	10204.9
3386	0.37349	34528.9	6905.78
3387	0.52909	48914.6	12228.6
3388	0.41817	38659.6	9664.89
3389	0.56913	52616.2	13154
3390	0.53584	49538.7	8256.45
3391	0.42903	39664	7932.8
3392	0.58038	53655.8	17885.3
3393	0.52852	48861.9	9772.38
3394	0.79486	73484.5	14696.9
3395	0.52870	48878.2	9775.64
3396	0.32741	30269.3	7567.32
3397	0.52571	48601.6	8100.27
3398	0.58182	53789.1	10757.8
3399	0.40461	37405.8	7481.15
3400	0.39599	36609.7	6101.62
