#IID	F_ROH	ROH_length_kB	KBAVG
14531	0.36686	33919.5	8479.87
14532	0.65680	60727.2	20242.4
14533	0.38558	35650.2	7130.03
14534	0.29167	26968	6741.99
14535	0.42828	39598.1	9899.52
14536	0.42311	39120.2	4890.02
14537	0.47503	43920.5	8784.09
14538	0.30168	27893	5578.59
14539	0.19828	18333.1	4583.27
14540	0.15616	14438.6	4812.85
14541	0.22444	20751.9	5187.96
14542	0.19180	17733.3	4433.32
14543	0.36916	34132.2	6826.45
14544	0.78092	72203.1	24067.7
14545	0.30601	28293.3	9431.1
14546	0.50162	46379.2	6625.59
14547	0.29054	26863.5	6715.89
14548	0.21768	20126.2	5031.56
14549	0.28329	26193.2	5238.64
14550	0.32884	30404	6080.8
14551	0.40583	37523	9380.74
14552	0.32818	30343.4	15171.7
14553	0.23384	21620.5	7206.83
14554	0.33538	31009.1	4429.87
14555	0.29635	27400.7	5480.14
14556	0.46710	43188	10797
14557	0.20229	18703.3	6234.44
14558	0.13568	12544.8	4181.6
14559	0.45340	41921.4	5988.77
14560	0.35388	32719.4	8179.85
14561	0.06625	6125.66	6125.66
14562	0.29541	27313.3	5462.66
14563	0.26161	24187.8	6046.96
14564	0.26439	24445.4	4889.07
14565	0.36778	34004.7	6800.94
14566	0.47031	43484.6	14494.9
14567	0.25850	23900.8	4780.16
14568	0.29551	27322.6	6830.64
14569	0.28520	26369.7	6592.41
14570	0.36744	33973.6	5662.26
14571	0.36438	33690	6738
14572	0.31953	29543	9847.67
14573	0.64705	59825.3	14956.3
14574	0.32432	29986.4	9995.46
14575	0.13721	12686.1	4228.71
14576	0.39903	36893.7	9223.44
14577	0.23005	21270.2	4254.05
14578	0.22286	20605.7	6868.56
14579	0.65500	60560.8	15140.2
14580	0.19357	17897.3	5965.75
14581	0.30674	28361.2	5672.24
14582	0.17286	15982.5	3995.62
14583	0.36714	33945.5	5657.59
14584	0.49330	45610.1	7601.68
14585	0.49598	45857.9	7642.98
14586	0.26409	24417.8	4069.63
14587	0.15653	14472.4	7236.22
14588	0.29073	26880.8	5376.15
14589	0.30085	27816.5	9272.15
14590	0.26043	24079.5	4815.91
14591	0.23882	22081.3	7360.43
14592	0.17339	16031.8	5343.94
14593	0.33563	31032	6206.4
14594	0.28307	26172.5	5234.49
14595	0.71133	65769	13153.8
14596	0.27042	25002.8	6250.71
14597	0.42489	39285.3	6547.55
14598	0.31870	29466.9	5893.38
14599	0.17762	16423	5474.32
14600	0.25270	23364.4	4672.88
