#IID	F_ROH	ROH_length_kB	KBAVG
42531	0.36439	33692.2	4813.17
42532	0.35251	32594.5	6518.9
42533	0.28451	26306.3	6576.57
42534	0.38592	35683	7136.6
42535	0.20836	19265.5	4816.37
42536	0.28178	26054.7	5210.93
42537	0.33093	30598.6	5099.77
42538	0.33254	30748.1	10249.4
42539	0.20756	19191.9	6397.3
42540	0.33021	30532.7	10177.6
42541	0.43333	40067.4	8013.47
42542	0.33317	30805.7	5134.29
42543	0.91172	84300.8	28100.3
42544	0.21628	19997.8	4999.46
42545	0.28322	26187.6	5237.52
42546	0.38213	35332.9	8833.23
42547	0.08874	8204.84	4102.42
42548	0.24910	23032.8	4606.57
42549	0.34716	32099.8	6419.96
42550	0.46921	43384.6	6197.8
42551	0.46868	43335.2	6190.75
42552	0.30367	28078.2	5615.65
42553	0.12552	11605.7	3868.57
42554	0.45668	42226.3	10556.6
42555	0.39651	36662.5	6110.42
42556	0.29784	27538.9	5507.77
42557	0.40901	37818	5402.57
42558	0.26161	24189.5	4837.89
42559	0.36775	34003.1	4857.58
42560	0.34299	31713.8	6342.76
42561	0.26782	24763.4	6190.86
42562	0.46045	42574.5	10643.6
42563	0.15836	14642.5	4880.84
42564	0.34046	31479.6	10493.2
42565	0.72633	67159.1	22386.4
42566	0.26509	24511.2	4085.19
42567	0.29470	27248.7	4541.45
42568	0.23008	21274.1	5318.52
42569	0.03737	3455.49	3455.49
42570	0.20677	19118.6	6372.88
42571	0.32447	30001.5	7500.37
42572	0.42628	39415	7883
42573	0.48840	45159.2	9031.84
42574	0.21779	20137.3	5034.33
42575	0.06275	5802	2901
42576	0.31354	28990.8	4831.8
42577	0.27912	25808.1	4301.34
42578	0.39676	36685.4	6114.24
42579	0.18331	16949.1	5649.69
42580	0.56231	51993.1	10398.6
42581	0.15351	14194.3	4731.45
42582	0.54262	50172.2	10034.4
42583	0.26720	24706.1	4941.22
42584	0.25047	23159.2	4631.84
42585	0.22413	20723.6	5180.89
42586	0.18211	16838.6	4209.65
42587	0.29051	26861	5372.2
42588	0.11137	10297.2	5148.6
42589	0.14560	13462.7	4487.57
42590	0.26874	24848.1	4141.35
42591	0.32284	29850.5	4975.08
42592	0.21033	19447.4	6482.47
42593	0.22098	20432.5	6810.82
42594	0.25726	23787.3	4757.47
42595	0.22708	20996.2	5249.06
42596	0.36338	33598.8	8399.69
42597	0.51673	47778.1	9555.63
42598	0.08046	7439.52	3719.76
42599	0.20137	18619	4654.75
42600	0.37332	34518.3	8629.58
