#IID	F_ROH	ROH_length_kB	KBAVG
11731	0.10702	9893.08	3297.69
11732	0.22219	20540.2	6846.74
11733	0.03700	3420.19	3420.19
11734	0.24964	23077.8	7692.6
11735	0.24161	22335.2	7445.05
11736	0.39041	36091.1	9022.78
11737	0.14340	13256	6628.02
11738	0.33446	30918.7	10306.2
11739	0.34448	31845	6368.99
11740	0.17876	16525	8262.48
11741	0.67138	62064.3	12412.9
11742	0.28335	26194	5238.8
11743	0.26242	24259.1	6064.78
11744	0.06835	6318.49	6318.49
11745	0.27395	25325.3	4220.88
11746	0.32228	29792.2	7448.06
11747	0.70171	64868.9	10811.5
11748	0.54852	50707.5	8451.25
11749	0.32767	30290.6	10096.9
11750	0.25913	23954.8	11977.4
11751	0.21433	19813.2	6604.4
11752	0.16175	14952.7	4984.23
11753	0.39343	36370.4	6061.73
11754	0.13873	12825.1	4275.05
11755	0.03700	3420.19	3420.19
11756	0.34320	31726.6	10575.5
11757	0.04369	4038.6	4038.6
11758	0.48976	45275.1	6467.87
11759	0.46112	42627.9	8525.58
11760	0.46598	43076.7	7179.45
11761	0.14400	13312.2	4437.39
11762	0.22711	20995.2	6998.4
11763	0.35245	32581.7	16290.8
11764	0.29978	27712.3	5542.45
11765	0.49371	45639.9	9127.97
11766	0.16265	15035.5	3758.88
11767	0.18033	16670.5	8335.26
11768	0.50689	46858.9	15619.6
11769	0.44658	41283.6	6880.6
11770	0.39422	36443.3	6073.88
11771	0.12557	11608.5	3869.51
11772	0.17864	16513.7	8256.83
11773	0.23613	21828.5	10914.2
11774	0.28054	25934.2	5186.83
11775	0.29658	27417.3	5483.46
11776	0.25707	23764.2	4752.84
11777	0.76354	70584.5	11764.1
11778	0.19347	17885.4	5961.8
11779	0.25355	23439.1	5859.79
11780	0.39046	36095.1	6015.85
11781	0.15508	14336.5	3584.13
11782	0.45537	42095.6	8419.11
11783	0.38219	35331.4	8832.84
11784	0.27311	25247	4207.83
11785	0.48518	44851.3	11212.8
11786	0.36703	33929.3	11309.8
11787	0.24397	22553.5	5638.38
11788	0.37921	35055	5842.49
11789	0.23176	21424.6	4284.92
11790	0.42368	39166.5	6527.75
11791	0.22011	20347.8	6782.6
11792	0.31679	29285.2	14642.6
11793	0.38635	35715.4	5952.57
11794	0.59620	55114.4	18371.5
11795	0.20536	18984.5	6328.17
11796	0.29604	27366.5	6841.62
11797	0.34528	31919.2	7979.79
11798	0.22353	20664	6888
11799	0.39856	36844.1	9211.02
11800	0.22338	20649.6	4129.91
