#IID	F_ROH	ROH_length_kB	KBAVG
3331	0.66240	61121.8	8731.68
3332	0.42744	39441.4	19720.7
3333	0.27855	25702.7	6425.69
3334	0.20647	19052.1	6350.7
3335	0.27775	25629.1	6407.28
3336	0.27513	25387.6	8462.53
3337	0.29065	26818.9	6704.72
3338	0.30076	27752.3	9250.76
3339	0.36141	33348.5	11116.2
3340	0.31020	28623.1	5724.61
3341	0.46706	43097.8	6156.83
3342	0.20174	18615.5	6205.16
3343	0.44246	40827.3	8165.46
3344	0.13506	12462.3	12462.3
3345	0.15141	13971.1	6985.56
3346	0.40377	37257.2	9314.29
3347	0.37683	34771.7	8692.94
3348	0.47053	43417.2	10854.3
3349	0.27891	25736.5	6434.11
3350	0.28200	26021.4	6505.36
3351	0.35328	32598.7	8149.68
3352	0.46473	42882.7	5360.34
3353	0.37806	34885	6977
3354	0.44258	40838.3	8167.67
3355	0.22020	20319	6773.01
3356	0.31949	29480.1	5896.02
3357	0.29732	27435.2	6858.81
3358	0.35295	32567.8	8141.95
3359	0.34530	31862.2	6372.43
3360	0.54787	50554.3	10110.9
3361	0.49520	45694.1	11423.5
3362	0.26440	24397.6	8132.52
3363	0.36999	34140.4	8535.1
3364	0.41999	38754	9688.51
3365	0.28378	26185.8	8728.59
3366	0.47921	44218.6	14739.5
3367	0.84246	77736.7	38868.3
3368	0.27460	25338.6	8446.19
3369	0.30259	27920.7	5584.14
3370	0.51009	47068.2	7844.7
3371	0.29544	27261	6815.25
3372	0.27872	25718.7	5143.75
3373	0.44212	40796	10199
3374	0.22667	20915.5	6971.82
3375	0.54411	50207.3	8367.89
3376	0.37959	35026.2	11675.4
3377	0.45689	42158.7	8431.73
3378	0.26315	24281.5	6070.36
3379	0.41822	38590.9	9647.73
3380	0.49248	45442.9	9088.58
3381	0.38821	35821.8	11940.6
3382	0.34688	32007.7	8001.93
3383	0.25348	23389.7	5847.43
3384	0.26684	24622.5	8207.5
3385	0.36020	33237.3	8309.34
3386	0.69959	64553.8	16138.4
3387	0.25845	23848.5	5962.12
3388	0.22254	20534.8	6844.93
3389	0.16075	14832.7	4944.22
3390	0.35070	32360.4	10786.8
3391	0.25776	23784.4	4756.89
3392	0.32111	29630.1	5926.01
3393	0.53403	49277.3	12319.3
3394	0.35721	32960.7	6592.13
3395	0.49823	45973.4	7662.23
3396	0.49160	45362.1	11340.5
3397	0.29394	27123	9041.01
3398	0.38147	35199.8	11733.3
3399	0.19968	18425.4	9212.68
3400	0.33082	30526.3	7631.56
