#IID	F_ROH	ROH_length_kB	KBAVG
3331	0.34028	31450.6	7862.66
3332	0.54316	50201.9	12550.5
3333	0.56641	52350.7	8725.12
3334	0.29206	26993.7	6748.44
3335	0.28513	26353.7	8784.56
3336	0.28820	26636.9	5327.38
3337	0.27076	25025.2	8341.73
3338	0.44675	41291.5	10322.9
3339	0.50156	46357.4	15452.5
3340	0.28501	26342.7	6585.68
3341	0.36582	33811.2	16905.6
3342	0.29706	27456.1	9152.04
3343	0.36473	33710.5	11236.8
3344	0.27006	24960.2	8320.05
3345	0.38111	35224.3	8806.07
3346	0.24883	22998.5	22998.5
3347	0.24535	22676.9	11338.5
3348	0.39617	36616.2	9154.05
3349	0.43289	40010	5715.71
3350	0.40642	37563.2	7512.64
3351	0.39232	36260.5	12086.8
3352	0.42737	39500.4	6583.39
3353	0.35241	32571.4	10857.1
3354	0.37294	34469.6	8617.39
3355	0.42651	39420.8	7884.15
3356	0.49840	46065	11516.2
3357	0.28120	25990.2	6497.56
3358	0.31337	28963.3	9654.43
3359	0.24368	22522.7	11261.4
3360	0.43149	39880.9	9970.22
3361	0.42239	39039.4	9759.85
3362	0.23238	21478.2	10739.1
3363	0.50781	46934.5	9386.9
3364	0.27949	25832	6458.01
3365	0.34473	31862.2	7965.55
3366	0.36729	33947.3	6789.46
3367	0.58740	54291	18097
3368	0.28511	26351.5	6587.88
3369	0.34040	31462	7865.49
3370	0.28775	26595.8	13297.9
3371	0.38589	35666.6	8916.65
3372	0.17333	16019.7	16019.7
3373	0.24067	22243.8	22243.8
3374	0.37886	35016.3	5836.06
3375	0.44099	40758.7	8151.75
3376	0.37122	34310	11436.7
3377	0.44961	41555.3	6925.88
3378	0.24829	22948.3	7649.43
3379	0.47103	43535	10883.8
3380	0.50745	46901.2	7816.87
3381	0.38099	35213.6	7042.72
3382	0.23097	21347.3	10673.6
3383	0.23490	21710.6	10855.3
3384	0.28112	25983.1	6495.79
3385	0.31784	29376.2	9792.06
3386	0.19174	17721.5	8860.74
3387	0.49974	46189.1	6598.44
3388	0.47102	43534.8	8706.96
3389	0.31812	29402.4	9800.82
3390	0.43225	39950.6	6658.43
3391	0.19557	18075.9	18075.9
3392	0.32770	30287.6	10095.9
3393	0.46972	43413.8	10853.5
3394	0.31949	29529.4	5905.89
3395	0.32605	30135.8	15067.9
3396	0.33318	30794	7698.49
3397	0.27379	25304.8	12652.4
3398	0.46659	43125.3	6160.75
3399	0.27319	25250.1	8416.7
3400	0.57974	53582.7	17860.9
