#IID	F_ROH	ROH_length_kB	KBAVG
8931	0.25230	23326.6	7775.52
8932	0.52065	48136.3	6876.62
8933	0.19583	18104.9	9052.47
8934	0.31489	29113	9704.33
8935	0.60634	56058.2	28029.1
8936	0.21520	19895.8	6631.92
8937	0.45223	41810.2	10452.5
8938	0.21624	19992.1	6664.04
8939	0.26574	24568.7	8189.56
8940	0.21690	20053.3	6684.42
8941	0.30876	28545.9	9515.3
8942	0.43899	40586.7	13528.9
8943	0.68463	63296.9	21099
8944	0.27338	25274.9	8424.98
8945	0.17234	15933.6	7966.81
8946	0.16244	15018.4	7509.21
8947	0.05349	4944.98	4944.98
8948	0.47207	43645	14548.3
8949	0.19317	17859.8	5953.27
8950	0.55052	50898	16966
8951	0.05000	4622.85	4622.85
8952	0.17914	16561.9	5520.63
8953	0.48303	44658.4	7443.06
8954	0.22774	21055.6	5263.9
8955	0.29198	26994.7	6748.67
8956	0.28926	26743.7	6685.94
8957	0.28299	26164	6540.99
8958	0.29283	27072.9	9024.29
8959	0.22521	20821.5	5205.37
8960	0.19200	17751.3	5917.11
8961	0.25112	23217.3	5804.33
8962	0.26927	24895.1	6223.77
8963	0.07342	6787.62	6787.62
8964	0.16370	15134.5	5044.84
8965	0.56369	52115.6	17371.9
8966	0.17142	15848.7	5282.9
8967	0.15167	14022.7	4674.22
8968	0.47185	43624.6	7270.77
8969	0.45702	42253.3	6036.19
8970	0.15440	14274.7	4758.24
8971	0.27144	25095.3	8365.11
8972	0.05313	4911.88	4911.88
8973	0.20594	19039.9	9519.96
8974	0.39228	36267.5	6044.59
8975	0.29473	27248.6	6812.15
8976	0.57793	53432.4	13358.1
8977	0.35388	32717.9	6543.57
8978	0.31673	29282.7	29282.7
8979	0.32853	30374.1	7593.51
8980	0.27836	25735.9	12868
8981	0.66539	61518.3	30759.1
8982	0.22298	20615.8	5153.95
8983	0.45521	42085.8	6012.26
8984	0.39456	36479.1	12159.7
8985	0.15091	13952.1	6976.05
8986	0.34755	32132.1	16066.1
8987	0.31002	28662.9	9554.3
8988	0.29211	27006.9	6751.72
8989	0.13056	12070.9	4023.62
8990	0.33489	30961.9	10320.6
8991	0.25452	23531.5	5882.89
8992	0.10755	9943.34	4971.67
8993	0.36183	33452.5	6690.49
8994	0.11166	10323.5	5161.75
8995	0.32783	30309.3	7577.32
8996	0.42153	38972.2	7794.44
8997	0.37916	35054.9	17527.4
8998	0.33667	31126.7	7781.67
8999	0.03026	2797.35	2797.35
9000	0.29483	27258.2	6814.55
