#IID	F_ROH	ROH_length_kB	KBAVG
8931	0.37675	34819.2	4974.18
8932	0.51118	47243	11810.7
8933	0.38925	35974.8	8993.71
8934	0.35874	33155.1	5525.84
8935	0.33403	30871.3	5145.22
8936	0.49818	46042	5755.24
8937	0.36207	33462.3	5577.04
8938	0.45308	41873.7	8374.73
8939	0.51717	47797	6828.14
8940	0.41575	38423.9	6403.98
8941	0.36458	33694.8	6738.95
8942	0.31176	28812.5	5762.51
8943	0.11976	11068	5534
8944	0.45642	42181.8	5272.73
8945	0.60160	55600.1	18533.4
8946	0.07198	6652.81	6652.81
8947	0.27815	25706.6	8568.87
8948	0.66362	61331.4	10221.9
8949	0.49580	45821.6	7636.93
8950	0.35885	33164.4	8291.09
8951	0.47435	43838.9	4383.89
8952	0.33182	30666.7	4380.96
8953	0.58639	54194.3	7742.04
8954	0.33537	30995.1	7748.78
8955	0.33610	31061.8	6212.36
8956	0.46474	42950.9	6135.84
8957	0.39870	36848.1	7369.63
8958	0.36792	34002.8	5667.13
8959	0.56169	51911.3	6488.91
8960	0.46271	42763.4	6109.05
8961	0.29556	27315.5	5463.11
8962	0.82971	76681.7	38340.8
8963	0.13165	12167.4	6083.68
8964	0.56985	52665.4	7523.63
8965	0.48864	45160.2	6451.46
8966	0.48858	45154.2	7525.71
8967	0.24496	22639.5	4527.9
8968	0.56487	52205.2	17401.7
8969	0.43573	40269.6	5033.7
8970	0.41370	38234.1	6372.35
8971	0.30024	27747.8	5549.56
8972	0.32483	30021.1	4288.73
8973	0.29657	27409.2	5481.84
8974	0.42424	39208.1	6534.69
8975	0.33569	31024.7	6204.95
8976	0.55159	50977.7	7282.53
8977	0.35795	33081.2	6616.25
8978	0.42998	39738.9	4967.36
8979	0.45543	42091.1	6013.02
8980	0.49626	45864.2	9172.84
8981	0.18426	17029.3	4257.32
8982	0.28922	26729.7	6682.43
8983	0.57421	53068	8844.67
8984	0.49495	45743	5717.88
8985	0.14289	13205.5	4401.83
8986	0.42687	39451.3	4931.41
8987	0.23835	22028.1	5507.02
8988	0.16520	15268.1	7634.07
8989	0.42186	38988	7797.61
8990	0.26855	24819.5	6204.86
8991	0.32711	30231.8	6046.37
8992	0.37802	34936.9	5822.82
8993	0.39730	36718.2	5245.45
8994	0.35820	33104.5	4729.21
8995	0.37610	34758.7	5793.11
8996	0.31609	29213.3	5842.67
8997	0.51064	47193.1	7865.51
8998	0.50106	46307.5	7717.91
8999	0.43921	40591.8	10148
9000	0.38358	35450.2	8862.54
