#IID	F_ROH	ROH_length_kB	KBAVG
53731	0.56987	52665	5851.67
53732	0.27160	25100.5	5020.1
53733	0.40626	37545	7509
53734	0.19244	17784.9	5928.31
53735	0.13940	12882.7	6441.33
53736	0.28595	26426.6	5285.32
53737	0.39711	36698.9	7339.78
53738	0.14411	13318	4439.32
53739	0.18770	17346.3	8673.14
53740	0.22692	20971.3	4194.26
53741	0.27853	25740.2	12870.1
53742	0.44255	40898.3	13632.8
53743	0.20138	18610.4	4652.59
53744	0.17880	16523.9	4130.98
53745	0.31150	28787.5	7196.87
53746	0.29337	27111.7	5422.33
53747	0.32368	29913.4	9971.12
53748	0.39074	36110.1	5158.59
53749	0.12886	11909.1	5954.57
53750	0.14763	13643.6	4547.86
53751	0.33615	31065.9	6213.19
53752	0.12725	11759.5	3919.84
53753	0.33633	31081.7	10360.6
53754	0.43601	40294.5	10073.6
53755	0.22839	21107	10553.5
53756	0.14464	13367.2	4455.74
53757	0.23052	21303.5	7101.18
53758	0.45428	41982.8	5247.85
53759	0.12486	11538.6	5769.29
53760	0.23046	21298.5	7099.51
53761	0.20095	18570.8	4642.71
53762	0.34433	31821.5	7955.37
53763	0.22000	20331.6	6777.19
53764	0.37964	35084.8	8771.21
53765	0.23964	22146.1	5536.53
53766	0.24814	22931.7	7643.9
53767	0.28674	26499.2	5299.83
53768	0.13937	12880.1	6440.04
53769	0.32246	29800.1	7450.02
53770	0.12008	11097.3	5548.67
53771	0.41725	38560	4820
53772	0.35712	33003.6	5500.6
53773	0.27180	25118.6	12559.3
53774	0.35541	32845	6569
53775	0.20351	18807.5	6269.16
53776	0.65308	60354.8	8622.12
53777	0.20351	18807.5	6269.16
53778	0.46168	42666.7	7111.11
53779	0.33817	31251.7	10417.2
53780	0.27609	25515.4	6378.86
53781	0.31009	28657	7164.26
53782	0.46698	43156.2	6165.18
53783	0.21412	19787.6	6595.87
53784	0.25513	23577.6	4715.53
53785	0.35462	32772.2	8193.05
53786	0.31197	28831.1	5766.22
53787	0.38479	35561	8890.26
53788	0.28831	26644.1	5328.81
53789	0.33402	30868.9	6173.78
53790	0.28606	26436.6	6609.15
53791	0.13698	12658.7	4219.55
53792	0.24506	22647.4	4529.47
53793	0.27600	25506.5	4251.08
53794	0.14814	13690.2	6845.08
53795	0.17606	16270.5	4067.63
53796	0.22347	20652.1	6884.03
53797	0.30205	27913.8	5582.76
53798	0.14088	13019.4	13019.4
53799	0.24114	22284.8	5571.21
53800	0.23538	21752.4	5438.09
