#IID	F_ROH	ROH_length_kB	KBAVG
8931	0.37958	35099.2	5849.87
8932	0.48930	45244.4	9048.88
8933	0.25762	23821.9	3970.32
8934	0.39017	36078.5	5154.07
8935	0.36001	33289.5	4755.64
8936	0.25678	23743.6	4748.71
8937	0.32167	29744.2	7436.04
8938	0.37482	34658.4	6931.67
8939	0.34333	31747.3	5291.21
8940	0.23634	21854.1	5463.53
8941	0.41748	38603.5	6433.92
8942	0.41266	38157.4	7631.48
8943	0.40029	37014.1	6169.02
8944	0.38557	35652.9	5093.27
8945	0.26097	24131.2	4826.25
8946	0.33874	31322.5	4474.64
8947	0.24785	22917.8	5729.45
8948	0.26139	24170.2	6042.54
8949	0.72124	66691.7	22230.6
8950	0.20009	18501.5	6167.17
8951	0.28652	26493.8	6623.45
8952	0.45981	42517.6	8503.53
8953	0.29207	27006.8	13503.4
8954	0.70147	64863.6	12972.7
8955	0.27368	25306.2	6326.55
8956	0.29045	26856.9	6714.23
8957	0.37696	34856.2	8714.05
8958	0.28211	26086	8695.33
8959	0.29227	27025.5	5405.1
8960	0.32159	29737	4956.17
8961	0.42206	39026.9	6504.48
8962	0.54019	49950.5	16650.2
8963	0.21845	20199.9	10099.9
8964	0.79809	73797.7	24599.2
8965	0.58528	54119.2	7731.32
8966	0.40944	37860.1	7572.02
8967	0.40839	37762.9	6293.82
8968	0.26221	24246.2	8082.07
8969	0.44186	40858	5836.85
8970	0.22698	20988.5	5247.14
8971	0.35181	32530.9	5421.81
8972	0.53188	49181.5	7025.93
8973	0.26801	24782.1	4956.42
8974	0.40006	36992.4	6165.4
8975	0.44072	40752.1	6792.02
8976	0.15278	14127.3	4709.11
8977	0.44674	41308.6	8261.71
8978	0.35454	32783.5	10927.8
8979	0.31415	29048.9	5809.78
8980	0.30745	28428.9	9476.3
8981	0.37456	34634.9	5772.49
8982	0.18984	17554.2	5851.41
8983	0.45596	42161.2	6023.03
8984	0.51727	47830.5	6832.93
8985	0.40358	37318.4	6219.73
8986	0.19095	17656.3	5885.43
8987	0.55211	51052.2	10210.4
8988	0.46043	42574.9	7095.81
8989	0.39622	36637.2	7327.43
8990	0.43369	40102.6	8020.53
8991	0.75336	69661.5	34830.8
8992	0.30330	28045.8	4674.3
8993	0.34494	31896	7973.99
8994	0.23508	21737.6	5434.41
8995	0.62803	58072.6	11614.5
8996	0.14223	13151.7	4383.89
8997	0.60721	56147.1	9357.85
8998	0.40153	37128.6	9282.16
8999	0.53613	49574.5	8262.41
9000	0.31456	29086.4	5817.29
