#IID	F_ROH	ROH_length_kB	KBAVG
3331	0.42964	39713.5	6618.92
3332	0.23193	21438.1	5359.53
3333	0.46115	42625.8	7104.31
3334	0.21381	19763.6	4940.91
3335	0.33328	30806.6	6161.31
3336	0.63825	58995.4	9832.57
3337	0.24313	22472.9	5618.22
3338	0.41508	38367.6	6394.6
3339	0.34377	31775.8	5295.96
3340	0.24870	22987.8	4597.56
3341	0.23505	21726.1	5431.53
3342	0.39840	36825.4	6137.56
3343	0.20376	18834	6278
3344	0.38680	35753	7150.6
3345	0.18588	17182	5727.32
3346	0.45666	42210.9	8442.18
3347	0.54899	50744.8	12686.2
3348	0.28014	25894.4	4315.73
3349	0.46221	42723.9	21361.9
3350	0.35846	33133.8	6626.76
3351	0.29330	27110.4	5422.08
3352	0.42935	39686.5	7937.31
3353	0.48542	44869.3	7478.22
3354	0.24108	22283.8	4456.77
3355	0.33563	31023.6	6204.73
3356	0.13687	12651.5	4217.18
3357	0.73974	68376.6	22792.2
3358	0.31442	29062.8	9687.58
3359	0.37641	34792.9	4970.41
3360	0.53439	49395.3	9879.06
3361	0.59021	54554.8	10911
3362	0.33915	31348.9	5224.82
3363	0.21686	20045.1	6681.7
3364	0.37035	34232.7	6846.54
3365	0.18730	17313	5770.99
3366	0.28007	25888.2	6472.04
3367	0.07841	7248.08	7248.08
3368	0.25222	23313.2	4662.65
3369	0.19973	18461.8	6153.95
3370	0.09038	8353.7	4176.85
3371	0.24059	22238.6	5559.66
3372	0.28004	25884.7	5176.94
3373	0.43301	40024.3	8004.87
3374	0.43162	39896.6	7979.33
3375	0.24005	22188.9	5547.22
3376	0.11708	10822.4	5411.18
3377	0.35504	32817.7	8204.43
3378	0.05943	5492.9	5492.9
3379	0.34194	31606.3	10535.4
3380	0.42967	39716.2	4964.53
3381	0.13238	12235.9	4078.63
3382	0.24813	22935.1	7645.05
3383	0.22315	20626.9	4125.39
3384	0.26103	24127.7	6031.93
3385	0.26975	24933.6	4986.73
3386	0.31814	29407	5881.4
3387	0.36040	33312.7	6662.54
3388	0.35430	32748.9	6549.78
3389	0.28278	26138.4	8712.79
3390	0.24453	22603.2	7534.39
3391	0.36659	33885.5	5647.59
3392	0.24002	22185.5	4437.11
3393	0.24082	22259.5	4451.91
3394	0.43640	40338.3	8067.66
3395	0.25743	23795.1	5948.78
3396	0.39187	36221.6	6036.93
3397	0.08722	8062.46	4031.23
3398	0.16076	14859.5	4953.15
3399	0.57493	53142.7	10628.5
3400	0.35498	32811.8	5468.64
