#IID	F_ROH	ROH_length_kB	KBAVG
14531	0.48215	44573.6	8914.72
14532	0.44205	40866.5	8173.3
14533	0.70793	65446.6	13089.3
14534	0.79325	73333.9	9166.74
14535	0.47951	44330	11082.5
14536	0.46954	43408.3	6201.19
14537	0.62488	57769.1	7221.13
14538	0.40229	37190.9	7438.18
14539	0.30374	28080.4	9360.15
14540	0.58984	54529.6	9088.26
14541	0.39687	36689.9	6114.98
14542	0.39066	36116	9029
14543	0.39967	36949.1	7389.82
14544	0.40515	37455.7	6242.61
14545	0.43107	39851.2	7970.24
14546	0.47881	44265.2	6323.61
14547	0.30381	28086.7	7021.68
14548	0.57452	53113.5	8852.25
14549	0.24889	23009.5	5752.38
14550	0.34906	32269.5	8067.37
14551	0.45424	41993.8	8398.77
14552	0.26188	24210.1	6052.52
14553	0.74669	69030.3	8628.79
14554	0.32233	29798.7	7449.66
14555	0.30485	28183	5636.59
14556	0.38978	36034.2	12011.4
14557	0.35571	32884.4	6576.87
14558	0.38125	35245.6	7049.11
14559	0.46837	43299.4	14433.1
14560	0.32708	30237.4	6047.49
14561	0.31138	28786.8	9595.58
14562	0.61186	56565.6	8080.8
14563	0.43185	39923.4	7984.69
14564	0.45985	42511.9	7085.32
14565	0.46881	43340.1	7223.35
14566	0.29498	27270.5	5454.1
14567	0.44682	41307.7	5901.1
14568	0.51913	47992.4	11998.1
14569	0.19123	17679.2	8839.61
14570	0.47432	43850.3	7308.39
14571	0.36122	33394.2	8348.56
14572	0.71247	65866.5	16466.6
14573	0.30478	28176.7	9392.24
14574	0.41386	38260.7	7652.15
14575	0.46424	42918.3	8583.66
14576	0.42663	39440.6	9860.14
14577	0.52840	48849.3	6978.47
14578	0.47789	44179.6	11044.9
14579	0.32247	29811.3	4968.55
14580	0.44325	40977.9	8195.57
14581	0.41002	37905.7	6317.62
14582	0.47774	44166.3	14722.1
14583	0.35874	33165.1	6633.02
14584	0.46971	43423.6	7237.27
14585	0.68819	63622.1	15905.5
14586	0.38889	35951.9	8987.98
14587	0.40920	37829.3	7565.86
14588	0.55749	51538.4	7362.63
14589	0.56045	51812.6	12953.1
14590	0.52791	48803.9	9760.78
14591	0.39704	36705.7	9176.43
14592	0.43589	40297.2	13432.4
14593	0.52778	48792.1	6970.31
14594	0.38374	35476.1	8869.03
14595	0.58682	54250.2	6027.81
14596	0.90953	84084.3	84084.3
14597	0.23856	22054.4	7351.48
14598	0.58434	54021.1	7717.3
14599	0.54335	50231.7	10046.3
14600	0.78992	73026.7	9128.33
