#IID	F_ROH	ROH_length_kB	KBAVG
11731	0.35559	32867	8216.75
11732	0.37944	35071.4	7014.29
11733	0.46676	43141.8	10785.4
11734	0.41868	38698.6	12899.5
11735	0.42755	39517.8	13172.6
11736	0.35487	32800.6	16400.3
11737	0.28683	26511.5	5302.3
11738	0.61030	56409.1	14102.3
11739	0.46109	42618.6	10654.7
11740	0.47964	44332.3	7388.72
11741	0.55255	51071.8	12767.9
11742	0.30477	28169.9	9389.96
11743	0.31367	28992.2	5798.44
11744	0.38990	36038.2	6006.37
11745	0.25051	23154.5	7718.17
11746	0.18779	17357.2	5785.73
11747	0.37259	34438.1	6887.62
11748	0.39180	36214.2	7242.83
11749	0.44306	40952	10238
11750	0.38794	35856.7	7171.34
11751	0.28423	26270.8	4378.46
11752	0.38441	35531.1	11843.7
11753	0.32258	29816.2	7454.05
11754	0.33833	31271.2	6254.24
11755	0.38051	35170.2	8792.55
11756	0.42815	39573.2	6595.54
11757	0.40167	37126.4	7425.28
11758	0.21413	19791.6	6597.21
11759	0.56265	52005.4	13001.4
11760	0.43760	40447.4	8089.49
11761	0.43937	40611	8122.21
11762	0.45670	42212.8	8442.56
11763	0.40663	37584.7	12528.2
11764	0.56625	52338.1	13084.5
11765	0.61524	56866.2	11373.2
11766	0.48507	44834.5	7472.42
11767	0.36592	33821.3	8455.32
11768	0.50044	46255.1	7709.19
11769	0.45459	42017.8	14005.9
11770	0.30754	28425.4	7106.35
11771	0.74352	68723.1	13744.6
11772	0.52905	48900	16300
11773	0.29905	27640.9	13820.5
11774	0.42453	39238.9	4904.86
11775	0.24055	22233.5	4446.71
11776	0.27409	25333.7	8444.58
11777	0.36901	34107	6821.39
11778	0.22033	20364.7	6788.23
11779	0.30563	28249.5	9416.49
11780	0.61526	56868.2	14217
11781	0.37944	35071.6	7014.32
11782	0.18268	16885.4	8442.71
11783	0.28959	26766.8	8922.26
11784	0.23760	21961.6	4392.32
11785	0.38045	35164.4	7032.89
11786	0.24913	23027.2	7675.72
11787	0.40953	37852.8	9463.19
11788	0.31199	28837.2	7209.3
11789	0.49490	45743.6	7623.94
11790	0.32102	29671.8	5934.37
11791	0.44214	40867.1	13622.4
11792	0.62507	57774.9	8253.55
11793	0.38196	35304.4	7060.87
11794	0.36817	34029.5	17014.8
11795	0.49798	46028	11507
11796	0.39820	36805	7361
11797	0.34225	31633.6	10544.5
11798	0.39969	36943.1	9235.78
11799	0.40721	37638.3	9409.59
11800	0.46861	43313.7	8662.73
