#IID	F_ROH	ROH_length_kB	KBAVG
6131	0.30778	28431.5	5686.3
6132	0.22201	20508	6836
6133	0.54897	50710.8	7244.4
6134	0.18621	17200.7	4300.18
6135	0.20010	18484.6	4621.14
6136	0.19727	18222.9	6074.28
6137	0.46849	43276.3	8655.25
6138	0.29758	27489	6872.25
6139	0.56415	52113.2	8685.53
6140	0.18407	17003.9	8501.96
6141	0.26182	24185.5	4837.11
6142	0.33656	31089.6	5181.6
6143	0.22908	21161.6	4232.31
6144	0.34785	32132.3	6426.46
6145	0.20109	18575.3	4643.82
6146	0.17473	16141	4035.25
6147	0.16795	15514.1	3878.52
6148	0.36186	33427.2	6685.45
6149	0.23876	22055.7	7351.9
6150	0.40303	37230	7446.01
6151	0.19048	17595.7	4398.93
6152	0.22866	21122	5280.5
6153	0.31530	29125.5	5825.09
6154	0.40327	37251.8	5321.68
6155	0.78679	72679.5	14535.9
6156	0.37709	34833.5	5805.58
6157	0.23257	21483.3	7161.11
6158	0.19652	18153.4	6051.13
6159	0.48106	44437.8	7406.3
6160	0.13498	12468.7	6234.33
6161	0.36848	34038	5672.99
6162	0.36593	33802.3	5633.71
6163	0.41480	38316.7	5473.82
6164	0.33960	31370.8	7842.7
6165	0.31434	29037.5	9679.17
6166	0.30013	27724.8	13862.4
6167	0.34520	31888.1	5314.69
6168	0.12862	11881.6	3960.52
6169	0.24111	22272.6	5568.15
6170	0.18298	16903.2	5634.4
6171	0.41650	38474.3	5496.34
6172	0.19039	17587.3	4396.83
6173	0.23995	22165.3	5541.34
6174	0.42024	38819.9	6469.98
6175	0.23812	21995.9	5498.97
6176	0.32701	30207.1	7551.79
6177	0.17723	16371.9	4092.97
6178	0.20725	19144.3	6381.42
6179	0.35590	32876.1	4696.58
6180	0.25883	23909.6	5977.41
6181	0.42268	39045.1	7809.02
6182	0.20833	19244.4	4811.1
6183	0.42037	38832	6472.01
6184	0.38849	35887	8971.76
6185	0.18029	16654.7	8327.36
6186	0.27172	25100.5	8366.83
6187	0.47760	44118.3	8823.67
6188	0.43704	40371.7	5767.39
6189	0.23163	21396.8	7132.26
6190	0.32841	30336.5	4333.78
6191	0.33241	30706.1	6141.22
6192	0.20646	19071.6	4767.89
6193	0.18395	16992	4248
6194	0.19768	18260.8	4565.2
6195	0.37468	34611.2	6922.25
6196	0.22371	20664.9	5166.22
6197	0.20802	19215.6	6405.2
6198	0.29864	27586.7	6896.67
6199	0.18347	16947.8	4236.94
6200	0.23142	21377.5	5344.38
