#IID	F_ROH	ROH_length_kB	KBAVG
3331	0.39115	36119.3	5159.91
3332	0.35303	32598.7	6519.74
3333	0.56720	52375.8	7482.26
3334	0.77744	71790	17947.5
3335	0.57957	53517.9	17839.3
3336	0.40308	37221	7444.19
3337	0.51937	47959.2	9591.84
3338	0.35540	32818.3	10939.4
3339	0.44350	40953.5	13651.2
3340	0.40665	37550.3	7510.07
3341	0.30181	27869.1	13934.5
3342	0.41337	38171.3	6361.89
3343	0.35982	33225.8	6645.15
3344	0.70145	64772.7	16193.2
3345	0.38742	35774.6	7154.92
3346	0.33679	31099.9	6219.97
3347	0.43188	39880.5	13293.5
3348	0.46776	43193.1	10798.3
3349	0.50276	46425.2	7737.54
3350	0.40864	37733.9	6288.98
3351	0.29578	27312.3	13656.1
3352	0.67952	62747.2	15686.8
3353	0.36823	34003	8500.75
3354	0.32542	30049.3	7512.32
3355	0.43368	40046.9	10011.7
3356	0.33971	31368.7	10456.2
3357	0.35547	32824.4	8206.09
3358	0.40297	37211	9302.76
3359	0.45645	42148.6	6021.22
3360	0.25679	23712.4	5928.11
3361	1.00000	92341	92341
3362	0.39794	36745.9	9186.49
3363	0.56363	52046.4	10409.3
3364	0.23069	21301.7	5325.44
3365	0.55000	50787.3	12696.8
3366	0.39476	36452.1	7290.41
3367	0.35891	33142.4	11047.5
3368	0.36846	34024.4	11341.5
3369	0.50220	46373.4	11593.4
3370	0.35174	32479.8	8119.95
3371	0.37411	34545.9	8636.47
3372	0.45409	41931	10482.8
3373	0.42301	39061.2	7812.24
3374	0.39493	36468.2	9117.05
3375	0.39785	36737.5	12245.8
3376	0.71419	65948.7	10991.4
3377	0.38491	35543.1	7108.63
3378	0.40067	36998.6	7399.73
3379	0.31770	29336.5	7334.14
3380	0.47565	43921.7	8784.34
3381	0.36013	33255.2	8313.79
3382	0.27947	25806.3	6451.57
3383	0.39093	36098.5	6016.41
3384	0.34697	32040	6407.99
3385	0.46938	43343.2	6191.89
3386	0.47193	43578.1	10894.5
3387	0.41851	38645.4	9661.36
3388	0.39514	36487.5	7297.49
3389	0.29790	27508.2	9169.41
3390	0.43140	39836.1	9959.03
3391	0.45102	41647.6	13882.5
3392	0.34632	31979.5	10659.8
3393	0.46398	42844.6	8568.92
3394	0.52868	48819	8136.49
3395	0.47265	43645	8728.99
3396	0.26433	24408.1	12204.1
3397	0.40548	37442.7	6240.45
3398	0.29973	27677	13838.5
3399	0.37808	34911.9	8727.97
3400	0.36244	33468.4	11156.1
