#IID	F_ROH	ROH_length_kB	KBAVG
8931	0.31919	29498.4	4916.4
8932	0.74181	68556	17139
8933	0.37469	34627.9	6925.57
8934	0.50886	47027.4	9405.48
8935	0.26474	24466.4	4077.73
8936	0.20185	18654.6	6218.19
8937	0.49003	45286.9	6469.56
8938	0.66740	61679	10279.8
8939	0.49121	45396.5	7566.08
8940	0.40207	37158.1	7431.62
8941	0.48431	44758.6	6394.09
8942	0.25411	23484.2	23484.2
8943	0.25030	23132.2	5783.04
8944	0.57564	53198.9	26599.5
8945	0.63337	58534.2	11706.8
8946	0.25340	23418.2	4683.63
8947	0.30440	28132.2	5626.44
8948	0.28120	25987.3	6496.81
8949	0.20172	18642.6	4660.65
8950	0.55658	51437.4	10287.5
8951	0.23237	21474.6	7158.2
8952	0.34729	32095.2	16047.6
8953	0.25113	23208.3	7736.1
8954	0.22603	20889.2	6963.05
8955	0.30694	28366.4	5673.27
8956	0.55620	51402.8	6425.35
8957	0.45562	42107.3	6015.33
8958	0.21957	20292	6764.02
8959	0.42405	39189.2	6531.54
8960	0.28476	26316.8	5263.35
8961	0.27303	25232.4	5046.48
8962	0.56879	52566.4	17522.1
8963	0.41812	38641.2	9660.31
8964	0.65208	60263.5	8609.07
8965	0.46318	42805.5	7134.25
8966	0.12051	11136.9	5568.44
8967	0.47170	43592.9	8718.59
8968	0.52230	48269.6	9653.91
8969	0.48251	44592.6	7432.09
8970	0.12814	11842	3947.33
8971	0.30833	28495	7123.74
8972	0.42883	39631.2	7926.23
8973	0.38603	35676.1	8919.02
8974	0.37101	34288	5714.66
8975	0.16453	15205.8	5068.61
8976	0.16212	14982.9	3745.72
8977	0.26869	24831.8	4966.36
8978	0.34295	31694.4	15847.2
8979	0.03641	3365.12	3365.12
8980	0.35278	32603.3	8150.83
8981	0.45826	42351.1	8470.22
8982	0.32646	30170.2	7542.54
8983	0.42340	39129	6521.5
8984	0.41489	38343.2	9585.8
8985	0.32108	29673.4	9891.13
8986	0.26213	24224.9	4844.97
8987	0.43384	40094.1	8018.82
8988	0.29045	26842.8	5368.56
8989	0.58734	54279.9	13570
8990	0.33327	30799.5	6159.9
8991	0.51021	47152.1	9430.43
8992	0.23471	21691.5	7230.51
8993	0.21133	19530.1	6510.03
8994	0.35163	32496.9	8124.22
8995	0.54669	50523.2	7217.6
8996	0.48200	44544.9	11136.2
8997	0.42189	38990	5570
8998	0.36606	33830.2	5638.37
8999	0.34967	32315.8	6463.16
9000	0.51267	47379.6	7896.59
