#IID	F_ROH	ROH_length_kB	KBAVG
8931	0.29224	27014.8	6753.71
8932	0.58165	53768.9	13442.2
8933	0.22290	20605	10302.5
8934	0.41050	37947.3	7589.47
8935	0.35241	32577.1	8144.27
8936	0.38561	35646.6	7129.33
8937	0.14776	13658.8	13658.8
8938	0.15444	14276.4	4758.79
8939	0.23673	21883.7	5470.92
8940	0.32980	30486.9	6097.38
8941	0.34907	32268.6	8067.16
8942	0.83122	76839.3	19209.8
8943	0.21267	19659.2	3931.85
8944	0.57147	52827.7	10565.5
8945	0.41502	38365.3	9591.32
8946	0.38313	35417.3	8854.33
8947	0.51838	47919.7	7986.61
8948	0.39553	36563.2	7312.64
8949	0.38976	36030	7205.99
8950	0.41906	38738.5	5534.08
8951	0.42511	39297.5	13099.2
8952	0.28125	25999.6	6499.89
8953	0.44573	41204.3	6867.39
8954	0.37637	34791.8	5798.63
8955	0.35623	32930.8	5488.47
8956	0.26545	24538.8	6134.7
8957	0.33938	31372.7	7843.18
8958	0.29195	26988.2	6747.04
8959	0.36913	34123	8530.76
8960	0.47384	43802.7	6257.52
8961	0.34238	31650.5	6330.09
8962	0.34170	31587.6	7896.89
8963	0.43008	39757.7	13252.6
8964	0.40877	37787.3	9446.83
8965	0.36151	33418.3	8354.58
8966	0.37735	34883.1	8720.79
8967	0.44484	41121.5	10280.4
8968	0.58461	54041.9	10808.4
8969	0.52107	48168.6	9633.71
8970	0.42396	39191.7	9797.93
8971	0.21340	19726.8	4931.7
8972	0.63495	58695.7	11739.1
8973	0.43042	39789	6631.5
8974	0.25885	23928.5	5982.13
8975	0.43516	40227.2	6704.53
8976	0.25829	23876.6	11938.3
8977	0.29168	26963.4	5392.68
8978	0.23094	21348.9	7116.3
8979	0.50394	46585.1	7764.19
8980	0.28175	26045.2	13022.6
8981	0.31487	29106.6	7276.66
8982	0.32012	29592.2	9864.06
8983	0.48135	44496.6	7416.11
8984	0.39125	36167.9	9041.98
8985	0.41089	37983.4	9495.85
8986	0.90301	83475.9	83475.9
8987	0.33009	30513.9	6102.77
8988	0.28489	26336.1	13168
8989	0.53065	49053.7	9810.73
8990	0.58121	53727.8	8954.63
8991	0.36664	33892.4	6778.48
8992	0.29233	27023.8	9007.92
8993	0.34282	31690.8	6338.16
8994	0.37567	34727.6	11575.9
8995	0.35806	33100	11033.3
8996	0.22271	20587.6	5146.89
8997	0.31436	29059.7	9686.55
8998	0.30335	28042.1	9347.38
8999	0.20763	19193.4	4798.35
9000	0.39252	36285.1	7257.02
