#IID	F_ROH	ROH_length_kB	KBAVG
3331	0.46001	42525.3	21262.7
3332	0.16305	15073.6	5024.53
3333	0.25295	23383.9	7794.63
3334	0.25321	23408.5	5852.12
3335	0.32194	29762	14881
3336	0.36736	33961.1	6792.23
3337	0.45227	41809.8	10452.5
3338	0.27290	25228.6	6307.16
3339	0.35390	32716.6	5452.76
3340	0.14343	13259.8	6629.88
3341	0.30159	27880.1	5576.02
3342	0.46887	43344.4	7224.07
3343	0.30476	28173.6	5634.72
3344	0.42784	39551.6	13183.9
3345	0.30246	27961.2	5592.23
3346	0.16352	15116.4	7558.19
3347	0.30680	28361.9	7090.49
3348	0.20473	18926.1	9463.04
3349	0.23819	22019.6	7339.87
3350	0.42620	39400.3	7880.07
3351	0.30894	28560	5711.99
3352	0.20690	19127.1	6375.72
3353	0.29482	27254.7	9084.9
3354	0.16478	15233.2	7616.61
3355	0.21229	19625	6541.65
3356	0.45688	42236.3	10559.1
3357	0.30765	28441.2	5688.24
3358	0.39026	36077.5	18038.8
3359	0.11316	10461.3	5230.65
3360	0.17608	16277.3	5425.77
3361	0.20794	19223.5	6407.84
3362	0.42039	38863.3	6477.21
3363	0.21269	19662.4	4915.6
3364	0.22767	21047.3	10523.7
3365	0.46352	42850.6	8570.13
3366	0.31623	29233.7	14616.9
3367	0.32649	30182.7	5030.46
3368	0.28653	26488.4	6622.1
3369	0.39439	36459.4	6076.56
3370	0.13620	12591.3	6295.67
3371	0.28590	26430.5	6607.64
3372	0.31915	29503.5	5900.7
3373	0.09775	9036.97	4518.49
3374	0.21122	19526.4	6508.81
3375	0.33705	31158.9	15579.4
3376	0.22021	20356.9	10178.5
3377	0.08466	7826.72	7826.72
3378	0.51874	47955.3	11988.8
3379	0.33677	31132.7	5188.79
3380	0.25346	23430.9	5857.72
3381	0.26949	24912.7	6228.17
3382	0.29299	27085.7	6771.43
3383	0.18046	16683.1	8341.55
3384	0.23621	21836.5	5459.11
3385	0.22058	20391.7	5097.92
3386	0.31378	29007.6	9669.2
3387	0.31939	29525.8	7381.45
3388	0.20310	18775.4	9387.72
3389	0.20228	18700.1	9350.04
3390	0.28215	26083.2	8694.38
3391	0.32533	30074.9	10025
3392	0.24931	23047.7	7682.58
3393	0.38931	35989.6	17994.8
3394	0.25312	23400	7799.99
3395	0.47295	43722.1	8744.42
3396	0.22426	20731.8	6910.61
3397	0.55003	50847.8	7263.97
3398	0.23856	22053.4	5513.34
3399	0.18749	17333	8666.49
3400	0.21073	19480.9	9740.43
