#IID	F_ROH	ROH_length_kB	KBAVG
3331	0.17638	16305.8	5435.28
3332	0.38853	35918.2	7183.65
3333	0.44470	41110.6	6851.77
3334	0.21225	19621.3	4905.33
3335	0.24782	22909.7	5727.43
3336	0.36879	34092.7	6818.55
3337	0.27516	25437.5	8479.18
3338	0.34293	31702.6	6340.52
3339	0.12543	11595.3	5797.63
3340	0.40140	37107.3	6184.55
3341	0.44052	40724.2	8144.84
3342	0.28049	25930.1	8643.35
3343	0.43681	40380.8	8076.16
3344	0.24682	22817.2	11408.6
3345	0.11080	10242.6	10242.6
3346	0.35550	32864.8	8216.2
3347	0.43402	40122.9	8024.57
3348	0.15158	14012.7	7006.35
3349	0.44263	40919.7	8183.94
3350	0.38730	35804.7	4475.59
3351	0.14479	13385.4	6692.7
3352	0.26216	24235.4	4847.08
3353	0.18033	16670.9	8335.47
3354	0.58062	53675.8	13418.9
3355	0.42012	38838.3	6473.05
3356	0.24148	22323.7	4464.73
3357	0.25856	23902.5	7967.51
3358	0.22573	20868	6956
3359	0.32810	30331.1	7582.78
3360	0.34605	31991	6398.19
3361	0.35524	32840.8	6568.17
3362	0.21739	20096.8	6698.93
3363	0.59658	55151.5	7878.79
3364	0.20225	18697.6	6232.54
3365	0.27103	25055.6	8351.86
3366	0.40608	37540.1	9385.03
3367	0.28396	26250.9	8750.3
3368	0.37547	34710.8	6942.17
3369	0.35062	32413.7	10804.6
3370	0.39715	36715.2	9178.8
3371	0.31192	28835.6	7208.9
3372	0.30329	28038.1	7009.52
3373	0.46653	43129	8625.81
3374	0.48581	44911.4	11227.9
3375	0.81424	75273.5	15054.7
3376	0.60913	56311.7	11262.3
3377	0.48228	44585	8917
3378	0.15968	14761.6	7380.81
3379	0.38753	35825.8	5970.96
3380	0.51248	47376.3	6768.04
3381	0.27603	25518.2	6379.55
3382	0.18479	17082.9	5694.29
3383	0.24106	22285.3	7428.44
3384	0.29258	27048	6762
3385	0.32015	29596.3	7399.07
3386	0.29737	27490.2	6872.54
3387	0.39911	36896.5	7379.31
3388	0.29053	26858.2	6714.54
3389	0.32869	30386.3	7596.57
3390	0.32042	29621.3	5924.27
3391	0.47379	43800.1	8760.01
3392	0.44935	41540.1	6923.35
3393	0.50559	46739.3	7789.88
3394	0.32427	29977.8	5995.57
3395	0.41868	38705.6	9676.41
3396	0.25501	23574.9	7858.31
3397	0.18724	17309.4	4327.34
3398	0.33861	31302.9	5217.15
3399	0.40066	37039.5	9259.88
3400	0.23147	21398.1	5349.52
