#IID	F_ROH	ROH_length_kB	KBAVG
31331	0.24917	23014.1	7671.36
31332	0.12912	11926.4	3975.48
31333	0.34574	31934	7983.51
31334	0.13149	12145.4	6072.72
31335	0.22201	20506.3	4101.26
31336	0.07927	7321.38	3660.69
31337	0.47997	44332.5	11083.1
31338	0.20302	18751.8	6250.58
31339	0.31734	29310.8	5862.16
31340	0.34627	31982.6	6396.51
31341	0.20102	18567.5	4641.87
31342	0.30847	28491.5	7122.88
31343	0.25031	23120.1	4624.02
31344	0.10554	9747.95	3249.32
31345	0.05021	4637.43	4637.43
31346	0.19290	17817.2	8908.61
31347	0.23439	21649.4	5412.34
31348	0.12303	11363.5	5681.73
31349	0.18171	16783.7	5594.58
31350	0.31539	29131.3	5826.26
31351	0.22973	21218.5	7072.84
31352	0.25760	23792.9	7930.96
31353	0.03986	3682.07	3682.07
31354	0.13240	12229.1	4076.37
31355	0.19090	17632.3	4408.07
31356	0.16395	15143.1	3785.79
31357	0.25432	23490	5872.5
31358	0.21318	19690.7	4922.67
31359	0.38948	35973.9	7194.77
31360	0.23502	21707.9	5426.97
31361	0.21152	19537.4	4884.34
31362	0.45387	41921.3	10480.3
31363	0.15343	14171.8	4723.93
31364	0.15352	14180.1	4726.69
31365	0.26864	24812.6	6203.16
31366	0.25261	23331.9	4666.37
31367	0.35504	32793.2	6558.64
31368	0.30357	28038.9	4673.16
31369	0.56746	52413.1	17471
31370	0.38144	35231.8	7046.36
31371	0.38841	35875.5	7175.09
31372	0.18848	17408.7	5802.88
31373	0.19545	18052.2	9026.12
31374	0.28971	26758.5	8919.51
31375	0.37991	35090.6	5848.43
31376	0.18392	16987.7	5662.55
31377	0.19797	18285.2	4571.31
31378	0.36291	33519.8	8379.95
31379	0.23398	21611.2	5402.8
31380	0.46578	43021.6	10755.4
31381	0.18419	17012.4	5670.81
31382	0.09520	8792.82	8792.82
31383	0.07636	7053.31	7053.31
31384	0.05394	4981.87	4981.87
31385	0.39014	36035.4	9008.85
31386	0.38304	35379.3	8844.83
31387	0.13182	12175.3	6087.66
31388	0.43109	39817.2	13272.4
31389	0.18054	16675.8	5558.6
31390	0.30753	28405.2	4734.19
31391	0.30264	27952.8	5590.56
31392	0.41839	38644.7	7728.94
31393	0.17347	16022.5	5340.82
31394	0.26404	24388.1	8129.36
31395	0.39161	36170.8	9042.7
31396	0.26456	24435.6	8145.22
31397	0.16512	15251.3	5083.75
31398	0.38834	35868.8	8967.2
31399	0.37370	34516.2	11505.4
31400	0.34921	32254.2	5375.7
