#IID	F_ROH	ROH_length_kB	KBAVG
8931	0.36254	33510	11170
8932	0.17882	16528.6	5509.52
8933	0.18323	16936.3	5645.44
8934	0.19853	18349.8	6116.6
8935	0.29355	27133.1	6783.28
8936	0.34155	31569.9	10523.3
8937	0.33767	31211.4	10403.8
8938	0.40034	37004.1	18502
8939	0.61474	56821.1	9470.19
8940	0.31634	29239.1	9746.37
8941	0.34851	32212.8	6442.57
8942	0.59604	55092.6	18364.2
8943	0.20836	19258.8	4814.7
8944	0.25931	23968.6	4793.72
8945	0.24455	22603.5	5650.87
8946	0.16832	15557.8	5185.92
8947	0.43472	40181.7	6696.96
8948	0.10494	9699.24	3233.08
8949	0.34736	32106.4	8026.59
8950	0.17544	16216.3	5405.42
8951	0.17966	16606	5535.33
8952	0.29092	26889.7	6722.44
8953	0.19862	18358.9	4589.72
8954	0.38985	36034.4	12011.5
8955	0.12777	11810.2	5905.12
8956	0.30346	28049	7012.25
8957	0.43821	40504.2	8100.84
8958	0.26823	24792.3	6198.06
8959	0.27155	25099.6	12549.8
8960	0.26805	24775.9	4955.19
8961	0.49161	45439.8	45439.8
8962	0.25228	23318.7	5829.67
8963	0.11442	10575.6	5287.8
8964	0.65534	60573.4	15143.3
8965	0.15821	14623.9	3655.99
8966	0.31427	29048.1	7262.03
8967	0.33787	31229.7	7807.42
8968	0.23945	22132.1	5533.02
8969	0.27355	25284.2	5056.84
8970	0.33892	31326.3	6265.25
8971	0.35488	32801.9	8200.47
8972	0.22227	20544.7	4108.94
8973	0.15708	14519.1	4839.72
8974	0.39640	36639.5	9159.88
8975	0.25542	23608.5	5902.12
8976	0.14284	13203	6601.52
8977	0.20577	19019.9	4754.97
8978	0.25853	23896	5973.99
8979	0.27276	25211.5	8403.82
8980	0.19559	18078.2	6026.06
8981	0.48141	44497	6356.71
8982	0.12215	11290.1	5645.04
8983	0.41773	38611.2	9652.8
8984	0.29753	27501.1	4583.52
8985	0.23712	21917.6	5479.41
8986	0.31200	28838.5	14419.2
8987	0.24583	22722	4544.4
8988	0.08409	7772.3	3886.15
8989	0.25791	23839	4767.81
8990	0.26813	24783.7	4956.74
8991	0.75804	70066.5	35033.2
8992	0.31155	28797.2	9599.05
8993	0.27623	25531.8	12765.9
8994	0.26359	24364.1	6091.03
8995	0.19857	18353.5	6117.85
8996	0.10151	9382.97	4691.48
8997	0.11132	10289.2	5144.59
8998	0.19882	18377.3	4594.34
8999	0.15605	14423.8	4807.93
9000	0.29775	27521.1	6880.27
