#IID	F_ROH	ROH_length_kB	KBAVG
6131	0.27556	25468.9	5093.78
6132	0.26684	24662.5	8220.82
6133	0.36001	33274	8318.49
6134	0.41668	38512.1	9628.02
6135	0.32321	29872.7	5974.54
6136	0.42953	39699	9924.74
6137	0.15521	14345.6	4781.88
6138	0.13830	12782.3	4260.76
6139	0.33168	30655.8	5109.29
6140	0.03865	3572.48	3572.48
6141	0.48428	44759.4	11189.9
6142	0.36410	33651.9	6730.38
6143	0.23516	21734.6	7244.87
6144	0.09823	9079.27	4539.64
6145	0.22085	20411.8	10205.9
6146	0.26804	24774	8257.99
6147	0.15215	14062.8	4687.59
6148	0.17238	15932.3	7966.17
6149	0.37034	34228.9	6845.79
6150	0.29044	26843.6	5368.72
6151	0.26991	24946.6	4989.31
6152	0.44081	40741.7	6790.28
6153	0.03441	3180.18	3180.18
6154	0.34385	31780.8	6356.16
6155	0.11486	10615.5	5307.77
6156	0.13729	12689.3	4229.76
6157	0.51688	47772.3	9554.46
6158	0.49364	45624.9	22812.5
6159	0.18544	17139.5	5713.16
6160	0.11576	10698.7	5349.33
6161	0.39913	36889.8	9222.45
6162	0.37428	34592.8	5765.47
6163	0.23507	21726.1	7242.04
6164	0.38011	35131.8	5855.3
6165	0.51641	47729.7	7954.94
6166	0.25944	23978.4	7992.81
6167	0.97708	90307.1	30102.4
6168	0.18449	17051.5	4262.89
6169	0.30426	28121.5	7030.37
6170	0.15536	14358.8	7179.4
6171	0.43919	40591.9	6765.32
6172	0.22793	21066.8	5266.71
6173	0.26908	24870.2	6217.55
6174	0.30792	28459.3	7114.82
6175	0.09286	8583.03	4291.51
6176	0.29812	27553.4	6888.35
6177	0.05618	5192.75	5192.75
6178	0.40156	37114	6185.66
6179	0.44017	40682.7	5811.82
6180	0.30444	28138.2	7034.54
6181	0.38168	35277.1	7055.42
6182	0.09766	9026.48	4513.24
6183	0.21396	19775	4943.76
6184	0.06755	6243.61	6243.61
6185	0.27398	25322.5	6330.63
6186	0.10541	9742.59	4871.3
6187	0.09765	9025.72	4512.86
6188	0.74768	69104.8	34552.4
6189	0.08610	7957.36	3978.68
6190	0.07719	7133.89	3566.95
6191	0.07038	6505.19	3252.59
6192	0.11306	10449.5	5224.75
6193	0.40354	37297.4	9324.36
6194	0.20584	19024.8	9512.41
6195	0.22734	21011.6	5252.9
6196	0.30724	28396.8	5679.37
6197	0.17241	15934.9	5311.64
6198	0.47039	43476.1	7246.02
6199	0.34805	32169	10723
6200	0.39087	36126.2	12042.1
