#IID	F_ROH	ROH_length_kB	KBAVG
11731	0.34476	31878.3	5313.05
11732	0.40381	37338.5	9334.61
11733	0.04474	4136.74	4136.74
11734	0.35585	32903.2	8225.8
11735	0.18157	16788.3	5596.11
11736	0.30689	28376.8	7094.19
11737	0.24541	22691.9	5672.98
11738	0.38250	35367.4	7073.47
11739	0.27393	25329.1	6332.28
11740	0.15087	13950.5	6975.24
11741	0.18015	16657.9	16657.9
11742	0.21548	19923.9	4980.98
11743	0.28388	26248.7	5249.75
11744	0.25942	23987.2	11993.6
11745	0.17455	16139.9	8069.97
11746	0.16896	15622.4	5207.48
11747	0.23404	21640.5	7213.49
11748	0.14501	13408.7	4469.56
11749	0.17385	16074.5	5358.16
11750	0.17532	16210.8	5403.59
11751	0.31104	28760.5	9586.83
11752	0.19540	18067.6	6022.54
11753	0.20599	19046.8	6348.94
11754	0.46534	43027	7171.17
11755	0.66783	61750.6	30875.3
11756	0.28538	26387.2	6596.79
11757	0.38432	35536.3	8884.08
11758	0.28871	26695.8	8898.6
11759	0.09671	8941.99	4471
11760	0.35376	32710.2	8177.55
11761	0.30009	27747.6	9249.21
11762	0.29550	27323.6	5464.71
11763	0.37511	34684.1	6936.82
11764	0.47273	43710.3	21855.2
11765	0.23680	21895.5	5473.87
11766	0.27848	25749.3	6437.33
11767	0.10302	9525.29	4762.65
11768	0.39931	36922.4	9230.6
11769	0.16749	15486.7	5162.25
11770	0.28657	26497.6	6624.4
11771	0.25667	23732.6	5933.14
11772	0.61309	56689.2	11337.8
11773	0.41568	38435.9	5490.84
11774	0.38135	35261.6	8815.41
11775	0.27877	25776.2	25776.2
11776	0.13307	12304.7	6152.34
11777	0.29129	26933.7	6733.43
11778	0.29010	26823.8	8941.25
11779	0.57962	53594	17864.7
11780	0.14675	13569.1	4523.02
11781	0.32536	30084.3	7521.09
11782	0.61661	57014.6	11402.9
11783	0.22315	20633.4	6877.79
11784	0.12953	11977.1	11977.1
11785	0.46290	42802.1	8560.42
11786	0.28923	26743.7	6685.93
11787	0.20734	19172	4793
11788	0.18413	17025.6	5675.2
11789	0.22226	20551.3	6850.43
11790	0.50170	46389.1	11597.3
11791	0.45204	41797.5	8359.49
11792	0.39395	36426.6	12142.2
11793	0.27743	25652.6	6413.14
11794	0.28627	26470.1	5294.02
11795	0.18409	17022.2	5674.06
11796	0.44766	41392.2	10348
11797	0.09696	8965.64	4482.82
11798	0.50459	46656.6	9331.31
11799	0.29827	27579.6	6894.91
11800	0.33475	30952.4	7738.1
