#IID	F_ROH	ROH_length_kB	KBAVG
6131	0.40266	37200.5	7440.11
6132	0.11764	10868.6	3622.88
6133	0.37968	35077.1	11692.4
6134	0.41337	38189.7	7637.93
6135	0.87968	81271.1	40635.5
6136	0.16234	14998	7499.02
6137	0.10758	9939.29	4969.64
6138	0.13880	12823.1	6411.57
6139	0.13051	12057.6	6028.78
6140	0.78954	72943.5	36471.7
6141	0.35114	32441	8110.25
6142	0.16137	14908.9	3727.22
6143	0.27684	25576.5	4262.75
6144	0.80465	74339.1	37169.5
6145	0.17384	16060.5	8030.26
6146	0.37997	35104	8776
6147	0.37869	34986.4	8746.6
6148	0.28867	26669.4	4444.89
6149	0.12744	11773.9	3924.64
6150	0.41002	37880.7	6313.44
6151	0.18806	17374.4	5791.47
6152	0.21866	20201.7	10100.9
6153	0.50752	46887.8	15629.3
6154	0.24958	23058.2	4611.63
6155	0.54618	50460	7208.57
6156	0.44522	41132.9	13711
6157	0.11934	11025.6	5512.8
6158	0.34762	32115.7	8028.93
6159	0.42481	39247	9811.75
6160	0.14867	13735	4578.32
6161	0.35105	32432.2	8108.06
6162	0.06232	5757.96	5757.96
6163	0.30170	27873.5	5574.69
6164	0.49908	46108.2	6586.88
6165	0.35256	32571.8	8142.94
6166	0.17072	15772.4	5257.46
6167	0.28832	26636.9	6659.23
6168	0.26642	24613.8	6153.45
6169	0.32249	29794	5958.81
6170	0.12461	11512.3	11512.3
6171	0.14297	13208.8	6604.38
6172	0.52985	48950.9	12237.7
6173	0.17746	16394.8	5464.94
6174	0.21868	20203.4	4040.69
6175	0.33994	31406	7851.5
6176	0.45806	42318.4	6045.49
6177	0.56559	52253	26126.5
6178	0.62656	57886.1	14471.5
6179	0.20581	19014	4753.49
6180	0.44922	41502.5	10375.6
6181	0.34201	31597.4	7899.36
6182	0.21294	19672.9	6557.62
6183	0.42487	39252.6	9813.14
6184	0.42896	39630.4	19815.2
6185	0.27257	25182.3	5036.46
6186	0.36015	33273.3	5545.55
6187	0.24928	23030.4	4606.08
6188	0.14790	13664	4554.68
6189	0.10379	9589.18	4794.59
6190	0.40392	37317.1	12439
6191	0.22278	20582.3	5145.57
6192	0.30373	28061	14030.5
6193	0.35287	32600.3	6520.06
6194	0.29849	27576.7	9192.23
6195	0.29563	27312.1	9104.03
6196	0.30051	27763	9254.35
6197	0.33485	30935.6	5155.94
6198	0.33304	30768.4	15384.2
6199	0.13214	12207.7	6103.85
6200	0.35106	32433.1	6486.62
