#IID	F_ROH	ROH_length_kB	KBAVG
11731	0.55536	51297.5	12824.4
11732	0.33048	30525.6	6105.12
11733	0.21891	20219.9	5054.97
11734	0.38046	35141.8	7028.35
11735	0.34174	31566.2	6313.24
11736	0.45142	41696.3	10424.1
11737	0.23990	22158.7	5539.66
11738	0.53008	48962	8160.33
11739	0.19217	17750.4	8875.2
11740	0.35926	33183.8	5530.64
11741	0.41376	38218.5	9554.63
11742	0.33973	31380.2	5230.04
11743	0.41623	38446.5	6407.75
11744	0.23383	21598.2	4319.65
11745	0.25300	23369.2	7789.72
11746	0.44828	41406.6	6901.1
11747	0.33651	31082.8	6216.57
11748	0.43406	40093.2	5727.6
11749	0.28775	26579.2	8859.74
11750	0.37563	34695.7	4956.53
11751	0.38168	35255	5875.84
11752	0.25419	23478.8	4695.76
11753	0.31975	29534.9	5906.98
11754	0.40450	37363	7472.61
11755	0.35150	32467.5	6493.49
11756	0.19740	18233	4558.26
11757	0.42704	39444.3	5634.9
11758	0.31390	28994.6	9664.85
11759	0.35471	32763.9	8190.97
11760	0.41060	37926.6	5418.09
11761	0.28879	26675	4445.83
11762	0.34415	31788.6	4541.23
11763	0.49392	45622.5	7603.75
11764	0.17789	16431.4	5477.14
11765	0.21996	20317.5	4063.5
11766	0.37801	34916.1	11638.7
11767	0.48065	44396.8	8879.36
11768	0.39669	36641.1	5234.44
11769	0.30099	27801.4	4633.56
11770	0.71856	66371.8	22123.9
11771	0.47722	44079.9	8815.98
11772	0.32039	29593.6	5918.72
11773	0.40673	37568.7	7513.74
11774	0.29417	27172	13586
11775	0.40915	37792.6	6298.76
11776	0.35018	32345.8	4620.83
11777	0.16721	15444.9	5148.32
11778	0.33672	31101.7	5183.61
11779	0.10454	9655.86	4827.93
11780	0.47537	43908.7	6272.67
11781	0.25594	23640.8	4728.17
11782	0.20347	18794.5	4698.63
11783	0.47333	43720.7	6245.81
11784	0.43171	39876.5	4984.57
11785	0.50423	46575	6653.57
11786	0.27902	25772.5	8590.83
11787	0.34533	31897.5	10632.5
11788	0.25638	23681.6	7893.87
11789	0.23774	21959.8	5489.96
11790	0.42859	39587.8	5655.4
11791	0.71138	65708.6	32854.3
11792	0.41303	38151.1	7630.22
11793	0.38312	35388	5055.43
11794	0.35994	33246.8	6649.37
11795	0.35932	33189.6	8297.39
11796	0.35384	32683.6	6536.72
11797	0.45181	41732.4	6955.4
11798	0.29456	27208	4534.66
11799	0.29748	27477.5	9159.16
11800	0.34692	32043.8	5340.64
