#IID	F_ROH	ROH_length_kB	KBAVG
3331	0.36343	33598.3	6719.66
3332	0.18692	17280.2	4320.04
3333	0.16956	15675.1	5225.05
3334	0.24758	22888.1	11444
3335	0.23234	21478.8	4295.76
3336	0.36344	33599.3	5599.88
3337	0.32570	30110.1	6022.03
3338	0.82690	76444.2	76444.2
3339	0.39167	36208.4	7241.68
3340	0.04388	4056.71	4056.71
3341	0.26736	24717	8239.01
3342	0.42508	39297.3	7859.46
3343	0.30743	28420.7	5684.15
3344	0.24635	22774.7	7591.56
3345	0.14824	13704	6851.99
3346	0.40030	37006.2	7401.24
3347	0.09970	9217.3	4608.65
3348	0.25375	23458.3	3909.71
3349	0.24189	22362.1	11181
3350	0.16452	15209.1	5069.68
3351	0.09710	8976.23	4488.11
3352	0.22702	20987.3	5246.82
3353	0.23397	21629.9	4325.98
3354	0.23427	21657.5	7219.18
3355	0.51225	47355.7	15785.2
3356	0.22356	20667.1	6889.04
3357	0.18692	17280.2	4320.04
3358	0.47866	44250.2	14750.1
3359	0.26698	24681.5	6170.38
3360	0.11719	10834.2	10834.2
3361	0.29782	27532.7	6883.18
3362	0.23236	21480.8	5370.21
3363	0.38801	35870.4	11956.8
3364	0.74359	68742.7	34371.3
3365	0.29293	27080.9	5416.18
3366	0.25490	23564.6	5891.16
3367	0.19553	18076.2	9038.11
3368	0.07366	6809.64	6809.64
3369	0.24700	22834.1	5708.52
3370	0.15179	14032.9	4677.64
3371	0.27645	25557	6389.26
3372	0.28510	26356.9	5271.38
3373	0.15623	14443.3	7221.66
3374	0.20264	18733	4683.25
3375	0.41850	38689.2	7737.84
3376	0.48203	44562.4	8912.48
3377	0.18446	17052.7	4263.17
3378	0.11497	10628.9	5314.44
3379	0.28824	26646.8	6661.69
3380	0.08080	7469.69	7469.69
3381	0.24759	22889.1	5722.27
3382	0.38506	35597.7	8899.43
3383	0.32991	30499.5	6099.9
3384	0.31795	29393.2	7348.31
3385	0.23273	21515.5	7171.82
3386	0.24031	22215.9	5553.98
3387	0.14977	13845.6	6922.81
3388	0.26251	24268.3	6067.07
3389	0.35067	32418.4	6483.68
3390	0.44355	41004.7	8200.95
3391	0.19714	18225.2	6075.08
3392	0.33189	30682	7670.51
3393	0.21869	20216.9	6738.97
3394	0.43510	40223.2	6703.87
3395	0.24470	22621.7	5655.42
3396	0.42593	39375.5	7875.1
3397	0.14189	13117.5	6558.74
3398	0.45078	41672.8	10418.2
3399	0.19570	18092	4523
3400	0.44103	40772.1	13590.7
