#IID	F_ROH	ROH_length_kB	KBAVG
3331	0.53521	49468	9893.6
3332	0.54196	50091.9	12523
3333	0.79064	73076.8	18269.2
3334	0.79004	73021.2	14604.2
3335	0.68888	63671.4	12734.3
3336	0.68571	63377.7	15844.4
3337	0.55347	51155.2	10231
3338	0.55534	51328	10265.6
3339	0.50470	46647.9	7774.66
3340	0.63145	58362.7	19454.2
3341	0.60416	55840.9	18613.6
3342	0.76616	70813.4	14162.7
3343	0.66581	61538.9	12307.8
3344	0.54349	50233.4	12558.4
3345	0.39405	36421.2	12140.4
3346	0.59928	55389.4	13847.3
3347	0.73237	67690.3	22563.4
3348	0.74966	69288.5	11548.1
3349	0.67568	62450.8	15612.7
3350	0.66339	61314.8	15328.7
3351	0.68771	63563.1	21187.7
3352	0.58602	54164.4	18054.8
3353	0.61759	57082.1	11416.4
3354	0.66591	61548.1	15387
3355	0.47820	44198.5	11049.6
3356	0.52361	48395.3	16131.8
3357	0.54770	50622.1	16874
3358	0.70497	65158.6	21719.5
3359	0.83391	77075.5	12845.9
3360	0.65614	60644.8	8663.54
3361	0.65036	60110.8	12022.2
3362	0.59050	54578.4	10915.7
3363	0.83899	77545.1	25848.4
3364	0.42719	39483.7	9870.93
3365	0.58259	53847.2	10769.4
3366	0.74998	69317.9	11553
3367	0.63318	58522.8	8360.4
3368	0.48119	44475.1	44475.1
3369	0.70919	65548.3	32774.1
3370	0.72494	67004.1	13400.8
3371	0.61947	57255.7	11451.1
3372	0.44235	40885.2	13628.4
3373	0.69572	64303.3	12860.7
3374	0.44629	41249.4	20624.7
3375	0.59822	55291.4	18430.5
3376	0.64511	59625.6	9937.6
3377	0.51598	47690.7	7948.45
3378	0.67800	62665.3	15666.3
3379	0.93803	86699.4	21674.8
3380	0.74498	68855.9	13771.2
3381	0.57162	52833.3	7547.61
3382	0.97571	90181.9	30060.6
3383	0.49731	45964.9	15321.6
3384	0.75535	69814.6	13962.9
3385	0.48087	44444.9	14815
3386	0.48176	44527.3	11131.8
3387	0.61547	56886.2	11377.2
3388	0.72280	66805.8	33402.9
3389	0.64391	59514.8	9919.14
3390	0.64817	59908.6	14977.2
3391	0.58175	53769.3	10753.9
3392	0.53309	49271.8	8211.96
3393	0.61836	57152.9	19051
3394	0.81022	74886.3	24962.1
3395	0.65272	60328.7	15082.2
3396	0.65105	60174.1	20058
3397	0.59325	54832.4	10966.5
3398	0.53169	49142.6	24571.3
3399	0.64919	60002.4	12000.5
3400	0.37763	34902.9	11634.3
