#IID	F_ROH	ROH_length_kB	KBAVG
3331	0.34741	32118.2	8029.55
3332	0.48196	44557.2	6365.32
3333	0.34708	32087.3	5347.88
3334	0.26080	24110.9	6027.73
3335	0.28773	26600.3	3800.04
3336	0.53935	49862.4	6232.8
3337	0.48426	44770	6395.71
3338	0.34438	31837.4	5306.23
3339	0.21137	19541.3	4885.33
3340	0.03784	3498.53	3498.53
3341	0.37451	34623.4	8655.86
3342	0.33455	30929.2	7732.3
3343	0.33101	30601.8	10200.6
3344	0.32130	29704.2	7426.04
3345	0.25358	23443	5860.74
3346	0.23647	21861.3	5465.33
3347	0.27799	25700	5140
3348	0.37356	34535.8	4933.68
3349	0.40935	37844.6	4730.58
3350	0.29987	27723.2	5544.65
3351	0.52340	48388.6	6912.66
3352	0.17061	15773	7886.49
3353	0.20781	19211.6	4802.91
3354	0.57036	52729.5	8788.25
3355	0.41753	38600.2	6433.36
3356	0.28544	26389.2	4398.2
3357	0.44515	41153.8	5144.22
3358	0.22020	20357.7	5089.41
3359	0.10284	9507.53	4753.77
3360	0.61404	56767.4	11353.5
3361	0.24428	22583.8	7527.94
3362	0.36163	33432.8	5572.14
3363	0.25286	23376.6	5844.16
3364	0.27206	25152.2	6288.04
3365	0.48260	44616.6	6373.8
3366	0.19653	18169.4	4542.36
3367	0.43540	40253	6708.83
3368	0.60870	56274	14068.5
3369	0.40307	37263.8	7452.77
3370	0.25956	23996.2	7998.73
3371	0.42583	39368.1	13122.7
3372	0.18392	17003.6	4250.91
3373	0.37586	34748.5	4964.07
3374	0.44175	40839.6	5104.95
3375	0.34324	31732.1	6346.43
3376	0.41952	38784.6	12928.2
3377	0.21504	19880.6	4970.16
3378	0.38846	35912.6	5985.44
3379	0.19289	17832.4	5944.12
3380	0.36786	34008.8	6801.77
3381	0.37553	34717.4	4959.62
3382	0.10532	9736.6	4868.3
3383	0.29706	27463.3	4577.22
3384	0.26992	24953.7	4990.74
3385	0.34134	31557.2	6311.45
3386	0.46213	42723.8	5340.48
3387	0.35309	32642.9	6528.59
3388	0.19519	18045.7	9022.86
3389	0.26247	24265.7	4853.14
3390	0.40928	37838.1	6306.34
3391	0.58379	53970.8	7710.11
3392	0.33682	31138.8	6227.77
3393	0.34139	31561.1	6312.22
3394	0.26497	24496.2	4082.7
3395	0.20379	18840.7	6280.22
3396	0.25261	23354.1	11677.1
3397	0.62646	57916.5	11583.3
3398	0.18258	16879.7	5626.56
3399	0.34630	32015.4	8003.84
3400	0.32984	30493.5	5082.26
