#IID	F_ROH	ROH_length_kB	KBAVG
3331	0.13872	12815	4271.68
3332	0.12776	11803.3	11803.3
3333	0.19996	18472.9	6157.64
3334	0.27115	25049.7	5009.95
3335	0.21889	20222.3	5055.57
3336	0.27457	25365.9	12683
3337	0.17262	15947	7973.48
3338	0.22729	20997.8	5249.45
3339	0.11215	10360.8	5180.39
3340	0.28982	26774.9	6693.72
3341	0.07356	6795.68	6795.68
3342	0.07247	6694.74	3347.37
3343	0.20883	19292.9	6430.98
3344	0.18371	16971.5	5657.17
3345	0.50032	46221	9244.2
3346	0.19741	18237	6079.01
3347	0.08562	7909.52	3954.76
3348	0.10835	10009.9	5004.97
3349	0.09666	8929.35	8929.35
3350	0.00000	0	0
3351	0.20391	18837.8	6279.25
3352	0.17489	16157.3	5385.75
3353	0.17323	16003.7	4000.92
3354	0.62276	57532.5	19177.5
3355	0.32319	29857.9	5971.57
3356	0.08655	7995.95	3997.97
3357	0.45026	41596.3	8319.26
3358	0.23875	22056.9	5514.21
3359	0.32708	30216.5	7554.13
3360	0.05013	4630.93	4630.93
3361	0.36090	33341.7	6668.34
3362	0.00000	0	0
3363	0.08842	8168.68	4084.34
3364	0.11733	10839.7	3613.25
3365	0.43396	40090.5	13363.5
3366	0.22161	20473.4	10236.7
3367	0.21296	19674.2	4918.56
3368	0.15992	14773.8	4924.6
3369	0.35183	32503.2	5417.19
3370	0.26712	24677.9	8225.97
3371	0.10621	9812.21	4906.1
3372	0.47904	44255.9	11064
3373	0.24302	22451.2	5612.8
3374	0.61739	57036.5	14259.1
3375	0.33370	30828.7	6165.74
3376	0.42784	39525.2	7905.04
3377	0.16405	15155.7	3788.93
3378	0.20948	19352.2	6450.72
3379	0.15342	14173.7	4724.56
3380	0.08975	8291.7	4145.85
3381	0.32841	30339.3	6067.85
3382	0.39335	36338.7	9084.67
3383	0.07171	6624.37	3312.19
3384	0.24527	22659.1	5664.78
3385	0.33923	31338.9	6267.79
3386	0.17807	16450.5	16450.5
3387	0.04929	4553.72	4553.72
3388	0.27477	25384	12692
3389	0.02863	2644.82	2644.82
3390	0.61402	56725.1	18908.4
3391	0.46371	42839.3	8567.86
3392	0.18685	17261.9	5753.98
3393	0.19330	17858.2	4464.55
3394	0.45351	41896.7	6982.78
3395	0.07891	7289.92	3644.96
3396	0.28899	26698.1	8899.35
3397	0.27396	25309.3	8436.42
3398	0.17878	16516.2	5505.4
3399	0.24904	23006.9	7668.96
3400	0.25814	23847.8	5961.95
