#IID	F_ROH	ROH_length_kB	KBAVG
8931	0.81194	75047.3	25015.8
8932	0.66165	61156.7	7644.59
8933	0.31898	29483.6	5896.72
8934	0.21826	20173.4	5043.34
8935	0.46033	42548.1	8509.61
8936	0.26473	24469	4893.8
8937	0.45234	41809.7	5972.81
8938	0.25289	23375	4675
8939	0.48163	44516.9	8903.39
8940	0.60696	56101.7	18700.6
8941	0.23834	22029.9	7343.31
8942	0.64733	59832.9	9972.15
8943	0.29295	27077	6769.24
8944	0.17180	15879.7	5293.22
8945	0.42228	39031.7	5575.96
8946	0.45334	41901.8	8380.37
8947	0.27164	25107.3	12553.6
8948	0.52823	48824.2	8137.37
8949	0.30725	28399.4	7099.86
8950	0.12217	11292.2	3764.06
8951	0.52495	48521.2	8086.87
8952	0.30246	27956.6	5591.31
8953	0.72166	66703.3	16675.8
8954	0.51631	47722.7	5302.52
8955	0.37151	34338.5	4905.5
8956	0.48832	45135.8	6447.98
8957	0.23247	21486.8	5371.69
8958	0.42402	39192.2	19596.1
8959	0.41277	38152.5	6358.74
8960	0.40384	37327	9331.76
8961	0.23719	21923.8	5480.95
8962	0.42680	39448.9	5635.56
8963	0.18502	17101.2	5700.38
8964	0.56951	52640.3	13160.1
8965	0.46974	43418.4	7236.41
8966	0.29002	26806.6	6701.66
8967	0.32431	29976.4	5995.28
8968	0.19081	17636.4	5878.8
8969	0.26946	24906.4	4151.06
8970	0.25487	23557.4	4711.47
8971	0.40493	37427.9	7485.58
8972	0.39571	36575.8	6095.97
8973	0.43745	40433.7	8086.73
8974	0.20795	19221.1	3844.21
8975	0.33916	31348.6	5224.76
8976	0.47161	43591	10897.8
8977	0.23158	21405.4	4281.08
8978	0.40460	37397	9349.26
8979	0.27667	25572.7	5114.54
8980	0.46595	43067.5	6152.51
8981	0.41316	38188	7637.61
8982	0.27181	25123.7	6280.92
8983	0.28600	26435.2	6608.8
8984	0.32837	30351.6	4335.94
8985	0.33755	31200.2	5200.04
8986	0.30359	28061.3	4676.89
8987	0.44527	41156.1	6859.35
8988	0.29319	27100	6774.99
8989	0.10525	9728.05	4864.02
8990	0.35883	33166.6	8291.64
8991	0.32720	30242.7	5040.45
8992	0.34603	31983.6	6396.72
8993	0.42114	38925.7	5560.82
8994	0.30276	27983.9	5596.79
8995	0.39492	36502.7	9125.67
8996	0.54953	50792.7	10158.5
8997	0.33479	30944.3	6188.86
8998	0.46592	43065	6152.15
8999	0.21307	19693.8	6564.59
9000	0.19825	18324.1	4581.02
