#IID	F_ROH	ROH_length_kB	KBAVG
22931	0.28692	26510.4	4418.4
22932	0.45810	42326.6	8465.31
22933	0.25293	23369.7	11684.8
22934	0.25406	23474.2	11737.1
22935	0.27234	25163.4	4193.9
22936	0.11020	10182	5090.98
22937	0.27279	25204.5	6301.12
22938	0.67571	62433.6	31216.8
22939	0.00000	0	0
22940	0.32006	29572.1	9857.37
22941	0.10981	10145.6	5072.81
22942	0.32054	29616.6	5923.33
22943	0.00000	0	0
22944	0.31748	29334.3	5866.87
22945	0.16480	15226.6	5075.52
22946	0.27750	25640.3	5128.07
22947	0.27126	25063.4	6265.85
22948	0.31377	28991.5	5798.29
22949	0.27121	25058.6	8352.86
22950	0.14980	13841.3	4613.76
22951	0.08127	7508.87	3754.44
22952	0.27976	25848.8	5169.76
22953	0.37780	34907.8	8726.95
22954	0.21830	20170	5042.5
22955	0.36838	34036.8	8509.19
22956	0.15302	14138.5	4712.82
22957	0.10329	9543.91	4771.95
22958	0.11954	11045.5	5522.74
22959	0.11791	10894.2	3631.41
22960	0.08949	8268.11	4134.06
22961	0.27102	25041.1	6260.28
22962	0.21243	19627.7	6542.58
22963	0.48871	45155.5	7525.92
22964	0.30462	28145.7	5629.14
22965	0.21334	19712.3	6570.76
22966	0.28907	26708.9	6677.23
22967	0.27165	25099.5	12549.8
22968	0.40926	37814.1	9453.52
22969	0.21869	20206.3	6735.44
22970	0.37428	34581.8	5763.63
22971	0.38537	35606.4	8901.61
22972	0.24377	22523.5	5630.86
22973	0.31414	29025.4	5805.07
22974	0.22119	20437.2	6812.42
22975	0.21003	19405.6	4851.39
22976	0.42940	39674.8	9918.7
22977	0.35842	33116.9	8279.23
22978	0.23013	21263.3	10631.7
22979	0.26513	24496.8	6124.2
22980	0.08452	7809.33	3904.67
22981	0.19409	17932.9	8966.47
22982	0.30806	28464	5692.79
22983	0.32192	29744.7	4957.46
22984	0.12644	11682.2	3894.05
22985	0.00000	0	0
22986	0.29858	27587.4	6896.86
22987	0.19402	17927.2	4481.79
22988	0.25071	23164.4	5791.09
22989	0.12072	11154.4	5577.22
22990	0.24900	23006.7	7668.89
22991	0.26164	24174.4	8058.13
22992	0.09715	8976.4	4488.2
22993	0.21820	20161.3	4032.27
22994	0.03461	3198.03	3198.03
22995	0.12960	11974.7	5987.37
22996	0.20483	18925.4	6308.45
22997	0.17686	16341.6	4085.41
22998	0.04919	4544.9	4544.9
22999	0.33882	31305.9	10435.3
23000	0.15870	14663.5	4887.84
