#IID	F_ROH	ROH_length_kB	KBAVG
3331	0.49817	46059.2	9211.84
3332	0.47034	43485.8	8697.15
3333	0.65077	60167.4	10027.9
3334	0.52994	48996	6999.43
3335	0.36192	33462.2	4780.31
3336	0.38055	35183.9	5863.99
3337	0.40881	37797.1	6299.51
3338	0.48049	44424.4	11106.1
3339	0.34716	32097.1	8024.27
3340	0.35485	32808.3	6561.66
3341	0.38337	35444.8	8861.19
3342	0.50599	46781.7	46781.7
3343	0.24069	22253.7	7417.91
3344	0.60001	55474.9	11095
3345	0.42930	39691.6	13230.5
3346	0.23484	21712.3	21712.3
3347	0.28268	26135.2	8711.74
3348	0.31140	28790.9	9596.96
3349	0.54446	50338.5	8389.76
3350	0.47225	43662.9	8732.58
3351	0.46057	42582.4	7097.06
3352	0.46368	42869.7	7144.95
3353	0.36300	33561.8	6712.36
3354	0.33132	30633	10211
3355	0.56047	51818.8	7402.69
3356	0.42107	38930.2	9732.55
3357	0.41987	38819.6	4852.45
3358	0.34166	31588.7	10529.6
3359	0.97682	90312.9	90312.9
3360	0.24289	22457	7485.66
3361	0.28600	26442.7	8814.24
3362	0.32536	30081.6	10027.2
3363	0.24914	23034.4	7678.13
3364	0.14265	13188.8	6594.42
3365	0.28945	26761.5	8920.49
3366	0.26997	24960.3	8320.08
3367	0.27967	25856.9	12928.5
3368	0.33820	31268.9	10423
3369	0.46216	42729.9	8545.97
3370	0.36644	33879.5	8469.87
3371	0.35871	33165.1	5527.51
3372	0.24146	22324.7	7441.57
3373	0.45791	42337	8467.4
3374	0.43048	39800.8	4975.1
3375	0.29049	26857.7	13428.9
3376	0.16114	14898.5	7449.27
3377	0.47610	44018.6	11004.7
3378	0.45564	42127	8425.4
3379	0.30505	28204	5640.8
3380	0.40943	37854.5	9463.62
3381	0.56428	52170.9	10434.2
3382	0.26494	24495.8	8165.28
3383	0.37022	34229.4	8557.36
3384	0.32385	29941.6	7485.39
3385	0.37764	34915	5819.16
3386	0.35059	32414.1	10804.7
3387	0.24867	22991	7663.68
3388	0.24663	22802.6	5700.66
3389	0.57399	53069.2	8844.87
3390	0.44780	41402.3	6900.38
3391	0.45925	42460.8	8492.15
3392	0.38429	35529.9	7105.99
3393	0.40115	37089.2	9272.31
3394	0.29448	27226.6	5445.32
3395	0.61341	56713.1	9452.18
3396	0.37503	34674	8668.51
3397	0.34872	32241.7	8060.42
3398	0.35129	32478.7	5413.11
3399	0.37003	34211.3	4887.34
3400	0.42866	39632.2	9908.06
