Fifth_Percentile	Avg_H_e
0.208524503573333	0.355227030480133
