#IID	F_ROH	ROH_length_kB	KBAVG
2551	0.27095	25054.8	6263.7
2552	0.04322	3996.36	3996.36
2553	0.18189	16819.4	5606.46
2554	0.32207	29781.8	4963.64
2555	0.40937	37853.8	6308.97
2556	0.30895	28568.5	7142.11
2557	0.26681	24671.4	8223.81
2558	0.26934	24906.1	6226.53
2559	0.26824	24803.7	4960.73
2560	0.40536	37483.1	7496.62
2561	0.45145	41744.8	13914.9
2562	0.60167	55636.1	13909
2563	0.42996	39758.4	9939.61
2564	0.39271	36313.4	7262.69
2565	0.28685	26525.2	13262.6
2566	0.28209	26084.5	4347.42
2567	0.35545	32867.9	6573.58
2568	0.38497	35598.3	7119.65
2569	0.50040	46272	23136
2570	0.42350	39160.5	7832.11
2571	0.43392	40124.6	5732.08
2572	0.30057	27793.3	5558.66
2573	0.30759	28442.2	4740.37
2574	0.33112	30618.5	4374.07
2575	0.52348	48405.4	12101.3
2576	0.44838	41461.7	8292.34
2577	0.19220	17772.5	5924.16
2578	0.29085	26895	4482.51
2579	0.37150	34352.3	8588.08
2580	0.20973	19393.5	6464.51
2581	0.30751	28435.2	7108.8
2582	0.50012	46245.7	6606.53
2583	0.47691	44099.3	6299.9
2584	0.38302	35417.1	5902.86
2585	0.38732	35814.9	4476.86
2586	0.25112	23220.8	7740.25
2587	0.38219	35340.9	11780.3
2588	0.35447	32777.4	6555.48
2589	0.41639	38503.3	7700.66
2590	0.30294	28012.2	4668.7
2591	0.23308	21553	10776.5
2592	0.46467	42967.8	8593.56
2593	0.16022	14815.8	3703.95
2594	0.38311	35425.9	5904.31
2595	0.23044	21308.5	5327.13
2596	0.40911	37829.8	7565.97
2597	0.29240	27038.4	9012.79
2598	0.40753	37684.2	6280.69
2599	0.31804	29409	7352.24
2600	0.29053	26865.3	5373.07
