#IID	F_ROH	ROH_length_kB	KBAVG
2551	0.46860	43289	8657.8
2552	0.50494	46646.8	6663.82
2553	0.64681	59752.2	11950.4
2554	0.56219	51935.2	7419.31
2555	0.49499	45727.8	6532.55
2556	0.58889	54402.2	10880.4
2557	0.61702	57000.1	8142.87
2558	0.75665	69899.2	11649.9
2559	0.63530	58689.3	6521.03
2560	0.57836	53429.3	4857.2
2561	0.45111	41673.4	5953.35
2562	0.67961	62782.8	8968.97
2563	0.66347	61291.2	12258.2
2564	0.68495	63276	15819
2565	0.73332	67744.3	13548.9
2566	0.48388	44701.1	4966.79
2567	0.50253	46423.8	6631.98
2568	0.43581	40260.2	8052.03
2569	0.52688	48673.6	12168.4
2570	0.38140	35233.5	5033.36
2571	0.63930	59059.1	14764.8
2572	0.62824	58037.5	8291.07
2573	0.33843	31264.4	6252.89
2574	0.68496	63276.6	10546.1
2575	0.83749	77367.5	15473.5
2576	0.50412	46571.2	9314.25
2577	0.64603	59680.8	5968.08
2578	0.38131	35225.2	7045.03
2579	0.38929	35962.6	5993.77
2580	0.59693	55144.9	11029
2581	0.84180	77765.5	12960.9
2582	0.63403	58572	11714.4
2583	0.60241	55650.8	6183.43
2584	0.62025	57299.3	7162.41
2585	0.53382	49314.6	9862.92
2586	0.45582	42108.5	8421.69
2587	0.69995	64661.7	10777
2588	0.66927	61827.2	8832.46
2589	0.62578	57809.9	11562
2590	0.46379	42845.4	8569.08
2591	0.61369	56693.1	6299.23
2592	0.43150	39862.3	6643.72
2593	0.44706	41299.4	13766.5
2594	0.84324	77898.7	77898.7
2595	0.59851	55290.6	7898.66
2596	0.22654	20928.3	6976.11
2597	0.60076	55498.5	11099.7
2598	0.49251	45498.1	5687.26
2599	0.67866	62695.1	12539
2600	0.46053	42543.6	7090.59
