#IID	F_ROH	ROH_length_kB	KBAVG
2551	0.34609	32001.9	16000.9
2552	0.35678	32990	5498.33
2553	0.53073	49074.4	8179.07
2554	0.41726	38582.4	7716.48
2555	0.43735	40440.3	8088.06
2556	0.12836	11869.2	5934.6
2557	0.39041	36099.5	7219.89
2558	0.21776	20135.5	6711.82
2559	0.38951	36016.4	7203.28
2560	0.54123	50044.9	10009
2561	0.80290	74241.1	18560.3
2562	0.48116	44490.7	11122.7
2563	0.26746	24730.6	6182.65
2564	0.65415	60486.2	12097.2
2565	0.37121	34324	6864.8
2566	0.22833	21112.3	5278.07
2567	0.61218	56605.5	14151.4
2568	0.23403	21639.6	10819.8
2569	0.13946	12895.5	6447.77
2570	0.39315	36352.9	12117.6
2571	0.39701	36709.9	7341.98
2572	0.27208	25158	6289.49
2573	0.49557	45823.1	9164.61
2574	0.28710	26547.1	5309.42
2575	0.21081	19492.3	6497.43
2576	0.28761	26593.9	5318.77
2577	0.37522	34694.7	11564.9
2578	0.40813	37738	7547.6
2579	0.29982	27723.4	9241.13
2580	0.31641	29257.4	7314.36
2581	0.37034	34243.5	8560.88
2582	0.23603	21824.5	5456.13
2583	0.26834	24811.8	8270.59
2584	0.64177	59341.6	11868.3
2585	0.64009	59186.6	8455.22
2586	0.29727	27487.3	6871.82
2587	0.42174	38996.9	9749.23
2588	0.41873	38718.4	9679.6
2589	0.31334	28973.3	5794.65
2590	0.18952	17523.9	5841.3
2591	0.33490	30967.2	7741.81
2592	0.57751	53399.5	8899.91
2593	0.26782	24764.6	8254.86
2594	0.51909	47998.3	6856.89
2595	0.40901	37819.7	6303.28
2596	0.31968	29559.8	9853.28
2597	0.28009	25898.5	6474.64
2598	0.28484	26338	6584.51
2599	0.48727	45055.6	11263.9
2600	0.16396	15160.5	7580.26
