#IID	F_ROH	ROH_length_kB	KBAVG
30551	0.31659	29267.3	5853.45
30552	0.28238	26105.1	6526.29
30553	0.32651	30184.3	6036.85
30554	0.24620	22760.6	5690.15
30555	0.19603	18121.8	6040.6
30556	0.53300	49273.6	7039.09
30557	0.46294	42796.6	10699.1
30558	0.62701	57964.9	19321.6
30559	0.31025	28680.9	7170.22
30560	0.16980	15697.1	5232.38
30561	0.23120	21373.1	4274.62
30562	0.27607	25521.5	8507.16
30563	0.45855	42390.8	8478.16
30564	0.46751	43219.2	21609.6
30565	0.25373	23456.1	5864.02
30566	0.34823	32192.7	8048.18
30567	0.40046	37021.2	7404.24
30568	0.32646	30180.1	10060
30569	0.09691	8958.79	4479.39
30570	0.43929	40610.8	8122.16
30571	0.26001	24036.5	6009.14
30572	0.08630	7978.37	3989.18
30573	0.39224	36261.4	6043.57
30574	0.33441	30914.5	7728.62
30575	0.26980	24941.5	6235.37
30576	0.25528	23600	7866.66
30577	0.27696	25603.9	5120.77
30578	0.26829	24802	6200.5
30579	0.29914	27654	6913.49
30580	0.20342	18805	3761.01
30581	0.36563	33800.6	11266.9
30582	0.13972	12916.6	6458.32
30583	0.14536	13437.9	4479.31
30584	0.38042	35168.3	11722.8
30585	0.35840	33132.8	6626.56
30586	0.24563	22707.9	5676.98
30587	0.06881	6361.47	6361.47
30588	0.55973	51744.9	12936.2
30589	0.29703	27459.6	6864.9
30590	0.50964	47113.8	9422.76
30591	0.25481	23556.1	5889.01
30592	0.45675	42224.8	14074.9
30593	0.46018	42542.1	8508.43
30594	0.27813	25711.6	6427.9
30595	0.08029	7422.11	3711.05
30596	0.75359	69666.2	23222.1
30597	0.29218	27010.8	6752.71
30598	0.32020	29601.4	5920.27
30599	0.31113	28762.8	7190.71
30600	0.44169	40832.1	10208
