#IID	F_ROH	ROH_length_kB	KBAVG
12551	0.31079	28726.3	7181.58
12552	0.34007	31432.5	6286.51
12553	0.29988	27717.8	5543.55
12554	0.25906	23944.1	5986.02
12555	0.35951	33229.3	6645.85
12556	0.33689	31137.9	7784.47
12557	0.31419	29040.5	5808.1
12558	0.40241	37194.5	9298.62
12559	0.08931	8254.41	4127.2
12560	0.32783	30300.6	6060.11
12561	0.15731	14539.9	4846.63
12562	0.28151	26019.6	6504.91
12563	0.55366	51173.8	12793.4
12564	0.53723	49655.1	8275.84
12565	0.49557	45804.6	6543.51
12566	0.38327	35425.2	7085.04
12567	0.62945	58179	9696.5
12568	0.22329	20638.5	10319.2
12569	0.06032	5575.1	5575.1
12570	0.34820	32184.1	16092.1
12571	0.48045	44407.4	8881.48
12572	0.56424	52151.9	7450.27
12573	0.13552	12526	4175.32
12574	0.43770	40456.1	5779.44
12575	0.24784	22907.4	4581.48
12576	0.36282	33535.1	8383.77
12577	0.40583	37510	7501.99
12578	0.41495	38352.8	9588.2
12579	0.13458	12439.3	6219.63
12580	0.29709	27459.7	13729.9
12581	0.22867	21135.4	5283.86
12582	0.47207	43633.1	14544.4
12583	0.49240	45512.2	7585.37
12584	0.48748	45057.3	7509.55
12585	0.29294	27075.6	5415.11
12586	0.33856	31292.6	7823.14
12587	0.36364	33611	6722.2
12588	0.15045	13906	6953
12589	0.45985	42503.7	10625.9
12590	0.24000	22182.9	4436.58
12591	0.41725	38565.6	5509.37
12592	0.35067	32411.9	5401.99
12593	0.81296	75140.7	25046.9
12594	0.46651	43118.8	8623.76
12595	0.40791	37702.7	7540.54
12596	0.30909	28569.1	7142.29
12597	0.55712	51493.8	10298.8
12598	0.42112	38923.6	7784.72
12599	0.32811	30327.2	7581.79
12600	0.36216	33474.2	5579.03
