#IID	F_ROH	ROH_length_kB	KBAVG
10551	0.54415	50265.3	10053.1
10552	0.50376	46534.5	11633.6
10553	0.49638	45852.6	7642.1
10554	0.60546	55929.1	18643
10555	0.62053	57320.9	11464.2
10556	0.44882	41459.4	6909.89
10557	0.41042	37912.2	12637.4
10558	0.50351	46511.7	9302.35
10559	0.35608	32893	16446.5
10560	0.51273	47362.7	7893.79
10561	0.49252	45496.3	11374.1
10562	0.49209	45456.2	22728.1
10563	0.45926	42423.5	10605.9
10564	0.53675	49582	12395.5
10565	0.27786	25667.3	12833.6
10566	0.50410	46565.7	9313.14
10567	0.48728	45011.9	15004
10568	0.48035	44372.3	7395.38
10569	0.49227	45473.3	15157.8
10570	0.44744	41331.6	13777.2
10571	0.53164	49109.8	16369.9
10572	0.65703	60692.6	10115.4
10573	0.53772	49671	8278.51
10574	0.50947	47062.3	11765.6
10575	0.80773	74613.8	14922.8
10576	0.48808	45086.1	9017.22
10577	0.64741	59804.4	19934.8
10578	0.71325	65885.6	13177.1
10579	0.52331	48340.5	12085.1
10580	0.55292	51076	12769
10581	0.34550	31915.2	10638.4
10582	0.54412	50262.7	10052.5
10583	0.44798	41381.5	13793.8
10584	0.60029	55451.7	9241.94
10585	0.74553	68867.8	11478
10586	0.45412	41949.2	13983.1
10587	0.69374	64083.5	9154.79
10588	0.40025	36973.2	7394.64
10589	0.55901	51637.8	12909.4
10590	0.59201	54686.8	7812.41
10591	0.51890	47933.3	15977.8
10592	0.59212	54696.5	13674.1
10593	0.55741	51490.6	10298.1
10594	0.55979	51710.5	8618.42
10595	0.48787	45066.6	9013.32
10596	0.52918	48882.4	16294.1
10597	0.62593	57820	14455
10598	0.41453	38292.2	5470.31
10599	0.60523	55907.5	11181.5
10600	0.68720	63479.5	12695.9
