#IID	F_ROH	ROH_length_kB	KBAVG
2551	0.33147	30639.1	6127.82
2552	0.57383	53041.7	13260.4
2553	0.55169	50994.9	10199
2554	0.54521	50396.4	12599.1
2555	0.27430	25355.3	6338.82
2556	0.56178	51927.6	6490.95
2557	0.38899	35956.5	5992.75
2558	0.28678	26508.7	6627.19
2559	0.59675	55160.1	9193.35
2560	0.47444	43854.5	6264.93
2561	0.28560	26399.6	6599.9
2562	0.61383	56739.5	9456.59
2563	0.45220	41798.7	6966.45
2564	0.44249	40901.3	8180.27
2565	0.48539	44866.6	8973.33
2566	0.28919	26731	6682.76
2567	0.50817	46972.7	7828.78
2568	0.54117	50023.1	6252.88
2569	0.46835	43291.9	8658.38
2570	0.46080	42593.7	8518.74
2571	0.36829	34043.1	8510.77
2572	0.51467	47573.4	6796.2
2573	0.56617	52333.6	7476.22
2574	0.40844	37754.3	6292.38
2575	0.74595	68951.8	11492
2576	0.39315	36340.6	6056.76
2577	0.37626	34779.5	6955.91
2578	0.49016	45307.8	7551.31
2579	0.43855	40537.7	6756.28
2580	0.46532	43011.8	8602.36
2581	0.49841	46070.4	11517.6
2582	0.54125	50030.6	6253.82
2583	0.60594	56010.2	9335.03
2584	0.44467	41103.4	6850.56
2585	0.40105	37070.9	7414.18
2586	0.25874	23916.5	5979.13
2587	0.57561	53206.2	8867.7
2588	0.60920	56310.9	14077.7
2589	0.30954	28612.7	7153.19
2590	0.35212	32548.2	8137.05
2591	0.40026	36997.7	9249.42
2592	0.58138	53739.3	7677.04
2593	0.30181	27897.4	9299.13
2594	0.48710	45025.3	9005.06
2595	0.13286	12281	6140.52
2596	0.32888	30399.9	6079.98
2597	0.46658	43128	8625.61
2598	0.62083	57386.2	14346.5
2599	0.63105	58330.9	9721.82
2600	0.42551	39332.2	7866.45
