#IID	F_ROH	ROH_length_kB	KBAVG
8551	0.59741	55234	7890.58
8552	0.27377	25311.8	4218.63
8553	0.44474	41118.9	10279.7
8554	0.54972	50824.5	12706.1
8555	0.26449	24453.1	6113.28
8556	0.39102	36151.5	6025.24
8557	0.42317	39124.8	7824.95
8558	0.34297	31709.9	5284.98
8559	0.19203	17754.3	5918.09
8560	0.43486	40205.6	5025.7
8561	0.39417	36443.5	5206.21
8562	0.41997	38828.7	9707.18
8563	0.25258	23352.7	7784.25
8564	0.19969	18462.6	4615.65
8565	0.40117	37090.6	7418.12
8566	0.44126	40796.9	5828.14
8567	0.47986	44365.7	7394.29
8568	0.37521	34690	5781.67
8569	0.43486	40205.6	5025.7
8570	0.23313	21554.3	3592.39
8571	0.41247	38135.1	9533.78
8572	0.40837	37755.9	9438.98
8573	0.52910	48918.6	6988.38
8574	0.52195	48256.7	8042.79
8575	0.35952	33239.5	6647.91
8576	0.36040	33320.5	8330.13
8577	0.23420	21653.1	5413.27
8578	0.48155	44521.8	8904.36
8579	0.25330	23418.7	11709.3
8580	0.33123	30624.2	10208.1
8581	0.61155	56540.9	8077.27
8582	0.43199	39940	7988
8583	0.53256	49238.3	4923.83
8584	0.36753	33980.2	5663.37
8585	0.44536	41176	8235.19
8586	0.33787	31237.8	6247.57
8587	0.17558	16233.1	5411.04
8588	0.34415	31818.4	5303.06
8589	0.53561	49520.5	8253.42
8590	0.31693	29301.6	7325.39
8591	0.44502	41144.2	20572.1
8592	0.33938	31377.9	3922.23
8593	0.40732	37659.2	5379.89
8594	0.42092	38916.3	7783.26
8595	0.34468	31867.8	3983.48
8596	0.34566	31958.6	10652.9
8597	0.39117	36166.2	7233.24
8598	0.23375	21611.9	4322.37
8599	0.27476	25403	5080.59
8600	0.31095	28749.4	4791.57
