#IID	F_ROH	ROH_length_kB	KBAVG
4551	0.45448	41976.7	8395.34
4552	0.47782	44132.1	11033
4553	0.46669	43104.1	8620.81
4554	0.44476	41078.4	6846.39
4555	0.62340	57577.8	8225.41
4556	0.52994	48945.5	6992.21
4557	0.40635	37530.8	12510.3
4558	0.51039	47140.1	7856.68
4559	0.48446	44745.3	7457.56
4560	0.42944	39663.8	9915.94
4561	0.70149	64790.3	12958.1
4562	0.54083	49951.6	8325.26
4563	0.60049	55462	18487.3
4564	0.59810	55241.1	11048.2
4565	0.57216	52845.4	8807.56
4566	0.30504	28173.5	9391.16
4567	0.46091	42570.7	8514.14
4568	0.57015	52659.6	8776.6
4569	0.50325	46480.9	9296.18
4570	0.50865	46979.2	15659.7
4571	0.44442	41047.4	8209.49
4572	0.40109	37045.4	7409.08
4573	0.63083	58264.7	19421.6
4574	0.74183	68516.1	11419.4
4575	0.47070	43474.3	8694.86
4576	0.38663	35709.6	7141.91
4577	0.55752	51492.9	7356.12
4578	0.64485	59559.2	8508.45
4579	0.66954	61839.3	10306.5
4580	0.45145	41696.7	10424.2
4581	0.48494	44790	11197.5
4582	0.48520	44813.6	14937.9
4583	0.51555	47616.8	11904.2
4584	0.54804	50617.7	16872.6
4585	0.65205	60224.4	10037.4
4586	0.57161	52794.3	8799.05
4587	0.49021	45276.2	11319.1
4588	0.73661	68034.4	22678.1
4589	0.50517	46657.9	9331.58
4590	0.52511	48499.6	8083.27
4591	0.29898	27614.3	6903.59
4592	0.58819	54326.3	7760.9
4593	0.74352	68672.9	13734.6
4594	0.75884	70087.6	23362.5
4595	0.47714	44069.3	7344.88
4596	0.43104	39811.3	6635.22
4597	0.85548	79013.4	19753.3
4598	0.45586	42104	8420.8
4599	0.52321	48324.6	9664.93
4600	0.71470	66010.5	13202.1
