#IID	F_ROH	ROH_length_kB	KBAVG
22551	0.57235	52918.7	13229.7
22552	0.31586	29204.5	7301.13
22553	0.39003	36061.9	5151.71
22554	0.20303	18772	4693.01
22555	0.58844	54406.1	10881.2
22556	0.14872	13750.5	4583.49
22557	0.33755	31209.2	7802.29
22558	0.34070	31501.2	6300.25
22559	0.45570	42133.7	7022.28
22560	0.32234	29802.8	7450.7
22561	0.28545	26392.8	5278.55
22562	0.28296	26161.8	6540.46
22563	0.39480	36502.7	9125.67
22564	0.48248	44609.3	7434.89
22565	0.36192	33462.4	11154.1
22566	0.77895	72021.1	24007
22567	0.26296	24313.4	6078.35
22568	0.59636	55139	11027.8
22569	0.24304	22470.9	5617.73
22570	0.20983	19400.2	4850.06
22571	0.44661	41293.4	10323.4
22572	0.40330	37289.1	5327.01
22573	0.40173	37143.6	9285.89
22574	0.20100	18584	6194.68
22575	0.31890	29485	14742.5
22576	0.39449	36474.1	12158
22577	0.46023	42552.3	10638.1
22578	0.18380	16993.6	4248.39
22579	0.22669	20959.7	6986.57
22580	0.19106	17665.3	4416.32
22581	0.25218	23316.1	5829.02
22582	0.23715	21926.4	5481.6
22583	0.24782	22913	5728.24
22584	0.26143	24171.3	4834.26
22585	0.34612	32002	6400.4
22586	0.22362	20675.3	6891.77
22587	0.30542	28238.8	5647.76
22588	0.26764	24745.3	4949.05
22589	0.29147	26948.8	6737.21
22590	0.31463	29090.7	5818.14
22591	0.49440	45712.1	7618.69
22592	0.38015	35148	7029.6
22593	0.20389	18851.6	6283.88
22594	0.40717	37646.5	9411.62
22595	0.23651	21867.1	7289.04
22596	0.35146	32495.7	8123.93
22597	0.11723	10838.8	3612.95
22598	0.47779	44176.1	8835.23
22599	0.43328	40060.4	8012.08
22600	0.18430	17039.9	8519.97
