#IID	F_ROH	ROH_length_kB	KBAVG
6551	0.45317	41887.7	8377.55
6552	0.69425	64171.3	32085.7
6553	0.48860	45162.4	11290.6
6554	0.40966	37865.9	6310.99
6555	0.48436	44770	8954.01
6556	0.49119	45402	11350.5
6557	0.37065	34260.2	8565.06
6558	0.29446	27217.8	9072.59
6559	0.58519	54089.8	13522.5
6560	0.32253	29812.2	5962.43
6561	0.45232	41808.4	5972.62
6562	0.66031	61033.9	20344.6
6563	0.42368	39161.9	13054
6564	0.43049	39790.6	9947.65
6565	0.21218	19612.1	6537.37
6566	0.62397	57674.4	28837.2
6567	0.53509	49459.7	9891.95
6568	0.38656	35730.7	5955.12
6569	0.35435	32753.6	6550.71
6570	0.42315	39112.6	7822.52
6571	0.33490	30955.6	10318.5
6572	0.26250	24263.2	8087.75
6573	0.57810	53435.2	13358.8
6574	0.39651	36650.2	7330.04
6575	0.21349	19733.1	9866.56
6576	0.26946	24906.7	6226.67
6577	0.32738	30259.9	7564.96
6578	0.51191	47317.2	9463.44
6579	0.31040	28690.7	5738.14
6580	0.60026	55482.9	18494.3
6581	0.53428	49384.9	16461.6
6582	0.20258	18725.3	6241.78
6583	0.15139	13993.3	13993.3
6584	0.47439	43848.8	14616.3
6585	0.30993	28647.8	5729.56
6586	0.86994	80410.2	80410.2
6587	0.11318	10461.6	5230.78
6588	0.26342	24348.8	12174.4
6589	0.46715	43179.7	8635.94
6590	0.20511	18958.9	6319.65
6591	0.34560	31944.9	10648.3
6592	0.50455	46636.6	11659.1
6593	0.24272	22434.8	7478.27
6594	0.68156	62998.1	12599.6
6595	0.38722	35791.3	5965.22
6596	0.40680	37601.1	7520.21
6597	0.26655	24637.7	8212.56
6598	0.32967	30471.9	15236
6599	0.25214	23306.2	11653.1
6600	0.39683	36679.5	9169.88
