#IID	F_ROH	ROH_length_kB	KBAVG
2551	0.33755	31210.6	7802.65
2552	0.43194	39938.5	7987.69
2553	0.40372	37329.3	6221.56
2554	0.45776	42325.5	8465.1
2555	0.76018	70288.4	17572.1
2556	0.56398	52147.7	7449.68
2557	0.35370	32704.6	4088.07
2558	0.37080	34285.2	8571.3
2559	0.45243	41833.3	5976.18
2560	0.50710	46888.4	7814.74
2561	0.45369	41949.8	10487.4
2562	0.33942	31383.8	4483.4
2563	0.50091	46315.7	7719.29
2564	0.68666	63490.6	12698.1
2565	0.14888	13766.3	4588.77
2566	0.46914	43378.4	6196.91
2567	0.22710	20998.6	5249.65
2568	0.62025	57350.5	11470.1
2569	0.31584	29203.6	9734.53
2570	0.45143	41740.3	6956.72
2571	0.42891	39658.2	7931.64
2572	0.21471	19852.4	4963.11
2573	0.58223	53835	8972.5
2574	0.36549	33794.2	8448.56
2575	0.27176	25128.1	5025.63
2576	0.14440	13351.9	4450.62
2577	0.25842	23894.6	4778.92
2578	0.67298	62225.5	12445.1
2579	0.31119	28773.2	4795.54
2580	0.35190	32537.4	16268.7
2581	0.65190	60276.9	10046.1
2582	0.35445	32773.9	6554.78
2583	0.29290	27082.8	5416.57
2584	0.26227	24250.5	6062.62
2585	0.27481	25410.1	5082.03
2586	0.68872	63681.6	15920.4
2587	0.50898	47062.2	9412.44
2588	0.24692	22831.3	5707.83
2589	0.44041	40721.7	6786.95
2590	0.32580	30124.3	6024.87
2591	0.38735	35815.2	7163.03
2592	0.31294	28935.1	7233.79
2593	0.40367	37324.7	12441.6
2594	0.27812	25715.8	6428.96
2595	0.54778	50649.8	8441.64
2596	0.53649	49605.9	8267.65
2597	0.38912	35979	11993
2598	0.18746	17332.8	4333.2
2599	0.40145	37119.7	5302.82
2600	0.41323	38208.9	6368.15
