#IID	F_ROH	ROH_length_kB	KBAVG
2551	0.63272	58417.1	19472.4
2552	0.47573	43922.6	6274.65
2553	0.74297	68596	34298
2554	0.53536	49428	7061.15
2555	0.85877	79287.8	19822
2556	0.42813	39527.9	5646.84
2557	0.23987	22146	7381.99
2558	0.42711	39433.4	6572.23
2559	0.31494	29077.5	7269.38
2560	0.65059	60066.9	15016.7
2561	0.42990	39691.2	7938.24
2562	0.40189	37105	7421
2563	0.49418	45625.8	7604.31
2564	0.34373	31735.1	5289.18
2565	0.59900	55304	9217.33
2566	0.47334	43702.2	10925.6
2567	0.20595	19014.3	6338.11
2568	0.28010	25860.7	5172.13
2569	0.23759	21936.1	4387.22
2570	0.27927	25783.7	5156.74
2571	0.35082	32389.6	8097.4
2572	0.56002	51704.9	8617.48
2573	0.30583	28236.6	5647.31
2574	0.74706	68973.5	13794.7
2575	0.51517	47563.5	5945.44
2576	0.79025	72960.9	24320.3
2577	0.32654	30148.7	5024.79
2578	0.61412	56699.5	7087.43
2579	0.36676	33862.2	11287.4
2580	0.47428	43788.5	14596.2
2581	0.35505	32780.7	6556.15
2582	0.51210	47280.7	7880.11
2583	0.35884	33130.6	5521.77
2584	0.38916	35929.6	5132.8
2585	0.17376	16042.7	4010.66
2586	0.40634	37516.1	12505.4
2587	0.39973	36906.1	6151.02
2588	0.41552	38363.5	6393.92
2589	0.53203	49120.4	16373.5
2590	0.41420	38241.7	6373.62
2591	0.26412	24385.1	4877.02
2592	0.14843	13704.1	4568.03
2593	0.30575	28228.9	7057.24
2594	0.20521	18946.3	4736.58
2595	0.35620	32887.2	6577.44
2596	0.65268	60259.9	12052
2597	0.31866	29420.8	5884.15
2598	0.38844	35863.6	17931.8
2599	0.46663	43082.1	6154.58
2600	0.23815	21987.8	5496.94
