#IID	F_ROH	ROH_length_kB	KBAVG
6551	0.24437	22591	5647.74
6552	0.34690	32069.6	4581.37
6553	0.81158	75028.4	25009.5
6554	0.64140	59295.5	7411.94
6555	0.27413	25342.7	6335.67
6556	0.25597	23664.1	5916.04
6557	0.35845	33138	6627.61
6558	0.38565	35652.5	5093.21
6559	0.39480	36498.4	7299.68
6560	0.29975	27711.4	5542.28
6561	0.45549	42108.6	7018.11
6562	0.40263	37221.9	12407.3
6563	0.38097	35220	5870
6564	0.27812	25711.3	6427.82
6565	0.34568	31957.3	6391.47
6566	0.35189	32531	5421.84
6567	0.47066	43511	8702.2
6568	0.13832	12787.6	6393.79
6569	0.31997	29580.1	9860.04
6570	0.32782	30306.5	7576.62
6571	0.68370	63206.2	12641.2
6572	0.49419	45686.3	9137.27
6573	0.24841	22965.1	5741.28
6574	0.37809	34953.1	5825.51
6575	0.63793	58975.2	14743.8
6576	0.55993	51763.6	7394.8
6577	0.61018	56409.8	11282
6578	0.53093	49082.8	7011.83
6579	0.29562	27329.1	6832.28
6580	0.26380	24387.6	6096.9
6581	0.36854	34070.6	4867.22
6582	0.42373	39172.5	4896.57
6583	0.42316	39119.8	4346.64
6584	0.76088	70340.8	11723.5
6585	0.36009	33289.1	4755.59
6586	0.40820	37737	5391.01
6587	0.26804	24779.9	6194.96
6588	0.40980	37884.6	9471.14
6589	0.41724	38572.6	9643.15
6590	0.44450	41092.5	6848.76
6591	0.37520	34686.1	5781.02
6592	0.32158	29729.4	7432.36
6593	0.35467	32787.8	6557.56
6594	0.49941	46169.5	11542.4
6595	0.60009	55476.6	9246.1
6596	0.36798	34018.8	6803.76
6597	0.31519	29138.6	5827.72
6598	0.35210	32550.2	8137.54
6599	0.58979	54524.2	9087.36
6600	0.42508	39297.3	7859.47
