#IID	F_ROH	ROH_length_kB	KBAVG
4551	0.29064	26871.1	4478.52
4552	0.48386	44735.7	6390.81
4553	0.32504	30051.2	10017.1
4554	0.30380	28088	9362.67
4555	0.43205	39945.5	5706.51
4556	0.29902	27645.5	5529.1
4557	0.56937	52641.5	13160.4
4558	0.31914	29506.3	9835.44
4559	0.79351	73364.3	18341.1
4560	0.44378	41030.1	4558.9
4561	0.55880	51663.7	7380.53
4562	0.35214	32557.5	4651.07
4563	0.50257	46465.1	9293.02
4564	0.56259	52014.6	6501.82
4565	0.48396	44744.2	6392.02
4566	0.30632	28320.5	4720.09
4567	0.34363	31769.9	6353.98
4568	0.43646	40352.8	6725.47
4569	0.12062	11151.7	5575.83
4570	0.37524	34692.6	8673.15
4571	0.44633	41265.3	8253.05
4572	0.35350	32683.3	5447.21
4573	0.37759	34910.3	6982.05
4574	0.36347	33604.2	11201.4
4575	0.52634	48663.1	8110.51
4576	0.13358	12349.8	6174.89
4577	0.26499	24499.2	8166.4
4578	0.69952	64674.2	21558.1
4579	0.24729	22863.1	5715.77
4580	0.23222	21469.6	7156.54
4581	0.29547	27317.4	5463.48
4582	0.69037	63827.9	15957
4583	0.46304	42810.5	8562.11
4584	0.44582	41218.1	10304.5
4585	0.42869	39634.3	5662.05
4586	0.55242	51074	6384.25
4587	0.17050	15764	5254.67
4588	0.44252	40912.9	13637.6
4589	0.24259	22428.5	5607.12
4590	0.30512	28210.3	4701.71
4591	0.42569	39357.2	13119.1
4592	0.46141	42659.8	7109.97
4593	0.31259	28900.6	4816.77
4594	0.38050	35178.7	8794.68
4595	0.55314	51140.4	12785.1
4596	0.37789	34937.6	6987.51
4597	0.38235	35349.8	8837.44
4598	0.97724	90350.4	90350.4
4599	0.15807	14614	4871.35
4600	0.21874	20223.9	5055.97
