#IID	F_ROH	ROH_length_kB	KBAVG
4551	0.40545	37475.7	9368.92
4552	0.30498	28189.1	7047.28
4553	0.57355	53012.6	17670.9
4554	0.35693	32991	5498.5
4555	0.42298	39095.3	5585.04
4556	0.48357	44696.2	8939.25
4557	0.34995	32345.2	8086.29
4558	0.39448	36461.1	7292.21
4559	0.43739	40427.8	8085.55
4560	0.52444	48473.3	9694.66
4561	0.25180	23273.4	4654.68
4562	0.39444	36458.1	6076.35
4563	0.54892	50735.7	8455.95
4564	0.55286	51100.6	10220.1
4565	0.29549	27311.7	5462.34
4566	0.44367	41008.3	5858.32
4567	0.40974	37871.7	12623.9
4568	0.33258	30739.7	7684.92
4569	0.26314	24321.9	4864.37
4570	0.41618	38466.7	9616.69
4571	0.60627	56036.9	11207.4
4572	0.23756	21957.7	7319.22
4573	0.45419	41979.9	5247.49
4574	0.25654	23711.5	5927.89
4575	0.35591	32896.3	4699.48
4576	0.35923	33203.3	5533.88
4577	0.23399	21627.7	10813.9
4578	0.27628	25536.6	4256.1
4579	0.49718	45953.6	7658.93
4580	0.45847	42375.8	5296.97
4581	0.15462	14291.1	7145.54
4582	0.32018	29594.2	7398.56
4583	0.14235	13157.2	4385.72
4584	0.16886	15607.4	3901.85
4585	0.50828	46980	6711.43
4586	0.53492	49442.5	16480.8
4587	0.29535	27299.2	5459.83
4588	0.34634	32011.4	8002.84
4589	0.09751	9013.17	4506.58
4590	0.42619	39392.1	6565.36
4591	0.43497	40204.2	6700.7
4592	0.26421	24420.6	4070.11
4593	0.26366	24369.4	12184.7
4594	0.41997	38817.6	9704.41
4595	0.25234	23323.1	5830.77
4596	0.26564	24552.5	6138.12
4597	0.39936	36912.2	6152.04
4598	0.57431	53083	17694.3
4599	0.32691	30215.7	7553.91
4600	0.33884	31318.2	6263.65
