#IID	F_ROH	ROH_length_kB	KBAVG
28551	0.49706	45916.4	11479.1
28552	0.53638	49547.9	9909.59
28553	0.54660	50492.7	8415.44
28554	0.41820	38631	6438.5
28555	0.32088	29641	5928.21
28556	0.42201	38983.7	6497.28
28557	0.21669	20016.8	6672.27
28558	0.06480	5985.69	2992.84
28559	0.34897	32236.2	6447.24
28560	0.39709	36681.6	6113.6
28561	0.29279	27046.9	4507.81
28562	0.31389	28995.6	4832.6
28563	0.24681	22799.6	4559.93
28564	0.38134	35226.5	8806.62
28565	0.18573	17157.2	4289.31
28566	0.87775	81082.5	27027.5
28567	0.15042	13895	6947.52
28568	0.28012	25876.1	6469.02
28569	0.38644	35697.8	7139.55
28570	0.29990	27703.1	5540.62
28571	0.62559	57789	8255.57
28572	0.22740	21005.8	7001.92
28573	0.36812	34005.3	11335.1
28574	0.58524	54061.5	18020.5
28575	0.17295	15976	5325.32
28576	0.51159	47258	7876.34
28577	0.15396	14221.7	7110.83
28578	0.37134	34302.8	5717.13
28579	0.54863	50680.3	12670.1
28580	0.45798	42306.5	6043.78
28581	0.53712	49616.3	8269.38
28582	0.27364	25277.3	6319.33
28583	0.44761	41348.1	5906.87
28584	0.72366	66848.5	11141.4
28585	0.36031	33283.7	6656.74
28586	0.50436	46590.5	7765.08
28587	0.34645	32003.2	8000.81
28588	0.22882	21137.3	7045.77
28589	0.22939	21189.7	5297.42
28590	0.28880	26678.1	6669.53
28591	0.37775	34895.1	8723.77
28592	0.45661	42179.9	8435.98
28593	0.37907	35016.9	5836.16
28594	0.25947	23968.4	5992.1
28595	0.53645	49554.9	12388.7
28596	0.43856	40512.1	13504
28597	0.41599	38427.6	9606.91
28598	0.38476	35542.2	5077.46
28599	0.18824	17388.7	8694.35
28600	0.52381	48387.1	9677.42
