#IID	F_ROH	ROH_length_kB	KBAVG
2551	0.12658	11696.7	5848.35
2552	0.20531	18971.1	6323.71
2553	0.51753	47821.7	5977.71
2554	0.21999	20327.9	5081.97
2555	0.45310	41868.1	10467
2556	0.41076	37955.7	12651.9
2557	0.27585	25489.9	8496.62
2558	0.31837	29418.9	7354.71
2559	0.53699	49620.6	12405.1
2560	0.30837	28494.8	9498.28
2561	0.27320	25244.7	8414.89
2562	0.39396	36403.7	9100.91
2563	0.12012	11100	5550.02
2564	0.38128	35231.6	11743.9
2565	0.35301	32619.8	10873.3
2566	0.21777	20123.3	6707.76
2567	0.55139	50951.2	25475.6
2568	0.19941	18426	4606.49
2569	0.17600	16262.8	5420.92
2570	0.39843	36817	7363.41
2571	0.31386	29001.6	5800.32
2572	0.30464	28150.4	5630.09
2573	0.44113	40762.4	10190.6
2574	0.46956	43389.2	10847.3
2575	0.21375	19751	6583.66
2576	0.17524	16192.5	4048.12
2577	0.15089	13943	4647.65
2578	0.36356	33594.2	6718.84
2579	0.48592	44901.3	7483.55
2580	0.36394	33629.8	8407.45
2581	0.33534	30987.2	6197.45
2582	0.43307	40017.5	8003.49
2583	0.45427	41976.8	20988.4
2584	0.15779	14580.6	7290.32
2585	0.23955	22135.5	5533.88
2586	0.39149	36175.5	5167.93
2587	0.06102	5638.97	5638.97
2588	0.45434	41983.1	6997.19
2589	0.18603	17189.7	4297.43
2590	0.53772	49687.5	24843.7
2591	0.33302	30772.6	5128.76
2592	0.17615	16276.9	8138.43
2593	0.27999	25872.1	6468.04
2594	0.34077	31488.5	7872.13
2595	0.36424	33657.3	6731.46
2596	0.31136	28770.6	9590.21
2597	0.33487	30943.7	6188.74
2598	0.22099	20420.1	5105.02
2599	0.24858	22969.7	5742.44
2600	0.07047	6511.74	6511.74
