#IID	F_ROH	ROH_length_kB	KBAVG
4551	0.38113	35188.1	5026.88
4552	0.49622	45813.9	7635.65
4553	0.47774	44107.5	6301.08
4554	0.74280	68579.8	13716
4555	0.42049	38822.1	5546.02
4556	0.53726	49602.7	9920.53
4557	0.32258	29782.3	7445.58
4558	0.52433	48409	4840.9
4559	0.39321	36303.7	9075.93
4560	0.27820	25685.1	6421.27
4561	0.49430	45637	9127.39
4562	0.53663	49545	12386.3
4563	0.42756	39475	6579.16
4564	0.41854	38642.3	9660.59
4565	0.33946	31340.5	10446.8
4566	0.29092	26859.1	5371.83
4567	0.60071	55461.4	7923.06
4568	0.31334	28929	7232.25
4569	0.28585	26391	5278.19
4570	0.53358	49263.3	9852.67
4571	0.37884	34976.3	5829.39
4572	0.20857	19256.4	4814.1
4573	0.33948	31342.5	5223.75
4574	0.63613	58731.5	14682.9
4575	0.65952	60891.1	8698.73
4576	0.46108	42569.2	7094.87
4577	0.58831	54315.9	6035.1
4578	0.34037	31424.5	6284.89
4579	0.49254	45473.8	7578.97
4580	0.25975	23981.4	7993.8
4581	0.51838	47859.8	7976.63
4582	0.46447	42882.9	8576.59
4583	0.35049	32359.4	5393.24
4584	0.28220	26054.4	8684.79
4585	0.42680	39405	9851.24
4586	0.40396	37295.5	7459.1
4587	0.63440	58571.5	9761.92
4588	0.48546	44820.4	7470.06
4589	0.77744	71777.7	14355.5
4590	0.33575	30998	5166.34
4591	0.42603	39333.3	7866.65
4592	0.43534	40193.5	8038.71
4593	0.40022	36950.5	5278.64
4594	0.34589	31934.6	6386.91
4595	0.51342	47401.5	11850.4
4596	0.47883	44208.3	7368.04
4597	0.46168	42624.5	8524.9
4598	0.51609	47648.8	5956.11
4599	0.33048	30511.6	7627.89
4600	0.54266	50101.6	10020.3
