#IID	F_ROH	ROH_length_kB	KBAVG
4551	0.49297	45570.5	22785.2
4552	0.49094	45382.8	6483.26
4553	0.39858	36845.3	4605.66
4554	0.52229	48281.5	16093.8
4555	0.40645	37573	12524.3
4556	0.47957	44331.9	6333.12
4557	0.32681	30210.9	6042.18
4558	0.68549	63367.7	31683.9
4559	0.36667	33895.3	5649.21
4560	0.40285	37239.7	6206.61
4561	0.26827	24799.1	8266.37
4562	0.39701	36700	12233.3
4563	0.17367	16054.7	5351.56
4564	0.29559	27324.7	4554.12
4565	0.31630	29238.9	9746.31
4566	0.66068	61074.4	20358.1
4567	0.88856	82139.7	41069.9
4568	0.33524	30990.1	6198.03
4569	0.17449	16130.4	4032.61
4570	0.60596	56015.6	9335.93
4571	0.53201	49179.9	9835.98
4572	0.33762	31210.1	7802.53
4573	0.29678	27435.1	5487.01
4574	0.60593	56012.4	11202.5
4575	0.47734	44125.7	4902.85
4576	0.40800	37715.6	12571.9
4577	0.97751	90362	22590.5
4578	0.37910	35044.2	5006.32
4579	0.33571	31033.6	6206.71
4580	0.37065	34263.5	5710.59
4581	0.43708	40404.4	8080.88
4582	0.44577	41207.2	6867.86
4583	0.20787	19216.1	6405.37
4584	0.31361	28990.3	7247.58
4585	0.26361	24368	4873.6
4586	0.22897	21166.2	5291.56
4587	0.50523	46704	15568
4588	0.62849	58098	8299.71
4589	0.43929	40608.9	40608.9
4590	0.38601	35683.6	5947.26
4591	0.63979	59142.6	14785.7
4592	0.37840	34979.6	5829.93
4593	0.44674	41297.4	4588.6
4594	0.46110	42625	7104.16
4595	0.77849	71964.9	17991.2
4596	0.43221	39954.2	7990.85
4597	0.55687	51477.5	7353.92
4598	0.41577	38434.3	6405.72
4599	0.36786	34005.2	4857.89
4600	0.37453	34622.1	4946.02
