#IID	F_ROH	ROH_length_kB	KBAVG
22551	0.50722	46894	9378.81
22552	0.38611	35697.2	8924.31
22553	0.55856	51640.7	6455.09
22554	0.36070	33347.6	5557.93
22555	0.36949	34160.2	11386.7
22556	0.44842	41458.3	6909.72
22557	0.32399	29953.8	7488.46
22558	0.52404	48449.5	6921.36
22559	0.39657	36664	9166.01
22560	0.52748	48767.2	5418.57
22561	0.68653	63472.3	21157.4
22562	0.63927	59102.7	9850.46
22563	0.26920	24888.1	4977.62
22564	0.40540	37480.2	5354.31
22565	0.47308	43738.3	6248.33
22566	0.29531	27302.9	6825.72
22567	0.43498	40215.3	8043.05
22568	0.51105	47248.1	7874.68
22569	0.30420	28124.6	9374.87
22570	0.46271	42779	10694.8
22571	0.56640	52365.3	8727.55
22572	0.41548	38412.4	9603.1
22573	0.31573	29190.2	7297.56
22574	0.46978	43432.6	7238.77
22575	0.51794	47885.2	9577.05
22576	0.28222	26092.2	13046.1
22577	0.53496	49458.9	9891.78
22578	0.60671	56092.8	14023.2
22579	0.53579	49536.1	4953.61
22580	0.38105	35229.7	5871.62
22581	0.40064	37040.5	7408.1
22582	0.41639	38496.5	7699.3
22583	0.59773	55262.3	7894.61
22584	0.41660	38516.5	12838.8
22585	0.37455	34628.4	6925.68
22586	0.39048	36100.9	7220.19
22587	0.42245	39057.4	5579.63
22588	0.43016	39769.5	6628.26
22589	0.66534	61513.2	10252.2
22590	0.55222	51055.1	10211
22591	0.22211	20535.2	10267.6
22592	0.31835	29432.7	5886.54
22593	0.41496	38364.1	6394.02
22594	0.50945	47100.7	7850.11
22595	0.49150	45441	9088.2
22596	0.41235	38123.3	12707.8
22597	0.40701	37629.3	7525.85
22598	0.58760	54325.6	9054.26
22599	0.38790	35863.1	11954.4
22600	0.59775	55263.7	18421.2
