#IID	F_ROH	ROH_length_kB	KBAVG
6551	0.25242	23331.1	7777.05
6552	0.58252	53841.5	13460.4
6553	0.23594	21807.4	7269.15
6554	0.31967	29546.4	7386.59
6555	0.38749	35815.1	8953.77
6556	0.40086	37050.5	5292.93
6557	0.47887	44261.6	8852.32
6558	0.29512	27277.8	5455.55
6559	0.27641	25547.8	8515.93
6560	0.40035	37003.5	7400.71
6561	0.51874	47946	11986.5
6562	0.30863	28526	14263
6563	0.40731	37647.3	9411.83
6564	0.28999	26803	6700.74
6565	0.36652	33877.3	6775.45
6566	0.23026	21283	7094.35
6567	0.29706	27457.2	6864.31
6568	0.27953	25836.3	8612.12
6569	0.33341	30816.2	6163.23
6570	0.27279	25213.4	5042.67
6571	0.34340	31739.9	7934.98
6572	0.38876	35932.2	7186.44
6573	0.46082	42592.5	6084.64
6574	0.24459	22606.9	7535.64
6575	0.41046	37938.2	9484.56
6576	0.13836	12788.2	6394.08
6577	0.32646	30174.4	6034.89
6578	0.22108	20434.5	4086.9
6579	0.15780	14585.5	4861.85
6580	0.30037	27763.2	6940.81
6581	0.31614	29220.8	7305.19
6582	0.11742	10853.1	3617.71
6583	0.18533	17129.7	5709.89
6584	0.40090	37054.8	6175.8
6585	0.42445	39231.3	13077.1
6586	0.39162	36197	7239.4
6587	0.17018	15729.8	5243.27
6588	0.17792	16444.9	8222.45
6589	0.41724	38564.9	7712.98
6590	0.62781	58027.3	14506.8
6591	0.09704	8969.14	4484.57
6592	0.37583	34737.4	11579.1
6593	0.19142	17692.5	5897.51
6594	0.37274	34451.7	8612.94
6595	0.20284	18748	6249.34
6596	0.31417	29038.7	9679.57
6597	0.27661	25566.2	6391.56
6598	0.29802	27545.5	5509.1
6599	0.29931	27664.5	4610.74
6600	0.46358	42847.9	6121.13
