#IID	F_ROH	ROH_length_kB	KBAVG
2551	0.52304	48326.6	6903.79
2552	0.22964	21217.8	5304.45
2553	0.69521	64234.1	12846.8
2554	0.39143	36166.2	7233.24
2555	0.20471	18913.8	4728.45
2556	0.43050	39775.7	13258.6
2557	0.35787	33065.6	6613.13
2558	0.68717	63491.4	9070.19
2559	0.32864	30364.5	4337.78
2560	0.66410	61359	15339.8
2561	0.40237	37177.3	7435.46
2562	0.47943	44296.9	6328.13
2563	0.50992	47114.3	11778.6
2564	0.39815	36786.8	12262.3
2565	0.27030	24974.3	8324.78
2566	0.55671	51437.6	8572.94
2567	0.24862	22971.6	7657.19
2568	0.44887	41473	8294.6
2569	0.21637	19991.2	6663.73
2570	0.34867	32215.1	5369.19
2571	0.35131	32459.1	8114.78
2572	0.37863	34983.6	6996.72
2573	0.33169	30646.9	7661.72
2574	0.53567	49493	9898.59
2575	0.25044	23139.3	7713.09
2576	0.23291	21519.5	5379.87
2577	0.37760	34888.3	5814.72
2578	0.28544	26373.3	8791.11
2579	0.21031	19431.8	4857.96
2580	0.17507	16175.7	5391.9
2581	0.28162	26020.7	6505.18
2582	0.29084	26871.8	5374.36
2583	0.38352	35435.4	8858.85
2584	1.00000	92394.9	92394.9
2585	0.34767	32122.5	8030.62
2586	0.38942	35980.3	8995.08
2587	0.24144	22308.1	5577.04
2588	0.54703	50542.5	12635.6
2589	0.12449	11502.2	11502.2
2590	0.32230	29778.8	14889.4
2591	0.37852	34972.9	11657.6
2592	0.50832	46966	7827.67
2593	0.31765	29349.1	7337.28
2594	0.21780	20124	10062
2595	0.42608	39367.3	7873.46
2596	0.31433	29042.8	7260.69
2597	0.45177	41741.2	8348.23
2598	0.30704	28369.1	4728.19
2599	0.68210	63022.8	12604.6
2600	0.33547	30995.3	6199.07
