#IID	F_ROH	ROH_length_kB	KBAVG
2551	0.46138	42653	7108.83
2552	0.40741	37663.7	9415.92
2553	0.42988	39741	6623.51
2554	0.37625	34782.6	4968.94
2555	0.42397	39194.6	6532.43
2556	0.38059	35183.8	5863.97
2557	0.47126	43566.2	5445.77
2558	0.26900	24868.4	8289.48
2559	0.20349	18812.1	6270.68
2560	0.47364	43786.1	4378.61
2561	0.39841	36831.9	6138.65
2562	0.61972	57291.1	8184.44
2563	0.36167	33434.7	8358.68
2564	0.59647	55141.3	11028.3
2565	0.52996	48992.7	8165.44
2566	0.58385	53975.1	10795
2567	0.33048	30552	7637.99
2568	0.53547	49502.6	8250.43
2569	0.50516	46700	9340.01
2570	0.29931	27670.2	9223.39
2571	0.42020	38846.3	9711.57
2572	0.56411	52150.1	10430
2573	0.34081	31506.2	6301.25
2574	0.43804	40494.8	10123.7
2575	0.48560	44892.2	11223
2576	0.31687	29293.8	5858.75
2577	0.63009	58249.9	7281.24
2578	0.40968	37873.8	6312.3
2579	0.51376	47495	7915.83
2580	0.29856	27601	6900.26
2581	0.40597	37530.7	4691.34
2582	0.23978	22166.9	5541.73
2583	0.40397	37345.7	6224.29
2584	0.33231	30721.1	5120.18
2585	0.55648	51444.9	10289
2586	0.22160	20486.5	6828.83
2587	0.23484	21710.5	5427.61
2588	0.54965	50813.3	7259.04
2589	0.57701	53342.2	7620.31
2590	0.58863	54416.3	6802.04
2591	0.43910	40592.8	6765.47
2592	0.31701	29306	5861.2
2593	0.36361	33614.2	5602.36
2594	0.40595	37528.5	6254.76
2595	0.33394	30871.7	5145.28
2596	0.46396	42891.3	7148.56
2597	0.25183	23280.5	7760.17
2598	0.50110	46324.9	7720.81
2599	0.32611	30147.6	7536.9
2600	0.39899	36884.9	18442.5
