#IID	F_ROH	ROH_length_kB	KBAVG
14551	0.54412	50237.7	8372.95
14552	0.53560	49450.8	8241.8
14553	0.95282	87972.5	29324.2
14554	0.48353	44643.4	11160.8
14555	0.37052	34209.3	17104.6
14556	0.53584	49472.9	9894.58
14557	0.45563	42068	8413.59
14558	0.23660	21844.7	7281.56
14559	0.45269	41796.1	10449
14560	0.36680	33866.2	11288.7
14561	0.21868	20190.1	6730.03
14562	0.52896	48838	12209.5
14563	0.47093	43480.3	10870.1
14564	0.50905	47000	11750
14565	0.50635	46750	9350.01
14566	0.53313	49222.6	16407.5
14567	0.50168	46319	23159.5
14568	0.58156	53694.8	7670.69
14569	0.48094	44404.3	8880.86
14570	0.77065	71152.7	11858.8
14571	0.63532	58658.2	9776.36
14572	0.55561	51298.6	8549.76
14573	0.35659	32923.7	10974.6
14574	0.44793	41356.5	8271.29
14575	0.42554	39289.5	9822.36
14576	0.75470	69680	13936
14577	0.43678	40327.3	8065.45
14578	0.70274	64882.9	10813.8
14579	0.25078	23154.4	11577.2
14580	0.43096	39789.5	7957.9
14581	0.51605	47646.4	9529.29
14582	0.53821	49691.8	8281.96
14583	0.72307	66759.8	11126.6
14584	0.51445	47498.4	6785.48
14585	0.46453	42889.2	8577.84
14586	0.38851	35870.1	11956.7
14587	0.50867	46964.4	11741.1
14588	0.39830	36774.7	7354.95
14589	0.28353	26177.4	6544.36
14590	0.58505	54016.4	9002.74
14591	0.29273	27027.7	6756.93
14592	0.64150	59228.3	11845.7
14593	0.76159	70316.3	17579.1
14594	0.49595	45790.3	9158.06
14595	0.30395	28063.3	7015.83
14596	0.43600	40254.9	8050.98
14597	0.44273	40876.7	8175.34
14598	0.59868	55275.3	13818.8
14599	0.64206	59280.2	11856
14600	0.29982	27682	6920.5
