#IID	F_ROH	ROH_length_kB	KBAVG
4551	0.28440	26294.4	6573.6
4552	0.44419	41068.5	10267.1
4553	0.53038	49037.8	7005.4
4554	0.57196	52881.4	8813.57
4555	0.31352	28987.3	5797.47
4556	0.72896	67397.6	11232.9
4557	0.31387	29020	5804
4558	0.24208	22382.5	5595.63
4559	0.44962	41570.7	8314.13
4560	0.22088	20422.4	5105.59
4561	0.49374	45650.1	9130.03
4562	0.54690	50565.3	50565.3
4563	0.55525	51337.3	8556.22
4564	0.41573	38437.6	9609.4
4565	0.22294	20612.3	6870.75
4566	0.63740	58932.3	14733.1
4567	0.38087	35214.4	7042.89
4568	0.46722	43197.4	8639.48
4569	0.51260	47393.2	11848.3
4570	0.35835	33131.9	8282.98
4571	0.33636	31099	10366.3
4572	0.51421	47542.4	9508.47
4573	0.53793	49735.6	12433.9
4574	0.54864	50725.6	10145.1
4575	0.34944	32308	8076.99
4576	0.42855	39622.5	5660.36
4577	0.36866	34085.6	8521.41
4578	0.49539	45802.7	9160.53
4579	0.53020	49021	16340.3
4580	0.50361	46562.4	11640.6
4581	0.20883	19308	9654.02
4582	0.26942	24910	8303.35
4583	0.16938	15660.7	7830.35
4584	0.42732	39508.8	6584.8
4585	0.29446	27225.3	6806.32
4586	0.46069	42594.5	8518.89
4587	0.38365	35471.1	7094.22
4588	0.52379	48427.9	12107
4589	0.33089	30592.8	6118.55
4590	0.47581	43992.4	10998.1
4591	0.41346	38227.5	9556.88
4592	0.33058	30564.2	7641.06
4593	0.47447	43868.1	10967
4594	0.27674	25586.8	8528.94
4595	0.27041	25001.7	8333.89
4596	0.56502	52240.2	10448
4597	0.40670	37602.5	7520.49
4598	0.44836	41454.3	10363.6
4599	0.41765	38614.3	9653.59
4600	0.51306	47436	7906
