#IID	F_ROH	ROH_length_kB	KBAVG
4551	0.36076	33355.3	6671.06
4552	0.50348	46550.3	5818.79
4553	0.36642	33878.4	6775.68
4554	0.29101	26906.3	4484.38
4555	0.27476	25403.7	12701.9
4556	0.35625	32938.2	8234.54
4557	0.50124	46343.4	9268.67
4558	0.49821	46063.4	6580.49
4559	0.34448	31849.7	6369.94
4560	0.41239	38129	6354.83
4561	0.48904	45215.4	9043.07
4562	0.39667	36675.1	5239.29
4563	0.29646	27409.8	5481.95
4564	0.53970	49899.5	9979.89
4565	0.48627	44959.1	8991.82
4566	0.26528	24527.6	6131.91
4567	0.20732	19167.9	4791.97
4568	0.22448	20755.1	6918.38
4569	0.21270	19665.7	6555.23
4570	0.35037	32394.2	8098.56
4571	0.33932	31372.4	6274.48
4572	0.30681	28367	5673.41
4573	0.16398	15160.8	7580.42
4574	0.52111	48180.5	9636.09
4575	0.45724	42274.9	14091.6
4576	0.33759	31212.9	7803.22
4577	0.53726	49673.8	9934.76
4578	0.38975	36035.2	36035.2
4579	0.56186	51947.9	8657.98
4580	0.29288	27079.4	5415.89
4581	0.53840	49779.3	8296.55
4582	0.43498	40217.1	6702.85
4583	0.35487	32810.6	6562.13
4584	0.60425	55867.5	6207.5
4585	0.43992	40673.9	6778.98
4586	0.37662	34821.8	6964.36
4587	0.89997	83209.1	83209.1
4588	0.37760	34911.7	4987.38
4589	0.63967	59142	11828.4
4590	0.38413	35515.8	5919.3
4591	0.20353	18817.9	4704.47
4592	0.39029	36085.4	7217.08
4593	0.32258	29825	4970.84
4594	0.35396	32726.1	6545.22
4595	0.11950	11049.1	3683.03
4596	0.40168	37138.5	9284.64
4597	0.42031	38860.8	9715.19
4598	0.21169	19571.9	9785.94
4599	0.43494	40213.9	5744.85
4600	0.38203	35321.2	7064.24
