#IID	F_ROH	ROH_length_kB	KBAVG
6551	0.48339	44687	6383.86
6552	0.21744	20101.1	5025.27
6553	0.42385	39182.7	7836.54
6554	0.38476	35568.7	7113.75
6555	0.27148	25096.7	6274.17
6556	0.26322	24333	4866.6
6557	0.23619	21834.1	5458.51
6558	0.54146	50055.1	7150.73
6559	0.72426	66954.3	9564.91
6560	0.47880	44262.6	5532.83
6561	0.35372	32699.9	10900
6562	0.40856	37769.1	9442.27
6563	0.57234	52910.2	6613.78
6564	0.36480	33723.8	5620.64
6565	0.33742	31192.3	7798.08
6566	0.20331	18795	4698.75
6567	0.26670	24654.7	4930.95
6568	0.52840	48847.8	8141.3
6569	0.93011	85983.6	28661.2
6570	0.41835	38673.9	7734.77
6571	0.29625	27386.6	5477.32
6572	0.40062	37035.1	12345
6573	0.41313	38191.8	12730.6
6574	0.79486	73480.5	10497.2
6575	0.65597	60640.8	12128.2
6576	0.35444	32766.4	6553.27
6577	0.30486	28182.7	7045.67
6578	0.32304	29863.3	5972.67
6579	0.29324	27108.9	5421.79
6580	0.32958	30468.3	6093.66
6581	0.33203	30694.6	5115.76
6582	0.36216	33480.1	4782.87
6583	0.37299	34481.2	6896.24
6584	0.33263	30749.9	5124.98
6585	0.50021	46241.9	6605.99
6586	0.23736	21943	10971.5
6587	0.48917	45221.7	22610.8
6588	0.34037	31465.1	5244.19
6589	0.43367	40090.9	6681.81
6590	0.43804	40494.6	8098.92
6591	0.82484	76252.2	15250.4
6592	0.65980	60995	20331.7
6593	0.19740	18248.9	6082.97
6594	0.41547	38407.9	7681.58
6595	0.34908	32271	5378.5
6596	0.43346	40071	6678.49
6597	0.37688	34840.5	6968.1
6598	0.40531	37468.5	9367.14
6599	0.47229	43660.9	4851.21
6600	0.77108	71282.6	8910.32
