#IID	F_ROH	ROH_length_kB	KBAVG
6551	0.25724	23770.8	7923.61
6552	0.64661	59750.9	7468.86
6553	0.39568	36563.2	7312.64
6554	0.51762	47830.9	5978.86
6555	0.35788	33070.1	4724.3
6556	0.48190	44530.3	6361.47
6557	0.54549	50406.2	10081.2
6558	0.46387	42864.4	6123.49
6559	0.52828	48815.9	9763.18
6560	0.53783	49698.6	9939.72
6561	0.29861	27593.1	4598.86
6562	0.95572	88313.9	88313.9
6563	0.31635	29232.5	7308.11
6564	0.38735	35793.3	8948.31
6565	0.41840	38662.3	5523.19
6566	0.16845	15565.4	3891.35
6567	0.30537	28217.8	5643.56
6568	0.20234	18697.8	6232.59
6569	0.24874	22984.8	5746.21
6570	0.50649	46802.3	7800.38
6571	0.34779	32137.6	5356.27
6572	0.47336	43741.5	6248.79
6573	0.35573	32871.2	5478.53
6574	0.32124	29684.6	5936.92
6575	0.33694	31135	5189.17
6576	0.46265	42751.4	6107.34
6577	0.43134	39858.1	5694.02
6578	0.51878	47938.5	7989.75
6579	0.50061	46259	5782.38
6580	0.55393	51186.5	8531.09
6581	0.32095	29657.3	4942.88
6582	0.51141	47256.8	7876.13
6583	0.36759	33967.5	5661.25
6584	0.35656	32948.2	8237.05
6585	0.18243	16857.8	4214.45
6586	0.53718	49638.8	8273.13
6587	0.24350	22500.9	5625.22
6588	0.30146	27856.9	9285.63
6589	0.55981	51729.4	10345.9
6590	0.64886	59958.4	14989.6
6591	0.41751	38580.8	9645.19
6592	0.33468	30926.7	6185.34
6593	0.40294	37234.1	6205.69
6594	0.30416	28106	5621.21
6595	0.24481	22621.8	5655.46
6596	0.51037	47161.2	7860.2
6597	0.43414	40116.6	10029.1
6598	0.65135	60188.7	6687.64
6599	0.36028	33292.1	8323.03
6600	0.44387	41015.9	6835.98
