#IID	F_ROH	ROH_length_kB	KBAVG
2551	0.55320	51153.3	8525.55
2552	0.66869	61832.1	10305.3
2553	0.49040	45345.5	9069.1
2554	0.48381	44736.3	11184.1
2555	0.35100	32456.3	8114.08
2556	0.69484	64250.2	8031.27
2557	0.53982	49915.4	7130.76
2558	0.46272	42786.7	8557.33
2559	0.51062	47215.6	6745.09
2560	0.68675	63501.8	10583.6
2561	0.54036	49965.2	12491.3
2562	0.77796	71936	23978.7
2563	0.61311	56692.9	11338.6
2564	0.48119	44494.7	7415.78
2565	0.26083	24118.2	8039.4
2566	0.35193	32541.8	6508.35
2567	0.50705	46885.7	9377.13
2568	0.50126	46350.2	9270.05
2569	0.37659	34822.1	4974.59
2570	0.65270	60353.7	10058.9
2571	0.36860	34083.5	5680.58
2572	0.43855	40551.7	8110.35
2573	0.86594	80070.9	13345.2
2574	0.56273	52033.7	7433.39
2575	0.30684	28373	5674.6
2576	0.46235	42752.1	8550.43
2577	0.50938	47100.5	7850.09
2578	0.41717	38574.7	7714.94
2579	0.47367	43799.1	8759.82
2580	0.51393	47521.9	11880.5
2581	0.54910	50773.5	12693.4
2582	0.37450	34629.3	6925.85
2583	0.48175	44546.3	6363.76
2584	0.97688	90329.5	45164.8
2585	0.54836	50705.5	7243.64
2586	0.49027	45333.7	9066.75
2587	0.36784	34013.2	8503.29
2588	0.53553	49519.1	8253.18
2589	0.50955	47117	11779.3
2590	0.52530	48572.9	8095.49
2591	0.51513	47633	7938.84
2592	0.62333	57637.3	9606.21
2593	0.88684	82003.8	20501
2594	0.64342	59495.5	14873.9
2595	0.34836	32211.6	5368.6
2596	0.57316	52998.1	6624.77
2597	0.58185	53801.8	13450.5
2598	0.38499	35598.9	8899.73
2599	0.49483	45756	9151.2
2600	0.36280	33546.9	8386.73
