#IID	F_ROH	ROH_length_kB	KBAVG
34551	0.57912	53520.7	10704.1
34552	0.31444	29059.4	7264.85
34553	0.24438	22584.6	4516.91
34554	0.36153	33411.8	6682.36
34555	0.56561	52272.1	17424
34556	0.41670	38509.9	9627.48
34557	0.38470	35552.9	7110.59
34558	0.36669	33888.8	6777.75
34559	0.65705	60723	8674.72
34560	0.29660	27410.8	4568.47
34561	0.60819	56206.8	11241.4
34562	0.53029	49008	12252
34563	0.35051	32393.2	5398.87
34564	0.39140	36171.6	6028.6
34565	0.79822	73768.9	18442.2
34566	0.17295	15983.5	5327.82
34567	0.38565	35641	5091.57
34568	0.39902	36876	9219
34569	0.57680	53306.6	8884.43
34570	0.58250	53832.9	8972.16
34571	0.43707	40393.2	6732.19
34572	0.57121	52789.9	7541.41
34573	0.24090	22263.4	7421.14
34574	0.37437	34598.1	8649.54
34575	0.19898	18389.6	4597.4
34576	0.45735	42266.9	8453.38
34577	0.55227	51039.2	7291.31
34578	0.69479	64210.5	10701.8
34579	0.61297	56648.6	9441.44
34580	0.34894	32248.3	4606.9
34581	0.40746	37656.1	6276.01
34582	0.58649	54201.4	10840.3
34583	0.43730	40414.1	6735.68
34584	0.56669	52371.7	8728.62
34585	0.22579	20867.1	4173.43
34586	0.49468	45717.1	5714.64
34587	0.24062	22237.2	5559.29
34588	0.38918	35967.2	5994.54
34589	0.18539	17133	4283.26
34590	0.31689	29285.7	5857.14
34591	0.30802	28466.2	4744.37
34592	0.37808	34941	6988.21
34593	0.67103	62014.5	12402.9
34594	0.49500	45746.8	7624.47
34595	0.28723	26545.1	6636.28
34596	0.27595	25502.1	8500.69
34597	0.48122	44473.4	8894.67
34598	0.48837	45133.9	9026.78
34599	0.54024	49927.4	8321.23
34600	0.34778	32140.9	8035.23
