#IID	F_ROH	ROH_length_kB	KBAVG
4551	0.34546	31915.5	10638.5
4552	0.42823	39562.2	7912.43
4553	0.59177	54670	13667.5
4554	0.34239	31631.9	6326.38
4555	0.44158	40795.4	10198.8
4556	0.18678	17255.3	5751.76
4557	0.20651	19078.5	6359.49
4558	0.36490	33711.5	8427.87
4559	0.48608	44906.2	7484.37
4560	0.45762	42276.6	21138.3
4561	0.25546	23600.8	5900.2
4562	0.41557	38391.9	12797.3
4563	0.59832	55275.8	18425.3
4564	0.13703	12659.1	4219.69
4565	0.31679	29266.4	9755.46
4566	0.36465	33687.6	6737.51
4567	0.13112	12113.9	6056.97
4568	0.31226	28847.6	5769.52
4569	0.50880	47005	6715
4570	0.42398	39169	5595.56
4571	0.98774	91251.7	45625.8
4572	0.35690	32972.1	8243.03
4573	0.44056	40700.7	5814.38
4574	0.35342	32650.8	8162.7
4575	0.40183	37123	9280.75
4576	0.33178	30651.6	6130.31
4577	0.40183	37122.9	5303.27
4578	0.32466	29993.1	9997.7
4579	0.43828	40489.8	8097.96
4580	0.55906	51648.6	8608.09
4581	0.51571	47643.8	23821.9
4582	0.53384	49318.3	16439.4
4583	0.28630	26449.6	8816.54
4584	0.83523	77162.5	15432.5
4585	0.28767	26576.3	4429.39
4586	0.23676	21873.1	7291.02
4587	0.41047	37921.3	5417.33
4588	0.24762	22875.9	5718.96
4589	0.24469	22605.3	4521.06
4590	0.19392	17915.4	4478.86
4591	0.35419	32721.4	10907.1
4592	0.30632	28298.9	7074.72
4593	0.30368	28055.6	7013.9
4594	0.44200	40833.6	13611.2
4595	0.28118	25976.6	5195.32
4596	0.37924	35035.8	7007.15
4597	0.27500	25405.8	6351.46
4598	0.34624	31987	5331.17
4599	0.16281	15041.1	7520.53
4600	0.29689	27428.3	9142.78
