#IID	F_ROH	ROH_length_kB	KBAVG
2551	0.35640	32929.9	6585.98
2552	0.52767	48754.2	9750.85
2553	0.54855	50683.9	8447.32
2554	0.50538	46694.7	7782.45
2555	0.48509	44819.8	7469.96
2556	0.98809	91295.2	45647.6
2557	0.44836	41426.1	8285.23
2558	0.25452	23516.8	7838.92
2559	0.57154	52808.2	7544.03
2560	0.67007	61911.2	10318.5
2561	0.63442	58617.9	7327.23
2562	0.52562	48565.3	8094.21
2563	0.42364	39142.2	6523.7
2564	0.74320	68668.4	11444.7
2565	0.54788	50622.1	8437.02
2566	0.51162	47271.8	6753.12
2567	0.33871	31295.5	6259.11
2568	0.59270	54762.9	7823.27
2569	0.45852	42365.6	6052.23
2570	0.71376	65948	8243.5
2571	0.50456	46619.1	5827.39
2572	0.60565	55959.9	9326.66
2573	0.38911	35951.9	7190.38
2574	0.35637	32926.6	10975.5
2575	0.70383	65030.8	9290.12
2576	0.37773	34901	11633.7
2577	0.48139	44478.3	7413.05
2578	0.24483	22620.8	7540.26
2579	0.52100	48137.9	6017.24
2580	0.72345	66843.7	11140.6
2581	0.55710	51473.4	7353.34
2582	0.48016	44365.1	11091.3
2583	0.36499	33723.7	6744.74
2584	0.55461	51243.6	7320.51
2585	0.73861	68244.2	11374
2586	0.61892	57185.5	11437.1
2587	0.44830	41420.6	5917.22
2588	0.52872	48851.1	6978.72
2589	0.53287	49234.9	12308.7
2590	0.53981	49876.4	5541.82
2591	0.45200	41763.2	10440.8
2592	0.73507	67917.6	16979.4
2593	0.54781	50615.6	7230.8
2594	0.46341	42817.2	10704.3
2595	0.51370	47463.9	6780.56
2596	0.47818	44182.2	8836.45
2597	0.48585	44890.9	7481.82
2598	0.57244	52891.3	8815.22
2599	0.60895	56264.7	14066.2
2600	0.57514	53140.7	17713.6
