#IID	F_ROH	ROH_length_kB	KBAVG
2551	0.19137	17682.4	5894.12
2552	0.16990	15698.8	3924.71
2553	0.25376	23447.2	5861.79
2554	0.22136	20453.8	6817.93
2555	0.61498	56823.6	9470.6
2556	0.50988	47112.6	6730.37
2557	0.47501	43890.5	5486.31
2558	0.18430	17028.9	5676.3
2559	0.29562	27314.9	4552.49
2560	0.24677	22801.3	5700.32
2561	0.34296	31689.2	5281.54
2562	0.26892	24847.6	6211.9
2563	0.30078	27792	4632
2564	0.51096	47212.5	9442.5
2565	0.24695	22817.9	5704.49
2566	0.32567	30091.3	6018.26
2567	0.33506	30959.1	5159.85
2568	0.26348	24345	4869
2569	0.18226	16840.5	5613.51
2570	0.30811	28468.8	7117.21
2571	0.28435	26273.4	6568.36
2572	0.14813	13686.7	4562.23
2573	0.43102	39825.4	13275.1
2574	0.69823	64515.5	12903.1
2575	0.27833	25717.1	4286.18
2576	0.25562	23619.2	5904.79
2577	0.70665	65294	32647
2578	0.64387	59492.5	6610.28
2579	0.27860	25741.9	8580.63
2580	0.38420	35499.8	7099.97
2581	0.51257	47361	9472.19
2582	0.74530	68865	34432.5
2583	0.20081	18554.9	6184.96
2584	0.36409	33641.4	6728.29
2585	0.34722	32083	5347.17
2586	0.37902	35020.7	7004.14
2587	0.47475	43866.2	8773.24
2588	0.38072	35177.7	7035.55
2589	0.66021	61003	12200.6
2590	0.43235	39948.7	5706.96
2591	0.26696	24666.5	24666.5
2592	0.85189	78714.1	19678.5
2593	0.33720	31157.2	7789.29
2594	0.40487	37409.6	9352.41
2595	0.19948	18431.9	4607.97
2596	0.31646	29240.9	5848.18
2597	0.15803	14601.4	4867.15
2598	0.55684	51451	10290.2
2599	0.16971	15680.7	5226.89
2600	0.39507	36504.3	7300.86
