#IID	F_ROH	ROH_length_kB	KBAVG
10551	0.32846	30354.6	7588.64
10552	0.46859	43304.2	7217.37
10553	0.17871	16515.5	5505.16
10554	0.21731	20082.4	4016.47
10555	0.40781	37687.1	7537.42
10556	0.30006	27729.7	6932.41
10557	0.24398	22547.2	5636.8
10558	0.43025	39761.4	5680.2
10559	0.30473	28161.5	5632.31
10560	0.47885	44252.2	5531.52
10561	0.20916	19329.4	4832.35
10562	0.37853	34981.9	4997.41
10563	0.28523	26359.1	6589.79
10564	0.47792	44166.3	7361.05
10565	0.33314	30787.1	6157.42
10566	0.31704	29299.2	9766.39
10567	0.24361	22513.1	5628.29
10568	0.51941	48001.3	16000.4
10569	0.58134	53723.8	26861.9
10570	0.20489	18934.5	4733.63
10571	0.15913	14705.9	4901.97
10572	0.43810	40487	6747.83
10573	0.40388	37324.5	5332.07
10574	0.64453	59563.5	14890.9
10575	0.45505	42053.5	8410.71
10576	0.22325	20631.1	10315.6
10577	0.28088	25957.6	4326.26
10578	0.47525	43919.7	7319.95
10579	0.34503	31885.7	5314.29
10580	0.36108	33369.3	8342.33
10581	0.37559	34709.7	5784.96
10582	0.52210	48249.6	12062.4
10583	0.39708	36696.2	6116.03
10584	0.35483	32791	10930.3
10585	0.35489	32796.6	5466.1
10586	0.28740	26560.1	8853.37
10587	0.74194	68565.6	17141.4
10588	0.32192	29749.8	4958.3
10589	0.38022	35137.9	5856.31
10590	0.32226	29781.7	9927.24
10591	0.39567	36565.3	4570.66
10592	0.37935	35057	5842.83
10593	0.39281	36301.2	9075.3
10594	0.49618	45854.3	6550.62
10595	0.36947	34144.2	5690.71
10596	0.37147	34329.3	6865.87
10597	0.45223	41792.9	6965.49
10598	0.38287	35382.5	5897.09
10599	0.44825	41424.6	20712.3
10600	0.25855	23893.4	5973.36
