#IID	F_ROH	ROH_length_kB	KBAVG
4551	0.44059	40687.3	6781.21
4552	0.52138	48147.5	9629.49
4553	0.48453	44745	8949.01
4554	0.55965	51681.8	8613.63
4555	0.34183	31566.5	6313.31
4556	0.23906	22076.4	5519.11
4557	0.52174	48180.6	6882.94
4558	0.50546	46677.7	7779.61
4559	0.25894	23912	5978.01
4560	0.40650	37538.9	6256.48
4561	0.82117	75832.4	37916.2
4562	0.28813	26607.7	6651.93
4563	0.48741	45011.2	6430.17
4564	0.57706	53289.9	8881.64
4565	0.49677	45874.9	5734.36
4566	0.47552	43912.4	10978.1
4567	0.51196	47278.2	6754.03
4568	0.38535	35586.2	8896.55
4569	0.41815	38614.4	5516.34
4570	0.31670	29246.4	4874.41
4571	0.31552	29136.9	7284.23
4572	0.43467	40140	6690
4573	0.38065	35151.8	7030.35
4574	0.58174	53721.8	7674.54
4575	0.43470	40143.5	5734.79
4576	0.31875	29435.9	4905.98
4577	0.33259	30714	6142.81
4578	0.58566	54084	9013.99
4579	0.60035	55440.3	13860.1
4580	0.48530	44815.6	14938.5
4581	0.66710	61605	12321
4582	0.37974	35067.7	5844.61
4583	0.34252	31630.9	7907.73
4584	0.60789	56136.9	7017.11
4585	0.68256	63032.5	21010.8
4586	0.59267	54731.6	6841.45
4587	0.46930	43338	10834.5
4588	0.41486	38310.9	6385.15
4589	0.63457	58600.4	7325.05
4590	0.39696	36657.6	7331.52
4591	0.39120	36126.4	7225.28
4592	0.45510	42026.6	7004.43
4593	0.45445	41966.7	6994.45
4594	0.41199	38046.3	6341.05
4595	0.57344	52955	10591
4596	0.38428	35487	7097.4
4597	0.45119	41666.1	10416.5
4598	0.28529	26345.9	8781.96
4599	0.63190	58353.8	11670.8
4600	0.34867	32198.4	5366.39
