#IID	F_ROH	ROH_length_kB	KBAVG
2551	0.49367	45647.3	5705.91
2552	0.69271	64051.7	16012.9
2553	0.61108	56504	11300.8
2554	0.49935	46173.1	5771.64
2555	0.31455	29085.2	5817.05
2556	0.80649	74572.5	18643.1
2557	0.67597	62504.3	10417.4
2558	0.33750	31207.7	6241.53
2559	0.50164	46384.6	7730.77
2560	0.68174	63037.9	12607.6
2561	0.57336	53016.7	7573.81
2562	0.79523	73531.3	10504.5
2563	0.65854	60892.8	7611.6
2564	0.51564	47678.9	7946.48
2565	0.65947	60978.3	6097.83
2566	0.51891	47981.5	6854.5
2567	0.34321	31735.6	5289.27
2568	0.42861	39631.7	7926.34
2569	0.69227	64011.5	9144.5
2570	0.50899	47064.5	11766.1
2571	0.60576	56011.8	11202.4
2572	0.56754	52477.7	6559.71
2573	0.79374	73394.2	24464.7
2574	0.64082	59253.6	7406.7
2575	0.57976	53608.4	10721.7
2576	0.61011	56414.7	7051.83
2577	0.52801	48823.2	8137.21
2578	0.62528	57816.9	5781.69
2579	0.62813	58081	9680.17
2580	0.56230	51994	7427.71
2581	0.47015	43473.1	8694.61
2582	0.42512	39309.5	5615.64
2583	0.52465	48511.9	6930.27
2584	0.56820	52539.5	8756.59
2585	0.68609	63440.2	9062.89
2586	0.41672	38532.7	6422.12
2587	0.70400	65096.1	16274
2588	0.52488	48533.4	8088.9
2589	0.67766	62660.8	12532.2
2590	0.54920	50782.1	8463.68
2591	0.37815	34965.9	5827.65
2592	0.64528	59666.3	8523.76
2593	0.57901	53539.2	7648.45
2594	0.54783	50655.6	10131.1
2595	0.63020	58271.7	11654.3
2596	0.67520	62432.6	10405.4
2597	0.63554	58766.2	14691.6
2598	0.44976	41587.5	6931.25
2599	0.50035	46265.7	11566.4
2600	0.50705	46884.5	11721.1
