#IID	F_ROH	ROH_length_kB	KBAVG
14551	0.49657	45916.3	5739.54
14552	0.44292	40955.4	6825.9
14553	0.52481	48528.2	8088.03
14554	0.43096	39850.2	9962.55
14555	0.54711	50590	16863.3
14556	0.68457	63300.2	15825
14557	0.44183	40855.4	6809.24
14558	0.53227	49218.1	12304.5
14559	0.30074	27808.9	4634.82
14560	0.36125	33404.4	11134.8
14561	0.54368	50273.1	7181.87
14562	0.31719	29330	9776.65
14563	0.20861	19289.7	3857.93
14564	0.19613	18135.7	6045.25
14565	0.30405	28114.5	7028.62
14566	0.50967	47128.4	5891.05
14567	0.63868	59057.3	6561.93
14568	0.27299	25242.7	5048.53
14569	0.26436	24444.3	6111.08
14570	0.52458	48506.5	12126.6
14571	0.41340	38226	6371
14572	0.25518	23595.8	5898.96
14573	0.45095	41698.5	13899.5
14574	0.42865	39636.1	13212
14575	0.39543	36564.2	6094.04
14576	0.50567	46758.3	7793.04
14577	0.30479	28183.5	5636.7
14578	0.29379	27166.1	6791.52
14579	0.38688	35773.7	5962.29
14580	0.53932	49869.3	9973.85
14581	0.46241	42757.9	6108.27
14582	0.26473	24478.8	6119.69
14583	0.35599	32917.8	4114.73
14584	0.48373	44729.6	8945.93
14585	0.45932	42472.3	7078.72
14586	0.58747	54322.1	6790.26
14587	0.38580	35674.1	5945.68
14588	0.59610	55120.3	6124.48
14589	0.44591	41232.6	4581.4
14590	0.65315	60394.9	60394.9
14591	0.27619	25538.6	5107.73
14592	0.36457	33710.5	6742.1
14593	0.64221	59383.3	9897.21
14594	0.41652	38515	9628.76
14595	0.48133	44507.3	11126.8
14596	0.58280	53889.9	8981.65
14597	0.39310	36349.4	9087.36
14598	0.30881	28555.1	7138.76
14599	0.43721	40428.2	5775.45
14600	0.36976	34191.2	5698.54
