#IID	F_ROH	ROH_length_kB	KBAVG
6551	0.41093	37979.4	9494.86
6552	0.63311	58514.4	7314.3
6553	0.40908	37808.8	6301.47
6554	0.66702	61647.9	30823.9
6555	0.40104	37064.9	18532.4
6556	0.25097	23195	7731.67
6557	0.23012	21268.5	5317.13
6558	0.23743	21943.7	5485.92
6559	0.44293	40937.4	10234.4
6560	0.42826	39580.9	13193.6
6561	0.55140	50962	7280.29
6562	0.58516	54082.7	10816.5
6563	0.77808	71912.8	23970.9
6564	0.54427	50303.4	8383.9
6565	0.47980	44344.5	7390.75
6566	0.53416	49368.6	9873.72
6567	0.39102	36139.5	6023.25
6568	0.38016	35135.3	8783.83
6569	0.23214	21455.2	4291.05
6570	0.22522	20815.7	10407.9
6571	0.34027	31449.2	5241.53
6572	0.12244	11315.9	11315.9
6573	0.30725	28397	7099.26
6574	0.51628	47715.9	7952.65
6575	0.31677	29276.8	7319.19
6576	0.45788	42318.9	6045.55
6577	0.51828	47901.1	9580.21
6578	0.42581	39354.3	9838.57
6579	0.23021	21276.6	10638.3
6580	0.34709	32079.1	5346.52
6581	0.38471	35556	5926
6582	0.41100	37985.6	7597.12
6583	0.51923	47988.5	6855.5
6584	0.32743	30262.4	7565.6
6585	0.39789	36774.5	7354.91
6586	0.46958	43399.8	8679.97
6587	0.40666	37584.9	9396.23
6588	0.23793	21990.1	21990.1
6589	0.59422	54919.2	18306.4
6590	0.48423	44753.8	6393.4
6591	0.26878	24841.2	4968.23
6592	0.46037	42549.1	10637.3
6593	0.49398	45655.5	9131.1
6594	0.32513	30049.4	7512.36
6595	1.00000	92423.1	92423.1
6596	0.41396	38259.9	7651.98
6597	0.55409	51210.5	7315.78
6598	0.88366	81670.7	81670.7
6599	0.49031	45315.7	11328.9
6600	0.55606	51392.9	10278.6
