#IID	F_ROH	ROH_length_kB	KBAVG
12551	0.29398	27171.8	6792.95
12552	0.29293	27074.7	13537.3
12553	0.54464	50338.9	25169.4
12554	0.27798	25693	12846.5
12555	0.22315	20625.3	10312.7
12556	0.16290	15056.4	5018.81
12557	0.23359	21589.4	7196.45
12558	0.31624	29228.4	9742.81
12559	0.16546	15293	5097.65
12560	0.43757	40443.2	20221.6
12561	0.35091	32433.5	6486.7
12562	0.47743	44126.8	8825.36
12563	0.28561	26397.4	6599.34
12564	0.35322	32646.9	5441.15
12565	0.30115	27834.4	9278.13
12566	0.26328	24333.9	8111.29
12567	0.17804	16455.4	5485.13
12568	0.40747	37660.5	6276.74
12569	0.36345	33592.5	8398.14
12570	0.40094	37057	7411.39
12571	0.12409	11469	5734.51
12572	0.21037	19444.1	6481.36
12573	0.00000	0	0
12574	0.58405	53981.4	6747.67
12575	0.23666	21873.7	5468.43
12576	0.34080	31498.4	7874.61
12577	0.19722	18228.5	4557.12
12578	0.42545	39322.3	6553.72
12579	0.43419	40130.5	6688.42
12580	0.16440	15194.5	15194.5
12581	0.19259	17800	4449.99
12582	0.22542	20834.7	6944.89
12583	0.24798	22919.7	7639.89
12584	0.17973	16611.6	8305.82
12585	0.37024	34220.2	11406.7
12586	0.33210	30695.1	7673.78
12587	0.83728	77386.7	77386.7
12588	0.18703	17286.2	5762.08
12589	0.50754	46910.2	15636.7
12590	0.22184	20504	6834.68
12591	0.72572	67075.4	16768.8
12592	0.29416	27188.1	5437.62
12593	0.07351	6794.6	3397.3
12594	0.65533	60569.6	20189.9
12595	0.39749	36738.8	9184.71
12596	0.18647	17235	8617.52
12597	0.21870	20213.3	5053.31
12598	0.16161	14937.4	4979.14
12599	0.27283	25216.8	12608.4
12600	0.14930	13799.6	13799.6
