#IID	F_ROH	ROH_length_kB	KBAVG
2551	0.46785	43254.7	8650.95
2552	0.29421	27200.7	6800.17
2553	0.45129	41723.1	6953.85
2554	0.47155	43596	6228
2555	0.54215	50123.9	5569.33
2556	0.51606	47711.3	6815.9
2557	0.26998	24960.8	6240.19
2558	0.49273	45554.7	9110.93
2559	0.30276	27991	6997.76
2560	0.37909	35048.4	7009.67
2561	0.46181	42695.4	8539.08
2562	0.38964	36023.3	6003.88
2563	0.50940	47095.8	9419.16
2564	0.16547	15298.7	5099.56
2565	0.33348	30831.2	6166.24
2566	0.50350	46550	7758.33
2567	0.39563	36577.7	6096.28
2568	0.68747	63559.2	12711.8
2569	0.39362	36391.1	6065.18
2570	0.35068	32421.6	6484.31
2571	0.28295	26160	6539.99
2572	0.25328	23416.4	7805.47
2573	0.44875	41488.8	5926.98
2574	0.42204	39019.3	7803.87
2575	0.30952	28616.3	9538.76
2576	0.59072	54613.7	6826.71
2577	0.40965	37873.3	7574.66
2578	0.37676	34832.5	5805.41
2579	0.68807	63613.9	10602.3
2580	0.23589	21808.8	4361.75
2581	0.51726	47822.4	7970.41
2582	0.19517	18044.4	6014.79
2583	0.45202	41790.8	6965.14
2584	0.44446	41091.4	6848.56
2585	0.49307	45586.3	7597.72
2586	0.35048	32403.1	5400.52
2587	0.34237	31653.5	6330.69
2588	0.39161	36205.2	9051.29
2589	0.41515	38382.2	6397.04
2590	0.46371	42871.7	5358.96
2591	0.32934	30448.8	5074.81
2592	0.59931	55407.8	7915.4
2593	0.33419	30896.9	6179.37
2594	0.41196	38086.9	5440.98
2595	0.39905	36893.8	9223.44
2596	0.10246	9472.84	4736.42
2597	0.35921	33209.8	11069.9
2598	0.22974	21240	5309.99
2599	0.49721	45968.7	6566.96
2600	0.50461	46652.7	9330.54
