#IID	F_ROH	ROH_length_kB	KBAVG
4551	0.29678	27421.2	5484.23
4552	0.41940	38750.4	12916.8
4553	0.48111	44451.8	7408.63
4554	0.37209	34379.4	6875.87
4555	0.38817	35864.6	5977.44
4556	0.59952	55392.5	9232.08
4557	0.50640	46789	11697.2
4558	0.39568	36558.9	9139.74
4559	0.47583	43964.3	10991.1
4560	0.54704	50544	8424.01
4561	0.51508	47591.2	6798.74
4562	0.67312	62192.8	8884.68
4563	0.22277	20582.6	4116.52
4564	0.62151	57424.8	6380.53
4565	0.68643	63422.9	15855.7
4566	0.37716	34847.7	6969.53
4567	0.87075	80453	26817.7
4568	0.53926	49824.6	16608.2
4569	0.38220	35313.2	7062.65
4570	0.55430	51214.8	10243
4571	0.29572	27322.6	6830.64
4572	0.36589	33806.3	6761.27
4573	0.40506	37425.2	6237.54
4574	0.42608	39367.7	7873.54
4575	0.50922	47049.8	9409.96
4576	0.24754	22871.6	7623.87
4577	0.45387	41935	5990.71
4578	0.54865	50692.9	10138.6
4579	0.33702	31139.1	6227.81
4580	0.30702	28367.5	7091.88
4581	0.43850	40515.4	10128.8
4582	0.20849	19263	6421
4583	0.52158	48191.3	9638.26
4584	0.46035	42533.8	7088.97
4585	0.43691	40368.3	10092.1
4586	0.47803	44167.2	5520.9
4587	0.52967	48938.8	9787.76
4588	0.91464	84508	84508
4589	0.34515	31890	7972.51
4590	0.32653	30169.5	6033.91
4591	0.36034	33293.4	5548.9
4592	0.66373	61325.1	5575.01
4593	0.58625	54166.9	10833.4
4594	0.47491	43879.3	7313.22
4595	0.51026	47145.9	9429.18
4596	0.50363	46532.8	9306.55
4597	0.47063	43484.1	5435.52
4598	0.26238	24242.9	8080.95
4599	0.51039	47157.9	5894.74
4600	0.45350	41901.3	5237.67
