#IID	F_ROH	ROH_length_kB	KBAVG
8551	0.79531	73490.8	18372.7
8552	0.32820	30327.2	7581.81
8553	0.37148	34326.6	6865.32
8554	0.46779	43226.3	10806.6
8555	0.26729	24698.4	8232.8
8556	0.18969	17528	5842.67
8557	0.21348	19726.2	6575.4
8558	0.48040	44391.3	11097.8
8559	0.15044	13901.4	6950.71
8560	0.30154	27863.8	5572.76
8561	0.62581	57828.1	9638.01
8562	0.51700	47773.2	23886.6
8563	0.30741	28406.2	14203.1
8564	0.36311	33553	16776.5
8565	0.89530	82730.1	27576.7
8566	0.46572	43034.8	7172.47
8567	0.97390	89992.5	89992.5
8568	0.61224	56574	14143.5
8569	0.25052	23148.9	5787.22
8570	0.25581	23637.7	7879.23
8571	0.38260	35354.5	11784.8
8572	0.33898	31323.7	10441.2
8573	0.36142	33396.7	6679.34
8574	0.47568	43955.1	10988.8
8575	0.27176	25112.3	12556.2
8576	0.34697	32062	6412.4
8577	0.49549	45785.9	5723.24
8578	0.36251	33497.5	4785.35
8579	0.39804	36780.4	7356.08
8580	0.35856	33133	6626.6
8581	0.46280	42765.3	14255.1
8582	0.41822	38645.1	6440.85
8583	0.49825	46040.3	15346.8
8584	0.29967	27690.9	6922.73
8585	0.49389	45637.4	9127.47
8586	0.32974	30469.8	6093.96
8587	0.22714	20989	5247.24
8588	0.32373	29914.5	9971.5
8589	0.24631	22760.1	7586.7
8590	0.28982	26780.5	8926.83
8591	0.76248	70456.7	23485.6
8592	0.37759	34891.5	6978.29
8593	0.32298	29845.2	9948.4
8594	0.34559	31934.1	5322.34
8595	0.27722	25616.4	6404.1
8596	0.40204	37150.6	9287.65
8597	0.38464	35542.5	5923.76
8598	0.68287	63100.4	10516.7
8599	0.26620	24597.9	6149.47
8600	0.42944	39682	6613.67
