#IID	F_ROH	ROH_length_kB	KBAVG
2551	0.74020	68440.1	13688
2552	0.64234	59391.7	14847.9
2553	0.68136	62999.6	8999.95
2554	0.62510	57797.8	9632.97
2555	0.56482	52223.9	8703.98
2556	0.74136	68546.9	17136.7
2557	0.45820	42366.1	8473.22
2558	0.45106	41705.2	8341.03
2559	0.44363	41018.1	8203.62
2560	0.63365	58588.3	19529.4
2561	0.64988	60088.7	12017.7
2562	0.53940	49873.6	8312.27
2563	0.48805	45125.8	7520.97
2564	0.62659	57935.2	14483.8
2565	0.39974	36960.8	6160.13
2566	0.64753	59871.2	11974.2
2567	0.59562	55072	11014.4
2568	0.62047	57369.8	19123.3
2569	0.63869	59054	9842.33
2570	0.63740	58934.5	9822.42
2571	0.51996	48076.2	16025.4
2572	0.52728	48753.3	9750.66
2573	0.39633	36645.2	9161.31
2574	0.46829	43298.2	10824.5
2575	0.65106	60197.6	20065.9
2576	0.76453	70689.6	14137.9
2577	0.74670	69041.2	11506.9
2578	0.43588	40302.4	8060.48
2579	0.62928	58184.3	7273.04
2580	0.53467	49436.2	7062.32
2581	0.46606	43092.1	8618.42
2582	0.57545	53206.4	17735.5
2583	0.49302	45584.8	15194.9
2584	0.61868	57204	9534.01
2585	0.50275	46485	7747.5
2586	0.79572	73573	36786.5
2587	0.58513	54101.6	10820.3
2588	0.43719	40422.8	6737.13
2589	0.48514	44857	11214.2
2590	0.51545	47659	11914.8
2591	0.40911	37826.4	7565.28
2592	0.63917	59098.2	9849.7
2593	0.47173	43616.7	8723.35
2594	0.43607	40319.1	8063.82
2595	0.50065	46290.5	11572.6
2596	0.58368	53968.2	10793.6
2597	0.44641	41275.5	6879.25
2598	0.57283	52964.4	10592.9
2599	0.49072	45372.2	6481.75
2600	0.45252	41840.1	6973.35
