#IID	F_ROH	ROH_length_kB	KBAVG
2551	0.59811	55196.9	13799.2
2552	0.36322	33520.3	5586.71
2553	0.31307	28892.2	4815.36
2554	0.49211	45414.7	5676.83
2555	0.41096	37925.3	12641.8
2556	0.38090	35151.6	5858.6
2557	0.26862	24790.1	4958.02
2558	0.40037	36948.7	6158.12
2559	0.57105	52699.8	10540
2560	0.42417	39144.3	7828.86
2561	0.38645	35663.4	8915.85
2562	0.49920	46068.6	7678.1
2563	0.36293	33493.6	6698.72
2564	0.54657	50440.5	8406.75
2565	0.48997	45216.9	6459.56
2566	0.44498	41065.3	10266.3
2567	0.31454	29027.6	5805.52
2568	0.40126	37030.8	7406.15
2569	0.51705	47716.4	9543.28
2570	0.27728	25589.1	8529.69
2571	0.46989	43364.4	7227.4
2572	0.44563	41125.4	5875.05
2573	0.30610	28248.9	5649.77
2574	0.40824	37674.2	6279.03
2575	0.42891	39582.2	7916.44
2576	0.50665	46756.8	6679.55
2577	0.27845	25696.5	5139.31
2578	0.57798	53339.1	7619.88
2579	0.50475	46581.5	6654.5
2580	0.46433	42851.3	7141.88
2581	0.57425	52994.6	10598.9
2582	0.28722	26506.1	6626.51
2583	0.59040	54485.3	6053.92
2584	0.37127	34262.4	5710.4
2585	0.26598	24545.8	6136.45
2586	0.30287	27950.2	5590.03
2587	0.38858	35860	5976.66
2588	0.45357	41857.9	8371.58
2589	0.52162	48137.6	8022.93
2590	0.52527	48475.1	9695.02
2591	0.51480	47508.6	7918.09
2592	0.43020	39701	6616.83
2593	0.51517	47543.1	9508.63
2594	0.30555	28197.7	5639.54
2595	0.43873	40488.8	5784.12
2596	0.31543	29109.7	7277.43
2597	0.56211	51874.9	8645.81
2598	0.26798	24730.2	6182.55
2599	0.45077	41599.3	6933.21
2600	0.43440	40089	5727
