#IID	F_ROH	ROH_length_kB	KBAVG
8551	0.20884	19309.3	4827.34
8552	0.26117	24148.2	6037.04
8553	0.29902	27647.7	4607.95
8554	0.17878	16530	4132.49
8555	0.34896	32265.5	6453.1
8556	0.14387	13302.3	4434.09
8557	0.32604	30146.3	5024.38
8558	0.35998	33284.5	6656.89
8559	0.46503	42996.7	7166.12
8560	0.37347	34531	6906.21
8561	0.13576	12552.8	6276.41
8562	0.13057	12072.3	4024.09
8563	0.22671	20962.2	5240.54
8564	0.32435	29989.9	5997.98
8565	0.39117	36167.8	7233.57
8566	0.39353	36385.8	7277.17
8567	0.30535	28233.3	7058.31
8568	0.29054	26863.4	5372.68
8569	0.28350	26213.1	6553.28
8570	0.35971	33259.5	5543.25
8571	0.24141	22321.2	7440.4
8572	0.30613	28305.3	7076.32
8573	0.16690	15432.1	7716.06
8574	0.25898	23945.1	4789.01
8575	0.48647	44979	7496.5
8576	0.56348	52099.8	10420
8577	0.35939	33229.7	8307.44
8578	0.15785	14594.7	7297.34
8579	0.34409	31814.9	7953.73
8580	0.31757	29362.6	9787.54
8581	0.26444	24450.5	6112.61
8582	0.48219	44584.1	8916.82
8583	0.11127	10287.8	3429.26
8584	0.22741	21026.3	10513.2
8585	0.17390	16078.7	4019.67
8586	0.48891	45204.7	11301.2
8587	0.40625	37561.9	7512.37
8588	0.15773	14584	4861.34
8589	0.55741	51538.6	10307.7
8590	0.35385	32717.7	8179.44
8591	0.45062	41664.3	8332.86
8592	0.19296	17840.8	4460.21
8593	0.25530	23605.2	11802.6
8594	0.09356	8650.46	4325.23
8595	0.36425	33679.1	16839.5
8596	0.37208	34402.7	8600.66
8597	0.32389	29946.7	5989.35
8598	0.36281	33546	5591
8599	0.46312	42820.7	8564.15
8600	0.36651	33888.2	11296.1
