#IID	F_ROH	ROH_length_kB	KBAVG
4551	0.52876	48837.7	9767.54
4552	0.46779	43206.5	7201.08
4553	0.37765	34880.6	8720.15
4554	0.55984	51708.6	7386.94
4555	0.58507	54039.2	10807.8
4556	0.44483	41085.9	8217.17
4557	0.38393	35460.6	8865.15
4558	0.34011	31413.5	7853.38
4559	0.58278	53827.3	13456.8
4560	0.32527	30043	7510.75
4561	0.41831	38636.6	7727.31
4562	0.56745	52411.9	6551.48
4563	0.47957	44294.4	8858.88
4564	0.41909	38708.2	9677.06
4565	0.42060	38847.8	9711.95
4566	0.42293	39063.1	13021
4567	0.50152	46321.9	9264.38
4568	0.49737	45938.8	11484.7
4569	0.47083	43487.4	10871.8
4570	0.30695	28350.9	5670.19
4571	0.35995	33245.8	5540.97
4572	0.38459	35521.6	7104.32
4573	0.50722	46848.3	15616.1
4574	0.46052	42535.6	7089.27
4575	0.37378	34523.7	5753.95
4576	0.55902	51632.9	8605.49
4577	0.51871	47910.2	11977.5
4578	0.46490	42939.9	8587.98
4579	0.48303	44614.4	11153.6
4580	0.55460	51224.8	7317.83
4581	0.50046	46224.4	23112.2
4582	0.53259	49191.7	8198.62
4583	0.50639	46771.7	7795.28
4584	0.62501	57728.4	9621.4
4585	0.46635	43073.3	7178.88
4586	0.30411	28088.3	9362.75
4587	0.61314	56631.6	14157.9
4588	0.56189	51898.1	12974.5
4589	0.51441	47512.8	7918.8
4590	0.34924	32257.4	8064.35
4591	0.42582	39329.8	9832.44
4592	0.74084	68426.5	11404.4
4593	0.45055	41614.3	6935.71
4594	0.43527	40202.9	8040.59
4595	0.38146	35232.6	5033.23
4596	0.32034	29587.5	9862.49
4597	0.53224	49159.3	7022.75
4598	0.62161	57413.7	9568.95
4599	0.46464	42916	8583.2
4600	0.42600	39346.5	7869.29
