#IID	F_ROH	ROH_length_kB	KBAVG
4551	0.18138	16759.3	5586.43
4552	0.41866	38683.5	6447.26
4553	0.42051	38854.1	6475.69
4554	0.82310	76053.2	25351.1
4555	0.33689	31128	6225.6
4556	0.16959	15669.9	5223.31
4557	0.21312	19691.7	4922.92
4558	0.33430	30889.2	7722.3
4559	0.51529	47612.3	7935.38
4560	0.25568	23624.2	5906.06
4561	0.24529	22664.3	4532.86
4562	0.34211	31610.8	7902.71
4563	0.49104	45371.1	6481.59
4564	0.35754	33036.2	8259.04
4565	0.37718	34851.1	5808.52
4566	0.18389	16991	8495.51
4567	0.49955	46157.5	6593.92
4568	0.84291	77883.6	19470.9
4569	0.34128	31533.4	7883.36
4570	0.23517	21729.7	5432.41
4571	0.29126	26911.9	5382.38
4572	0.27210	25141.9	8380.65
4573	0.32963	30457.2	7614.3
4574	0.25462	23526.1	7842.02
4575	0.28846	26652.8	6663.2
4576	0.41132	38005	5429.29
4577	0.27925	25802.4	5160.49
4578	0.44914	41499.6	13833.2
4579	0.32379	29917.2	4986.2
4580	0.38362	35445.9	5063.71
4581	0.33048	30535.5	7633.88
4582	0.29627	27374.5	5474.89
4583	0.53052	49019.6	12254.9
4584	0.85938	79404.8	19851.2
4585	0.44370	40997	8199.39
4586	0.47577	43960.4	8792.08
4587	0.51125	47238.3	7873.05
4588	0.36905	34099.8	4871.39
4589	0.07102	6562.49	6562.49
4590	0.52248	48276.7	6896.68
4591	0.34518	31893.7	10631.2
4592	0.49636	45862.9	6551.84
4593	0.39069	36098.8	36098.8
4594	0.54790	50625.2	10125
4595	0.30769	28430.2	5686.05
4596	0.46708	43157.3	8631.47
4597	0.30409	28097.7	7024.44
4598	0.36328	33566.7	6713.33
4599	0.43505	40198.2	6699.71
4600	0.23050	21298.1	7099.36
