#IID	F_ROH	ROH_length_kB	KBAVG
2551	0.32251	29799.5	5959.9
2552	0.23832	22020.7	4404.15
2553	0.62468	57719.2	11543.8
2554	0.55092	50903.8	8483.97
2555	0.24799	22913.8	7637.95
2556	0.55515	51294.6	10258.9
2557	0.46390	42863.8	7143.97
2558	0.32975	30468.4	5078.07
2559	0.44394	41019	13673
2560	0.34990	32330.4	6466.07
2561	0.31648	29242	5848.4
2562	0.43298	40006.2	6667.71
2563	0.37606	34747	8686.76
2564	0.39499	36496.3	9124.09
2565	0.41426	38277.3	6379.55
2566	0.40678	37585.6	5369.37
2567	0.38913	35954.9	5992.48
2568	0.53843	49749.9	8291.66
2569	0.15601	14415.3	7207.63
2570	0.39839	36810.3	9202.58
2571	0.40161	37108.4	7421.69
2572	0.31190	28819.4	5763.89
2573	0.20760	19182.2	9591.12
2574	0.25200	23284	7761.33
2575	0.55911	51661.2	7380.17
2576	0.33121	30603.4	10201.1
2577	0.52896	48875.4	24437.7
2578	0.35795	33073.7	8268.42
2579	0.45918	42427.4	10606.8
2580	0.71368	65942.9	10990.5
2581	0.41888	38704	7740.81
2582	0.41145	38017.5	7603.5
2583	0.27110	25049.5	5009.89
2584	0.47869	44230.5	11057.6
2585	0.37730	34861.8	4980.26
2586	0.34613	31981.9	6396.38
2587	0.41351	38207.6	6367.93
2588	0.60798	56176.6	11235.3
2589	0.16391	15145	5048.33
2590	0.19821	18314.7	4578.69
2591	0.32651	30169.1	7542.27
2592	0.33783	31215.2	10405.1
2593	0.38724	35780.7	7156.13
2594	0.64890	59956.9	9992.82
2595	0.52077	48118	9623.6
2596	0.43828	40496.6	10124.2
2597	0.32541	30067.1	5011.19
2598	0.24324	22475.3	5618.83
2599	0.31271	28893.7	5778.74
2600	0.48239	44572.2	11143.1
