#IID	F_ROH	ROH_length_kB	KBAVG
22551	0.35289	32623.5	6524.71
22552	0.43509	40221.9	10055.5
22553	0.26657	24643.7	8214.55
22554	0.36191	33457.2	6691.44
22555	0.39708	36708.2	18354.1
22556	0.43643	40346.2	10086.6
22557	0.08923	8248.54	4124.27
22558	0.32635	30169.9	7542.47
22559	0.27963	25851.1	5170.22
22560	0.65114	60195.2	60195.2
22561	0.40186	37149.9	7429.98
22562	0.15228	14077.8	14077.8
22563	0.39702	36702.8	7340.56
22564	0.29146	26944.6	6736.15
22565	0.47307	43733	14577.7
22566	0.18493	17096	8548
22567	0.24106	22285.2	5571.31
22568	0.04795	4432.57	4432.57
22569	0.30484	28181.6	14090.8
22570	0.44893	41501.8	6916.97
22571	0.19088	17646.5	8823.26
22572	0.15589	14411.1	4803.71
22573	0.05858	5415.57	5415.57
22574	0.36134	33404.2	6680.84
22575	0.28446	26297.2	8765.75
22576	0.40074	37047.1	7409.41
22577	0.38005	35134	7026.8
22578	0.15963	14757.4	4919.15
22579	0.56299	52046	7435.14
22580	0.39421	36443.3	6073.89
22581	0.47916	44296.2	8859.24
22582	0.23598	21815.1	5453.77
22583	0.07857	7263.02	3631.51
22584	0.43627	40331.8	10082.9
22585	0.24059	22241.5	11120.8
22586	0.28928	26743.1	5348.61
22587	0.44156	40820.1	10205
22588	0.09346	8640.28	8640.28
22589	0.49965	46190.8	23095.4
22590	0.24786	22913.4	11456.7
22591	0.20820	19247.6	4811.89
22592	0.05504	5088.11	5088.11
22593	0.30263	27977.3	13988.7
22594	0.29639	27400.4	5480.08
22595	0.00000	0	0
22596	0.44750	41369.5	8273.91
22597	0.33433	30907.2	6181.43
22598	0.48974	45274.2	9054.83
22599	0.04795	4432.57	4432.57
22600	0.15117	13974.9	4658.32
