#IID	F_ROH	ROH_length_kB	KBAVG
6551	0.35657	32973.4	6594.68
6552	0.34811	32191.1	6438.23
6553	0.33051	30563.4	6112.69
6554	0.56920	52636	13159
6555	0.33439	30922.7	5153.79
6556	0.41586	38456.3	6409.38
6557	0.19509	18040.5	3608.1
6558	0.53370	49353.2	12338.3
6559	0.40022	37010.4	5287.2
6560	0.35979	33271.1	8317.77
6561	0.57442	53119.1	8853.19
6562	0.43387	40121.4	8024.28
6563	0.48887	45207.7	7534.61
6564	0.00000	0	0
6565	0.23540	21768.4	7256.12
6566	0.17661	16331.4	5443.81
6567	0.25052	23167	5791.76
6568	0.15326	14172.2	4724.07
6569	0.23753	21965.2	4393.04
6570	0.34386	31797.8	6359.57
6571	0.62233	57549.4	19183.1
6572	0.30320	28038.5	4673.08
6573	0.37658	34824.2	4353.03
6574	0.17473	16158.3	5386.1
6575	0.39635	36651.9	7330.38
6576	0.44176	40851.3	6808.54
6577	0.45168	41769.1	6961.51
6578	0.36030	33318.4	4759.77
6579	0.33685	31149.6	7787.4
6580	0.20679	19122.4	6374.12
6581	0.66385	61389.1	7673.64
6582	0.36278	33547.4	6709.48
6583	0.26874	24851.1	4970.21
6584	0.38406	35515.5	5073.64
6585	0.37384	34570.4	11523.5
6586	0.29544	27320.9	5464.17
6587	0.25197	23301	7767.01
6588	0.61263	56652.2	9442.03
6589	0.34719	32106.4	8026.6
6590	0.63219	58461.2	9743.54
6591	0.21346	19739.3	6579.78
6592	0.69298	64082.4	10680.4
6593	0.38514	35615.8	7123.15
6594	0.47654	44067.7	8813.54
6595	0.51148	47298.4	9459.69
6596	0.25101	23211.6	4642.32
6597	0.52591	48632.7	6947.53
6598	0.31542	29167.9	5833.58
6599	0.62982	58242	19414
6600	0.50841	47014.9	6716.41
