#IID	F_ROH	ROH_length_kB	KBAVG
4551	0.47017	43451.7	6207.39
4552	0.46236	42730.1	7121.69
4553	0.51468	47565.4	11891.4
4554	0.38368	35458.6	7091.73
4555	0.30263	27968.3	9322.77
4556	0.31008	28656.8	7164.21
4557	0.45428	41983.2	8396.64
4558	0.45766	42295.8	8459.17
4559	0.41776	38608.6	7721.73
4560	0.60700	56097.3	14024.3
4561	0.46461	42937.8	8587.57
4562	0.46913	43356.2	7226.03
4563	0.40972	37865	7573.01
4564	0.40268	37214.8	12404.9
4565	0.28454	26296.1	8765.37
4566	0.32738	30255.7	7563.92
4567	0.63434	58624.4	11724.9
4568	0.78078	72157.9	36078.9
4569	0.33269	30746.9	7686.72
4570	0.42267	39062.5	9765.63
4571	0.36007	33276.8	5546.14
4572	0.48487	44810.3	7468.39
4573	0.44153	40805.3	10201.3
4574	0.49406	45660	9131.99
4575	0.49710	45940.7	15313.6
4576	0.62549	57806.7	9634.45
4577	0.41758	38591.5	12863.8
4578	0.57399	53046.4	13261.6
4579	0.51992	48050	16016.7
4580	0.51376	47480.2	11870.1
4581	0.55964	51720.2	7388.6
4582	0.49195	45464.9	11366.2
4583	0.32021	29592.9	9864.3
4584	0.51733	47810.3	7968.39
4585	0.39343	36359.6	6059.93
4586	0.35138	32473.3	10824.4
4587	0.56083	51830.7	10366.1
4588	0.56267	52000.9	13000.2
4589	0.48942	45231.3	7538.56
4590	0.45460	42012.8	10503.2
4591	0.47979	44341.2	7390.21
4592	0.65417	60457	7557.12
4593	0.57035	52710.8	8785.14
4594	0.93297	86223.2	28741.1
4595	0.40736	37647	6274.5
4596	0.47655	44041.4	7340.23
4597	0.42442	39224.3	7844.87
4598	0.26696	24671.6	8223.87
4599	0.51978	48036.5	6862.36
4600	0.50963	47098.6	11774.7
