#IID	F_ROH	ROH_length_kB	KBAVG
6551	0.41005	37908.6	7581.72
6552	0.21529	19903.7	6634.56
6553	0.32235	29800.6	4966.77
6554	0.47490	43903.7	14634.6
6555	0.41441	38311.9	7662.39
6556	0.38507	35599.1	5933.18
6557	0.22894	21164.9	5291.23
6558	0.44027	40702.8	5087.85
6559	0.49012	45311.2	7551.87
6560	0.63453	58661.9	9776.99
6561	0.24854	22977.4	7659.13
6562	0.36169	33437.6	5572.93
6563	0.34199	31616.7	6323.33
6564	0.16797	15528.2	7764.12
6565	0.37462	34633.2	8658.31
6566	0.25806	23857.6	5964.41
6567	0.46630	43108.7	8621.75
6568	0.67556	62454.6	7806.82
6569	0.46758	43227.6	8645.52
6570	0.47115	43557.7	8711.55
6571	0.51244	47374.3	7895.72
6572	0.32215	29782.2	5956.44
6573	0.37686	34840.7	11613.6
6574	0.37668	34823.4	6964.68
6575	0.78349	72432.7	18108.2
6576	0.23538	21760.5	7253.49
6577	0.23539	21761.1	5440.29
6578	0.50671	46844.7	15614.9
6579	0.38046	35173.2	8793.3
6580	0.36424	33673.5	5612.25
6581	0.17169	15872.8	5290.95
6582	0.47627	44030.4	11007.6
6583	0.32448	29997.6	4285.38
6584	0.42293	39099.5	6516.59
6585	0.50602	46781.2	7796.87
6586	0.49168	45455.5	7575.92
6587	0.53143	49130.5	7018.65
6588	0.32741	30268.4	4324.05
6589	0.15031	13896.1	4632.05
6590	0.57408	53072.8	6634.1
6591	0.36857	34073.8	8518.46
6592	0.30480	28178.6	5635.73
6593	0.33628	31088.4	6217.67
6594	0.38683	35762	7152.4
6595	0.49969	46195.6	6599.37
6596	0.61373	56738.4	6304.27
6597	0.26070	24101.6	6025.4
6598	0.44683	41308.9	6884.82
6599	0.44909	41517.5	6919.59
6600	0.34258	31670.8	6334.16
