#IID	F_ROH	ROH_length_kB	KBAVG
26551	0.34546	31932.2	10644.1
26552	0.21262	19653.7	6551.23
26553	0.25720	23773.7	5943.44
26554	0.19431	17961.1	5987.02
26555	0.41521	38379.2	12793.1
26556	0.15725	14535.3	4845.09
26557	0.38977	36028.2	12009.4
26558	0.42124	38937.3	7787.45
26559	0.40084	37051.4	18525.7
26560	0.24641	22777	4555.41
26561	0.39996	36970	12323.3
26562	0.39092	36133.8	12044.6
26563	0.74201	68587.2	13717.4
26564	0.32334	29887.4	7471.85
26565	0.21868	20213.6	6737.87
26566	0.39484	36496.8	5213.83
26567	0.53055	49041	12260.2
26568	0.38640	35716.8	8929.19
26569	0.29158	26951.9	8983.95
26570	0.38403	35497.4	5916.23
26571	0.17670	16332.7	5444.25
26572	0.11770	10879.5	5439.74
26573	0.34196	31608.3	7902.09
26574	0.31283	28916.4	9638.78
26575	0.40929	37832.1	9458.01
26576	0.48768	45078.1	11269.5
26577	0.28265	26126.6	5225.33
26578	0.23661	21871.1	7290.35
26579	0.31078	28727	7181.75
26580	0.74852	69188.8	23062.9
26581	0.51286	47405.4	5925.68
26582	0.26255	24268.2	4853.64
26583	0.25448	23522.2	3920.37
26584	0.17014	15727.1	5242.38
26585	0.24296	22457.4	7485.8
26586	0.40027	36998.6	7399.71
26587	0.38312	35413.1	5902.19
26588	0.28484	26328.8	13164.4
26589	0.81123	74985.3	24995.1
26590	0.28391	26242.5	8747.51
26591	0.29508	27275.6	4545.94
26592	0.27528	25445.5	8481.85
26593	0.54547	50419.7	16806.6
26594	0.45129	41714.4	10428.6
26595	0.13073	12084.3	12084.3
26596	0.64886	59977.1	19992.4
26597	0.12548	11598.8	3866.28
26598	0.20354	18814	9406.99
26599	0.55119	50948.7	16982.9
26600	0.19188	17735.9	5911.96
