#IID	F_ROH	ROH_length_kB	KBAVG
2551	0.35998	33277.9	4753.99
2552	0.36003	33282	6656.4
2553	0.52968	48964.6	8160.76
2554	0.85212	78772.7	13128.8
2555	0.65966	60980.7	8711.53
2556	0.44426	41068.3	10267.1
2557	0.51114	47251.5	7875.25
2558	0.54839	50694.8	7242.12
2559	0.47316	43740.4	6248.63
2560	0.53047	49038.3	7005.47
2561	0.48202	44558.8	11139.7
2562	0.65215	60286.6	12057.3
2563	0.67340	62251.2	12450.2
2564	0.65802	60828.9	12165.8
2565	0.32867	30383.6	7595.9
2566	0.48944	45244.9	6463.55
2567	0.58289	53883.9	8980.64
2568	0.19043	17603.8	4400.94
2569	0.66233	61227.8	12245.6
2570	0.76176	70419.6	23473.2
2571	0.59616	55110.3	9185.06
2572	0.49205	45486	7580.99
2573	0.34551	31940.2	6388.03
2574	0.34689	32067.7	6413.54
2575	0.41116	38008.8	7601.75
2576	0.52557	48585.1	8097.52
2577	0.72803	67301.1	9614.44
2578	0.36813	34031	8507.76
2579	0.79211	73224.4	18306.1
2580	0.45385	41955.1	6992.51
2581	0.38744	35816.3	5969.39
2582	0.62699	57960.6	14490.1
2583	0.38655	35733.6	8933.39
2584	0.24622	22761.1	4552.22
2585	0.51104	47241.6	9448.31
2586	0.53239	49215.3	8202.55
2587	0.44556	41188.8	8237.77
2588	0.43503	40215.2	5745.03
2589	0.58080	53690.6	5965.62
2590	0.45229	41810.8	5972.97
2591	0.60050	55511.4	7930.19
2592	0.35422	32744.9	6548.98
2593	0.61822	57150	8164.28
2594	0.42071	38891.5	6481.91
2595	0.53781	49716.9	8286.15
2596	0.44525	41159.9	6859.98
2597	0.41241	38124.4	7624.87
2598	0.42633	39410.7	7882.13
2599	0.53074	49063.2	8177.2
2600	0.46611	43088.6	8617.73
