#IID	F_ROH	ROH_length_kB	KBAVG
6551	0.29762	27522.2	6880.55
6552	0.42293	39110.5	7822.1
6553	0.37674	34838.5	11612.8
6554	0.27581	25505.7	6376.42
6555	0.31996	29588.4	5917.68
6556	0.32288	29858.1	5971.62
6557	0.57022	52730.9	8788.49
6558	0.65599	60662.5	12132.5
6559	0.48568	44913.3	11228.3
6560	0.37994	35135.1	7027.02
6561	0.32366	29930.4	4988.41
6562	0.42201	39025.4	7805.08
6563	0.25353	23444.7	7814.9
6564	0.56426	52179.5	8696.58
6565	0.56505	52253	10450.6
6566	0.62600	57889.3	14472.3
6567	0.51335	47471.9	6781.7
6568	0.30960	28629.8	9543.27
6569	0.35891	33189.7	6637.95
6570	0.39382	36417.8	6069.63
6571	0.35473	32803.7	4686.25
6572	0.45445	42025.1	7004.18
6573	0.36591	33837.5	6767.49
6574	0.38159	35287.1	7057.41
6575	0.23568	21794	7264.66
6576	0.49456	45733.7	5716.71
6577	0.44795	41423.5	5177.94
6578	0.36177	33454	11151.3
6579	0.38083	35216.9	5869.48
6580	0.32996	30513.2	7628.29
6581	0.39707	36719	9179.74
6582	0.45340	41927.9	8385.59
6583	0.58565	54157.3	10831.5
6584	0.42223	39045.1	6507.52
6585	0.31030	28694.5	7173.62
6586	0.25750	23812.3	5953.07
6587	0.47842	44241.2	8848.25
6588	0.32968	30487.3	6097.46
6589	0.43693	40404.5	8080.9
6590	0.36123	33404.9	5567.49
6591	0.38806	35885.4	8971.35
6592	0.57440	53117.2	13279.3
6593	0.50048	46281.1	7713.52
6594	0.57128	52828.3	26414.2
6595	0.41563	38435.2	9608.81
6596	0.25457	23540.8	7846.92
6597	0.42701	39487.8	5641.12
6598	0.23171	21426.9	7142.29
6599	0.34185	31612.5	6322.51
6600	0.69746	64496.6	9213.8
