#IID	F_ROH	ROH_length_kB	KBAVG
8551	0.10688	9880.72	9880.72
8552	0.32356	29912.1	5982.43
8553	0.46971	43423.9	8684.78
8554	0.52637	48661.6	8110.27
8555	0.16266	15037.5	7518.75
8556	0.45209	41794.8	8358.96
8557	0.54140	50051.3	10010.3
8558	0.59858	55337.7	9222.95
8559	0.34922	32284.9	8071.21
8560	0.42773	39542.5	9885.61
8561	0.25409	23489.6	5872.41
8562	0.61811	57142.7	9523.79
8563	0.30875	28543.1	9514.37
8564	0.36789	34010.3	8502.57
8565	0.37776	34923.2	11641.1
8566	0.46264	42770.4	10692.6
8567	0.82867	76608.8	25536.3
8568	0.23577	21796.8	7265.61
8569	0.23766	21971.6	7323.85
8570	0.43343	40070.1	8014.02
8571	0.27582	25499.1	6374.77
8572	0.35549	32864.4	6572.88
8573	0.37079	34278.3	8569.57
8574	0.46369	42866.9	8573.39
8575	0.23950	22141.6	5535.39
8576	0.26091	24120.7	8040.23
8577	0.32554	30095.3	7523.81
8578	0.32588	30127.2	10042.4
8579	0.57433	53095.5	13273.9
8580	0.46976	43428.3	7238.06
8581	0.51341	47463.3	6780.47
8582	0.39008	36061.8	9015.44
8583	0.38289	35397	5899.51
8584	0.45256	41838.3	8367.66
8585	0.35646	32954.3	10984.8
8586	0.52106	48171.2	9634.24
8587	0.45332	41908.1	10477
8588	0.70052	64761.7	12952.3
8589	0.52434	48474.2	9694.85
8590	0.26682	24666.5	8222.16
8591	0.33395	30873	10291
8592	0.40569	37505.2	7501.05
8593	0.49165	45452.1	7575.35
8594	0.16021	14810.9	7405.44
8595	0.42937	39694.6	6615.76
8596	0.42737	39509.2	9877.31
8597	0.69930	64649.2	12929.8
8598	0.47006	43456.2	7242.7
8599	0.60825	56231.4	8033.05
8600	0.21740	20098.3	6699.42
