#IID	F_ROH	ROH_length_kB	KBAVG
8551	0.54073	49964.9	8327.49
8552	0.52829	48815.3	6973.62
8553	0.50008	46208.8	11552.2
8554	0.56722	52412	10482.4
8555	0.39961	36925.2	7385.03
8556	0.42931	39669.4	9917.35
8557	0.46996	43425.7	8685.14
8558	0.60815	56194.4	8027.77
8559	0.25810	23849.3	7949.75
8560	0.45129	41700.1	10425
8561	0.33044	30533.5	7633.38
8562	0.35282	32600.9	5433.49
8563	0.53456	49394.7	7056.38
8564	0.72731	67205	67205
8565	0.52755	48746.9	6963.85
8566	0.37488	34639.7	6927.93
8567	0.47255	43664.2	8732.83
8568	0.47812	44179.6	8835.92
8569	0.42108	38908.3	12969.4
8570	0.38840	35889	7177.8
8571	0.47389	43788.8	10947.2
8572	0.37356	34517.4	8629.35
8573	0.48457	44775.1	14925
8574	0.51151	47264.3	11816.1
8575	0.50712	46858.8	7809.8
8576	0.44175	40818.4	8163.69
8577	0.37817	34944.1	8736.02
8578	0.59313	54806.8	9134.47
8579	0.31594	29193.8	9731.26
8580	0.48079	44426.4	8885.28
8581	0.33766	31200.7	6240.13
8582	0.34144	31549.6	7887.39
8583	0.33204	30681.5	7670.38
8584	0.54938	50763.5	12690.9
8585	0.46569	43031.1	10757.8
8586	0.34770	32128	8032.01
8587	0.52303	48329.5	8054.92
8588	0.34872	32222.1	5370.35
8589	0.32958	30453.9	10151.3
8590	0.47007	43435.2	8687.04
8591	0.49146	45411.8	11352.9
8592	0.75752	69996.9	17499.2
8593	0.40992	37877.7	9469.42
8594	0.37253	34422.7	8605.68
8595	0.36899	34095.2	4870.74
8596	0.39163	36187.7	9046.92
8597	0.35776	33057.8	6611.57
8598	0.61645	56961.5	11392.3
8599	0.45197	41762.7	10440.7
8600	0.66123	61098.7	12219.7
