#IID	F_ROH	ROH_length_kB	KBAVG
4551	0.29684	27401.5	4566.92
4552	0.42568	39294.8	9823.7
4553	0.69773	64408.1	10734.7
4554	0.44729	41289.5	10322.4
4555	0.28053	25895.6	8631.88
4556	0.54313	50136.9	7162.41
4557	0.24622	22728.3	5682.08
4558	0.37408	34531.5	11510.5
4559	0.40329	37227.7	7445.54
4560	0.22263	20550.8	5137.71
4561	0.15342	14162.7	4720.89
4562	0.58357	53869.9	13467.5
4563	0.68684	63402.5	15850.6
4564	0.40877	37733.7	7546.75
4565	0.36387	33588.8	8397.2
4566	0.44577	41149.7	5878.53
4567	0.36589	33775.8	11258.6
4568	0.34079	31458.2	4494.03
4569	0.29784	27493.4	5498.67
4570	0.35629	32889.6	8222.39
4571	0.52141	48131.5	6016.43
4572	0.30231	27906.2	4651.04
4573	0.25123	23191.4	5797.85
4574	0.37671	34774	8693.49
4575	0.68921	63621.6	15905.4
4576	0.49855	46021.5	6574.5
4577	0.50150	46294.1	11573.5
4578	0.31030	28643.7	9547.91
4579	0.52389	48360.5	5373.38
4580	0.26284	24263.3	8087.78
4581	0.29098	26860.2	5372.05
4582	0.51326	47379.4	7896.56
4583	0.35761	33011.1	11003.7
4584	0.22168	20463.8	5115.96
4585	0.33526	30948.5	5158.08
4586	0.43667	40309.7	10077.4
4587	0.35537	32804.6	6560.92
4588	0.39210	36194.7	18097.4
4589	0.33247	30690.6	7672.65
4590	0.27985	25833	5166.6
4591	0.76479	70598.4	11766.4
4592	0.48451	44725.1	4969.45
4593	0.66027	60949.7	8707.1
4594	0.41195	38027.7	6337.95
4595	0.42699	39415.9	13138.6
4596	0.43943	40563.9	10141
4597	0.74681	68938.8	22979.6
4598	0.47130	43505.9	14502
4599	0.40667	37540.4	6256.73
4600	0.26158	24146.6	12073.3
