#IID	F_ROH	ROH_length_kB	KBAVG
2551	0.17204	15891.6	7945.81
2552	0.09622	8888.61	4444.31
2553	0.19939	18418.7	6139.58
2554	0.24742	22855.4	5713.86
2555	0.33186	30655.4	6131.07
2556	0.42561	39315.3	7863.06
2557	0.49631	45846.2	9169.25
2558	0.08067	7451.69	7451.69
2559	0.13333	12316.3	6158.13
2560	0.35619	32903	5483.83
2561	0.34717	32069.8	6413.96
2562	0.42185	38968.5	6494.76
2563	0.21520	19878.9	6626.3
2564	0.42118	38906	4863.26
2565	0.54274	50134.9	8355.82
2566	0.28806	26609.4	5321.87
2567	0.27980	25846	8615.34
2568	0.41511	38345.7	12781.9
2569	0.29829	27554	5510.8
2570	0.21287	19664	6554.66
2571	0.14069	12995.9	4331.97
2572	0.28587	26407	6601.74
2573	0.16892	15603.8	5201.26
2574	0.46960	43378.6	7229.77
2575	0.46779	43212.1	10803
2576	0.33165	30636	6127.2
2577	0.17630	16285.3	8142.63
2578	0.38053	35150.8	5858.46
2579	0.35824	33092.5	6618.5
2580	0.45772	42281.7	10570.4
2581	0.42614	39363.9	4920.49
2582	0.32738	30241.3	15120.7
2583	0.54457	50304.5	10060.9
2584	0.22712	20980.3	10490.1
2585	0.28119	25974.3	6493.57
2586	0.32373	29904.7	4984.12
2587	0.28893	26689.9	6672.47
2588	0.42353	39123	7824.6
2589	0.44412	41025.1	10256.3
2590	0.14178	13097.1	4365.71
2591	0.30673	28334.3	5666.86
2592	0.08863	8186.87	4093.44
2593	0.63659	58804.5	9800.74
2594	0.37854	34967	5827.83
2595	0.16181	14946.7	4982.22
2596	0.27590	25486.5	5097.3
2597	0.21648	19996.9	6665.62
2598	0.42506	39264.6	7852.91
2599	0.15711	14512.6	7256.31
2600	0.30803	28453.8	5690.77
