#IID	F_ROH	ROH_length_kB	KBAVG
8551	0.62274	57574.8	9595.8
8552	0.54423	50316.4	12579.1
8553	0.55671	51470.1	12867.5
8554	0.44582	41217.4	8243.48
8555	0.51535	47645.6	9529.12
8556	0.40953	37862.5	9465.61
8557	0.25778	23832.5	5958.12
8558	0.37783	34932	8733
8559	0.69686	64427.3	32213.7
8560	0.72081	66641.8	16660.5
8561	0.57863	53496	10699.2
8562	0.65975	60995.9	15249
8563	0.63232	58460	9743.34
8564	0.64227	59380.4	11876.1
8565	0.51645	47747.7	7957.95
8566	0.51958	48037.2	6862.46
8567	0.54187	50097.4	12524.4
8568	0.67768	62653.7	8950.52
8569	0.63227	58455.2	11691
8570	0.45777	42322.8	8464.56
8571	0.59797	55284.3	18428.1
8572	0.39408	36434.2	7286.84
8573	0.49865	46101.7	9220.34
8574	0.58291	53891.7	10778.3
8575	0.35850	33144.2	11048.1
8576	0.34199	31618.4	6323.68
8577	0.39292	36327.3	9081.82
8578	0.68754	63565.2	12713
8579	0.67708	62598.3	15649.6
8580	0.29818	27567.4	6891.84
8581	0.77272	71440.4	23813.5
8582	0.50764	46933.3	6704.76
8583	0.57515	53174.4	10634.9
8584	0.51626	47730.3	9546.07
8585	0.48886	45196.8	9039.35
8586	0.60450	55888	13972
8587	0.42675	39454.5	6575.75
8588	0.45530	42094	10523.5
8589	0.39216	36256.4	18128.2
8590	0.60821	56231.2	9371.87
8591	0.59984	55457.1	6932.13
8592	0.41996	38826.5	9706.63
8593	0.30446	28148.3	9382.78
8594	0.39459	36481.3	7296.26
8595	0.41371	38249	9562.25
8596	0.45445	42015.1	7002.51
8597	0.34644	32029.6	16014.8
8598	0.31379	29011	9670.35
8599	0.87790	81164.9	27055
8600	0.29942	27682	9227.33
