#IID	F_ROH	ROH_length_kB	KBAVG
2551	0.37500	34627.7	8656.92
2552	0.38460	35513.4	7102.67
2553	0.42653	39385.9	13128.6
2554	0.26236	24226.4	12113.2
2555	0.47246	43627.2	6232.46
2556	0.40559	37452.1	6242.02
2557	0.31416	29009.9	14504.9
2558	0.48689	44959.1	11239.8
2559	0.34007	31401.9	7850.46
2560	1.00000	92339.7	92339.7
2561	0.23616	21807	7268.99
2562	0.32453	29967.2	7491.81
2563	0.39907	36849.8	7369.97
2564	0.54262	50105.1	16701.7
2565	0.31923	29477.8	7369.46
2566	0.35485	32766.3	6553.26
2567	0.23709	21892.4	7297.45
2568	0.43876	40515.3	5787.9
2569	0.36610	33805.2	5634.19
2570	0.31629	29205.8	5841.15
2571	0.49981	46152.2	9230.44
2572	0.50843	46948.7	9389.75
2573	0.53857	49731	6216.38
2574	0.34994	32313.6	5385.59
2575	0.48956	45205.4	7534.24
2576	0.41322	38157	9539.25
2577	0.28404	26228.4	6557.1
2578	0.29325	27078.9	9026.3
2579	0.37176	34328.1	5721.35
2580	0.37236	34383.4	8595.85
2581	0.53034	48971.6	6995.94
2582	0.23760	21940	7313.34
2583	0.35701	32966.4	4709.48
2584	0.56929	52568.3	10513.7
2585	0.38768	35797.9	11932.6
2586	0.39978	36915.4	9228.85
2587	0.52255	48252.4	6893.19
2588	0.51816	47846.4	7974.4
2589	0.48805	45066.6	9013.32
2590	0.31863	29421.8	9807.26
2591	0.39423	36402.8	9100.69
2592	0.48472	44758.8	8951.76
2593	0.39978	36915.6	7383.12
2594	0.22215	20512.9	6837.63
2595	0.28386	26211.3	6552.82
2596	0.33823	31231.7	15615.8
2597	0.55468	51219.2	8536.53
2598	0.25580	23620.9	7873.63
2599	0.17079	15770.9	7885.46
2600	0.45749	42244.9	8448.98
