#IID	F_ROH	ROH_length_kB	KBAVG
18551	0.50347	46541.2	11635.3
18552	0.23023	21282.9	4256.58
18553	0.31424	29049	7262.26
18554	0.48794	45106.2	11276.6
18555	0.28513	26357.8	6589.45
18556	0.37795	34938.4	6987.69
18557	0.38562	35647.2	7129.43
18558	0.63347	58558.8	9759.8
18559	0.34258	31669.1	6333.83
18560	0.25982	24018.6	8006.2
18561	0.39531	36542.9	7308.58
18562	0.31473	29094.4	5818.87
18563	0.32963	30471.4	6094.28
18564	0.16506	15258	5086
18565	0.31739	29340	5867.99
18566	0.45619	42171.4	8434.28
18567	0.41690	38539	6423.16
18568	0.30244	27958.3	5591.65
18569	0.39590	36597.9	6099.64
18570	0.41722	38568.5	12856.2
18571	0.44938	41541.3	8308.26
18572	0.38747	35818.5	8954.63
18573	0.37611	34767.9	6953.58
18574	0.49705	45948	6564
18575	0.32098	29671.5	4945.26
18576	0.16611	15355.6	5118.54
18577	0.33365	30843.3	6168.66
18578	0.30423	28123.2	7030.8
18579	0.34827	32194.7	6438.95
18580	0.27027	24984.2	4996.84
18581	0.31143	28788.8	9596.28
18582	0.33540	31004.5	7751.13
18583	0.35214	32552.5	5425.41
18584	0.41050	37947.1	5421.02
18585	0.48898	45202.3	5650.28
18586	0.34129	31549.8	5258.29
18587	0.44964	41565.4	13855.1
18588	0.45252	41832	8366.39
18589	0.69743	64471.8	32235.9
18590	0.53347	49315.2	16438.4
18591	0.38541	35628.3	5938.05
18592	0.27260	25199.4	6299.84
18593	0.42839	39601.2	5657.32
18594	0.44082	40749.9	8149.97
18595	0.35005	32359.6	5393.27
18596	0.49640	45887.6	9177.52
18597	0.51343	47461.9	6780.27
18598	0.41204	38089.5	6348.24
18599	0.22673	20959.5	5239.88
18600	0.29851	27595.2	6898.81
