#IID	F_ROH	ROH_length_kB	KBAVG
20551	0.31341	28962.6	7240.66
20552	0.22916	21177	5294.26
20553	0.52317	48347.2	9669.44
20554	0.49267	45528.5	22764.3
20555	0.60080	55520.4	9253.39
20556	0.51362	47464	9492.79
20557	0.29079	26872.2	13436.1
20558	0.46799	43247.5	10811.9
20559	0.47718	44096.5	6299.5
20560	0.50891	47029.4	7838.24
20561	0.32386	29928.4	4988.07
20562	0.28991	26791.1	5358.22
20563	0.57072	52740.8	7534.41
20564	0.43022	39757.6	9939.4
20565	0.16895	15613	5204.35
20566	0.48660	44967.3	8993.46
20567	0.29162	26949.2	4491.54
20568	0.76153	70374.3	17593.6
20569	0.55450	51241.7	12810.4
20570	0.40250	37196	9299.01
20571	0.57700	53321.5	8886.92
20572	0.42710	39468.7	13156.2
20573	0.34925	32274.4	16137.2
20574	0.60954	56328.1	9388.02
20575	0.22133	20453.5	4090.71
20576	0.46214	42707.4	8541.48
20577	0.38838	35890.4	8972.6
20578	0.56009	51758.5	8626.42
20579	0.44165	40813.6	5830.51
20580	0.39368	36380.1	5197.16
20581	0.64886	59962.4	9993.73
20582	0.47847	44216.2	8843.25
20583	0.20028	18507.8	4626.95
20584	0.42404	39186.2	7837.24
20585	0.40861	37760.3	9440.09
20586	0.62858	58088.3	14522.1
20587	0.46270	42758.3	8551.65
20588	0.28436	26278.1	8759.37
20589	0.28730	26549.7	4424.95
20590	0.43560	40254.5	6709.09
20591	0.58355	53926.7	8987.79
20592	0.47213	43630.3	8726.06
20593	0.53691	49616.8	8269.47
20594	0.68270	63089.7	12617.9
20595	0.43886	40555.5	6759.25
20596	0.20731	19157.4	6385.81
20597	0.32830	30339	10113
20598	0.46787	43236.4	8647.27
20599	0.47000	43433.5	8686.69
20600	0.40710	37621.1	6270.19
