#IID	F_ROH	ROH_length_kB	KBAVG
2551	0.63949	59115.4	9852.57
2552	0.41578	38435.7	7687.14
2553	0.17896	16543.8	16543.8
2554	0.67354	62263.4	10377.2
2555	0.93590	86516.2	43258.1
2556	0.48480	44815.5	7469.25
2557	0.54641	50511	25255.5
2558	0.40409	37355.2	6225.86
2559	0.60362	55799.5	7971.35
2560	0.35389	32714.1	6542.82
2561	0.47121	43559.7	10889.9
2562	0.53925	49849.7	9969.94
2563	0.35978	33258.9	11086.3
2564	0.48727	45044	9008.8
2565	0.48463	44800.3	11200.1
2566	0.28097	25973.5	12986.7
2567	0.47389	43807.5	10951.9
2568	0.39979	36957	12319
2569	0.28150	26022.8	8674.28
2570	0.57456	53113.6	8852.27
2571	0.32953	30462.3	10154.1
2572	0.48188	44546.1	8909.21
2573	0.42774	39541.3	7908.26
2574	0.51568	47670.2	7945.04
2575	0.36183	33448.4	6689.68
2576	0.43440	40156.5	20078.2
2577	0.46609	43086.3	7181.04
2578	0.31655	29262.3	14631.1
2579	0.49081	45371.8	6481.69
2580	0.33264	30749.7	10249.9
2581	0.23090	21345	10672.5
2582	0.40185	37147.7	7429.55
2583	0.39330	36357.5	12119.2
2584	0.39288	36318.3	12106.1
2585	0.19944	18436.9	18436.9
2586	0.35862	33152	8288.01
2587	0.39116	36160	7232
2588	0.34480	31873.6	10624.5
2589	0.39272	36304.3	7260.86
2590	0.22035	20369.9	20369.9
2591	0.50658	46829.5	11707.4
2592	0.22423	20728	10364
2593	0.26093	24121	8040.32
2594	0.41931	38761.7	9690.41
2595	0.34479	31872.8	10624.3
2596	0.43369	40091.3	8018.26
2597	0.42659	39434.6	6572.43
2598	0.39516	36529	7305.8
2599	0.63167	58393	14598.3
2600	0.44474	41113.1	10278.3
