#IID	F_ROH	ROH_length_kB	KBAVG
8551	0.25511	23587.2	5896.8
8552	0.46602	43088.1	8617.63
8553	0.09474	8759.47	4379.74
8554	0.32888	30408	10136
8555	0.33223	30718	6143.61
8556	0.30670	28357.1	4726.18
8557	0.17172	15876.8	5292.27
8558	0.34145	31570.4	5261.74
8559	0.34172	31595	10531.7
8560	0.44362	41017	8203.4
8561	0.42701	39480.8	6580.14
8562	0.39626	36637.8	5233.98
8563	0.37551	34719.7	5786.61
8564	0.34746	32126.1	6425.22
8565	0.66147	61159.5	15289.9
8566	0.19959	18453.5	6151.18
8567	0.47516	43932.7	5491.59
8568	0.27329	25268.4	6317.1
8569	0.32071	29652.8	7413.19
8570	0.37083	34286.5	5714.42
8571	0.35116	32467.8	6493.56
8572	0.65345	60417.1	10069.5
8573	0.21103	19512.1	4878.04
8574	0.35508	32830.1	8207.53
8575	0.43492	40212.2	8042.45
8576	0.20753	19187.7	6395.91
8577	0.41426	38301.8	6383.63
8578	0.30091	27821.8	5564.35
8579	0.25854	23904.6	11952.3
8580	0.36234	33502.1	6700.42
8581	0.35020	32379	8094.75
8582	0.36273	33538.2	6707.64
8583	0.32341	29902.1	7475.51
8584	0.51637	47743.6	11935.9
8585	0.19179	17732.6	4433.16
8586	0.47572	43984.7	21992.4
8587	0.33110	30613.3	6122.67
8588	0.45644	42201.9	10550.5
8589	0.27781	25686.4	6421.6
8590	0.39640	36650.9	7330.18
8591	0.71657	66253.4	13250.7
8592	0.49257	45542.5	6506.08
8593	0.38494	35590.9	5931.82
8594	0.39895	36886.7	6147.78
8595	0.35908	33200.1	11066.7
8596	0.34110	31537.6	7884.41
8597	0.13576	12551.9	6275.96
8598	0.27137	25090.8	6272.7
8599	0.50151	46369.3	9273.86
8600	0.65786	60825.3	8689.33
