#IID	F_ROH	ROH_length_kB	KBAVG
22551	0.42855	39614.9	7922.97
22552	0.33511	30977.2	6195.43
22553	0.38193	35305.5	5884.26
22554	0.76726	70924.6	35462.3
22555	0.49533	45788	7631.33
22556	0.40784	37699.9	9424.98
22557	0.36926	34134.4	11378.1
22558	0.30903	28566.2	5713.25
22559	0.22256	20573.1	4114.62
22560	0.44069	40736.6	5819.51
22561	0.22645	20933.2	4186.64
22562	0.14806	13686.1	4562.04
22563	0.22902	21170.3	4234.05
22564	0.44555	41185.9	6864.32
22565	0.47481	43891.3	6270.19
22566	0.50815	46973	11743.2
22567	0.82476	76240.3	76240.3
22568	0.15091	13950.4	3487.61
22569	0.34069	31493.2	10497.7
22570	0.41950	38778	6463
22571	0.36650	33879.1	8469.77
22572	0.35494	32810.2	6562.04
22573	0.28894	26708.9	5341.78
22574	0.22212	20532.3	10266.2
22575	0.23311	21548.3	7182.78
22576	0.38229	35338.4	8834.61
22577	0.34933	32291.4	8072.84
22578	0.17398	16082.2	5360.72
22579	0.20335	18797.7	4699.42
22580	0.35597	32905.1	5484.18
22581	0.32815	30334.2	6066.85
22582	0.36581	33814.7	16907.3
22583	0.44876	41483.1	20741.6
22584	0.43994	40667.2	6777.87
22585	0.79879	73839.1	73839.1
22586	0.36276	33533.4	4191.67
22587	0.34385	31785	5297.5
22588	0.33912	31347.7	5224.62
22589	0.36702	33926.5	5654.41
22590	0.46286	42786.5	5348.31
22591	0.41042	37938.8	6323.14
22592	0.41724	38569.5	6428.25
22593	0.39462	36478.6	9119.65
22594	0.45032	41627.2	8325.44
22595	0.26628	24614.7	12307.4
22596	0.19547	18068.8	4517.19
22597	0.64768	59870.5	8552.93
22598	0.39333	36358.9	9089.71
22599	0.39722	36718.5	5245.5
22600	0.17274	15967.8	5322.6
