#IID	F_ROH	ROH_length_kB	KBAVG
2551	0.37142	34310.3	5718.38
2552	0.37569	34704.6	5784.1
2553	0.36083	33331.8	6666.36
2554	0.26533	24509.6	6127.4
2555	0.39037	36060.5	6010.09
2556	0.30384	28067	5613.4
2557	0.29405	27163.1	6790.79
2558	0.46339	42805.9	8561.19
2559	0.38673	35724.3	7144.87
2560	0.37542	34679.4	11559.8
2561	0.54022	49903.6	9980.72
2562	0.23824	22008	7336
2563	0.56581	52267	8711.16
2564	0.18955	17510	8755.02
2565	0.45923	42421.3	10605.3
2566	0.33121	30596.2	7649.06
2567	0.54566	50405.8	10081.2
2568	0.39323	36325	7264.99
2569	0.40936	37815.2	9453.8
2570	0.24629	22750.9	7583.63
2571	0.81334	75132.5	37566.2
2572	0.44864	41443.6	6907.26
2573	0.29868	27590.9	6897.72
2574	0.28787	26591.9	6647.96
2575	0.43392	40083.4	13361.1
2576	0.27343	25258.6	6314.66
2577	0.22374	20668.1	6889.36
2578	0.24371	22513.3	5628.33
2579	0.46402	42863.8	14287.9
2580	0.28425	26257.5	6564.37
2581	0.25657	23700.6	5925.14
2582	0.32287	29825.5	14912.8
2583	0.30046	27755.4	9251.81
2584	0.27666	25556.8	5111.36
2585	0.28690	26503	6625.76
2586	0.50101	46281.1	9256.22
2587	0.38147	35238.5	5873.08
2588	0.32813	30311.5	6062.31
2589	0.32093	29645.9	7411.48
2590	0.75326	69582.6	11597.1
2591	0.58002	53580	6697.5
2592	0.35478	32772.7	5462.12
2593	0.37510	34650.5	11550.2
2594	0.46908	43332	10833
2595	0.59903	55335.5	27667.8
2596	0.23738	21928	7309.33
2597	0.48943	45211.3	11302.8
2598	0.35692	32970.7	8242.66
2599	0.28437	26269.1	6567.28
2600	0.53858	49752	8292
