#IID	F_ROH	ROH_length_kB	KBAVG
2551	0.27196	25113.8	6278.45
2552	0.78925	72881.4	14576.3
2553	0.32108	29649.2	5929.84
2554	0.51476	47534.2	7922.36
2555	0.51734	47772.9	15924.3
2556	0.38841	35866.6	7173.32
2557	0.43157	39852.2	5693.17
2558	0.64193	59278.1	9879.68
2559	0.31997	29547	4924.49
2560	0.48859	45118.2	7519.69
2561	0.44090	40713.9	6785.66
2562	0.38757	35789.4	8947.34
2563	0.55293	51059.4	7294.2
2564	0.44918	41479	10369.8
2565	0.52646	48614.5	9722.89
2566	0.58189	53733.6	8955.59
2567	0.48189	44498.8	14832.9
2568	0.56781	52433	8738.83
2569	0.27562	25451.2	4241.86
2570	0.61520	56809.6	8115.65
2571	0.32588	30092.3	10030.8
2572	0.42409	39162	6527
2573	0.49562	45767.1	7627.84
2574	0.69711	64373.6	12874.7
2575	0.25283	23346.8	5836.7
2576	0.43533	40199.5	5742.78
2577	0.36862	34039	11346.3
2578	0.72191	66663.5	16665.9
2579	0.37790	34896.4	6979.28
2580	0.65586	60564.3	20188.1
2581	0.59235	54699.6	6077.73
2582	0.19347	17865.9	4466.46
2583	0.51456	47516.4	9503.27
2584	0.57325	52935.5	7562.22
2585	0.22111	20418.3	6806.1
2586	0.48780	45045.3	7507.55
2587	0.47987	44312.5	8862.51
2588	0.40623	37512.9	12504.3
2589	0.41708	38514.7	6419.12
2590	0.65547	60528.3	12105.7
2591	0.26087	24089.9	4014.98
2592	0.43587	40249.8	6708.3
2593	0.65310	60309.4	10051.6
2594	0.48242	44548.5	4949.83
2595	0.50196	46352.9	7725.49
2596	0.34261	31638	6327.6
2597	0.29197	26961.7	4493.62
2598	0.36908	34082.3	5680.39
2599	0.74355	68661.8	17165.4
2600	0.53526	49427.1	7061.02
