#IID	F_ROH	ROH_length_kB	KBAVG
10551	0.38075	35186.2	5864.37
10552	0.43521	40219.1	6703.18
10553	0.45337	41898	5985.43
10554	0.27037	24985.7	4997.14
10555	0.44964	41552.5	8310.51
10556	0.59814	55276.5	6909.56
10557	0.30351	28048.3	4674.72
10558	0.39421	36430.5	9107.62
10559	0.27094	25038.6	5007.71
10560	0.47364	43770.7	8754.15
10561	0.35225	32552.3	5425.38
10562	0.52924	48908.7	6986.96
10563	0.17652	16313.1	8156.54
10564	0.25888	23924.2	5981.05
10565	0.46296	42783.8	5347.97
10566	0.79644	73602	18400.5
10567	0.44367	41000.9	8200.17
10568	0.39885	36858.8	7371.76
10569	0.25311	23390.7	4678.14
10570	0.26561	24545.7	4090.96
10571	0.46448	42923.9	7153.98
10572	0.32239	29793.4	5958.67
10573	0.36016	33283.6	6656.72
10574	0.18659	17243.8	4310.95
10575	0.14455	13358.1	4452.72
10576	0.45402	41958	5994.01
10577	0.33256	30733.5	7683.36
10578	0.55350	51151.4	10230.3
10579	0.36521	33750.3	5625.04
10580	0.45694	42227.9	8445.59
10581	0.67775	62633	12526.6
10582	0.44899	41493.2	8298.64
10583	0.60884	56265	9377.5
10584	0.48759	45060.3	11265.1
10585	0.62207	57488	28744
10586	0.71608	66175.4	33087.7
10587	0.71046	65656.7	13131.3
10588	0.22862	21127.9	5281.98
10589	0.24169	22335.8	7445.27
10590	0.73782	68185.2	17046.3
10591	0.51736	47811.5	6830.22
10592	0.33190	30672.1	7668.02
10593	0.64454	59564.1	11912.8
10594	0.23592	21802.2	4360.44
10595	0.30216	27923.9	4653.98
10596	0.44007	40668.8	8133.76
10597	0.44936	41527.5	8305.5
10598	0.30855	28514	7128.5
10599	0.23203	21442.4	4288.48
10600	0.41820	38647.5	9661.87
