#IID	F_ROH	ROH_length_kB	KBAVG
12551	0.43425	40153.8	10038.4
12552	0.26655	24646.5	4929.3
12553	0.21489	19870	6623.32
12554	0.27749	25658	6414.49
12555	0.54204	50120.7	10024.1
12556	0.34994	32357.7	16178.9
12557	0.20390	18853.7	6284.55
12558	0.50917	47081.1	11770.3
12559	0.36697	33931.9	5655.31
12560	0.52889	48904.7	6986.39
12561	0.23487	21717.9	7239.29
12562	0.43053	39809.4	9952.35
12563	0.65012	60114	20038
12564	0.33628	31094.4	5182.41
12565	0.27090	25049.1	6262.28
12566	0.32298	29864.8	7466.21
12567	0.24936	23057.8	5764.44
12568	0.26289	24308.7	4051.46
12569	0.52057	48135.5	12033.9
12570	0.40290	37254.7	6209.12
12571	0.44657	41292.7	6882.12
12572	0.33992	31430.9	6286.19
12573	0.20814	19245.6	4811.39
12574	0.26646	24638.3	8212.76
12575	0.31069	28728.1	5745.61
12576	0.16928	15652.3	5217.43
12577	0.42196	39017.3	13005.8
12578	0.46656	43141	8628.2
12579	0.47019	43476.8	8695.35
12580	0.64571	59706.6	14926.6
12581	0.45310	41896.7	5237.09
12582	0.36303	33568.2	6713.64
12583	0.46054	42584.1	6083.44
12584	0.34668	32056.1	8014.02
12585	0.63888	59074.6	14768.6
12586	0.26090	24124	4824.8
12587	0.51802	47899.7	23949.8
12588	0.67252	62185.4	10364.2
12589	0.56569	52307.5	8717.92
12590	0.87157	80591	20147.7
12591	0.45866	42410.9	6058.7
12592	0.24904	23028.2	7676.05
12593	0.24482	22637.5	5659.38
12594	0.40132	37108.2	12369.4
12595	0.54645	50528.3	10105.7
12596	0.33693	31154.5	5192.41
12597	0.31380	29015.9	5803.17
12598	0.25033	23147.1	5786.77
12599	0.68363	63213	21071
12600	0.27758	25666.9	6416.73
