#IID	F_ROH	ROH_length_kB	KBAVG
4551	0.50326	46507.4	7751.23
4552	0.42228	39024.1	9756.03
4553	0.61648	56970.2	9495.03
4554	0.54578	50437.2	12609.3
4555	0.47479	43876.5	7312.75
4556	0.34228	31631.2	7907.81
4557	0.57026	52699.3	10539.9
4558	0.47863	44231.9	7371.98
4559	0.53985	49888.7	7126.96
4560	0.48079	44431	7405.17
4561	0.44255	40897.4	8179.49
4562	0.77166	71311.1	35655.5
4563	0.50867	47007.3	9401.45
4564	0.40240	37186.9	9296.73
4565	0.31673	29269.5	9756.49
4566	0.33518	30974.6	7743.66
4567	0.51327	47432.3	9486.46
4568	0.27184	25121.4	12560.7
4569	0.66473	61429.4	8775.63
4570	0.53142	49109.7	8184.94
4571	0.35832	33113.7	8278.44
4572	0.50979	47111.2	7851.86
4573	0.69222	63970.2	12794
4574	0.59299	54799.6	10959.9
4575	0.36177	33432.3	11144.1
4576	0.59121	54634.8	9105.8
4577	0.62683	57927.1	8275.3
4578	0.58634	54184.9	9030.82
4579	0.46988	43422.8	10855.7
4580	0.60598	56000.4	14000.1
4581	0.46910	43351.1	7225.18
4582	0.41181	38056.2	9514.04
4583	0.41953	38770.3	7754.07
4584	0.75107	69408.3	17352.1
4585	0.56423	52142.4	8690.41
4586	0.61169	56527.9	8075.41
4587	0.69679	64392.3	9198.91
4588	0.54939	50770.8	8461.8
4589	0.40856	37756.2	12585.4
4590	0.62311	57583	11516.6
4591	0.56636	52339	8723.16
4592	0.52159	48201.9	8033.66
4593	0.71371	65955.8	16488.9
4594	0.75635	69896.2	13979.2
4595	0.52952	48934.4	6990.63
4596	0.65709	60723	15180.8
4597	0.61094	56458.5	9409.76
4598	0.30809	28471.6	7117.9
4599	0.55441	51234.4	7319.2
4600	0.43550	40246	8049.2
