#IID	F_ROH	ROH_length_kB	KBAVG
34551	0.38720	35790.2	5112.89
34552	0.26012	24043.4	4808.68
34553	0.33529	30991.6	15495.8
34554	0.39337	36360.3	6060.06
34555	0.38454	35544.1	5924.02
34556	0.51570	47667.5	15889.2
34557	0.34227	31636.9	4519.56
34558	0.30448	28143.5	5628.7
34559	0.20032	18515.9	3703.18
34560	0.28392	26243.6	8747.86
34561	0.27180	25123.3	8374.43
34562	0.51696	47784.3	7964.06
34563	0.21073	19478.5	4869.63
34564	0.18351	16962	4240.51
34565	0.37965	35092.1	17546
34566	0.26718	24696.5	4939.3
34567	0.32038	29613.2	4935.53
34568	0.42004	38825.5	6470.92
34569	0.41092	37982.3	6330.38
34570	0.37828	34965.5	5827.58
34571	0.20835	19258.3	4814.58
34572	0.08131	7515.34	3757.67
34573	0.57439	53092.6	6636.57
34574	0.30721	28396	7098.99
34575	0.37444	34610.8	8652.71
34576	0.39297	36323	6053.83
34577	0.38117	35232.3	8808.07
34578	0.36733	33953.2	16976.6
34579	0.74189	68575.1	11429.2
34580	0.68144	62987.4	8998.2
34581	0.47519	43922.9	10980.7
34582	0.16475	15228.4	5076.12
34583	0.24246	22411.2	5602.79
34584	0.32723	30247.1	5041.19
34585	0.19706	18214.7	6071.58
34586	0.32830	30345.5	7586.36
34587	0.47191	43620	7270.01
34588	0.34926	32283	4611.86
34589	0.17315	16004.5	4001.13
34590	0.51666	47756.1	5969.51
34591	0.38783	35847.9	17924
34592	0.40763	37678.4	9419.6
34593	0.46652	43122.1	6160.3
34594	0.30391	28091.2	9363.72
34595	0.37581	34737.6	11579.2
34596	0.42650	39422.7	6570.45
34597	0.29183	26974.9	6743.72
34598	0.33191	30679.7	6135.93
34599	0.52077	48136.5	12034.1
34600	0.08233	7610.01	7610.01
