#IID	F_ROH	ROH_length_kB	KBAVG
4551	0.44843	41449.6	10362.4
4552	0.59955	55417.9	11083.6
4553	0.48129	44486.4	8897.27
4554	0.47359	43774.7	8754.94
4555	0.21133	19533.5	6511.16
4556	0.58626	54189.1	13547.3
4557	0.33218	30704.5	6140.89
4558	0.55836	51610.2	7372.88
4559	0.42508	39291	7858.2
4560	0.24921	23035	23035
4561	0.62235	57525.5	11505.1
4562	0.35561	32869.8	10956.6
4563	0.34876	32236.5	5372.75
4564	0.40174	37133.5	5304.79
4565	0.51817	47895.6	9579.11
4566	0.57481	53130.8	17710.3
4567	0.37140	34329.5	11443.2
4568	0.47418	43829.4	10957.3
4569	0.26137	24159.3	8053.11
4570	0.42330	39126.2	6521.04
4571	0.41172	38056.1	9514.03
4572	0.36619	33847.6	5641.27
4573	0.42525	39307.3	7861.46
4574	0.40455	37393.9	4674.24
4575	0.24705	22835.2	7611.73
4576	0.67793	62662.7	15665.7
4577	0.63038	58267.4	11653.5
4578	0.32734	30256.5	7564.12
4579	0.43961	40634.6	8126.92
4580	0.38386	35481	5913.5
4581	0.49278	45548.6	11387.1
4582	0.38865	35924.2	7184.84
4583	0.47865	44242.6	11060.7
4584	0.29060	26860.9	8953.63
4585	0.54957	50797.7	10159.5
4586	0.34937	32292.7	6458.55
4587	0.61482	56829	11365.8
4588	0.33997	31424	10474.7
4589	0.42026	38845.7	7769.15
4590	0.46364	42855.7	21427.9
4591	0.22902	21168.8	10584.4
4592	0.59414	54918.2	7845.46
4593	0.55751	51532	10306.4
4594	0.45772	42308.1	7051.35
4595	0.44792	41402.5	5914.64
4596	0.35185	32522	8130.5
4597	0.61809	57131.9	14283
4598	0.46869	43322.3	8664.46
4599	0.37797	34937	17468.5
4600	0.49452	45709.7	22854.8
