#IID	F_ROH	ROH_length_kB	KBAVG
2551	0.43270	39976.6	6662.77
2552	0.26773	24735.1	6183.77
2553	0.43279	39984.5	7996.9
2554	0.41878	38690	9672.49
2555	0.53441	49373.2	9874.63
2556	0.36319	33554.4	5592.39
2557	0.61904	57191.7	9531.95
2558	0.44227	40860.4	5107.56
2559	0.39115	36137.9	7227.58
2560	0.30917	28563.5	7140.87
2561	0.39632	36615.2	6102.53
2562	0.44514	41125.5	10281.4
2563	0.38074	35175.5	5025.07
2564	0.37173	34343.1	8585.78
2565	0.16553	15292.7	5097.55
2566	0.38490	35560.4	5080.06
2567	1.00000	92388	92388
2568	0.53188	49139.7	12284.9
2569	0.22606	20885.3	6961.76
2570	0.45986	42485.6	8497.13
2571	0.53564	49487	9897.4
2572	0.47037	43456.6	6208.09
2573	0.86761	80156.4	26718.8
2574	0.42847	39585.8	7917.16
2575	0.33281	30747.4	10249.1
2576	0.35773	33050.1	6610.03
2577	0.39732	36708	6118
2578	0.56776	52453.9	10490.8
2579	0.32761	30267.4	6053.49
2580	0.36931	34119.8	6823.96
2581	0.27312	25233.4	6308.35
2582	0.45768	42283.8	7047.3
2583	0.29504	27258.4	4543.07
2584	0.39135	36156.4	6026.07
2585	0.29195	26973.1	8991.04
2586	0.45099	41666.3	6944.38
2587	0.38941	35976.9	5996.16
2588	0.35303	32615.7	10871.9
2589	0.34128	31530.6	7882.64
2590	0.21724	20070.3	6690.1
2591	0.18930	17489.5	5829.82
2592	0.33807	31233.5	6246.7
2593	0.36089	33341.9	5556.98
2594	0.26569	24546.6	12273.3
2595	0.71424	65987.1	8248.39
2596	0.59909	55348.6	11069.7
2597	0.33389	30847.5	5141.24
2598	0.37525	34668.8	4952.68
2599	0.47348	43743.6	8748.73
2600	0.41570	38406.1	6401.02
