#IID	F_ROH	ROH_length_kB	KBAVG
38551	0.26498	24493.5	4898.71
38552	0.20649	19087.2	6362.39
38553	0.26739	24716.2	12358.1
38554	0.65368	60423.1	10070.5
38555	0.18609	17200.9	4300.23
38556	0.45958	42481.4	10620.3
38557	0.39913	36893.8	6148.97
38558	0.38898	35955.3	11985.1
38559	0.10071	9309.05	4654.52
38560	0.43632	40331.3	5761.61
38561	0.19152	17703.4	4425.86
38562	0.45341	41910.9	8382.19
38563	0.67276	62186.2	20728.7
38564	0.43041	39784.6	7956.91
38565	0.18906	17476	4369.01
38566	0.35901	33185	6637.01
38567	0.21176	19573.9	6524.64
38568	0.49433	45693	11423.2
38569	0.42090	38905.9	7781.17
38570	0.40418	37360.5	6226.76
38571	0.11233	10383.4	3461.13
38572	0.25914	23953.3	5988.32
38573	0.63392	58596.3	29298.1
38574	0.51502	47605.5	7934.26
38575	0.11899	10998.4	5499.22
38576	0.18426	17032.5	4258.12
38577	0.23951	22138.9	5534.73
38578	0.30691	28369.1	7092.28
38579	0.31725	29324.9	4887.49
38580	0.69189	63954.9	21318.3
38581	0.29775	27522.2	9174.08
38582	0.09663	8931.68	4465.84
38583	0.18503	17103.6	4275.9
38584	0.49898	46123.6	6589.09
38585	0.36234	33492.9	6698.58
38586	0.59353	54862.8	13715.7
38587	0.60485	55909.8	9318.3
38588	0.48494	44825.1	11206.3
38589	0.30780	28451.4	7112.85
38590	0.53655	49596.4	16532.1
38591	0.10341	9559.01	4779.5
38592	0.35777	33070.5	6614.1
38593	0.47256	43681.2	10920.3
38594	0.45096	41684.9	6947.48
38595	0.48540	44868.3	8973.67
38596	0.42024	38845.2	9711.29
38597	0.37268	34448.5	5741.42
38598	0.16728	15462.9	5154.29
38599	0.16244	15015.5	5005.18
38600	0.21753	20107	4021.4
