#IID	F_ROH	ROH_length_kB	KBAVG
12551	0.28817	26637.5	8879.17
12552	0.51213	47339.2	7889.87
12553	0.43603	40305.4	5757.91
12554	0.27545	25461.3	8487.09
12555	0.45807	42342.2	7057.03
12556	0.38877	35936.6	5133.81
12557	0.49707	45947.5	9189.49
12558	0.24455	22605.2	5651.29
12559	0.43444	40158.3	5019.79
12560	0.43055	39798.7	5685.53
12561	0.68871	63661.6	7957.7
12562	0.30804	28473.8	7118.45
12563	0.30372	28074.8	4679.14
12564	0.31767	29364.4	5872.88
12565	0.45989	42510.9	6072.99
12566	0.48809	45116.8	9023.35
12567	0.34607	31989.2	7997.29
12568	0.35455	32773.1	5462.18
12569	0.29371	27149.1	5429.82
12570	0.39281	36310.2	7262.05
12571	0.51346	47462.6	5932.83
12572	0.35744	33040.8	5506.8
12573	0.45343	41913	6985.5
12574	0.44828	41436.9	4604.1
12575	0.35247	32581.1	5430.18
12576	0.47571	43973	5496.63
12577	0.68024	62878.6	20959.5
12578	0.44435	41074	6845.67
12579	0.53961	49879.9	8313.32
12580	0.36564	33798.1	6759.61
12581	0.35869	33155.8	6631.17
12582	0.55710	51496.4	10299.3
12583	0.52968	48961.8	9792.35
12584	0.45535	42091.2	6013.03
12585	0.38916	35972.3	5995.39
12586	0.41252	38132.1	5447.44
12587	0.55029	50866.8	6358.35
12588	0.34578	31962.3	6392.47
12589	0.41963	38789.3	4848.66
12590	0.48997	45291.1	11322.8
12591	0.32508	30049.2	5008.2
12592	0.27905	25794.5	5158.9
12593	0.40994	37893.2	6315.54
12594	0.45846	42378.8	14126.3
12595	0.67178	62096.6	15524.1
12596	0.60769	56172.2	11234.4
12597	0.47861	44240.9	6320.13
12598	0.38975	36027.1	7205.42
12599	0.50033	46249	5138.78
12600	0.61263	56629.5	8089.92
