#IID	F_ROH	ROH_length_kB	KBAVG
2551	0.77186	71297.1	11882.9
2552	1.00000	92370.4	92370.4
2553	0.65880	60853.8	10142.3
2554	0.49330	45566.7	9113.34
2555	0.65862	60837.4	8691.05
2556	0.77323	71423.2	14284.6
2557	0.73185	67600.9	11266.8
2558	0.59151	54637.9	10927.6
2559	0.62238	57489.6	8212.8
2560	0.91395	84422	21105.5
2561	0.46065	42550.4	7091.74
2562	0.46162	42639.8	8527.97
2563	0.54900	50710.9	12677.7
2564	0.67316	62180.1	12436
2565	0.70691	65297.7	8162.22
2566	0.80910	74737.3	9342.16
2567	0.63118	58302.4	14575.6
2568	0.65956	60923.5	15230.9
2569	0.67840	62663.9	12532.8
2570	0.74937	69219.5	34609.8
2571	0.62267	57516.5	9586.08
2572	0.60844	56202.1	9367.01
2573	0.60278	55678.7	11135.7
2574	0.55740	51487.1	7355.3
2575	0.53107	49055.3	9811.07
2576	0.40242	37171.9	12390.6
2577	0.61397	56712.4	11342.5
2578	0.60484	55869	7981.29
2579	0.77826	71888.6	11981.4
2580	0.65474	60478.6	8639.8
2581	0.68834	63582.4	31791.2
2582	0.71700	66229.6	9461.38
2583	0.66187	61137	12227.4
2584	0.58079	53648	7664
2585	0.64276	59372.3	8481.75
2586	0.95614	88319.4	29439.8
2587	0.60444	55832.6	13958.1
2588	0.47591	43960	7326.67
2589	0.56741	52412	17470.7
2590	0.63090	58276.6	9712.77
2591	0.54385	50235.7	10047.1
2592	0.45594	42115	8423
2593	0.73245	67656.3	11276.1
2594	0.56220	51930.3	8655.05
2595	0.89505	82676.2	27558.7
2596	0.77744	71812.5	14362.5
2597	0.84999	78514	13085.7
2598	0.41487	38321.6	6386.93
2599	0.47523	43896.8	7316.14
2600	0.71775	66299.1	13259.8
