#IID	F_ROH	ROH_length_kB	KBAVG
20551	0.22099	20403.2	6801.07
20552	0.32774	30258.4	7564.61
20553	0.25381	23433.2	7811.08
20554	0.55328	51081.5	7297.35
20555	0.28815	26603.7	6650.94
20556	0.43564	40220.3	6703.38
20557	0.38813	35833.7	7166.73
20558	0.30851	28483.1	7120.78
20559	0.24637	22745.7	4549.14
20560	0.18706	17270.1	4317.52
20561	0.21217	19588.8	4897.19
20562	0.33866	31266.4	7816.6
20563	0.58856	54338.4	10867.7
20564	0.37663	34772	5795.33
20565	0.51711	47742.5	9548.5
20566	0.27928	25784.7	4297.45
20567	0.23844	22013.8	5503.44
20568	0.43335	40009	6668.16
20569	0.46197	42651.1	7108.52
20570	0.24885	22974.8	7658.25
20571	0.18479	17060.3	5686.77
20572	0.28626	26429.1	4404.84
20573	0.42365	39113.2	7822.63
20574	0.46516	42946.3	14315.4
20575	0.43641	40291.4	6715.24
20576	0.21573	19916.8	4979.19
20577	0.27832	25695.9	5139.19
20578	0.24962	23046.3	5761.59
20579	0.37499	34620.8	11540.3
20580	0.34709	32045.4	8011.34
20581	0.39000	36006.8	12002.3
20582	0.39745	36694.6	9173.66
20583	0.10302	9511.49	4755.75
20584	0.19030	17569.2	5856.41
20585	0.30953	28577.6	7144.39
20586	0.36602	33793.1	5632.19
20587	0.72268	66721.5	11120.3
20588	0.09383	8662.68	4331.34
20589	0.16155	14915.4	14915.4
20590	0.12151	11218	3739.33
20591	0.51676	47710.1	6815.73
20592	0.25706	23732.6	5933.15
20593	0.31631	29203.3	5840.66
20594	0.27872	25732.9	8577.64
20595	0.15932	14708.9	4902.97
20596	0.17675	16318	8158.99
20597	0.38320	35378.8	5896.46
20598	0.25834	23850.8	4770.16
20599	0.28978	26753.8	5350.76
20600	0.29815	27526.9	4587.82
