#IID	F_ROH	ROH_length_kB	KBAVG
4551	0.30545	28241.4	7060.34
4552	0.34997	32357.4	16178.7
4553	0.27253	25197.2	5039.43
4554	0.41207	38099.3	5442.76
4555	0.40750	37675.9	6279.31
4556	0.85068	78651.6	26217.2
4557	0.32290	29854.4	7463.59
4558	0.22849	21125.4	7041.8
4559	0.05965	5515.37	5515.37
4560	0.35480	32804	8201.01
4561	0.10123	9359.9	4679.95
4562	0.67734	62625	7828.12
4563	0.46647	43128.1	10782
4564	0.27266	25209	5041.8
4565	0.33232	30725.5	7681.39
4566	0.40940	37851.7	5407.38
4567	0.45113	41710.4	6951.74
4568	0.06884	6364.78	3182.39
4569	0.30383	28091	7022.74
4570	0.35470	32794.4	8198.6
4571	0.20196	18673.1	4668.28
4572	0.34445	31847.1	6369.41
4573	0.32947	30462.3	5077.04
4574	0.18565	17164.4	8582.22
4575	0.38946	36008.6	9002.14
4576	0.17665	16332.3	4083.07
4577	0.32993	30504.5	6100.89
4578	0.43776	40474.4	10118.6
4579	0.20006	18497.3	6165.76
4580	0.16903	15627.8	7813.9
4581	0.16448	15207.3	5069.09
4582	0.28288	26154.7	8718.22
4583	0.53686	49636.4	8272.74
4584	0.37491	34663.2	8665.79
4585	0.07808	7219.49	3609.75
4586	0.25579	23649.2	7883.07
4587	0.08813	8148.18	8148.18
4588	0.40739	37666.5	5380.93
4589	0.72479	67012.1	33506
4590	0.28870	26692.1	6673.03
4591	0.48523	44862.9	8972.57
4592	0.41839	38683.4	9670.85
4593	0.23885	22083.7	5520.94
4594	0.10029	9272.55	4636.28
4595	0.40958	37868.5	7573.7
4596	0.19429	17963.5	5987.82
4597	0.42032	38862	6477
4598	0.39965	36950.9	9237.72
4599	0.26584	24578.6	6144.66
4600	0.28925	26743.5	6685.88
