#IID	F_ROH	ROH_length_kB	KBAVG
6551	0.24406	22562.1	11281.1
6552	0.30904	28569.9	7142.47
6553	0.46217	42726.1	8545.21
6554	0.23294	21534.9	5383.72
6555	0.25437	23515.8	7838.61
6556	0.20184	18659.2	9329.58
6557	0.23720	21928.7	7309.58
6558	0.27079	25034	12517
6559	0.12997	12015.7	4005.25
6560	0.39180	36220.8	9055.19
6561	0.24961	23075.7	4615.14
6562	0.19682	18195.6	9097.78
6563	0.21700	20060.7	6686.91
6564	0.20826	19253.1	6417.71
6565	0.68498	63324.1	12664.8
6566	0.15347	14188.2	4729.39
6567	0.30289	28001.3	7000.32
6568	0.35633	32941.4	5490.23
6569	0.70205	64902	32451
6570	0.17673	16338	4084.51
6571	0.29966	27702.4	5540.49
6572	0.21536	19909.1	9954.54
6573	0.37248	34434.4	5739.06
6574	0.43493	40207.5	10051.9
6575	0.22454	20758.2	6919.39
6576	0.24851	22974	5743.49
6577	0.36441	33688.1	8422.02
6578	0.38490	35582.5	8895.62
6579	0.34066	31492.5	6298.51
6580	0.39578	36588.7	12196.2
6581	0.34074	31500.6	10500.2
6582	0.21847	20197	5049.24
6583	0.48771	45087.6	15029.2
6584	0.06487	5997.37	5997.37
6585	0.17294	15988.1	7994.07
6586	0.10328	9547.72	4773.86
6587	0.37617	34775.9	11592
6588	0.29089	26891.7	6722.93
6589	0.43322	40049.4	6674.9
6590	0.12060	11149.4	5574.7
6591	0.31673	29280.5	5856.09
6592	0.44074	40745.3	8149.07
6593	0.36212	33477.2	8369.3
6594	0.21255	19649.6	9824.8
6595	0.51719	47812.6	11953.1
6596	0.15419	14254.8	7127.4
6597	0.23292	21532.6	7177.52
6598	0.27300	25237.5	6309.37
6599	0.13291	12287.2	12287.2
6600	0.20780	19210.1	9605.07
