#IID	F_ROH	ROH_length_kB	KBAVG
4551	0.60200	55655.6	11131.1
4552	0.47017	43468.3	6209.75
4553	0.28275	26140.3	6535.07
4554	0.49961	46189.7	7698.28
4555	0.46522	43010.4	10752.6
4556	0.40868	37783.5	7556.71
4557	0.46078	42599.7	7099.96
4558	0.24893	23013.7	7671.22
4559	0.50812	46976.5	9395.3
4560	0.34350	31756.7	5292.78
4561	0.62924	58173.9	9695.65
4562	0.41243	38129.9	6354.99
4563	0.55072	50914.9	6364.36
4564	0.42410	39208.4	6534.73
4565	0.36606	33843.1	6768.62
4566	0.46098	42618.4	8523.69
4567	0.46449	42942.7	7157.11
4568	0.61161	56543.9	6282.65
4569	0.49641	45893.8	7648.96
4570	0.62121	57431.7	7178.96
4571	0.17198	15899.5	5299.84
4572	0.34170	31590.8	15795.4
4573	0.53638	49589.6	9917.93
4574	0.40073	37048.3	6174.72
4575	0.38710	35788	7157.59
4576	0.39934	36919.8	9229.95
4577	0.45719	42267.8	8453.55
4578	0.48857	45168.8	9033.77
4579	0.80532	74452.9	18613.2
4580	0.36628	33863.5	8465.88
4581	0.19542	18066.9	6022.29
4582	0.55428	51244.4	7320.63
4583	0.45338	41916.1	6986.01
4584	0.63961	59132.7	7391.59
4585	0.40794	37714.6	12571.5
4586	0.41699	38551	6425.17
4587	0.47632	44036.5	7339.41
4588	0.42385	39185.9	6530.99
4589	0.49000	45301.7	6471.67
4590	0.37244	34433	6886.6
4591	0.42016	38844.5	7768.9
4592	0.36460	33708.2	6741.65
4593	0.41799	38643.9	5520.56
4594	0.43586	40295.5	6715.92
4595	0.40559	37497.2	6249.53
4596	0.56784	52497.5	13124.4
4597	0.38244	35357	7071.39
4598	0.31704	29311	5862.2
4599	0.44713	41337.6	6889.59
4600	0.52803	48817.1	8136.18
