#IID	F_ROH	ROH_length_kB	KBAVG
12551	0.24201	22365.3	4473.05
12552	0.46685	43143.5	10785.9
12553	0.60863	56246.7	14061.7
12554	0.43467	40169.8	6694.97
12555	0.52415	48439.7	6919.95
12556	0.27951	25831.1	6457.78
12557	0.37395	34558.8	5759.79
12558	0.32720	30237.7	5039.61
12559	0.42323	39112.8	6518.79
12560	0.50645	46803.6	9360.71
12561	0.38311	35405.4	5057.92
12562	0.32356	29902.2	7475.55
12563	0.27496	25410.5	6352.62
12564	0.49681	45912.2	7652.04
12565	0.34881	32235.4	10745.1
12566	0.30602	28281.2	7070.31
12567	0.30986	28635.8	7158.94
12568	0.58421	53989.9	17996.6
12569	0.35103	32440.4	6488.08
12570	0.28032	25905.3	6476.32
12571	0.55866	51628.9	12907.2
12572	0.59246	54751.9	7821.7
12573	0.30245	27951	9317.01
12574	0.61226	56582.3	8083.19
12575	0.42988	39727.3	7945.46
12576	0.48966	45251.6	6464.51
12577	0.26602	24584	4097.33
12578	0.21410	19785.9	4946.47
12579	0.28984	26785.9	4464.31
12580	0.36808	34016	6803.21
12581	0.38337	35428.8	7085.75
12582	0.37928	35050.8	7010.15
12583	0.28658	26484.4	5296.88
12584	0.30978	28628.4	5725.67
12585	0.69955	64648.4	9235.48
12586	0.53477	49421.1	9884.23
12587	0.92207	85212.6	28404.2
12588	0.53930	49839.2	8306.54
12589	0.86222	79681.6	19920.4
12590	0.06681	6174.54	6174.54
12591	0.40960	37853	7570.59
12592	0.62099	57388.8	8198.4
12593	0.25428	23498.8	5874.71
12594	0.58040	53638	6704.75
12595	0.45926	42442.5	5305.31
12596	0.32026	29596.8	7399.19
12597	0.43866	40539	6756.49
12598	0.80664	74546	14909.2
12599	0.43532	40230.1	6705.02
12600	0.39281	36301.3	9075.33
