#IID	F_ROH	ROH_length_kB	KBAVG
4551	0.50780	46946.2	9389.25
4552	0.54170	50080.6	12520.1
4553	0.36385	33637.9	8409.47
4554	0.39477	36496.3	6082.72
4555	0.35984	33267.3	8316.82
4556	0.47171	43609.9	7268.32
4557	0.48743	45063	9012.59
4558	0.58958	54507.4	13626.9
4559	0.26306	24320.5	6080.12
4560	0.62734	57998.4	11599.7
4561	0.45261	41843.7	6973.94
4562	0.38964	36022.7	7204.53
4563	0.44951	41557.8	5936.83
4564	0.37694	34848.3	11616.1
4565	0.55870	51652.3	12913.1
4566	0.66683	61648.7	12329.7
4567	0.30335	28044.7	7011.17
4568	0.50215	46424.1	23212.1
4569	0.48172	44535.1	11133.8
4570	0.49805	46045.1	5116.12
4571	0.43286	40018	8003.6
4572	0.77477	71627.8	14325.6
4573	0.47150	43590.8	10897.7
4574	0.57598	53249.5	13312.4
4575	0.64072	59234.6	9872.43
4576	0.56474	52210.7	10442.1
4577	0.37733	34884.7	6976.94
4578	0.45448	42016.5	8403.29
4579	0.38209	35324.3	5887.38
4580	0.48963	45267	15089
4581	0.29758	27511.3	6877.82
4582	0.63775	58960.4	9826.73
4583	0.45134	41726.9	8345.37
4584	0.39370	36397.8	9099.45
4585	0.36966	34175.4	8543.85
4586	0.68743	63552.9	21184.3
4587	0.69675	64414.5	10735.7
4588	0.45721	42268.9	10567.2
4589	0.43682	40384	5769.15
4590	0.64263	59411.1	19803.7
4591	0.47040	43489	10872.3
4592	0.51068	47212.5	6744.65
4593	0.48983	45285.1	5660.64
4594	0.41850	38691	12897
4595	0.40927	37837.1	9459.27
4596	0.42095	38917.2	9729.31
4597	0.42008	38836.6	19418.3
4598	0.30607	28296.1	14148.1
4599	0.54455	50343.6	8390.6
4600	0.48920	45226.5	15075.5
