#IID	F_ROH	ROH_length_kB	KBAVG
6551	0.21921	20243.3	6747.76
6552	0.47116	43509.1	14503
6553	0.27297	25207.8	6301.95
6554	0.47702	44050.5	6292.92
6555	0.57647	53234	8872.33
6556	0.23964	22129.2	5532.29
6557	0.26823	24769.9	8256.64
6558	0.68341	63109.2	12621.8
6559	0.57648	53234.9	10647
6560	0.18963	17511	5836.99
6561	0.16871	15579.7	3894.92
6562	0.25293	23357.1	11678.6
6563	0.28797	26592.8	5318.57
6564	0.45275	41809.3	8361.85
6565	0.37497	34626.9	8656.73
6566	0.31123	28740.3	4790.05
6567	0.44959	41517.5	6919.58
6568	0.14975	13828.5	6914.24
6569	0.45311	41842.5	10460.6
6570	0.25814	23838.2	5959.54
6571	0.35232	32535.2	6507.04
6572	0.17969	16593.4	4148.35
6573	0.31315	28917.6	7229.41
6574	0.26945	24882.2	4976.44
6575	0.23639	21829.4	4365.89
6576	0.24008	22170.3	5542.58
6577	0.15664	14465.2	4821.72
6578	0.25644	23681.3	4736.26
6579	0.24386	22519	5629.75
6580	0.17697	16342.4	5447.48
6581	0.28399	26224.7	5244.94
6582	0.28325	26156.8	5231.36
6583	0.05817	5371.7	5371.7
6584	0.28645	26452.1	6613.02
6585	0.46814	43230	6175.71
6586	0.76876	70991.1	23663.7
6587	0.31972	29524.4	7381.09
6588	0.50398	46539.6	9307.92
6589	0.50020	46190.6	7698.44
6590	0.36988	34156.6	4269.58
6591	0.16774	15489.5	7744.76
6592	0.39376	36362.1	7272.41
6593	0.24559	22679.3	7559.78
6594	0.44248	40860.5	5107.57
6595	0.48373	44669.6	6381.38
6596	0.48555	44838.1	14946
6597	0.11303	10437.9	10437.9
6598	0.28991	26771.5	6692.87
6599	0.48052	44373.2	14791.1
6600	0.41854	38649.8	9662.45
