#IID	F_ROH	ROH_length_kB	KBAVG
2551	0.52779	48789.4	6969.92
2552	0.38192	35305.2	8826.31
2553	0.31523	29140.2	7285.06
2554	0.41633	38485.9	7697.18
2555	0.44757	41374.3	5910.61
2556	0.46853	43311.9	7218.65
2557	0.47400	43817.4	14605.8
2558	0.28875	26692.2	4448.7
2559	0.50148	46357.9	6622.55
2560	0.28983	26792.8	5358.56
2561	0.81514	75352.7	25117.6
2562	0.44101	40768.1	10192
2563	0.40208	37168.7	5309.82
2564	0.67908	62775.2	8967.89
2565	0.19697	18208.4	4552.1
2566	0.38241	35350.4	5050.05
2567	0.45071	41663.9	10416
2568	0.38588	35671.2	5095.89
2569	0.46807	43269	5408.63
2570	0.30182	27901.1	9300.37
2571	0.28679	26511.7	5302.34
2572	0.57684	53323.6	10664.7
2573	0.35075	32423.7	5403.95
2574	0.56449	52182.2	8697.04
2575	0.30920	28582.7	5716.54
2576	0.38847	35911.2	8977.81
2577	0.27983	25867.6	5173.52
2578	0.31391	29018	5803.6
2579	0.34818	32186.6	6437.33
2580	0.68676	63485.3	15871.3
2581	0.13083	12094.5	6047.23
2582	0.74905	69243.1	23081
2583	0.35610	32918.7	8229.67
2584	0.65939	60955	12191
2585	0.44776	41391.4	5913.06
2586	0.29376	27155.3	6788.83
2587	0.22406	20712.1	5178.03
2588	0.46464	42952.3	8590.45
2589	0.45328	41901.9	10475.5
2590	0.43704	40400.6	6733.44
2591	0.34555	31942.9	6388.57
2592	0.42356	39155	6525.83
2593	0.63316	58530	29265
2594	0.28654	26488.1	5297.62
2595	0.28102	25978.4	5195.67
2596	0.54073	49986.1	9997.22
2597	0.46068	42585.9	10646.5
2598	0.43558	40265.9	5752.27
2599	0.45947	42474.6	14158.2
2600	0.38661	35738.7	5956.46
