#IID	F_ROH	ROH_length_kB	KBAVG
4551	0.37262	34440.2	5740.04
4552	0.28708	26533.3	6633.33
4553	0.52994	48980.4	9796.09
4554	0.53772	49699.4	8283.23
4555	0.66738	61683.1	10280.5
4556	0.58364	53943.5	13485.9
4557	0.72755	67244.3	8405.54
4558	0.68992	63767	9109.57
4559	0.29694	27445.2	6861.3
4560	0.43008	39750.8	5678.69
4561	0.61524	56864.3	9477.38
4562	0.49641	45881.5	6554.5
4563	0.42311	39106.9	6517.82
4564	0.22746	21023.3	7007.76
4565	0.39386	36403.2	6067.21
4566	0.52039	48097.5	6871.08
4567	0.49754	45986.1	7664.35
4568	0.56737	52439.7	6554.97
4569	0.38893	35947	5135.29
4570	0.50828	46978.5	7829.74
4571	0.52196	48243.1	9648.62
4572	0.55751	51528.2	5152.82
4573	0.46203	42703.6	8540.72
4574	0.49818	46045.3	7674.22
4575	0.45273	41844.2	6974.04
4576	0.73599	68024.8	11337.5
4577	0.43950	40621.4	8124.28
4578	0.39614	36613.4	9153.35
4579	0.69411	64154.2	12830.8
4580	0.40658	37578.9	4697.37
4581	0.26613	24597.2	6149.29
4582	0.54690	50547.8	7221.12
4583	0.56336	52069.2	26034.6
4584	0.74761	69098.6	13819.7
4585	0.34871	32230.3	6446.06
4586	0.31437	29055.6	4842.59
4587	0.46233	42731.2	8546.25
4588	0.32440	29982.9	5996.59
4589	0.54587	50452.8	7207.54
4590	0.33563	31021.2	5170.19
4591	0.61735	57059.8	9509.96
4592	0.38186	35294	5882.33
4593	0.42341	39134.6	5590.66
4594	0.53232	49200.1	8200.02
4595	0.18438	17041.5	5680.48
4596	0.47109	43541.4	7256.9
4597	0.29942	27674.1	5534.82
4598	0.41929	38753.8	4844.22
4599	0.29690	27441.2	5488.24
4600	0.39645	36642.8	7328.56
