#IID	F_ROH	ROH_length_kB	KBAVG
2551	0.29483	27246.6	5449.31
2552	0.46225	42718.8	7119.81
2553	0.67543	62420.2	20806.7
2554	0.49845	46064.5	6580.65
2555	0.24249	22410.1	5602.53
2556	0.44671	41282.8	8256.56
2557	0.44300	40940.1	13646.7
2558	0.79743	73694.4	24564.8
2559	0.40935	37829.9	6304.99
2560	0.24573	22709.1	5677.28
2561	0.55109	50928.7	12732.2
2562	0.49634	45868.9	7644.81
2563	0.40250	37196.9	5313.85
2564	0.38901	35950.4	8987.61
2565	0.38683	35748.8	7149.75
2566	0.20644	19078.6	4769.66
2567	0.31726	29319.5	5863.91
2568	0.38961	36005.6	5143.65
2569	0.69242	63990	7998.75
2570	0.24315	22470.9	7490.29
2571	0.37378	34543.3	4934.76
2572	0.60986	56360.5	7045.07
2573	0.64698	59790.5	5435.5
2574	0.38998	36040.4	6006.74
2575	0.17157	15855.7	5285.24
2576	0.43045	39779.7	9944.93
2577	0.33290	30765.4	5127.56
2578	0.63696	58864.4	7358.05
2579	0.30678	28350.9	7087.72
2580	0.32369	29913.4	7478.35
2581	0.32553	30083.6	6016.72
2582	0.38347	35438.4	7087.68
2583	0.36017	33284.9	6656.98
2584	0.68706	63494.3	10582.4
2585	0.44682	41293	13764.3
2586	0.40049	37011.1	6168.51
2587	0.63167	58376.2	9729.37
2588	0.30837	28497.6	9499.21
2589	0.31498	29108.5	5821.69
2590	0.42234	39030.3	7806.06
2591	0.29939	27668.6	9222.87
2592	0.58881	54414.6	7773.51
2593	0.24385	22535.8	4507.15
2594	0.34111	31523.9	7880.98
2595	0.55471	51263.7	7323.39
2596	0.48559	44876	8975.2
2597	0.38333	35425.5	5904.26
2598	0.37316	34485.9	4926.56
2599	0.44847	41445.6	5920.8
2600	0.57303	52956.5	10591.3
