#IID	F_ROH	ROH_length_kB	KBAVG
6551	0.37883	35031.5	7006.3
6552	0.34797	32177.4	16088.7
6553	0.10590	9793.15	4896.57
6554	0.42536	39334.4	6555.73
6555	0.60782	56206.7	28103.4
6556	0.35520	32846.2	10948.7
6557	0.23522	21751.2	5437.81
6558	0.38672	35761.5	5960.24
6559	0.16974	15696.4	5232.14
6560	0.14240	13167.8	4389.26
6561	0.31976	29569.2	7392.31
6562	0.34077	31511.8	6302.36
6563	0.26203	24230.8	4846.15
6564	0.61613	56975	18991.7
6565	0.27425	25360.6	8453.52
6566	0.23645	21865.1	7288.38
6567	0.38875	35948.7	7189.74
6568	0.23853	22057.8	7352.62
6569	0.29308	27101.5	5420.3
6570	0.26478	24484.5	8161.5
6571	0.15617	14441.8	4813.92
6572	0.46238	42757.4	7126.24
6573	0.35487	32816.2	8204.05
6574	0.23720	21934.9	5483.72
6575	0.41292	38184	6363.99
6576	0.22300	20621.2	5155.31
6577	0.36740	33974.1	5662.35
6578	0.47746	44151.7	7358.62
6579	0.43728	40436.1	5776.58
6580	0.29410	27196.3	6799.08
6581	0.38209	35332.8	7066.55
6582	0.46763	43242.6	7207.11
6583	0.19613	18136.8	6045.6
6584	0.45621	42187.1	14062.4
6585	0.42736	39519.2	9879.81
6586	0.50438	46641.2	6663.03
6587	0.32830	30358.6	7589.64
6588	0.46915	43383.5	10845.9
6589	0.26453	24461.7	4892.34
6590	0.13831	12789.6	4263.19
6591	0.32293	29862.6	5972.52
6592	0.20868	19297.2	9648.6
6593	0.29498	27277.9	6819.47
6594	0.63841	59035.8	11807.2
6595	0.22293	20615.2	5153.81
6596	0.14085	13024.7	6512.35
6597	0.21995	20339.8	6779.95
6598	0.42610	39402.8	7880.57
6599	0.19812	18320.3	4580.07
6600	0.51777	47880	15960
