#IID	F_ROH	ROH_length_kB	KBAVG
6551	0.60082	55548	6943.49
6552	0.40657	37588.3	7517.67
6553	0.27043	25002.5	6250.63
6554	0.48116	44484.7	6354.95
6555	0.27017	24978.4	6244.6
6556	0.38641	35724.7	5103.52
6557	0.50496	46685.2	7780.87
6558	0.56956	52658.1	7522.59
6559	0.20604	19048.8	4762.21
6560	0.61559	56913.5	11382.7
6561	0.45582	42142.3	6020.33
6562	0.48536	44873.3	8974.66
6563	0.38237	35351.5	7070.29
6564	0.22193	20518.4	10259.2
6565	0.29522	27293.8	6823.45
6566	0.39527	36543.6	6090.61
6567	0.36787	34011.2	5668.53
6568	0.48100	44470.2	14823.4
6569	0.42550	39338.6	5619.81
6570	0.33037	30543.6	5090.6
6571	0.30086	27815.3	5563.06
6572	0.43373	40099.6	5728.52
6573	0.48707	45031.3	9006.25
6574	0.37531	34698.3	6939.66
6575	0.63934	59109.2	14777.3
6576	0.49339	45615.3	7602.56
6577	0.46610	43092.4	8618.47
6578	0.38213	35329.3	11776.4
6579	0.52983	48984.9	12246.2
6580	0.27313	25252.1	8417.36
6581	0.48588	44921.3	7486.88
6582	0.27499	25423.6	6355.9
6583	0.53467	49431.9	6178.98
6584	0.39538	36553.7	6092.28
6585	0.60369	55813.4	9302.24
6586	0.47432	43852	14617.3
6587	0.48524	44862	14954
6588	0.26309	24323.9	6080.97
6589	0.31832	29429.6	4904.94
6590	0.28891	26710.6	5342.13
6591	0.65682	60724.8	10120.8
6592	0.30608	28297.9	4716.32
6593	0.42004	38834.2	5547.74
6594	0.50071	46292.7	11573.2
6595	0.21790	20145.5	5036.37
6596	0.44152	40819.5	8163.9
6597	0.63611	58810.4	14702.6
6598	0.45981	42511	8502.2
6599	0.82020	75830.2	75830.2
6600	0.51566	47674.2	5959.28
