#IID	F_ROH	ROH_length_kB	KBAVG
12551	0.81328	75167.3	37583.6
12552	0.51075	47205.6	11801.4
12553	0.30062	27784.4	6946.1
12554	0.35262	32590.9	8147.72
12555	0.66304	61281.4	8754.48
12556	0.62042	57341.9	9556.98
12557	0.65786	60802.6	15200.7
12558	0.39243	36270.3	6045.05
12559	0.42555	39330.8	9832.7
12560	0.63036	58260.9	14565.2
12561	0.54470	50343.5	10068.7
12562	0.56594	52307	7472.42
12563	0.52230	48273	8045.51
12564	0.41371	38236.6	5462.38
12565	0.33759	31201.6	5200.26
12566	0.47127	43557.1	8711.42
12567	0.51023	47157.3	7859.55
12568	0.44051	40713.9	8142.78
12569	0.46484	42963	7160.49
12570	0.37902	35030.6	11676.9
12571	0.42732	39494.4	6582.4
12572	0.37375	34544	5757.33
12573	0.45403	41963.8	5994.83
12574	0.49718	45951.8	9190.35
12575	0.24747	22872.2	7624.07
12576	0.33989	31414.5	6282.89
12577	0.41408	38270.9	6378.49
12578	0.58652	54209	10841.8
12579	0.22249	20563.9	5140.98
12580	0.38369	35462.4	8865.61
12581	0.55741	51518.4	7359.77
12582	0.71841	66399	13279.8
12583	0.41936	38759.4	9689.84
12584	0.36093	33359.1	6671.83
12585	0.51834	47907	9581.39
12586	0.18771	17348.6	4337.15
12587	0.26878	24841.4	6210.35
12588	0.49369	45629.1	7604.85
12589	0.37615	34765.1	5794.18
12590	0.30840	28503.4	9501.13
12591	0.42766	39525.9	7905.19
12592	0.42230	39031.2	7806.24
12593	0.31238	28871.6	7217.89
12594	0.41911	38735.9	9683.97
12595	0.36410	33651.8	8412.96
12596	0.39157	36191.1	6031.84
12597	0.30257	27964.7	6991.17
12598	0.45387	41948.8	5992.69
12599	0.51122	47249.1	7874.86
12600	0.39639	36636.6	9159.15
