#IID	F_ROH	ROH_length_kB	KBAVG
8551	0.38598	35661.6	5943.6
8552	0.60278	55692.9	13923.2
8553	0.35906	33174.5	6634.9
8554	0.30707	28371.5	5674.3
8555	0.33617	31059.4	6211.88
8556	0.37127	34303.1	6860.62
8557	0.39917	36880.6	4610.08
8558	0.23636	21838.2	5459.54
8559	0.51874	47928	11982
8560	0.34012	31424.6	6284.92
8561	0.34370	31755.2	6351.04
8562	0.26029	24048.7	4809.74
8563	0.27127	25063	5012.59
8564	0.25702	23746.4	5936.6
8565	0.32606	30125.4	6025.08
8566	0.43624	40305.8	5038.22
8567	0.32974	30465.9	6093.19
8568	0.29843	27572.7	3938.96
8569	0.34742	32098.9	6419.77
8570	0.39330	36338.1	5191.15
8571	0.42421	39193.6	9798.4
8572	0.56286	52004.7	17334.9
8573	0.42191	38981.1	6496.85
8574	0.20291	18747.7	6249.23
8575	0.30561	28236.3	9412.1
8576	0.25625	23675.9	4735.19
8577	0.26806	24766.7	8255.56
8578	0.35263	32580.1	5430.02
8579	0.33609	31052.5	7763.12
8580	0.33772	31203.3	6240.66
8581	0.37641	34777.7	5796.28
8582	0.42329	39108.9	7821.78
8583	0.55967	51709.9	8618.32
8584	1.00000	92392.9	92392.9
8585	0.46078	42572.6	8514.52
8586	0.34946	32287.7	10762.6
8587	0.25283	23359.9	4671.97
8588	0.37360	34518	6903.6
8589	0.43322	40026.3	6671.05
8590	0.21620	19975.2	4993.8
8591	0.41099	37973	5424.72
8592	0.41005	37885.5	7577.11
8593	0.35081	32412	5402
8594	0.37338	34497.9	8624.47
8595	0.16404	15155.8	5051.92
8596	0.49288	45538.6	7589.77
8597	0.22859	21119.9	10559.9
8598	0.56695	52382.4	7483.2
8599	0.30469	28150.8	9383.59
8600	0.48432	44747.7	11186.9
