#IID	F_ROH	ROH_length_kB	KBAVG
6551	0.38905	35950.6	5135.79
6552	0.59115	54626.1	13656.5
6553	0.43658	40342.8	10085.7
6554	0.31898	29475.7	4912.62
6555	0.49086	45358.7	11339.7
6556	0.38673	35736.9	11912.3
6557	0.47357	43761.1	8752.21
6558	0.52629	48633.2	6947.6
6559	0.36050	33313.1	5552.19
6560	0.21855	20195.8	6731.93
6561	0.29750	27491.2	4581.87
6562	0.52638	48641.3	6948.76
6563	0.44418	41045.6	6840.94
6564	0.48742	45040.8	11260.2
6565	0.32754	30267	5044.5
6566	0.38680	35743.1	8935.77
6567	0.31962	29535.1	4922.52
6568	0.41967	38780.5	9695.12
6569	0.58378	53945.3	7706.47
6570	0.56565	52270.3	8711.71
6571	0.19992	18474.4	6158.12
6572	0.76820	70987	10141
6573	0.40752	37657.9	7531.59
6574	0.38413	35496.2	5916.04
6575	1.00000	92407	92407
6576	0.28606	26434	5286.8
6577	0.35351	32666.9	6533.39
6578	0.49176	45441.7	7573.62
6579	0.32899	30400.6	7600.14
6580	0.29795	27532.9	6883.23
6581	0.29425	27191.2	5438.24
6582	0.35503	32807.7	10935.9
6583	0.57078	52744.1	7534.87
6584	1.00000	92407	92407
6585	0.37599	34744.1	8686.02
6586	0.44268	40906.7	10226.7
6587	0.58665	54210.9	9035.15
6588	0.18810	17381.5	8690.73
6589	0.30474	28159.8	7039.96
6590	0.35591	32888.2	8222.05
6591	0.42455	39231.2	7846.24
6592	0.41169	38042.9	7608.58
6593	0.38668	35732.3	4466.54
6594	0.57443	53081.6	8846.93
6595	0.49417	45665.2	6523.59
6596	0.30588	28265.6	14132.8
6597	0.59529	55009.2	9168.21
6598	0.26351	24350.4	8116.81
6599	0.34353	31744.9	5290.81
6600	0.29817	27553.1	3936.16
