#IID	F_ROH	ROH_length_kB	KBAVG
4551	0.54568	50423.3	12605.8
4552	0.39457	36460	9115
4553	0.48443	44764.2	8952.83
4554	0.46486	42955.7	7159.28
4555	0.52877	48861.1	9772.22
4556	0.15037	13895.2	13895.2
4557	0.41714	38545.6	6424.27
4558	0.35726	33012.6	5502.09
4559	0.38297	35388.4	11796.1
4560	0.50727	46874.7	7812.46
4561	0.32330	29874.8	7468.71
4562	0.50682	46832.8	11708.2
4563	0.52375	48396.8	16132.3
4564	0.38231	35327.4	7065.47
4565	0.86185	79638.9	15927.8
4566	0.39110	36140	9035.01
4567	0.51788	47854.7	23927.3
4568	0.46167	42660.5	8532.1
4569	0.44400	41028.2	8205.64
4570	0.80158	74069.8	18517.5
4571	0.43189	39908.4	13302.8
4572	0.45098	41672.9	8334.58
4573	0.36499	33726.9	6745.39
4574	0.72101	66625.2	66625.2
4575	0.37030	34217.2	6843.43
4576	0.59549	55026.5	11005.3
4577	0.34397	31784.9	7946.22
4578	0.43811	40483.7	8096.75
4579	0.47493	43886.3	14628.8
4580	0.61709	57022.6	9503.77
4581	0.34684	32049.6	6409.92
4582	0.49652	45880.5	7646.75
4583	0.28002	25875.5	6468.86
4584	0.23149	21390.5	7130.16
4585	0.25851	23887.2	11943.6
4586	0.29848	27581.2	6895.3
4587	0.27130	25069.2	6267.29
4588	0.45405	41956.4	20978.2
4589	0.47885	44247.8	8849.56
4590	0.29866	27598	6899.49
4591	0.90137	83291	41645.5
4592	0.29589	27341.8	6835.46
4593	0.64585	59679.7	19893.2
4594	0.38761	35817	11939
4595	0.42574	39340.8	13113.6
4596	0.34756	32116.1	10705.4
4597	0.37594	34738.6	6947.72
4598	0.43481	40178.9	8035.77
4599	0.39207	36228.9	9057.23
4600	0.39344	36355.6	7271.13
