#IID	F_ROH	ROH_length_kB	KBAVG
2551	0.52771	48740.4	6962.91
2552	0.31147	28767.6	7191.9
2553	0.32201	29741.1	5948.22
2554	0.53037	48985.8	16328.6
2555	0.60068	55480.1	7925.72
2556	0.16132	14899.6	4966.52
2557	0.42631	39375.2	7875.05
2558	0.21889	20217.2	6739.06
2559	0.32618	30127	5021.17
2560	0.24080	22241.2	7413.73
2561	0.53813	49703	12425.7
2562	0.31520	29112.3	4852.06
2563	0.22930	21178.9	5294.72
2564	0.41649	38467.6	6411.26
2565	0.36565	33772.1	6754.42
2566	0.34493	31858.9	7964.72
2567	0.39380	36372.6	9093.15
2568	0.35018	32343.2	6468.64
2569	0.32679	30182.8	5030.47
2570	0.41133	37991.2	18995.6
2571	0.31249	28862.3	7215.57
2572	0.30551	28217.5	5643.5
2573	0.27602	25493.6	6373.39
2574	0.39235	36238.4	7247.67
2575	0.44042	40678	6779.66
2576	0.43978	40618.9	5077.36
2577	0.46973	43385.3	7230.88
2578	0.36125	33365.4	4766.48
2579	0.52161	48176.9	8029.48
2580	0.29266	27030.9	6757.74
2581	0.29822	27544.2	6886.05
2582	0.21277	19651.6	4912.9
2583	0.56164	51874.6	6484.33
2584	0.22823	21079.6	5269.91
2585	0.59116	54601.2	13650.3
2586	0.37515	34650	11550
2587	0.36039	33286.6	8321.65
2588	0.39090	36104.7	6017.45
2589	0.41948	38743.6	7748.71
2590	0.25284	23352.8	7784.26
2591	0.37402	34545.4	6909.07
2592	0.32992	30472.1	6094.41
2593	0.52399	48397.2	12099.3
2594	0.40175	37106.8	7421.36
2595	0.35590	32872	8218
2596	0.33247	30707.6	6141.52
2597	0.34134	31526.8	7881.69
2598	0.48391	44695.2	6385.03
2599	0.33717	31141.7	5190.28
2600	0.38755	35794.6	5965.76
