#IID	F_ROH	ROH_length_kB	KBAVG
10551	0.33289	30771.1	7692.78
10552	0.38163	35276.4	8819.1
10553	0.40576	37506.1	6251.02
10554	0.36440	33683.4	8420.86
10555	0.40403	37346.3	6224.39
10556	0.26910	24874.2	4145.71
10557	0.47864	44243.4	8848.69
10558	0.31775	29371	9790.32
10559	0.37630	34783.1	5797.18
10560	0.32965	30471.2	6094.23
10561	0.29235	27023.4	9007.82
10562	0.42401	39193.8	5599.12
10563	0.37271	34451.7	4921.67
10564	0.31365	28992.4	5798.48
10565	0.24121	22296.7	7432.22
10566	0.31375	29001.7	7250.42
10567	0.25218	23310.6	5827.65
10568	0.39654	36653.8	9163.45
10569	0.24655	22790	7596.66
10570	0.36143	33408.9	11136.3
10571	0.32219	29782	5956.39
10572	0.50220	46421.4	9284.27
10573	0.45290	41863.7	6977.28
10574	0.38368	35465.5	7093.1
10575	0.18540	17137.4	5712.48
10576	0.45054	41645.7	6940.95
10577	0.34755	32125.4	6425.08
10578	0.26645	24629.5	6157.37
10579	0.18800	17378.1	5792.71
10580	0.32726	30250.8	7562.71
10581	0.16966	15682.9	5227.62
10582	0.59820	55295.1	11059
10583	0.24752	22879.8	7626.59
10584	0.32476	30018.9	6003.78
10585	0.31634	29241.1	5848.21
10586	0.23529	21749.2	4349.85
10587	0.32866	30379.6	4339.94
10588	0.48704	45019.2	7503.21
10589	0.51628	47722.2	9544.44
10590	0.30711	28387.5	5677.5
10591	0.26629	24615	6153.74
10592	0.33432	30902.7	6180.54
10593	0.28827	26646.6	5329.33
10594	0.32595	30128.8	6025.76
10595	0.47678	44071.5	8814.31
10596	0.28656	26488.2	4414.7
10597	0.16846	15572	5190.66
10598	0.18124	16753	5584.34
10599	0.26438	24437.6	4072.94
10600	0.35794	33086	8271.51
