#IID	F_ROH	ROH_length_kB	KBAVG
36551	0.51620	47685.1	7947.51
36552	0.22671	20942.9	5235.73
36553	0.05845	5399.24	5399.24
36554	0.20111	18578.3	4644.56
36555	0.12818	11841	3947
36556	0.23410	21625.6	7208.54
36557	0.30146	27847.6	4641.27
36558	0.22120	20433.6	4086.72
36559	0.78789	72782.5	18195.6
36560	0.34318	31701.8	7925.45
36561	0.28543	26367.1	6591.77
36562	0.20728	19147.8	4786.96
36563	0.26511	24490.1	6122.52
36564	0.29930	27648.1	6912.02
36565	0.28889	26686.5	6671.63
36566	0.18558	17143.4	8571.7
36567	0.49728	45936.8	7656.13
36568	0.04624	4271.09	4271.09
36569	0.23236	21464.9	4292.97
36570	0.25036	23127.5	5781.87
36571	0.56547	52236.2	13059.1
36572	0.29464	27217.5	9072.49
36573	0.31241	28859.7	7214.92
36574	0.47403	43789.9	10947.5
36575	0.14144	13065.8	4355.26
36576	0.38670	35722	4465.24
36577	0.57318	52948.2	13237
36578	0.26671	24637.7	6159.43
36579	0.51377	47460.4	15820.1
36580	0.17011	15714.4	7857.18
36581	0.37989	35093.5	7018.7
36582	0.24885	22987.8	7662.61
36583	0.20272	18726.8	4681.71
36584	0.13373	12354	4118
36585	0.38335	35412.9	5902.16
36586	0.47894	44242.7	8848.54
36587	0.20254	18710.1	6236.71
36588	0.39181	36194.3	6032.38
36589	0.38252	35335.6	11778.5
36590	0.45301	41847.7	13949.2
36591	0.36346	33575.2	5595.87
36592	0.38543	35605.1	8901.28
36593	0.42412	39178.5	19589.2
36594	0.34616	31977.4	7994.36
36595	0.29813	27539.9	5507.98
36596	0.20365	18812.6	6270.85
36597	0.59543	55004	18334.7
36598	0.21969	20294	6764.65
36599	0.59122	54614.7	10922.9
36600	0.27556	25455.3	8485.09
