#IID	F_ROH	ROH_length_kB	KBAVG
14551	0.45096	41657	5207.13
14552	0.79792	73707.7	36853.9
14553	0.45019	41586.3	8317.26
14554	0.54911	50724.2	10144.8
14555	0.23530	21736	7245.32
14556	0.38592	35649.3	7129.86
14557	0.24413	22551.7	4510.34
14558	0.13586	12549.7	4183.25
14559	0.14742	13618	4539.32
14560	0.38160	35250.4	5875.07
14561	0.21661	20009	5002.26
14562	0.48063	44398.1	7399.69
14563	0.28496	26323.4	6580.85
14564	0.19531	18041.5	6013.84
14565	0.26688	24653.4	6163.35
14566	0.23740	21930	7310
14567	0.33504	30948.9	7737.23
14568	0.33459	30907.5	6181.49
14569	0.52743	48721.3	12180.3
14570	0.25250	23324.9	5831.22
14571	0.44636	41232.8	6872.13
14572	0.39454	36445.8	9111.44
14573	0.33522	30965.7	5160.96
14574	0.34658	32015.2	6403.03
14575	0.31730	29310.6	5862.12
14576	0.32982	30467.2	7616.8
14577	0.24219	22371.9	7457.31
14578	0.69730	64412.8	32206.4
14579	0.21581	19935.4	6645.13
14580	0.30066	27773.6	5554.72
14581	0.32457	29982.4	7495.59
14582	0.13729	12681.7	4227.23
14583	0.38464	35530.6	5921.77
14584	0.40254	37184.9	7436.98
14585	0.46882	43307.1	6186.72
14586	0.39234	36242.4	7248.47
14587	0.42821	39555.9	9888.97
14588	0.41275	38127.4	9531.86
14589	0.39339	36339.6	12113.2
14590	0.29345	27107.6	6776.91
14591	0.24883	22986	4597.21
14592	0.30044	27753.1	5550.61
14593	0.66979	61871.6	20623.9
14594	0.18100	16720	8360
14595	0.09357	8643.63	4321.81
14596	0.41690	38510.9	9627.74
14597	0.13143	12140.7	4046.91
14598	0.34078	31479.3	6295.86
14599	0.46583	43030.6	7171.77
14600	0.17978	16607.1	5535.71
