#IID	F_ROH	ROH_length_kB	KBAVG
10551	0.34095	31526.2	5254.36
10552	0.31067	28726.3	4103.76
10553	0.28768	26600.6	6650.15
10554	0.24881	23006.5	5751.63
10555	0.29436	27218.4	5443.69
10556	0.60574	56010	18670
10557	0.30088	27820.9	5564.19
10558	0.66739	61709.9	10285
10559	0.26694	24682.4	8227.48
10560	0.20594	19042.2	6347.4
10561	0.41454	38330.3	9582.59
10562	0.36761	33991.2	8497.79
10563	0.57581	53242.7	8873.78
10564	0.40305	37268	6211.33
10565	0.37256	34449	11483
10566	0.27022	24985.7	12492.9
10567	0.37046	34254.9	6850.99
10568	0.14967	13838.8	6919.41
10569	0.43694	40401.5	13467.2
10570	0.37965	35104.4	5850.74
10571	0.16138	14921.7	4973.89
10572	0.42204	39023.7	7804.74
10573	0.32778	30308.2	7577.05
10574	0.43191	39936.7	7987.34
10575	0.41522	38393	7678.61
10576	0.26374	24386.9	4877.38
10577	0.31045	28705.4	9568.47
10578	0.36440	33694.6	6738.91
10579	0.19245	17794.9	5931.62
10580	0.55064	50914.9	12728.7
10581	0.35825	33126	8281.5
10582	0.31514	29139.6	9713.21
10583	0.45640	42201.2	8440.24
10584	0.35283	32624.1	6524.81
10585	0.33108	30613.7	10204.6
10586	0.23444	21677.3	5419.33
10587	0.20455	18913.6	6304.52
10588	0.50229	46444.2	9288.83
10589	0.32438	29993.5	4998.92
10590	0.30673	28361.9	7090.48
10591	0.45947	42484.7	5310.59
10592	0.20700	19140.4	9570.2
10593	0.23681	21896.7	7298.9
10594	0.12375	11442.8	11442.8
10595	0.55274	51109.1	12777.3
10596	0.17951	16598	5532.65
10597	0.35378	32712	5452.01
10598	0.04716	4360.71	4360.71
10599	0.35026	32386.4	6477.28
10600	0.50807	46978.9	11744.7
