#IID	F_ROH	ROH_length_kB	KBAVG
8551	0.54177	50069.8	10014
8552	0.34192	31599.3	6319.86
8553	0.45392	41950.9	6991.82
8554	0.38144	35251.6	8812.91
8555	0.60588	55994.5	11198.9
8556	0.37862	34991.5	4998.79
8557	0.55769	51540.4	17180.1
8558	0.30397	28092	5618.39
8559	0.36288	33537.2	6707.45
8560	0.47669	44054.9	6293.56
8561	0.34554	31934.3	10644.8
8562	0.53061	49037.7	8172.95
8563	0.42431	39214.1	7842.82
8564	0.39563	36563.1	5223.3
8565	0.92719	85689.1	14281.5
8566	0.31730	29324	5864.79
8567	0.64805	59891.8	8555.97
8568	0.49582	45823.1	6546.15
8569	0.54992	50822.6	10164.5
8570	0.67610	62483.8	15620.9
8571	0.43039	39776.3	6629.39
8572	0.29722	27469	5493.81
8573	0.56287	52019.8	10404
8574	0.25624	23681	4736.2
8575	0.44874	41471.6	8294.33
8576	0.33434	30898.9	6179.79
8577	0.34237	31641.5	5273.59
8578	0.67559	62436.5	15609.1
8579	0.54952	50786.1	6348.26
8580	0.37595	34745	6949
8581	0.39708	36697.7	9174.42
8582	0.45003	41591.3	6931.89
8583	0.42730	39490.7	7898.14
8584	0.57093	52764.4	6595.55
8585	0.30455	28145.8	5629.17
8586	0.67384	62274.9	8896.41
8587	0.53740	49665.6	8277.59
8588	0.50276	46464.3	7744.05
8589	0.51488	47583.9	9516.78
8590	0.34670	32041.4	6408.27
8591	0.79237	73229.9	18307.5
8592	0.42747	39505.9	7901.17
8593	0.45918	42436.9	8487.38
8594	0.42626	39394.2	7878.84
8595	0.26567	24553.1	8184.36
8596	0.48546	44865.4	7477.56
8597	0.41093	37977.5	7595.49
8598	0.59114	54632	6829
8599	0.41567	38415.7	5487.96
8600	0.62090	57382.4	9563.73
