#IID	F_ROH	ROH_length_kB	KBAVG
10551	0.75825	70048.4	10006.9
10552	0.57705	53308.8	10661.8
10553	0.32687	30196.7	15098.4
10554	0.59864	55302.8	7900.4
10555	0.38763	35809.3	7161.86
10556	0.49221	45471	11367.8
10557	0.58232	53795.8	17931.9
10558	0.49125	45382.3	6483.19
10559	0.47145	43553.4	8710.68
10560	0.54346	50205.5	8367.58
10561	0.59051	54551.9	27276
10562	0.37878	34992.2	6998.44
10563	0.28868	26669	5333.81
10564	0.67188	62068.8	20689.6
10565	0.53955	49844.6	8307.43
10566	0.38024	35127	7025.4
10567	0.32227	29771.3	5954.25
10568	0.62959	58161.9	11632.4
10569	0.52903	48872.1	9774.42
10570	0.33749	31178	7794.51
10571	0.35603	32890.7	6578.14
10572	0.51586	47655.4	11913.9
10573	0.73391	67799.8	13560
10574	0.34412	31790.4	10596.8
10575	0.75654	69890.3	69890.3
10576	0.56514	52207.9	7458.27
10577	0.55651	51410.9	12852.7
10578	0.72116	66621.3	16655.3
10579	0.38991	36020.1	9005.02
10580	0.72477	66954.7	8369.34
10581	0.54318	50180	7168.57
10582	0.48428	44738.8	7456.47
10583	0.37201	34366.8	8591.69
10584	0.33834	31256.3	6251.25
10585	0.40192	37129.7	7425.94
10586	0.31096	28726.6	5745.31
10587	0.46861	43290.8	7215.13
10588	0.73185	67609.3	22536.4
10589	0.38607	35665.3	8916.32
10590	0.33743	31172.5	7793.13
10591	0.50892	47014.7	9402.94
10592	0.37834	34951.7	8737.93
10593	0.56578	52267.8	10453.6
10594	0.59762	55209	9201.5
10595	0.48122	44455.8	8891.16
10596	0.61544	56854.7	8122.1
10597	0.39575	36559.7	9139.92
10598	0.55077	50880.8	8480.13
10599	0.47629	43999.8	7333.31
10600	0.61902	57185.9	14296.5
