#IID	F_ROH	ROH_length_kB	KBAVG
2551	0.25849	23869.7	5967.43
2552	0.32492	30003.6	6000.72
2553	0.35120	32430.2	10810.1
2554	0.12377	11429.5	5714.73
2555	0.41612	38425.5	7685.1
2556	0.20615	19035.9	9517.94
2557	0.29833	27548.6	9182.87
2558	0.56976	52612.6	13153.2
2559	0.36454	33662	5610.33
2560	0.33268	30720.7	6144.15
2561	0.31387	28983	7245.75
2562	0.24436	22565	7521.67
2563	0.47249	43630.9	8726.18
2564	0.35276	32574.8	4653.54
2565	0.23717	21900.6	5475.15
2566	0.16981	15680.8	5226.94
2567	0.52897	48846.6	9769.31
2568	0.28986	26766.2	5353.24
2569	0.49129	45366.7	9073.33
2570	0.36554	33754.9	6750.97
2571	0.69594	64264.3	21421.4
2572	0.40522	37418.4	4677.3
2573	0.46900	43308.7	14436.2
2574	0.14187	13100.7	6550.36
2575	0.20968	19361.9	4840.48
2576	0.19263	17788.2	5929.39
2577	0.32326	29850.3	14925.2
2578	0.14239	13148.7	6574.36
2579	0.32131	29670.7	7417.67
2580	0.35502	32783.4	6556.69
2581	0.23313	21527.5	7175.83
2582	0.30257	27939.8	4656.63
2583	0.73007	67416.5	33708.2
2584	0.17654	16302.2	8151.11
2585	0.35721	32985.4	5497.57
2586	0.47239	43621.7	8724.34
2587	0.26590	24554	6138.49
2588	0.37401	34536.8	6907.35
2589	0.22098	20405.7	10202.9
2590	0.40395	37301.6	7460.32
2591	0.22998	21237	7079.01
2592	0.41101	37953.6	6325.59
2593	0.26795	24742.8	4948.56
2594	0.56908	52550.3	8758.38
2595	0.15074	13919.6	6959.79
2596	0.20519	18947.9	4736.98
2597	0.46083	42553.6	6079.08
2598	0.25137	23212	7737.34
2599	0.39525	36498	9124.51
2600	0.48169	44480	5560
