#IID	F_ROH	ROH_length_kB	KBAVG
2551	0.29292	27066.2	6766.56
2552	0.21593	19952.4	6650.81
2553	0.32205	29758	7439.49
2554	0.39074	36104.9	9026.22
2555	0.27597	25500.5	5100.09
2556	0.26652	24626.6	8208.87
2557	0.25240	23322.6	7774.19
2558	0.28782	26594.6	6648.66
2559	0.53103	49068.1	8178.01
2560	0.20054	18530.5	4632.64
2561	0.38516	35589.8	17794.9
2562	0.38940	35981.3	7196.27
2563	0.44886	41475.2	10368.8
2564	0.31783	29368.4	7342.09
2565	0.33963	31382.4	7845.6
2566	0.47630	44010.9	8802.18
2567	0.29671	27416	5483.21
2568	0.46840	43280.8	7213.47
2569	0.59582	55054.4	13763.6
2570	0.32121	29680.3	7420.07
2571	0.57787	53395.9	10679.2
2572	0.48899	45183.7	9036.73
2573	0.49240	45498.4	9099.68
2574	0.41473	38321.9	7664.38
2575	0.27883	25764.7	8588.24
2576	0.34815	32169.5	6433.91
2577	0.35676	32964.9	10988.3
2578	0.35297	32615.2	5435.86
2579	0.31715	29305.1	7326.28
2580	0.39425	36428.9	7285.77
2581	0.40878	37772.1	9443.03
2582	0.54643	50490.7	10098.1
2583	0.41969	38779.6	7755.92
2584	0.46319	42799.3	21399.6
2585	0.46998	43426.4	10856.6
2586	0.40692	37600.1	6266.69
2587	0.35817	33095.8	8273.95
2588	0.16476	15224.4	7612.19
2589	0.46411	42884.6	10721.1
2590	0.30007	27726.6	6931.64
2591	0.31021	28663.5	9554.49
2592	0.48033	44383	7397.16
2593	0.66340	61298.8	15324.7
2594	0.53355	49300.4	8216.73
2595	0.15429	14256.8	4752.26
2596	0.27899	25779.5	12889.8
2597	0.27886	25766.8	5153.36
2598	0.56653	52348.2	10469.6
2599	0.43429	40128.8	8025.76
2600	0.29700	27442.8	6860.7
