#IID	F_ROH	ROH_length_kB	KBAVG
2551	0.66405	61375.4	20458.5
2552	0.62698	57948.8	28974.4
2553	0.20681	19114.5	4778.64
2554	0.07894	7296	7296
2555	0.35687	32984.2	6596.85
2556	0.89714	82918.9	27639.6
2557	0.13691	12653.7	4217.89
2558	0.57386	53039.5	8839.92
2559	0.43364	40079	5725.57
2560	0.37302	34476.4	11492.1
2561	0.26357	24360.4	6090.09
2562	0.38516	35598.2	8899.54
2563	0.19235	17778.3	8889.13
2564	0.29585	27344.5	9114.85
2565	0.18622	17211.8	4302.96
2566	0.22437	20737.9	6912.65
2567	0.41344	38212.6	19106.3
2568	0.16192	14965.2	4988.41
2569	0.31916	29498.4	9832.8
2570	0.42475	39257.4	13085.8
2571	0.11026	10191	3397
2572	0.17437	16116	5371.99
2573	0.27061	25011.3	6252.81
2574	0.39096	36134.8	6022.47
2575	0.52878	48872.9	9774.58
2576	0.39367	36385.5	6064.26
2577	0.14025	12962.7	4320.89
2578	0.22154	20475.5	4095.09
2579	0.11126	10283	5141.49
2580	0.36119	33383.5	11127.8
2581	0.62414	57686.5	14421.6
2582	0.22055	20384.9	4076.99
2583	0.53166	49139.2	9827.85
2584	0.27865	25754.5	6438.62
2585	0.25323	23404.5	7801.49
2586	0.42616	39388.4	7877.68
2587	0.19203	17748.9	5916.28
2588	0.36716	33935.4	8483.85
2589	0.45010	41600.3	10400.1
2590	0.26514	24505.7	6126.41
2591	0.23407	21634.2	5408.56
2592	0.61417	56764.9	11353
2593	0.12936	11955.8	5977.89
2594	0.22863	21131	5282.74
2595	0.24862	22978.8	11489.4
2596	0.16535	15282.7	3820.67
2597	0.34168	31579.6	10526.5
2598	0.23584	21797.2	5449.3
2599	0.28821	26637.8	8879.28
2600	0.24018	22198.6	5549.64
