#IID	F_ROH	ROH_length_kB	KBAVG
4551	0.53161	49149.8	6143.72
4552	0.53027	49026.5	8171.08
4553	0.67479	62387.9	12477.6
4554	0.67325	62245.2	7780.65
4555	0.53694	49643.4	9928.68
4556	0.58289	53891.2	7698.74
4557	0.67230	62157.9	8879.7
4558	0.57284	52962.1	8827.02
4559	0.28702	26536.9	6634.23
4560	0.63605	58806.7	9801.12
4561	0.50159	46374.8	9274.95
4562	0.46683	43161.1	6165.87
4563	0.48884	45195.6	6456.51
4564	0.69947	64670.1	8083.77
4565	0.50143	46359.5	7726.59
4566	0.51742	47838	9567.59
4567	0.44165	40832.5	8166.5
4568	0.56243	52000.1	8666.68
4569	0.74294	68689.1	13737.8
4570	0.60166	55626.6	18542.2
4571	0.38287	35398.8	7079.76
4572	0.48253	44612.5	8922.49
4573	0.73075	67561.5	11260.2
4574	0.69108	63893.8	12778.8
4575	0.63962	59135.9	11827.2
4576	0.66663	61633.9	8804.85
4577	0.49294	45575.2	5063.92
4578	0.54555	50438.6	12609.7
4579	0.59436	54951.8	5495.18
4580	0.57005	52704.2	10540.8
4581	0.41130	38027.2	7605.43
4582	0.51299	47428.9	11857.2
4583	0.46398	42897.4	7149.56
4584	0.70673	65340.9	10890.1
4585	0.64534	59665.5	7458.18
4586	0.47939	44322	7387
4587	0.43955	40638.8	10159.7
4588	0.59289	54816.3	9136.05
4589	0.48917	45226.8	11306.7
4590	0.62685	57955.8	14489
4591	0.50460	46652.7	9330.54
4592	0.36955	34167	5694.5
4593	0.56095	51862.6	10372.5
4594	0.44119	40790.3	6798.38
4595	0.49303	45583.5	11395.9
4596	0.67317	62237.8	8891.12
4597	0.50503	46692.9	6670.41
4598	0.52556	48591.3	24295.7
4599	0.58041	53661.7	7665.96
4600	0.51079	47225.7	7870.95
