#IID	F_ROH	ROH_length_kB	KBAVG
4551	0.51842	47909.1	11977.3
4552	0.46098	42600.6	5325.07
4553	0.27398	25319.5	5063.9
4554	0.62631	57879.6	14469.9
4555	0.61374	56717.9	11343.6
4556	0.59523	55007.3	7858.18
4557	0.47842	44213	8842.6
4558	0.66784	61717.7	15429.4
4559	0.52073	48122.7	6874.67
4560	0.35915	33190.2	5531.69
4561	0.58062	53657.1	13414.3
4562	0.43215	39936.8	9984.2
4563	0.48033	44389.5	7398.26
4564	0.34456	31842.5	5307.09
4565	0.38654	35721.2	7144.25
4566	0.31144	28781.6	5756.32
4567	0.58017	53615.7	8935.95
4568	0.57768	53385.7	6673.21
4569	0.49530	45772.9	7628.81
4570	0.38155	35260.7	5037.24
4571	0.58608	54161.6	13540.4
4572	0.54967	50797.4	12699.4
4573	0.85471	78987	15797.4
4574	0.53345	49297.8	7042.54
4575	0.47119	43544.8	6220.68
4576	0.58102	53694.1	8949.01
4577	0.33761	31199.5	5199.92
4578	0.28890	26698.7	4449.79
4579	0.58434	54001	9000.17
4580	0.55106	50925.8	8487.63
4581	0.66838	61767.2	12353.4
4582	0.37436	34595.6	6919.12
4583	0.42383	39167.3	5595.33
4584	0.43432	40137.6	6689.6
4585	0.59490	54977.1	10995.4
4586	0.43802	40479.5	5782.79
4587	0.21643	20001.3	5000.31
4588	0.62792	58028.7	5802.87
4589	0.84477	78068.8	39034.4
4590	0.62111	57399.1	8199.88
4591	0.56765	52458.3	10491.7
4592	0.42888	39634.6	5662.09
4593	0.57774	53390.8	7627.26
4594	0.61024	56394.3	11278.9
4595	0.45714	42246.4	7041.06
4596	0.56280	52010.9	8668.48
4597	0.48341	44674	6382
4598	0.67951	62796.5	10466.1
4599	0.44553	41172.7	6862.11
4600	0.42456	39235	6539.17
