#IID	F_ROH	ROH_length_kB	KBAVG
8551	0.49186	45382.8	11345.7
8552	0.35998	33214.1	6642.81
8553	0.53578	49435.1	16478.4
8554	0.53086	48981	12245.3
8555	0.30929	28537.5	5707.5
8556	0.28432	26233	8744.33
8557	0.52438	48382.6	16127.5
8558	0.39188	36157.8	7231.55
8559	0.46761	43145.2	7190.87
8560	0.35493	32748.7	4678.39
8561	0.35143	32425.4	5404.24
8562	0.55430	51143.5	8523.92
8563	0.51835	47826.9	9565.38
8564	0.48594	44836	7472.67
8565	0.51964	47945.2	5993.15
8566	0.32730	30198.9	7549.72
8567	0.42592	39298	6549.67
8568	0.75336	69510.2	13902
8569	0.36957	34098.7	6819.74
8570	0.40858	37698.1	9424.54
8571	0.46823	43202.1	10800.5
8572	0.57550	53099.2	10619.8
8573	0.27047	24955.7	6238.92
8574	0.49974	46109.4	6587.06
8575	0.26554	24500.8	8166.94
8576	0.56143	51801.1	10360.2
8577	0.33721	31113.7	5185.62
8578	0.82836	76430.6	76430.6
8579	0.79461	73316.6	14663.3
8580	0.59335	54746.9	9124.49
8581	0.43047	39718.6	9929.66
8582	0.30034	27711.6	5542.31
8583	0.52191	48155.5	8025.91
8584	0.45068	41582.5	8316.49
8585	0.61323	56581.1	8083.01
8586	0.23914	22065.1	5516.27
8587	0.33916	31292.9	6258.58
8588	0.70786	65312	21770.7
8589	0.38461	35486.8	11828.9
8590	0.52323	48276.7	12069.2
8591	0.42188	38925.5	5560.79
8592	0.35885	33110.2	8277.56
8593	0.45596	42070	8414.01
8594	0.35466	32723.7	8180.93
8595	0.53359	49233.1	8205.51
8596	0.50602	46688.6	6669.8
8597	0.79155	73033.9	36517
8598	0.57015	52606	7515.14
8599	0.62502	57668.9	9611.48
8600	0.56106	51767.4	10353.5
