#IID	F_ROH	ROH_length_kB	KBAVG
4551	0.24383	22539.1	4507.81
4552	0.40482	37420	6236.66
4553	0.53651	49593	9918.59
4554	0.44609	41235	10308.7
4555	0.32719	30244	5040.66
4556	0.37547	34706.9	8676.72
4557	0.57323	52986.9	8831.14
4558	0.69409	64159	9165.57
4559	0.40906	37812.3	6302.06
4560	0.37692	34840.7	17420.3
4561	0.22844	21115.8	5278.94
4562	0.55706	51492.1	12873
4563	0.48983	45277.9	11319.5
4564	0.67662	62544.3	8934.9
4565	0.50494	46674.8	11668.7
4566	0.32948	30455.7	7613.92
4567	0.79935	73888.7	14777.7
4568	0.47447	43858.2	14619.4
4569	0.35602	32909.3	6581.86
4570	0.39389	36409.7	9102.43
4571	0.39665	36664.5	7332.9
4572	0.46757	43220.8	6174.4
4573	0.27735	25636.9	6409.22
4574	0.15210	14059.4	4686.46
4575	0.20493	18943.4	9471.69
4576	0.32947	30455.4	6091.07
4577	0.44931	41532.6	8306.51
4578	0.63395	58600.1	14650
4579	0.31352	28980.2	7245.05
4580	0.55358	51171.2	8528.54
4581	0.65665	60698.5	20232.8
4582	0.55359	51171.7	10234.3
4583	0.39597	36601.8	6100.3
4584	0.51264	47386.2	6769.45
4585	0.42627	39403	7880.59
4586	0.24827	22949.1	7649.69
4587	0.23744	21947.7	7315.91
4588	0.50506	46685.5	11671.4
4589	0.44043	40712.1	6785.35
4590	0.50008	46225.7	9245.15
4591	0.37864	34999.7	4999.96
4592	0.35236	32570.4	6514.08
4593	0.28621	26455.9	5291.17
4594	0.42155	38966.8	7793.36
4595	0.26053	24082.3	6020.58
4596	0.50113	46322.7	7720.45
4597	0.53069	49055.2	9811.04
4598	0.33755	31202.3	15601.1
4599	0.49781	46015.3	11503.8
4600	0.42330	39128.7	6521.46
