#IID	F_ROH	ROH_length_kB	KBAVG
32551	0.33336	30802.5	15401.3
32552	0.23621	21826.2	10913.1
32553	0.45140	41710	10427.5
32554	0.20280	18739.2	6246.39
32555	0.31086	28724	7181.01
32556	0.35454	32760.1	10920
32557	0.30860	28515	5703.01
32558	0.29089	26878.8	5375.76
32559	0.41464	38313.1	7662.62
32560	0.38737	35793.1	8948.27
32561	0.34397	31783.5	7945.88
32562	0.58756	54290.9	13572.7
32563	0.47964	44319.1	11079.8
32564	0.38602	35668.8	7133.77
32565	0.25400	23470.1	7823.37
32566	0.54542	50397.2	10079.4
32567	0.45280	41839.6	6973.27
32568	0.34203	31604.1	7901.03
32569	0.30847	28503.2	5700.64
32570	0.63737	58893.6	11778.7
32571	0.31561	29163.1	4860.52
32572	0.35943	33212	16606
32573	0.46223	42710.9	10677.7
32574	0.47234	43645	7274.16
32575	0.28473	26309.3	6577.32
32576	0.20475	18918.8	6306.26
32577	0.39372	36380.5	6063.42
32578	0.27380	25299.4	6324.86
32579	0.29397	27163.6	6790.91
32580	0.37666	34803.6	6960.72
32581	0.24570	22703.3	4540.65
32582	0.27319	25243	6310.76
32583	0.35988	33253.3	8313.32
32584	0.21635	19991.4	6663.79
32585	0.31673	29266.7	9755.57
32586	0.39899	36867.5	7373.49
32587	0.23947	22127.1	7375.7
32588	0.30256	27957.2	6989.3
32589	0.46591	43050.3	8610.07
32590	0.38455	35533.3	11844.4
32591	0.33371	30835.6	7708.9
32592	0.26638	24614.1	6153.53
32593	0.33261	30733.8	5122.3
32594	0.28990	26787.3	6696.84
32595	0.26102	24118.3	6029.58
32596	0.26875	24832.9	6208.23
32597	0.32741	30253.4	6050.68
32598	0.65739	60743.6	30371.8
32599	0.45000	41580.5	10395.1
32600	0.26389	24383.9	6095.97
