#IID	F_ROH	ROH_length_kB	KBAVG
2551	0.24231	22400.8	11200.4
2552	0.33506	30975	6195.01
2553	0.41924	38757.3	6459.55
2554	0.43095	39839.8	9959.96
2555	0.16010	14800.6	7400.28
2556	0.49606	45859.3	11464.8
2557	0.46246	42753.5	10688.4
2558	0.29778	27528.9	5505.78
2559	0.33071	30573.5	4367.65
2560	0.80903	74792.6	37396.3
2561	0.42481	39272.5	7854.49
2562	0.33699	31154	7788.51
2563	0.48479	44817.7	8963.54
2564	0.34715	32093.1	5348.85
2565	0.21114	19519.1	4879.78
2566	0.33268	30755.5	5125.91
2567	0.05911	5464.48	5464.48
2568	0.27019	24978	4163.01
2569	0.29836	27583	6895.76
2570	0.67222	62144.9	12429
2571	0.50409	46602.1	5178.01
2572	0.70870	65517.4	21839.1
2573	0.33442	30915.9	6183.18
2574	0.32430	29980.8	9993.61
2575	0.67032	61969.2	7746.15
2576	0.19713	18224	4555.99
2577	0.10675	9868.93	4934.46
2578	0.58457	54041.9	9006.98
2579	0.52009	48080.6	8013.43
2580	0.17881	16530.8	5510.27
2581	0.37105	34302.3	5717.04
2582	0.57847	53478.2	17826.1
2583	0.26628	24617	4923.4
2584	0.48390	44735.2	8947.05
2585	0.16548	15298.3	5099.42
2586	0.33301	30786.2	7696.54
2587	0.10045	9286.24	4643.12
2588	0.47336	43760.7	10940.2
2589	0.42803	39570.3	6595.05
2590	0.49816	46053.6	11513.4
2591	0.37072	34272.3	11424.1
2592	0.37309	34490.9	5748.48
2593	0.21946	20288.6	6762.87
2594	0.22716	21000.6	4200.12
2595	0.19171	17722.8	8861.4
2596	0.46714	43185.5	6169.36
2597	0.66632	61599.5	10266.6
2598	0.20670	19108.8	6369.61
2599	0.45081	41675.8	8335.16
2600	0.19795	18299.5	4574.88
