#IID	F_ROH	ROH_length_kB	KBAVG
10551	0.39966	36902.8	9225.71
10552	0.40004	36938	5276.86
10553	0.45989	42464.9	7077.48
10554	0.28401	26224.6	8741.53
10555	0.16674	15396.1	5132.02
10556	0.60714	56061.3	14015.3
10557	0.36059	33295.2	5549.21
10558	0.53666	49553.3	6194.16
10559	0.39089	36093.6	7218.72
10560	0.25215	23283	5820.75
10561	0.31865	29422.6	9807.52
10562	0.23892	22061.3	5515.32
10563	0.33933	31332.8	5222.13
10564	0.39883	36826.8	6137.8
10565	0.28804	26597	8865.66
10566	0.49723	45912.2	6558.89
10567	0.47769	44108.3	7351.39
10568	0.25927	23940.2	4788.04
10569	0.35259	32556.4	6511.28
10570	0.39711	36667.7	6111.28
10571	0.27592	25477.3	12738.6
10572	0.29440	27184.1	6796.02
10573	0.33740	31153.9	6230.77
10574	0.56305	51990.4	12997.6
10575	0.40316	37226.4	6204.4
10576	0.37373	34509.2	6901.83
10577	0.31029	28650.9	5730.18
10578	0.39302	36289.8	6048.29
10579	0.41992	38773.8	6462.3
10580	0.14644	13521.6	6760.79
10581	0.67856	62656.1	10442.7
10582	0.76855	70965.1	17741.3
10583	0.33276	30725.4	5120.9
10584	0.46093	42560.7	6080.09
10585	0.29936	27641.8	4606.96
10586	0.45688	42186.5	7031.09
10587	0.43344	40022.2	6670.37
10588	0.35632	32901.6	6580.33
10589	0.38637	35676.4	8919.1
10590	0.39745	36698.7	6116.45
10591	0.67282	62125.5	6902.84
10592	0.40302	37213.4	7442.68
10593	0.65374	60363.8	15091
10594	0.26125	24122.7	6030.67
10595	0.59078	54550.8	9091.8
10596	0.35796	33053	6610.6
10597	0.21889	20211.3	5052.82
10598	0.37435	34566.4	6913.28
10599	0.37879	34976.4	4996.63
10600	0.42546	39285.6	7857.11
