#IID	F_ROH	ROH_length_kB	KBAVG
2551	0.30261	27940.7	9313.58
2552	0.22976	21214.6	5303.64
2553	0.29855	27565.9	6891.48
2554	0.15859	14643.5	7321.76
2555	0.33325	30770.6	6154.12
2556	0.32936	30411.1	6082.22
2557	0.31517	29100.9	5820.17
2558	0.31628	29203.8	3650.48
2559	0.37960	35049.6	8762.39
2560	0.48659	44928.7	7488.12
2561	0.30660	28309.2	7077.31
2562	0.11966	11048.8	3682.92
2563	0.33853	31258.1	6251.62
2564	0.23882	22051	7350.35
2565	0.32441	29953.8	5990.77
2566	0.50013	46179.2	6597.02
2567	0.14352	13252.2	6626.08
2568	0.50246	46394.2	7732.36
2569	0.35520	32797.3	8199.34
2570	0.23104	21332.6	5333.15
2571	0.14341	13241.6	6620.8
2572	0.42694	39421.4	7884.29
2573	0.09226	8518.97	4259.48
2574	0.35342	32632.6	8158.15
2575	0.46561	42991.7	6141.68
2576	0.20124	18581.7	6193.91
2577	0.41584	38396.2	6399.36
2578	0.16821	15531.1	3882.77
2579	0.62947	58121.7	9686.95
2580	0.30856	28490.4	5698.09
2581	0.33534	30962.9	10321
2582	0.22472	20748.9	6916.31
2583	0.26762	24710.3	4942.05
2584	0.36552	33750.3	5625.05
2585	0.18625	17197.3	4299.31
2586	0.32796	30281.5	10093.8
2587	0.25832	23851.5	5962.87
2588	0.40493	37389	12463
2589	0.45774	42264.7	5283.09
2590	0.22707	20966	5241.49
2591	0.49741	45928	6561.14
2592	0.28410	26231.7	5246.34
2593	0.30742	28385.3	7096.33
2594	0.20290	18734.7	3746.94
2595	0.47796	44131.5	8826.31
2596	0.53262	49179.3	5464.37
2597	0.47609	43959.3	8791.86
2598	0.60982	56306.6	8043.8
2599	0.16042	14812.2	4937.39
2600	0.33073	30537.3	10179.1
