#IID	F_ROH	ROH_length_kB	KBAVG
2551	0.61431	56763	11352.6
2552	0.47069	43492.2	8698.44
2553	0.53812	49722.5	12430.6
2554	0.61033	56395.1	9399.19
2555	0.56662	52355.7	13088.9
2556	0.65812	60811.2	20270.4
2557	0.47076	43498.4	14499.5
2558	0.49122	45389.4	11347.3
2559	0.55656	51426.9	8571.14
2560	0.48906	45189.8	15063.3
2561	0.45130	41700.4	8340.08
2562	0.67012	61919.6	15479.9
2563	0.36337	33576	6715.2
2564	0.61851	57150.9	11430.2
2565	0.42695	39450.3	7890.06
2566	0.46224	42711.7	21355.8
2567	0.27024	24970.8	12485.4
2568	0.64397	59503.3	9917.21
2569	0.56964	52635.6	5848.4
2570	0.56983	52652.5	7521.78
2571	0.65158	60206.2	8600.88
2572	0.67328	62211.8	6912.42
2573	0.52721	48714.6	16238.2
2574	0.54027	49921.3	12480.3
2575	0.55693	51461	10292.2
2576	0.44932	41517.9	10379.5
2577	0.83055	76743.6	19185.9
2578	0.64794	59869.8	11974
2579	0.55052	50868.4	12717.1
2580	0.42607	39369	9842.26
2581	0.57715	53328.9	13332.2
2582	0.51748	47815.3	9563.05
2583	0.45702	42228.9	8445.78
2584	0.60630	56023	18674.3
2585	0.82802	76510.1	19127.5
2586	0.52391	48409.4	16136.5
2587	0.41099	37975.5	9493.88
2588	0.58798	54329.5	7761.36
2589	0.58903	54427	13606.8
2590	0.67878	62719.7	10453.3
2591	0.47675	44052	14684
2592	0.51399	47493.5	9498.69
2593	0.35542	32841	8210.24
2594	0.53426	49366.5	12341.6
2595	0.50206	46391	11597.7
2596	0.30612	28285.9	9428.65
2597	0.76496	70683.3	11780.5
2598	0.43791	40463.5	13487.8
2599	0.42965	39700	13233.3
2600	0.52368	48388.5	6912.64
