#IID	F_ROH	ROH_length_kB	KBAVG
4551	0.44368	40977.6	6829.61
4552	0.51982	48009.1	16003
4553	0.37765	34878.6	8719.64
4554	0.68210	62997	15749.3
4555	0.32736	30233.9	10078
4556	0.56597	52271.9	13068
4557	0.56570	52247	8707.83
4558	0.51745	47790	6827.15
4559	0.39628	36599.4	9149.86
4560	0.44977	41540	13846.7
4561	0.42762	39493.5	9873.37
4562	0.54451	50289.3	12572.3
4563	0.58914	54411.8	7773.11
4564	0.48651	44932.9	7488.82
4565	0.56617	52290.2	8715.04
4566	0.54597	50424.6	7203.52
4567	0.47079	43480.8	8696.17
4568	0.51243	47327	11831.8
4569	0.61654	56941.9	11388.4
4570	0.76229	70403.3	23467.8
4571	0.40044	36983.8	9245.96
4572	0.44438	41041.6	10260.4
4573	0.57630	53225.8	10645.2
4574	0.46578	43018.1	10754.5
4575	0.61592	56884.9	9480.82
4576	0.43683	40345	10086.2
4577	0.30323	28006	7001.51
4578	0.38808	35841.9	11947.3
4579	0.34538	31898.4	15949.2
4580	0.55794	51529.6	10305.9
4581	0.47973	44306.3	11076.6
4582	0.65749	60724.5	12144.9
4583	0.48554	44843.2	14947.7
4584	0.42721	39456	13152
4585	0.51751	47795.8	9559.16
4586	0.36536	33743.7	6748.75
4587	0.40696	37586.1	12528.7
4588	0.42592	39336.8	9834.2
4589	0.33824	31239.1	6247.81
4590	0.81142	74940.5	18735.1
4591	0.65629	60613.3	12122.7
4592	0.58578	54101.3	9016.89
4593	0.43110	39815.7	7963.14
4594	0.25975	23989.7	11994.8
4595	0.53169	49105.6	9821.13
4596	0.45592	42107.4	8421.48
4597	0.56855	52510	26255
4598	0.80380	74237.2	14847.4
4599	0.61044	56378.6	11275.7
4600	0.55538	51293.2	12823.3
