#IID	F_ROH	ROH_length_kB	KBAVG
2551	0.56188	51959.5	5773.28
2552	0.42357	39169.4	7833.88
2553	0.39798	36803	7360.61
2554	0.53107	49110.3	12277.6
2555	0.81875	75713.3	37856.6
2556	0.19975	18471.5	4617.86
2557	0.39302	36343.7	6057.28
2558	0.37306	34498.6	5749.77
2559	0.63422	58648.5	8378.36
2560	0.45663	42226.4	7037.73
2561	0.53589	49556.2	12389.1
2562	0.43155	39907.5	7981.5
2563	0.54006	49941.9	16647.3
2564	0.74758	69131.2	9875.88
2565	0.27151	25107.9	6276.99
2566	0.43286	40028.1	6671.36
2567	0.51262	47403.7	6771.96
2568	0.46464	42967.1	8593.41
2569	0.55956	51744.3	7392.04
2570	0.41044	37954.9	18977.4
2571	0.48717	45050.5	7508.42
2572	0.57229	52921.7	13230.4
2573	0.45053	41661.9	13887.3
2574	0.47244	43688.4	7281.41
2575	0.50456	46658.8	9331.76
2576	0.49221	45516.4	9103.27
2577	0.38518	35619.2	11873.1
2578	0.25148	23255.2	5813.81
2579	0.45782	42336.7	8467.35
2580	0.73877	68317.4	9759.62
2581	0.32736	30272.7	7568.17
2582	0.76362	70614.7	14122.9
2583	0.52320	48382.2	12095.5
2584	0.41472	38350.7	7670.14
2585	0.58663	54248.1	10849.6
2586	0.42958	39724.8	6620.8
2587	0.59386	54917	10983.4
2588	0.61277	56664.9	6296.11
2589	0.24837	22967.3	4593.47
2590	0.39174	36225.5	5175.07
2591	0.45668	42230.7	8446.14
2592	0.38856	35931.3	7186.26
2593	0.39253	36299	6049.84
2594	0.66791	61764.3	12352.9
2595	0.68648	63481.7	31740.9
2596	0.66956	61917	10319.5
2597	0.50997	47158.5	9431.7
2598	0.32596	30142.9	7535.72
2599	0.51720	47827.1	9565.42
2600	0.64235	59400.6	9900.1
