#IID	F_ROH	ROH_length_kB	KBAVG
24551	0.45189	41770.9	5967.27
24552	0.38744	35813.3	5968.89
24553	0.36795	34011.4	8502.84
24554	0.18966	17531.7	5843.89
24555	0.36132	33398.7	6679.73
24556	0.29016	26820.7	5364.13
24557	0.16037	14824.3	4941.43
24558	0.36997	34198	4885.43
24559	0.12578	11626.7	3875.58
24560	0.28053	25931.3	6482.82
24561	0.36136	33402.1	4771.73
24562	0.23669	21878.9	5469.72
24563	0.48447	44782	11195.5
24564	0.24846	22966.2	5741.56
24565	0.40212	37170	9292.49
24566	0.13861	12812.9	4270.97
24567	0.30555	28243.9	5648.78
24568	0.39075	36118.7	7223.73
24569	0.34177	31591.5	10530.5
24570	0.47360	43777.8	14592.6
24571	0.39770	36761.4	6126.91
24572	0.44352	40996.9	8199.37
24573	0.48169	44525.1	8905.03
24574	0.59107	54635.4	9105.9
24575	0.57919	53537.6	13384.4
24576	0.44381	41023.7	5860.53
24577	0.19328	17865.5	5955.16
24578	0.40819	37731.2	6288.53
24579	0.56341	52078.7	17359.6
24580	0.44829	41437.7	8287.53
24581	0.22077	20406.9	6802.3
24582	0.32208	29771.3	7442.82
24583	0.26695	24675.8	6168.96
24584	0.26068	24096.3	6024.09
24585	0.45474	42034	6004.86
24586	0.39892	36874.6	7374.92
24587	0.34388	31786.9	10595.6
24588	0.34827	32192.8	8048.21
24589	0.66296	61281	15320.3
24590	0.10137	9370.12	4685.06
24591	0.40360	37307.3	18653.6
24592	0.25646	23705.9	4741.18
24593	0.61209	56578.7	8082.66
24594	0.31079	28727.7	5745.55
24595	0.50435	46620.2	9324.04
24596	0.36187	33449.9	6689.98
24597	0.28985	26792.7	5358.53
24598	0.44446	41084.2	10271.1
24599	0.30061	27786.9	5557.38
24600	0.19599	18116.8	6038.94
