#IID	F_ROH	ROH_length_kB	KBAVG
34551	0.40039	37007.1	7401.41
34552	0.38743	35809.2	5115.6
34553	0.74533	68889.9	11481.6
34554	0.66434	61403.5	15350.9
34555	0.39650	36647.6	7329.53
34556	0.13279	12273.4	6136.68
34557	0.63677	58855.8	14714
34558	0.57178	52848.3	8808.05
34559	0.32465	30006.7	6001.34
34560	0.44282	40929	13643
34561	0.35553	32861.2	6572.24
34562	0.46741	43201.5	10800.4
34563	0.58087	53688.9	10737.8
34564	0.52983	48971.8	8161.97
34565	0.14050	12986.1	6493.03
34566	0.43749	40436.3	10109.1
34567	0.49160	45437.4	11359.4
34568	0.35342	32666.4	8166.61
34569	0.27807	25702	6425.5
34570	0.35976	33252.4	11084.1
34571	0.54221	50115.8	6264.48
34572	0.46439	42923	10730.7
34573	0.37106	34296.9	4899.56
34574	0.30728	28401.6	7100.41
34575	0.45123	41706.7	5958.09
34576	0.45231	41806	10451.5
34577	0.36731	33950.3	6790.06
34578	0.44905	41505.1	10376.3
34579	0.53082	49062.8	8177.13
34580	0.73141	67603.1	33801.5
34581	0.38602	35678.9	7135.78
34582	0.57739	53367.3	6670.91
34583	0.63103	58325	19441.7
34584	0.48856	45157	7526.17
34585	0.38518	35601.3	7120.27
34586	0.37643	34792.7	6958.53
34587	0.53216	49186.9	12296.7
34588	0.46430	42914.9	6130.69
34589	0.14327	13242.1	6621.04
34590	0.46176	42679.4	7113.23
34591	0.38633	35707.9	7141.58
34592	0.25229	23318.3	5829.57
34593	0.31930	29512.6	7378.16
34594	0.37420	34586.3	6917.25
34595	0.15672	14485.8	4828.6
34596	0.21824	20171.4	5042.84
34597	0.55085	50913.8	16971.3
34598	0.79280	73277.1	12212.9
34599	0.24578	22716.6	3786.09
34600	0.31680	29281	4880.17
