#IID	F_ROH	ROH_length_kB	KBAVG
40551	0.40700	37586.6	5369.51
40552	0.49554	45762.7	9152.54
40553	0.33050	30521.8	7630.46
40554	0.34221	31603.4	6320.67
40555	0.36407	33622	4803.14
40556	0.17399	16067.7	4016.91
40557	0.37770	34880.1	17440.1
40558	0.32683	30182.7	7545.67
40559	0.38012	35103.9	7020.79
40560	0.39153	36157.7	6026.29
40561	0.29472	27217.2	9072.39
40562	0.37274	34422.7	5737.11
40563	0.18044	16663.9	4165.97
40564	0.32026	29575.5	7393.86
40565	0.36372	33589.4	6717.88
40566	0.34154	31540.7	10513.6
40567	0.30589	28248.7	5649.74
40568	0.38319	35387.7	8846.93
40569	0.41457	38285.2	6380.87
40570	0.25411	23466.6	4693.33
40571	0.30867	28505.4	5701.07
40572	0.22293	20587.4	5146.85
40573	0.45738	42239	6034.14
40574	0.20264	18713.6	4678.39
40575	0.34662	32010.3	6402.06
40576	0.29560	27298.7	5459.74
40577	0.15128	13970.7	4656.9
40578	0.36265	33490.5	4784.36
40579	0.37109	34270.3	5711.72
40580	0.17068	15762.5	15762.5
40581	0.30531	28194.8	5638.97
40582	0.44465	41062.8	5866.11
40583	0.23323	21538.5	7179.51
40584	0.28010	25867.1	6466.78
40585	0.28541	26357.8	13178.9
40586	0.58036	53596.4	8932.74
40587	0.37814	34921.1	5820.18
40588	0.24490	22616.4	7538.8
40589	0.29671	27400.7	4566.79
40590	0.24261	22404.8	7468.27
40591	0.35182	32490.8	10830.3
40592	0.34508	31868.3	6373.67
40593	0.34154	31541.3	6308.26
40594	0.24745	22852.1	3808.68
40595	0.29333	27089.3	13544.7
40596	0.48170	44485.1	11121.3
40597	0.27615	25502.3	5100.46
40598	0.49996	46171.5	11542.9
40599	0.27489	25386.4	6346.6
40600	0.77293	71379.9	14276
