#IID	F_ROH	ROH_length_kB	KBAVG
26551	0.52407	48427.4	12106.8
26552	0.42714	39469.9	7893.98
26553	0.19467	17988.7	5996.22
26554	0.37178	34354.2	5725.71
26555	0.33042	30532.5	10177.5
26556	0.46894	43333	10833.2
26557	0.15677	14486	4828.66
26558	0.28405	26247.5	5249.5
26559	0.16825	15547.3	5182.43
26560	0.25332	23408	4681.61
26561	0.28027	25899	6474.76
26562	0.62495	57749.1	9624.85
26563	0.30149	27859.5	6964.88
26564	0.35815	33095.5	11031.8
26565	0.41797	38623.1	7724.63
26566	0.51527	47613.6	7935.6
26567	0.13452	12430.4	6215.19
26568	0.42886	39629.4	7925.88
26569	0.43322	40031.6	6671.94
26570	0.47874	44238.2	8847.64
26571	0.42822	39569.7	7913.93
26572	0.59194	54698.3	9116.38
26573	0.17667	16325.4	5441.81
26574	0.44827	41422.7	6903.79
26575	0.32525	30054.9	6010.97
26576	0.54976	50801	8466.83
26577	0.77314	71442.3	23814.1
26578	0.12085	11167.2	3722.41
26579	0.48097	44444.3	6349.19
26580	0.41233	38101.3	12700.4
26581	0.05774	5335.61	5335.61
26582	0.22229	20541.3	6847.09
26583	0.31635	29233	7308.25
26584	0.19347	17877.7	5959.23
26585	0.38999	36037.4	9009.35
26586	0.44589	41202.8	8240.55
26587	0.47036	43463.8	21731.9
26588	0.29205	26987.2	5397.44
26589	0.50299	46479.2	9295.83
26590	0.42779	39530.6	6588.44
26591	0.41619	38458	6409.67
26592	0.17984	16618.4	5539.46
26593	0.41341	38201.7	6366.95
26594	0.87228	80603.5	26867.8
26595	0.20837	19254.7	9627.36
26596	0.27511	25421.6	8473.86
26597	0.19764	18262.8	4565.7
26598	0.50164	46354.6	11588.7
26599	0.32666	30185	5030.83
26600	0.33488	30944.8	7736.2
