#IID	F_ROH	ROH_length_kB	KBAVG
30551	0.36807	34019	5669.83
30552	0.43932	40604	10151
30553	0.36394	33636.6	6727.32
30554	0.60388	55813.6	11162.7
30555	0.61336	56689.4	8098.48
30556	0.34922	32276	8068.99
30557	0.47924	44293.5	14764.5
30558	0.27910	25795.2	5159.05
30559	0.40569	37495.7	12498.6
30560	0.62558	57819.2	8259.88
30561	0.58054	53655.9	17885.3
30562	0.42033	38848.7	9712.16
30563	0.65778	60795.1	30397.5
30564	0.40646	37566.4	7513.28
30565	0.42157	38963.5	7792.7
30566	0.63964	59118.6	11823.7
30567	0.48429	44760.6	11190.1
30568	0.45167	41745	6957.5
30569	0.42554	39330.3	9832.58
30570	0.46858	43307.8	10827
30571	0.38422	35511.3	8877.83
30572	0.59836	55303	27651.5
30573	0.77389	71526.2	17881.6
30574	0.49286	45552.5	6507.51
30575	0.46467	42946.9	8589.37
30576	0.36195	33453.4	8363.35
30577	0.56492	52212.3	13053.1
30578	0.37104	34293.4	6858.68
30579	0.15885	14681.7	3670.43
30580	0.75706	69970.5	23323.5
30581	0.51443	47546.2	6792.31
30582	0.41877	38704.9	9676.24
30583	0.65213	60272.8	10045.5
30584	0.48619	44936	7489.34
30585	0.45136	41717.1	8343.42
30586	0.55643	51427.5	12856.9
30587	0.56884	52574.7	8762.45
30588	0.61358	56709.8	7088.73
30589	0.64720	59817.1	11963.4
30590	0.42153	38959.6	7791.91
30591	0.41489	38345.6	9586.41
30592	0.40698	37615.3	9403.83
30593	0.67294	62196.3	7774.54
30594	0.33603	31057.7	10352.6
30595	0.48713	45022.9	9004.59
30596	0.63387	58585.4	14646.3
30597	0.45171	41749.2	10437.3
30598	0.18362	16971.2	4242.79
30599	0.43889	40564.4	10141.1
30600	0.62143	57435.7	8205.1
