#IID	F_ROH	ROH_length_kB	KBAVG
2551	0.71105	65752.5	16438.1
2552	0.66066	61093.4	20364.5
2553	0.48399	44755.4	11188.9
2554	0.48294	44658.6	8931.72
2555	0.32015	29605.5	7401.37
2556	0.38079	35213	8803.24
2557	0.26205	24232.7	4846.54
2558	0.27386	25324.6	6331.15
2559	0.35898	33196	8299
2560	0.47549	43969.6	10992.4
2561	0.36971	34188	11396
2562	0.73164	67656.8	22552.3
2563	0.47257	43699.6	7283.27
2564	0.38246	35367.1	8841.77
2565	0.30583	28280.9	9426.97
2566	0.38443	35549.3	8887.32
2567	0.27384	25322.7	6330.68
2568	0.62960	58220.9	11644.2
2569	0.62330	57638	11527.6
2570	0.11557	10687.4	5343.72
2571	0.42459	39262.5	7852.5
2572	0.47784	44186.7	7364.45
2573	0.25553	23629.5	5907.37
2574	0.45166	41766.4	13922.1
2575	0.45848	42397.2	7066.2
2576	0.48158	44532.6	7422.1
2577	0.45028	41638.4	6939.73
2578	0.40843	37768.4	7553.69
2579	0.46867	43338.8	8667.75
2580	0.35369	32706.7	5451.12
2581	0.23209	21462.3	10731.1
2582	0.62305	57614.6	19204.9
2583	0.79365	73390.5	18347.6
2584	0.36371	33633.5	8408.38
2585	0.52391	48447	12111.7
2586	0.41730	38589	9647.26
2587	0.59709	55214.8	9202.46
2588	0.57703	53359.6	13339.9
2589	0.35361	32699.6	6539.92
2590	0.54377	50283.5	12570.9
2591	0.38161	35288.2	7057.64
2592	0.57570	53236.8	10647.4
2593	0.31436	29069.3	4844.88
2594	0.35919	33214.9	6642.97
2595	0.33163	30666.7	7666.66
2596	0.62305	57615.5	11523.1
2597	0.52493	48541.3	5393.48
2598	0.43656	40370.2	10092.6
2599	0.26918	24892	8297.33
2600	0.58961	54523.2	9087.2
