#IID	F_ROH	ROH_length_kB	KBAVG
2551	0.20669	19089.7	6363.22
2552	0.17408	16077.9	5359.29
2553	0.16006	14783	4927.68
2554	0.09582	8849.71	4424.85
2555	0.15253	14087.7	4695.91
2556	0.39739	36702.7	9175.67
2557	0.35635	32912.8	8228.2
2558	0.26520	24494.2	8164.75
2559	0.09451	8729.01	8729.01
2560	0.24174	22327.2	7442.39
2561	0.33629	31060.3	7765.07
2562	0.18973	17523.7	4380.92
2563	0.11958	11044.3	5522.15
2564	0.19093	17634	4408.51
2565	0.08858	8181.38	8181.38
2566	0.32936	30419.7	7604.92
2567	0.19459	17972.5	8986.24
2568	0.18976	17525.9	5841.95
2569	0.24850	22951.9	7650.64
2570	0.26234	24229.8	8076.6
2571	0.10534	9728.86	4864.43
2572	0.31782	29354.1	7338.52
2573	0.24550	22674.2	7558.08
2574	0.20906	19309.2	6436.41
2575	0.07786	7190.86	3595.43
2576	0.28501	26323.9	6580.98
2577	0.25708	23744	5936
2578	0.33209	30671.5	7667.88
2579	0.16666	15392.4	7696.21
2580	0.36670	33868.2	8467.05
2581	0.31065	28692.1	5738.41
2582	0.04252	3927.6	3927.6
2583	0.11229	10371.2	5185.62
2584	0.32311	29842.9	9947.64
2585	0.17399	16069.5	5356.5
2586	0.22201	20504.5	10252.2
2587	0.52334	48336.2	16112.1
2588	0.28615	26428.6	8809.54
2589	0.17009	15709.4	5236.46
2590	0.22327	20621.3	6873.78
2591	0.24288	22432.7	7477.56
2592	0.19215	17747.1	5915.69
2593	0.18542	17125.3	5708.44
2594	0.11604	10717.9	10717.9
2595	0.18144	16757.8	5585.95
2596	0.34896	32230.2	16115.1
2597	0.31429	29028.2	5805.64
2598	0.29829	27550.1	5510.02
2599	0.30003	27710.8	9236.92
2600	0.00000	0	0
