#IID	F_ROH	ROH_length_kB	KBAVG
2551	0.29122	26926.2	8975.39
2552	0.28631	26472.1	8824.05
2553	0.20496	18950.6	9475.31
2554	0.16772	15507.6	5169.19
2555	0.14919	13794.1	6897.06
2556	0.08830	8164.41	8164.41
2557	0.00000	0	0
2558	0.16962	15682.5	7841.25
2559	0.36716	33947.4	5657.89
2560	0.16624	15370.5	5123.49
2561	0.32366	29925.4	5985.07
2562	0.44830	41449.3	6908.22
2563	0.21432	19816	4953.99
2564	0.20900	19323.9	4830.99
2565	0.00000	0	0
2566	0.34933	32298.9	6459.79
2567	0.20764	19198.2	6399.4
2568	0.24514	22665.3	4533.06
2569	0.25761	23818.6	11909.3
2570	0.19945	18441	6147.01
2571	0.32068	29649.8	29649.8
2572	0.21171	19574.1	6524.7
2573	0.20596	19042.4	6347.48
2574	0.32563	30107	10035.7
2575	0.16588	15337.2	5112.4
2576	0.07585	7013.21	3506.61
2577	0.19454	17987.2	5995.73
2578	0.13143	12152.2	6076.09
2579	0.31276	28917.2	9639.06
2580	0.13430	12417.3	4139.1
2581	0.24697	22834.3	5708.57
2582	0.30076	27808.1	5561.62
2583	0.12286	11359.8	3786.59
2584	0.03684	3406.24	3406.24
2585	0.13099	12111.1	6055.54
2586	0.24672	22811.5	7603.83
2587	0.24803	22932.2	7644.06
2588	0.15501	14332.3	7166.13
2589	0.50630	46811.6	46811.6
2590	0.00000	0	0
2591	0.04639	4289.57	4289.57
2592	0.16732	15470.2	5156.72
2593	0.21124	19531	4882.75
2594	0.24882	23005.8	5751.44
2595	0.14693	13585.3	4528.43
2596	0.06499	6008.53	6008.53
2597	0.53979	49908	8318.01
2598	0.19442	17975.9	5991.97
2599	0.19038	17602.1	5867.35
2600	0.14898	13774.3	6887.17
