#IID	F_ROH	ROH_length_kB	KBAVG
2551	0.17629	16296.5	16296.5
2552	0.42391	39187.4	6531.23
2553	0.09258	8557.93	4278.97
2554	0.06651	6148.64	6148.64
2555	0.46658	43131.7	8626.35
2556	0.34714	32090.6	6418.13
2557	0.25811	23859.8	5964.95
2558	0.09242	8543.04	8543.04
2559	0.93888	86792.1	28930.7
2560	0.34865	32230	8057.5
2561	0.11399	10537.5	5268.75
2562	0.27889	25781.4	6445.35
2563	0.32872	30387.5	7596.88
2564	0.39839	36827.7	9206.93
2565	0.28133	26006.4	13003.2
2566	0.27991	25875.6	6468.89
2567	0.14309	13227.1	13227.1
2568	0.33126	30622.4	6124.49
2569	0.16011	14800.6	4933.52
2570	0.56172	51926.6	10385.3
2571	0.08922	8247.97	8247.97
2572	0.09296	8593.25	8593.25
2573	0.12345	11411.6	3803.86
2574	0.39236	36270.9	18135.5
2575	0.41631	38484.5	7696.91
2576	0.00000	0	0
2577	0.24342	22502.6	5625.66
2578	0.21623	19988.6	4997.14
2579	0.30478	28174.8	5634.96
2580	0.14941	13811.5	4603.84
2581	0.35183	32524.2	5420.69
2582	0.17572	16243.9	4060.98
2583	0.12221	11297.5	11297.5
2584	0.38215	35326.7	8831.67
2585	0.09833	9090.28	4545.14
2586	0.25851	23896.9	5974.23
2587	0.00000	0	0
2588	0.39390	36412.5	12137.5
2589	0.36287	33544.8	11181.6
2590	0.18204	16828.5	8414.27
2591	0.25593	23658.8	7886.27
2592	0.11786	10895.2	5447.62
2593	0.25706	23763	4752.6
2594	0.57332	52998.7	10599.7
2595	0.46361	42857.4	14285.8
2596	0.09697	8963.66	4481.83
2597	0.17403	16088	5362.67
2598	0.10306	9527.51	9527.51
2599	0.39855	36842.5	12280.8
2600	0.48669	44990.6	14996.9
