#IID	F_ROH	ROH_length_kB	KBAVG
2551	0.10238	9467.12	9467.12
2552	0.18553	17156.1	5718.71
2553	0.12920	11947.1	3982.36
2554	0.18478	17086.2	8543.12
2555	0.09856	9113.97	4556.98
2556	0.14922	13798.5	4599.49
2557	0.22692	20983.1	6994.35
2558	0.31598	29218.4	7304.59
2559	0.06508	6017.48	6017.48
2560	0.38034	35169.9	7033.97
2561	0.25158	23263.4	7754.45
2562	0.13470	12455.3	6227.67
2563	0.10938	10114.5	5057.25
2564	0.30778	28460	5692
2565	0.22567	20867.8	10433.9
2566	0.32472	30026.6	10008.9
2567	0.12321	11393.1	3797.7
2568	0.53405	49383.4	16461.1
2569	0.41585	38453.6	19226.8
2570	0.12252	11328.9	5664.47
2571	0.00000	0	0
2572	0.31432	29065.4	7266.36
2573	0.18803	17387.2	17387.2
2574	0.17183	15888.7	5296.24
2575	0.19874	18377.2	6125.72
2576	0.16893	15621.3	7810.67
2577	0.00000	0	0
2578	0.28335	26201.5	6550.38
2579	0.35618	32935.4	8233.85
2580	0.11914	11016.5	3672.15
2581	0.18862	17441.3	17441.3
2582	0.34659	32048.6	10682.9
2583	0.35000	32364.7	10788.2
2584	0.00000	0	0
2585	0.14040	12982.9	6491.43
2586	0.00000	0	0
2587	0.23697	21912.7	10956.4
2588	0.07212	6668.43	3334.21
2589	0.30743	28428	9476.01
2590	0.25611	23682	5920.49
2591	0.17078	15791.8	7895.89
2592	0.19272	17821.1	5940.37
2593	0.14490	13398.9	6699.43
2594	0.24255	22428.6	11214.3
2595	0.16939	15663.2	15663.2
2596	0.19109	17670.4	5890.12
2597	0.42637	39426.5	9856.63
2598	0.04183	3868.38	3868.38
2599	0.07548	6979.55	3489.78
2600	0.48449	44800.3	11200.1
