#IID	F_ROH	ROH_length_kB	KBAVG
2551	0.24850	22974.9	11487.4
2552	0.34045	31475.9	6295.17
2553	0.40364	37317.7	12439.2
2554	0.04381	4050.44	4050.44
2555	0.15805	14612.6	3653.15
2556	0.22728	21012.8	7004.28
2557	0.00000	0	0
2558	0.26919	24887.4	8295.79
2559	0.10024	9267.27	4633.64
2560	0.24739	22872.4	7624.12
2561	0.27352	25288	6321.99
2562	0.55207	51041.1	17013.7
2563	0.28230	26100.1	5220.03
2564	0.21809	20163.6	5040.89
2565	0.42173	38990.7	12996.9
2566	0.26935	24902.2	4980.43
2567	0.28665	26502	13251
2568	0.04253	3932.45	3932.45
2569	0.28441	26295.1	13147.5
2570	0.06238	5767.3	5767.3
2571	0.06055	5597.88	5597.88
2572	0.02649	2448.98	2448.98
2573	0.02509	2319.55	2319.55
2574	0.37728	34880.6	8720.16
2575	0.18560	17159.4	5719.81
2576	0.19267	17813.4	5937.81
2577	0.23196	21445.4	4289.08
2578	0.14600	13498	4499.33
2579	0.12770	11806.1	3935.37
2580	0.28736	26567.5	6641.87
2581	0.19799	18304.6	6101.54
2582	0.26074	24106.1	6026.51
2583	0.18349	16964.5	8482.27
2584	0.41203	38093.5	9523.38
2585	0.09243	8545.82	4272.91
2586	0.42510	39302.1	9825.51
2587	0.27809	25710.7	5142.14
2588	0.27037	24997.1	8332.37
2589	0.14414	13326.1	4442.04
2590	0.13471	12454.8	6227.39
2591	0.22336	20650.9	6883.64
2592	0.45314	41894.6	10473.6
2593	0.18019	16659.1	8329.55
2594	0.32436	29988.8	7497.21
2595	0.14284	13205.9	4401.96
2596	0.27437	25366.2	8455.4
2597	0.12827	11859	5929.52
2598	0.26767	24747.4	4949.48
2599	0.22116	20447	5111.75
2600	0.80440	74369.6	37184.8
