#IID	F_ROH	ROH_length_kB	KBAVG
2551	0.31447	29060.2	7265.05
2552	0.09695	8959.2	8959.2
2553	0.23749	21946.5	7315.5
2554	0.12026	11113.6	11113.6
2555	0.25249	23333	11666.5
2556	0.11899	10995.9	5497.94
2557	0.28559	26391.6	5278.32
2558	0.00000	0	0
2559	0.29705	27450.2	13725.1
2560	0.04129	3815.88	3815.88
2561	0.17968	16604.6	8302.31
2562	0.00000	0	0
2563	0.39820	36797.7	9199.43
2564	0.50643	46798.9	15599.6
2565	0.18727	17305.5	5768.51
2566	0.00000	0	0
2567	0.22128	20448.8	10224.4
2568	0.08500	7855.15	3927.58
2569	0.17935	16573.7	4143.43
2570	0.27665	25565.2	8521.73
2571	0.27015	24964.7	12482.3
2572	0.23873	22061.5	11030.7
2573	0.44208	40852.9	13617.6
2574	0.23038	21289.8	7096.61
2575	0.26950	24904.8	24904.8
2576	0.56447	52162.8	10432.6
2577	0.49526	45767.4	22883.7
2578	0.27457	25373.4	6343.36
2579	0.39674	36662.8	12220.9
2580	0.37619	34763.6	8690.89
2581	0.42230	39024.7	7804.94
2582	0.49779	46000.9	15333.6
2583	0.18949	17510.7	5836.89
2584	0.04630	4278.68	4278.68
2585	0.15454	14281.1	4760.38
2586	0.20738	19164.1	4791.03
2587	0.31124	28761.5	9587.18
2588	0.06634	6130.23	6130.23
2589	0.32287	29836.6	29836.6
2590	0.33632	31079.3	10359.8
2591	0.24172	22337.4	11168.7
2592	0.39104	36135.7	7227.13
2593	0.52369	48394.7	16131.6
2594	0.41968	38782.6	6463.77
2595	0.29746	27488.5	9162.85
2596	0.12408	11466.3	5733.15
2597	0.42298	39087.5	19543.7
2598	0.11091	10249.5	5124.76
2599	0.23941	22124.2	5531.04
2600	0.07154	6610.58	6610.58
