#IID	F_ROH	ROH_length_kB	KBAVG
2551	0.12733	11756.9	5878.43
2552	0.15605	14409.1	7204.57
2553	0.22218	20515.3	4103.06
2554	0.40764	37640	12546.7
2555	0.00000	0	0
2556	0.20174	18628.4	6209.47
2557	0.03446	3181.6	3181.6
2558	0.20339	18780.3	18780.3
2559	0.40450	37350.3	7470.06
2560	0.14147	13063.4	4354.46
2561	0.19060	17599.8	5866.59
2562	0.32469	29981.3	5996.25
2563	0.03693	3409.63	3409.63
2564	0.08143	7519.29	7519.29
2565	0.08895	8213.79	8213.79
2566	0.30134	27824.6	6956.16
2567	0.23416	21621.8	7207.27
2568	0.00000	0	0
2569	0.14014	12940.6	6470.29
2570	0.10900	10064.7	10064.7
2571	0.24410	22539.3	7513.11
2572	0.15976	14751.7	7375.86
2573	0.29960	27664.4	5532.88
2574	0.03569	3295.34	3295.34
2575	0.40782	37657.1	18828.5
2576	0.25715	23744.7	5936.19
2577	0.18758	17321	5773.68
2578	0.03809	3517.18	3517.18
2579	0.39920	36861	12287
2580	0.12359	11411.6	5705.81
2581	0.20438	18872.3	6290.78
2582	0.13028	12029.7	12029.7
2583	0.17572	16225.8	4056.45
2584	0.08004	7390.43	3695.22
2585	0.10644	9828.01	4914.01
2586	0.15907	14688.5	7344.26
2587	0.23816	21991	7330.33
2588	0.15404	14224	4741.33
2589	0.04184	3863.02	3863.02
2590	0.06449	5954.95	5954.95
2591	0.00000	0	0
2592	0.24333	22468.6	7489.53
2593	0.05092	4701.85	4701.85
2594	0.31989	29538.2	7384.54
2595	0.12322	11378.2	11378.2
2596	0.24047	22204.8	7401.61
2597	0.01910	1763.56	1763.56
2598	0.15292	14119.9	7059.93
2599	0.05692	5256.14	5256.14
2600	0.26399	24376.6	8125.54
