Simulation	Fifth_Percentile
Simulation 1	0.135025833333333
Simulation 17	0.147376
Simulation 4	0.154925
Simulation 12	0.15545
Simulation 18	0.158715
Simulation 3	0.1638
Simulation 19	0.1638
Simulation 6	0.166608
Simulation 2	0.18
Simulation 8	0.18
Simulation 11	0.18
Simulation 14	0.18
Simulation 15	0.18
Simulation 20	0.18
Simulation 13	0.180986666666667
Simulation 16	0.185224
Simulation 7	0.187525
Simulation 5	0.18771
Simulation 10	0.190326666666667
Simulation 9	0.212026666666667
