Simulation	Fifth_Percentile
Simulation 7	0.1128
Simulation 6	0.1472
Simulation 8	0.1472
Simulation 9	0.1472
Simulation 12	0.1472
Simulation 15	0.1472
Simulation 20	0.1472
Simulation 3	0.156992857142857
Simulation 5	0.15856
Simulation 4	0.1638
Simulation 19	0.1638
Simulation 10	0.16818
Simulation 13	0.17688
Simulation 1	0.178877818181818
Simulation 16	0.179142857142857
Simulation 2	0.18
Simulation 11	0.18
Simulation 17	0.186909285714286
Simulation 18	0.196383333333333
Simulation 14	0.2112
