Simulation	Fifth_Percentile
Simulation 5	0.1302
Simulation 10	0.1302
Simulation 1	0.14465
Simulation 13	0.1472
Simulation 14	0.1472
Simulation 17	0.1472
Simulation 20	0.1472
Simulation 6	0.15247
Simulation 11	0.1551
Simulation 3	0.1638
Simulation 7	0.1638
Simulation 8	0.1638
Simulation 19	0.1638
Simulation 2	0.16999
Simulation 16	0.17109
Simulation 15	0.174264
Simulation 12	0.17442
Simulation 18	0.184213333333333
Simulation 9	0.187771785714286
Simulation 4	0.188213333333333
