Simulation	Fifth_Percentile
Simulation 3	0.1128
Simulation 12	0.1302
Simulation 17	0.1302
Simulation 4	0.135413333333333
Simulation 18	0.1452425
Simulation 7	0.1472
Simulation 8	0.1472
Simulation 9	0.1472
Simulation 10	0.1472
Simulation 20	0.1472
Simulation 2	0.153875
Simulation 11	0.162456666666667
Simulation 1	0.1638
Simulation 5	0.1638
Simulation 6	0.1638
Simulation 14	0.1638
Simulation 15	0.1638
Simulation 13	0.18046
Simulation 19	0.186566666666667
Simulation 16	0.20211
