CHR	POS	COUNT	FREQUENCY	Length_kb	Hotspot_interval
3	3500001	278	0.751351	100	[3500001,3600000]
3	3600001	279	0.754054	200	[3600001,3800000]
3	3800001	282	0.762162	100	[3800001,3900000]
3	3900001	283	0.764865	200	[3900001,4100000]
3	4100001	281	0.759459	100	[4100001,4200000]
3	4200001	276	0.745946	100	[4200001,4300000]
3	4300001	238	0.643243	100	[4300001,4400000]
3	4400001	242	0.654054	100	[4400001,4500000]
3	3600000	278	0.751351	100	[3500001,3600000]
3	3800000	279	0.754054	200	[3600001,3800000]
3	3900000	282	0.762162	100	[3800001,3900000]
3	4100000	283	0.764865	200	[3900001,4100000]
3	4200000	281	0.759459	100	[4100001,4200000]
3	4300000	276	0.745946	100	[4200001,4300000]
3	4400000	238	0.643243	100	[4300001,4400000]
3	4500000	242	0.654054	100	[4400001,4500000]
