CHR	POS	COUNT	FREQUENCY	Length_kb	Hotspot_interval
3	3800001	290	0.783784	100	[3800001,3900000]
3	3900001	289	0.781081	400	[3900001,4300000]
3	4300001	287	0.775676	100	[4300001,4400000]
3	4400001	286	0.772973	400	[4400001,4800000]
3	4800001	287	0.775676	200	[4800001,5000000]
3	3900000	290	0.783784	100	[3800001,3900000]
3	4300000	289	0.781081	400	[3900001,4300000]
3	4400000	287	0.775676	100	[4300001,4400000]
3	4800000	286	0.772973	400	[4400001,4800000]
3	5000000	287	0.775676	200	[4800001,5000000]
