CHR	POS	COUNT	FREQUENCY	Length_kb	Hotspot_interval
3	44600001	247	0.667568	100	[44600001,44700000]
3	44700001	240	0.648649	100	[44700001,44800000]
3	44800001	239	0.645946	200	[44800001,45000000]
3	45000001	240	0.648649	400	[45000001,45400000]
3	45600001	250	0.675676	100	[45600001,45700000]
3	45700001	249	0.672973	100	[45700001,45800000]
3	44700000	247	0.667568	100	[44600001,44700000]
3	44800000	240	0.648649	100	[44700001,44800000]
3	45000000	239	0.645946	200	[44800001,45000000]
3	45400000	240	0.648649	400	[45000001,45400000]
3	45700000	250	0.675676	100	[45600001,45700000]
3	45800000	249	0.672973	100	[45700001,45800000]
