CHR	POS	COUNT	FREQUENCY	Length_kb	Hotspot_interval
3	83700001	216	0.583784	100	[83700001,83800000]
3	83800001	225	0.608108	100	[83800001,83900000]
3	83900001	228	0.616216	100	[83900001,84000000]
3	84000001	216	0.583784	100	[84000001,84100000]
3	84100001	218	0.589189	100	[84100001,84200000]
3	84200001	233	0.62973	100	[84200001,84300000]
3	84300001	213	0.575676	300	[84300001,84600000]
3	84600001	214	0.578378	100	[84600001,84700000]
3	84800001	236	0.637838	100	[84800001,84900000]
3	83800000	216	0.583784	100	[83700001,83800000]
3	83900000	225	0.608108	100	[83800001,83900000]
3	84000000	228	0.616216	100	[83900001,84000000]
3	84100000	216	0.583784	100	[84000001,84100000]
3	84200000	218	0.589189	100	[84100001,84200000]
3	84300000	233	0.62973	100	[84200001,84300000]
3	84600000	213	0.575676	300	[84300001,84600000]
3	84700000	214	0.578378	100	[84600001,84700000]
3	84900000	236	0.637838	100	[84800001,84900000]
