CHR	POS	COUNT	FREQUENCY	Length_kb	Hotspot_interval
3	35700001	166	0.448649	300	[35700001,36000000]
3	36000001	173	0.467568	100	[36000001,36100000]
3	36100001	174	0.47027	100	[36100001,36200000]
3	36200001	172	0.464865	100	[36200001,36300000]
3	36300001	177	0.478378	100	[36300001,36400000]
3	36400001	178	0.481081	100	[36400001,36500000]
3	36500001	175	0.472973	100	[36500001,36600000]
3	36600001	169	0.456757	100	[36600001,36700000]
3	36000000	166	0.448649	300	[35700001,36000000]
3	36100000	173	0.467568	100	[36000001,36100000]
3	36200000	174	0.47027	100	[36100001,36200000]
3	36300000	172	0.464865	100	[36200001,36300000]
3	36400000	177	0.478378	100	[36300001,36400000]
3	36500000	178	0.481081	100	[36400001,36500000]
3	36600000	175	0.472973	100	[36500001,36600000]
3	36700000	169	0.456757	100	[36600001,36700000]
