Name	Under_selection	Window_based_Average_H_e
Hotspot_chr1_window_1	No	0.0962799471428571
Hotspot_chr28_window_1	No	0.118033950502457
Hotspot_chr24_window_1	No	0.186379605459734
Hotspot_chr13_window_1	No	0.190379636707164
Hotspot_chr11_window_2	No	0.205333454052534
Hotspot_chr15_window_1	No	0.223066921361373
Hotspot_chr11_window_1	No	0.225224679255833
Hotspot_chr6_window_1	No	0.232059593308333
Hotspot_chr8_window_1	No	0.259783524386111
