#IID	F_ROH	ROH_length_kB	KBAVG
4551	0.17669	16331.6	5443.87
4552	0.38409	35502.6	5917.09
4553	0.32812	30329.1	4332.73
4554	0.25708	23762.6	7920.87
4555	0.38388	35483	5913.83
4556	0.25884	23925.2	5981.29
4557	0.54835	50685.5	10137.1
4558	0.32259	29817.3	7454.31
4559	0.42263	39064.6	9766.16
4560	0.27720	25622.6	6405.64
4561	0.41238	38117.5	7623.5
4562	0.18397	17005.2	5668.4
4563	0.22767	21044.1	7014.69
4564	0.33747	31192.7	7798.17
4565	0.20927	19342.9	6447.64
4566	0.26223	24238.1	6059.51
4567	0.21304	19691.9	4922.98
4568	0.38383	35478.4	8869.6
4569	0.25146	23242.7	4648.53
4570	0.22990	21250.1	5312.52
4571	0.13416	12400.4	4133.46
4572	0.30345	28048.1	5609.62
4573	0.11359	10499.6	5249.82
4574	0.24911	23026	4605.2
4575	0.20880	19300.1	6433.36
4576	0.36482	33721.5	5620.26
4577	0.23720	21925.1	10962.6
4578	0.27874	25764.2	6441.06
4579	0.20820	19244.1	4811.03
4580	0.15040	13902.2	4634.05
4581	0.22925	21189.9	5297.48
4582	0.30798	28467.7	5693.54
4583	0.15102	13959.3	4653.1
4584	0.30482	28175.6	14087.8
4585	0.38030	35152.1	7030.43
4586	0.10647	9841.57	3280.52
4587	0.26927	24888.9	6222.23
4588	0.12376	11439.5	3813.17
4589	0.28377	26229.4	6557.35
4590	0.48639	44958.1	11239.5
4591	0.28849	26665.6	5333.12
4592	0.83284	76981.5	19245.4
4593	0.15271	14115	4704.99
4594	0.17255	15949.2	7974.59
4595	0.39917	36895.7	9223.92
4596	0.30107	27828.9	6957.23
4597	0.38994	36042.9	9010.72
4598	0.30054	27779.9	5555.98
4599	0.14110	13042.6	6521.3
4600	0.18773	17352.5	4338.13
