#IID	F_ROH	ROH_length_kB	KBAVG
8551	0.38409	35510.1	8877.53
8552	0.42676	39454.8	7890.96
8553	0.41310	38191.9	7638.37
8554	0.29304	27092.4	5418.48
8555	0.23328	21566.8	7188.92
8556	0.24254	22422.9	7474.31
8557	0.68277	63123.8	31561.9
8558	0.84235	77876.5	25958.8
8559	0.46376	42875.5	8575.1
8560	0.22464	20768.6	5192.16
8561	0.37572	34735.9	6947.19
8562	0.12923	11947.8	5973.89
8563	0.26754	24734.6	6183.64
8564	0.37719	34871.7	5811.94
8565	0.40182	37148.7	6191.44
8566	0.39661	36667.2	5238.18
8567	0.42244	39055.7	4881.96
8568	0.44583	41218	5888.29
8569	0.29354	27138.4	6784.59
8570	0.43232	39968.8	13322.9
8571	0.92637	85644.7	28548.2
8572	0.37829	34973.6	8743.39
8573	0.13754	12715.5	4238.5
8574	0.25452	23530.5	7843.49
8575	0.31209	28852.9	7213.23
8576	0.12036	11127.7	11127.7
8577	0.23091	21348.5	7116.16
8578	0.45287	41869	8373.79
8579	0.32856	30376.4	6075.27
8580	0.25753	23809.5	7936.51
8581	0.33354	30836.1	6167.22
8582	0.39985	36966.9	12322.3
8583	0.15581	14405	3601.26
8584	0.24690	22826.5	7608.82
8585	0.29931	27671.9	5534.38
8586	0.41713	38564.6	6427.43
8587	0.23255	21499.8	7166.59
8588	0.63617	58815	8402.15
8589	0.37916	35054.4	5842.4
8590	0.12226	11303.6	5651.79
8591	0.30919	28585.4	4764.24
8592	0.53030	49027.2	7003.88
8593	0.25123	23226.7	7742.22
8594	0.42634	39416.3	7883.26
8595	0.49235	45518.9	11379.7
8596	0.21939	20283.2	4056.64
8597	0.20782	19213	4803.25
8598	0.19325	17866.4	5955.48
8599	0.40467	37412.7	7482.54
8600	0.28079	25959.6	8653.2
