#IID	F_ROH	ROH_length_kB	KBAVG
4551	0.06521	6024.21	6024.21
4552	0.38006	35110	5851.67
4553	0.42810	39547.8	9886.95
4554	0.18792	17360.3	8680.13
4555	0.27278	25199.5	8399.82
4556	0.18559	17144.8	5714.93
4557	0.19150	17690.4	8845.2
4558	0.49970	46161.7	6594.52
4559	0.05136	4744.72	4744.72
4560	0.24807	22916.2	5729.05
4561	0.36839	34031.8	11343.9
4562	0.04283	3956.7	3956.7
4563	0.11843	10940.9	5470.47
4564	0.12585	11625.7	5812.87
4565	0.31931	29497.8	7374.46
4566	0.09048	8358.21	4179.1
4567	0.26106	24116.5	4019.42
4568	0.26249	24248.6	6062.15
4569	0.10744	9925.55	4962.77
4570	0.29802	27530.7	4588.45
4571	0.36477	33697.4	11232.5
4572	0.33302	30764.2	6152.84
4573	0.22215	20522.4	6840.81
4574	0.12475	11524.5	3841.48
4575	0.39906	36864.6	9216.16
4576	0.13139	12137.8	6068.88
4577	0.33399	30853.5	7713.38
4578	0.23614	21814.2	7271.39
4579	0.35514	32808	5468
4580	0.47345	43737.6	7289.6
4581	0.23443	21656.3	5414.08
4582	0.18763	17333.1	5777.69
4583	0.31071	28703.4	9567.81
4584	0.13198	12192.3	4064.09
4585	0.16961	15668.8	3917.19
4586	0.24961	23059	7686.35
4587	0.58910	54421	9070.16
4588	0.28503	26331.1	5266.23
4589	0.25308	23379.1	4675.83
4590	0.32824	30322.3	7580.59
4591	0.23662	21859.2	10929.6
4592	0.27119	25052.6	8350.86
4593	0.19923	18405	6134.98
4594	0.31760	29339.5	7334.89
4595	0.10287	9503.38	4751.69
4596	0.41053	37924.5	6320.75
4597	0.17682	16334.8	5444.93
4598	0.26587	24560.6	4912.11
4599	0.10845	10018.3	5009.16
4600	0.25789	23824.1	7941.37
