#IID	F_ROH	ROH_length_kB	KBAVG
4551	0.60095	55544	18514.7
4552	0.25597	23658.1	5914.54
4553	0.19961	18449.5	6149.83
4554	0.35579	32884.4	8221.11
4555	0.19847	18344.3	6114.77
4556	0.37447	34611.1	11537
4557	0.28345	26198.3	6549.56
4558	0.10527	9729.74	4864.87
4559	0.37323	34496	11498.7
4560	0.14202	13126.1	4375.36
4561	0.37882	35013.2	8753.3
4562	0.40500	37432.7	9358.18
4563	0.19429	17957.3	5985.78
4564	0.65583	60616.4	20205.5
4565	0.32217	29777.1	7444.29
4566	0.36925	34128.1	11376
4567	0.55200	51019.2	7288.46
4568	0.31853	29441	9813.66
4569	0.57566	53206.4	13301.6
4570	0.33270	30750.6	10250.2
4571	0.40551	37479.7	6246.61
4572	0.19764	18267.1	6089.02
4573	0.41946	38769.4	6461.57
4574	0.56594	52307.5	10461.5
4575	0.41853	38683.2	6447.2
4576	0.16313	15077.7	7538.85
4577	0.44497	41126.7	8225.34
4578	0.60634	56042.4	7005.31
4579	0.28255	26115.4	8705.12
4580	0.47146	43575.6	7262.6
4581	0.14855	13729.8	4576.59
4582	0.34350	31748.9	5291.49
4583	0.08414	7777.16	3888.58
4584	0.17652	16315.4	8157.72
4585	0.56450	52175	13043.7
4586	0.45410	41970.6	8394.13
4587	0.12135	11215.6	3738.54
4588	0.20963	19375.8	4843.96
4589	0.25724	23775.7	5943.91
4590	0.19185	17732.1	5910.71
4591	0.17057	15765.3	5255.09
4592	0.08815	8147.68	8147.68
4593	0.20524	18969.5	6323.17
4594	0.41699	38540.8	9635.19
4595	0.27268	25202.7	6300.67
4596	0.49462	45715.8	11429
4597	0.31796	29387.6	7346.89
4598	0.21977	20312.9	5078.22
4599	0.23887	22078.3	5519.59
4600	0.26988	24944	6236
