#IID	F_ROH	ROH_length_kB	KBAVG
4551	0.12709	11739.7	5869.84
4552	0.23656	21851.5	4370.3
4553	0.40275	37203.4	6200.57
4554	0.20339	18787.5	9393.74
4555	0.50090	46269.7	23134.8
4556	0.13397	12374.9	4124.97
4557	0.33457	30905.3	5150.89
4558	0.30926	28567.2	4761.2
4559	0.34368	31746.3	7936.58
4560	0.25553	23603.6	4720.72
4561	0.35140	32460.1	5410.02
4562	0.27419	25327.5	8442.49
4563	0.14057	12984.6	4328.19
4564	0.15753	14551.4	3637.86
4565	0.05768	5328.29	5328.29
4566	0.35384	32685.4	10895.1
4567	0.40323	37247.1	9311.77
4568	0.42890	39618.9	7923.79
4569	0.29870	27591.3	13795.6
4570	0.22170	20478.6	6826.2
4571	0.10662	9848.78	9848.78
4572	0.29925	27642.9	27642.9
4573	0.09378	8662.9	4331.45
4574	0.31348	28957.3	5791.45
4575	0.30472	28148.3	4691.38
4576	0.55609	51367.7	10273.5
4577	0.22096	20410.6	6803.54
4578	0.20125	18590.1	6196.71
4579	0.33921	31334.2	10444.7
4580	0.18854	17416.4	5805.47
4581	0.14409	13309.9	6654.93
4582	0.37070	34242.2	8560.54
4583	0.31685	29268.6	4878.1
4584	0.46206	42681.4	10670.3
4585	0.33582	31020.3	6204.06
4586	0.14664	13545.3	4515.09
4587	0.04341	4010.2	4010.2
4588	0.13419	12395.4	4131.81
4589	0.16193	14957.8	4985.94
4590	0.19084	17628.5	4407.13
4591	0.04407	4071.02	4071.02
4592	0.40490	37402	7480.4
4593	0.47377	43763.7	7293.96
4594	0.03419	3158.2	3158.2
4595	0.08160	7537.25	3768.62
4596	0.34740	32090.6	16045.3
4597	0.05721	5284.58	5284.58
4598	0.28829	26630.6	5326.11
4599	0.28249	26094.2	6523.56
4600	0.33095	30570.5	5095.08
