#IID	F_ROH	ROH_length_kB	KBAVG
2551	0.40803	37718.2	9429.54
2552	0.31560	29173.9	5834.79
2553	0.31420	29044.4	7261.11
2554	0.31044	28696.8	4099.54
2555	0.15361	14199.4	7099.71
2556	0.18662	17250.6	3450.13
2557	0.13647	12615.1	6307.54
2558	0.27896	25786.7	8595.57
2559	0.30401	28102.5	9367.5
2560	0.13618	12588.6	4196.21
2561	0.47185	43618	6231.14
2562	0.17954	16596.5	16596.5
2563	0.28159	26030	8676.68
2564	0.30849	28516.3	14258.1
2565	0.29583	27346.1	6836.52
2566	0.37170	34360.1	6872.03
2567	0.53950	49871.2	12467.8
2568	0.16034	14822.1	7411.06
2569	0.23476	21701.3	5425.34
2570	0.28030	25910.5	12955.2
2571	0.42642	39418	13139.3
2572	0.45938	42464.4	10616.1
2573	0.21399	19781.2	6593.74
2574	0.26710	24690.2	8230.05
2575	0.04606	4257.71	4257.71
2576	0.52274	48321.6	16107.2
2577	0.23727	21933.4	7311.14
2578	0.58038	53650.4	26825.2
2579	0.27074	25027	5005.4
2580	0.25053	23158.5	7719.51
2581	0.28857	26675	6668.74
2582	0.08168	7550.32	3775.16
2583	0.08013	7407.15	3703.58
2584	0.41140	38029.7	6338.28
2585	0.07391	6831.91	3415.95
2586	0.27603	25516.4	12758.2
2587	0.20888	19308.6	6436.19
2588	0.21861	20207.8	6735.94
2589	0.31565	29178.6	5835.71
2590	0.35805	33097.9	11032.6
2591	0.21241	19635.3	6545.11
2592	0.11002	10170.2	5085.11
2593	0.23249	21491.3	5372.83
2594	0.16078	14862.3	4954.12
2595	0.12908	11932	5966.01
2596	0.36610	33842.4	5640.4
2597	0.17470	16149.3	4037.32
2598	0.19288	17829.7	17829.7
2599	0.78770	72814.8	24271.6
2600	0.16605	15350	15350
