#IID	F_ROH	ROH_length_kB	KBAVG
8551	0.24578	22715	4543.01
8552	0.19289	17826.8	3565.36
8553	0.13347	12335.2	3083.8
8554	0.23658	21865.1	3644.18
8555	0.40544	37471.2	6245.2
8556	0.21703	20058.7	5014.69
8557	0.06837	6318.72	3159.36
8558	0.20739	19167.4	3194.56
8559	0.27116	25061.2	4176.87
8560	0.31920	29500.8	5900.16
8561	0.24525	22666.1	3238.01
8562	0.35867	33149.1	4735.59
8563	0.36991	34188	6837.59
8564	0.32408	29952.1	5990.41
8565	0.19063	17618.8	3523.75
8566	0.38234	35336.4	5889.4
8567	0.44954	41547.3	4616.36
8568	0.25176	23268.3	4653.67
8569	0.26852	24816.8	3545.25
8570	0.16035	14819.7	7409.84
8571	0.22466	20763.8	2966.25
8572	0.16661	15398.3	3849.58
8573	0.06483	5992.11	2996.05
8574	0.31910	29491.9	5898.37
8575	0.29580	27338	6834.5
8576	0.18895	17463.3	3492.66
8577	0.26189	24203.9	8067.95
8578	0.27659	25563.1	4260.51
8579	0.28840	26654.6	4442.43
8580	0.22674	20955.7	3492.61
8581	0.34142	31555.1	3944.39
8582	0.34056	31475.6	6295.13
8583	0.35623	32923.7	6584.75
8584	0.34742	32109.2	4013.65
8585	0.36585	33812.5	4226.56
8586	0.19404	17933.4	5977.79
8587	0.25399	23473.8	5868.45
8588	0.44452	41083.6	6847.26
8589	0.28650	26478.9	3782.7
8590	0.29994	27720.9	5544.18
8591	0.14021	12958.2	3239.54
8592	0.35472	32783.6	4097.95
8593	0.12475	11529.5	2882.38
8594	0.27032	24983.5	4996.69
8595	0.31467	29082.1	4154.59
8596	0.31253	28884.5	5776.89
8597	0.36009	33280.3	6656.06
8598	0.29295	27074.7	3867.82
8599	0.22922	21184.6	4236.92
8600	0.12953	11971.1	3990.38
