#IID	F_ROH	ROH_length_kB	KBAVG
2551	0.24338	22470.3	4494.07
2552	0.33472	30902.6	7725.65
2553	0.16148	14908.2	7454.1
2554	0.17496	16152.9	5384.29
2555	0.24987	23068.8	4613.75
2556	0.38443	35491.9	7098.38
2557	0.22676	20935.7	3489.29
2558	0.09741	8993.11	4496.55
2559	0.08839	8160.65	4080.33
2560	0.28928	26708	8902.68
2561	0.28893	26675.4	6668.86
2562	0.11980	11060.6	5530.31
2563	0.10117	9340.46	4670.23
2564	0.15805	14592.3	4864.1
2565	0.34647	31987.7	7996.92
2566	0.19274	17795	4448.75
2567	0.19677	18166.5	4541.62
2568	0.25844	23860.3	4772.07
2569	0.33091	30551.2	6110.23
2570	0.18694	17259	4314.74
2571	0.21857	20179.5	6726.49
2572	0.35269	32561.8	6512.36
2573	0.34980	32294.9	6458.99
2574	0.25636	23668	5917
2575	0.27946	25800.6	5160.12
2576	0.22805	21054.9	7018.31
2577	0.33205	30656.6	7664.15
2578	0.26541	24503.9	8167.96
2579	0.22728	20983.2	6994.41
2580	0.29197	26955.5	5391.09
2581	0.29720	27438.6	6859.66
2582	0.06126	5655.4	5655.4
2583	0.28779	26570.2	5314.03
2584	0.12089	11161	5580.5
2585	0.27077	24998.8	8332.94
2586	0.17476	16134.6	4033.66
2587	0.37922	35010.8	7002.16
2588	0.57621	53198.3	8866.38
2589	0.22338	20623.6	4124.71
2590	0.29667	27390	5478.01
2591	0.59014	54484.7	18161.6
2592	0.19053	17590.2	4397.56
2593	0.24175	22319.8	7439.94
2594	0.11982	11062.7	5531.35
2595	0.44191	40798.8	8159.75
2596	0.25972	23978.4	3425.49
2597	0.08758	8085.63	4042.82
2598	0.40549	37436.3	4159.59
2599	0.10156	9376.07	4688.03
2600	0.30149	27834.6	3976.36
