#IID	F_ROH	ROH_length_kB	KBAVG
4551	0.12777	11811.8	11811.8
4552	0.05216	4822.08	4822.08
4553	0.37551	34713.1	8678.27
4554	0.03212	2969.29	2969.29
4555	0.17077	15786.3	5262.09
4556	0.09151	8459.61	4229.81
4557	0.22159	20484.4	6828.13
4558	0.26873	24842.6	8280.86
4559	0.13323	12316	3079.01
4560	0.25927	23967.6	5991.89
4561	0.12626	11672.1	5836.05
4562	0.23800	22001.5	7333.82
4563	0.11790	10899.3	3633.1
4564	0.16755	15488.9	7744.43
4565	0.15165	14019.3	4673.11
4566	0.47493	43904.1	10976
4567	0.11984	11078.7	3692.9
4568	0.19680	18193.2	4548.3
4569	0.03212	2969.29	2969.29
4570	0.09157	8465.32	4232.66
4571	0.23072	21328.3	7109.44
4572	0.07426	6865.09	3432.55
4573	0.11645	10765.1	3588.35
4574	0.30071	27798.6	6949.65
4575	0.41082	37977.9	6329.65
4576	0.14137	13069.2	4356.41
4577	0.16750	15483.9	5161.28
4578	0.15121	13978.3	4659.45
4579	0.16218	14992.9	7496.44
4580	0.07426	6864.56	3432.28
4581	0.09884	9137	3045.67
4582	0.15115	13973.2	4657.75
4583	0.31847	29440.1	7360.02
4584	0.38272	35380.3	7076.06
4585	0.23736	21942.1	5485.52
4586	0.10718	9908.56	9908.56
4587	0.17794	16449.7	5483.23
4588	0.18807	17385.5	8692.77
4589	0.17189	15890.5	5296.85
4590	0.35331	32660.9	16330.5
4591	0.20733	19166.7	4791.66
4592	0.09608	8882.35	4441.17
4593	0.21980	20319.4	10159.7
4594	0.05096	4710.54	4710.54
4595	0.20711	19146.3	6382.08
4596	0.11761	10871.9	3623.96
4597	0.15421	14255.9	4751.96
4598	0.07784	7195.48	7195.48
4599	0.24886	23005.3	5751.33
4600	0.07612	7036.44	7036.44
