#IID	F_ROH	ROH_length_kB	KBAVG
10551	0.14890	13769.1	4589.71
10552	0.11382	10524.9	3508.29
10553	0.25105	23214.5	7738.17
10554	0.19124	17684.2	4421.04
10555	0.23498	21728.9	10864.4
10556	0.18474	17083.2	4270.81
10557	0.17042	15759	5253.01
10558	0.26513	24516.3	4086.04
10559	0.30511	28213.7	7053.43
10560	0.22447	20757.1	6919.03
10561	0.19510	18041.1	3608.22
10562	0.24020	22211.5	5552.87
10563	0.43204	39950.8	13316.9
10564	0.41001	37913.6	9478.4
10565	0.28014	25904.3	12952.2
10566	0.11928	11029.7	5514.83
10567	0.15345	14189.7	4729.91
10568	0.38908	35978.4	7195.67
10569	0.22446	20756.2	6918.75
10570	0.16107	14894	4964.68
10571	0.10416	9632.11	4816.06
10572	0.17170	15877.2	5292.4
10573	0.22646	20940.7	10470.4
10574	0.27309	25252.3	12626.2
10575	0.24752	22888.1	4577.62
10576	0.20137	18620.5	6206.84
10577	0.10283	9508.73	3169.58
10578	0.12951	11975.5	3991.84
10579	0.14897	13775.5	4591.82
10580	0.24389	22552.5	5638.13
10581	0.23969	22164.5	11082.2
10582	0.22824	21105.4	5276.35
10583	0.71963	66544.5	22181.5
10584	0.22967	21237.6	5309.41
10585	0.44396	41052.9	8210.58
10586	0.55111	50961.2	16987.1
10587	0.31972	29564.7	5912.94
10588	0.33668	31132.7	10377.6
10589	0.11733	10850	5424.99
10590	0.27444	25377.8	8459.27
10591	0.15140	14000.2	7000.09
10592	0.27622	25542.3	5108.45
10593	0.23277	21524.5	7174.85
10594	0.39126	36179.5	7235.9
10595	0.17639	16310.8	5436.95
10596	0.30950	28619.4	7154.84
10597	0.08858	8190.76	2730.25
10598	0.31972	29564.7	7391.17
10599	0.32001	29591.6	4931.93
10600	0.27756	25666.4	12833.2
