#IID	F_ROH	ROH_length_kB	KBAVG
40551	0.36754	33954.5	8488.62
40552	0.40424	37345.1	9336.28
40553	0.25429	23492.1	5873.03
40554	0.11799	10900.5	5450.23
40555	0.28458	26290.5	8763.49
40556	0.36957	34141.9	5690.32
40557	0.09037	8348.24	4174.12
40558	0.37071	34247.4	4892.49
40559	0.35000	32333.5	6466.69
40560	0.29511	27263.1	9087.7
40561	0.31871	29443.6	5888.71
40562	0.19422	17942.3	5980.77
40563	0.30318	28008.9	7002.22
40564	0.15955	14740	7369.99
40565	0.40110	37054.8	7410.96
40566	0.31706	29290.8	7322.71
40567	0.20987	19388.4	4847.1
40568	0.32094	29649.3	5929.86
40569	0.12763	11790.8	5895.41
40570	0.00000	0	0
40571	0.20919	19325.7	6441.9
40572	0.36749	33949.3	16974.6
40573	0.29931	27651.1	13825.6
40574	0.31834	29408.8	14704.4
40575	0.25928	23952.8	4790.56
40576	0.22143	20456.1	5114.01
40577	0.17666	16320.5	8160.26
40578	0.26518	24498	6124.49
40579	0.69550	64251.6	21417.2
40580	0.26336	24330.1	4866.01
40581	0.18411	17008.6	8504.28
40582	0.34333	31717.8	7929.45
40583	0.30240	27936	3990.85
40584	0.21694	20041.3	10020.6
40585	0.08328	7693.22	7693.22
40586	0.31971	29535.7	7383.93
40587	0.17204	15893.9	5297.97
40588	0.27545	25446.7	6361.68
40589	0.07353	6793.29	6793.29
40590	0.29713	27449.3	6862.32
40591	0.54344	50203.9	8367.32
40592	0.22313	20613.1	6871.03
40593	0.24970	23068.3	4613.66
40594	0.35033	32364	10788
40595	0.37279	34438.9	8609.72
40596	0.62096	57366.1	19122
40597	0.19189	17727.7	5909.23
40598	0.05038	4654.06	4654.06
40599	0.20049	18521.7	6173.91
40600	0.38810	35853.3	17926.7
