#IID	F_ROH	ROH_length_kB	KBAVG
8551	0.06426	5935.21	2967.6
8552	0.54357	50206.9	16735.6
8553	0.19319	17843.8	4460.96
8554	0.02849	2631	2631
8555	0.18993	17543.1	4385.76
8556	0.24915	23012.2	4602.44
8557	0.23408	21620.5	7206.84
8558	0.26159	24161.6	8053.88
8559	0.13312	12295.4	6147.71
8560	0.10670	9855.25	3285.08
8561	0.12004	11087.5	5543.75
8562	0.16875	15586.3	5195.44
8563	0.27671	25558.3	5111.65
8564	0.08105	7486.26	3743.13
8565	0.46331	42793	10698.3
8566	0.16163	14929.3	4976.44
8567	0.12093	11169.9	5584.96
8568	0.11007	10166.9	5083.47
8569	0.11172	10319.1	3439.7
8570	0.14875	13739.4	4579.8
8571	0.21700	20043.3	5010.82
8572	0.29570	27312.4	6828.11
8573	0.24399	22536.4	7512.12
8574	0.19196	17730.5	3546.1
8575	0.20913	19316.4	19316.4
8576	0.08928	8245.94	4122.97
8577	0.05589	5162.37	5162.37
8578	0.04778	4412.89	4412.89
8579	0.12910	11924.6	3974.85
8580	0.24107	22266.3	5566.57
8581	0.10502	9699.82	3233.27
8582	0.64027	59138.5	59138.5
8583	0.04535	4188.88	4188.88
8584	0.35126	32443.7	6488.73
8585	0.30360	28042.1	4673.68
8586	0.51139	47234.6	11808.6
8587	0.44480	41083.7	6847.28
8588	0.07970	7361.75	3680.87
8589	0.08749	8080.93	4040.46
8590	0.19161	17697.9	4424.47
8591	0.17449	16116.6	3223.32
8592	0.24830	22933.9	4586.78
8593	0.27440	25344.4	6336.1
8594	0.06964	6432.13	6432.13
8595	0.22922	21171.6	5292.91
8596	0.06129	5661.07	5661.07
8597	0.12190	11259.5	3753.17
8598	0.20763	19177.8	4794.45
8599	0.21081	19471.5	6490.49
8600	0.20134	18597.1	9298.55
