#IID	F_ROH	ROH_length_kB	KBAVG
16551	0.09184	8487.33	8487.33
16552	0.23282	21515.4	7171.79
16553	0.10618	9812.13	4906.07
16554	0.20097	18571.6	6190.52
16555	0.24916	23024.8	7674.93
16556	0.19183	17727	5909
16557	0.04808	4443.07	4443.07
16558	0.28449	26289.9	13144.9
16559	0.62689	57931.4	28965.7
16560	0.23434	21655.3	5413.82
16561	0.21209	19599.3	4899.84
16562	0.09822	9076.87	3025.62
16563	0.37113	34296.5	11432.2
16564	0.12619	11661.2	5830.58
16565	0.43688	40372.7	10093.2
16566	0.03969	3667.51	3667.51
16567	0.19247	17786.2	5928.74
16568	0.38738	35798.2	11932.7
16569	0.44521	41142.7	8228.55
16570	0.87031	80426.1	40213.1
16571	0.57377	53022.5	53022.5
16572	0.19205	17747.6	8873.82
16573	0.20178	18646.6	4661.65
16574	0.46404	42882.8	6126.11
16575	0.09623	8893.06	4446.53
16576	0.20422	18872.1	6290.71
16577	0.22990	21245	5311.26
16578	0.11832	10933.9	10933.9
16579	0.15517	14339.8	7169.91
16580	0.21197	19588.7	6529.57
16581	0.10449	9656.28	4828.14
16582	0.83636	77289	25763
16583	0.25661	23713.2	5928.3
16584	0.19500	18020.5	9010.27
16585	0.34388	31778.6	6355.71
16586	0.27288	25217.2	12608.6
16587	0.14985	13847.7	4615.88
16588	0.42818	39568.3	9892.07
16589	0.09649	8916.37	4458.18
16590	0.57959	53560	10712
16591	0.19165	17710.5	5903.51
16592	0.11777	10882.9	5441.45
16593	0.18061	16690.1	5563.37
16594	0.27905	25787	8595.66
16595	0.00000	0	0
16596	0.16205	14974.8	7487.41
16597	0.09846	9099.15	4549.57
16598	0.34101	31513.3	15756.6
16599	0.38702	35764.7	5960.79
16600	0.31830	29414	5882.8
