#IID	F_ROH	ROH_length_kB	KBAVG
36551	0.21863	20212.7	5053.16
36552	0.54877	50735	12683.8
36553	0.31900	29492.5	7373.13
36554	0.27888	25783.1	8594.37
36555	0.21731	20090.4	4018.09
36556	0.40107	37079.8	12359.9
36557	0.24448	22602.2	5650.54
36558	0.27475	25401.1	5080.21
36559	0.26576	24570.1	3510.01
36560	0.09757	9020.22	9020.22
36561	0.45740	42287.4	8457.48
36562	0.21081	19489.6	3897.92
36563	0.29152	26951.4	8983.8
36564	0.09393	8683.7	8683.7
36565	0.15194	14046.8	3511.69
36566	0.45426	41997.3	8399.45
36567	0.57450	53113.5	10622.7
36568	0.27929	25821	8607
36569	0.07244	6697.1	3348.55
36570	0.20401	18861.1	4715.28
36571	0.15073	13935.1	6967.56
36572	0.07663	7084.94	7084.94
36573	0.27831	25730.3	8576.76
36574	0.30587	28278.1	14139
36575	0.34374	31779.7	6355.94
36576	0.17521	16198.3	4049.59
36577	0.10970	10141.8	10141.8
36578	0.15650	14469	7234.48
36579	0.29251	27043.5	9014.51
36580	0.13970	12915.3	3228.83
36581	0.30191	27911.9	5582.38
36582	0.16868	15594.9	7797.45
36583	0.23911	22106.3	7368.75
36584	0.42955	39712.4	6618.74
36585	0.17386	16074	5358
36586	0.50078	46297.9	4629.79
36587	0.23911	22106.3	7368.75
36588	0.37150	34346.2	6869.24
36589	0.14276	13198.2	6599.08
36590	0.34750	32126.7	4589.53
36591	0.13460	12444.1	6222.05
36592	0.20465	18920.3	4730.08
36593	0.23956	22147.6	5536.9
36594	0.05823	5383.3	2691.65
36595	0.24559	22705.1	7568.37
36596	0.04235	3915.7	3915.7
36597	0.26945	24911.1	6227.76
36598	0.36056	33334.5	8333.62
36599	0.28501	26349.5	6587.38
36600	0.22839	21114.9	7038.3
