#IID	F_ROH	ROH_length_kB	KBAVG
2551	0.24928	23048.1	5762.03
2552	0.35093	32447.2	6489.43
2553	0.30051	27784.7	5556.94
2554	0.40775	37700.3	7540.06
2555	0.25087	23195.7	11597.8
2556	0.31158	28809	9603.01
2557	0.29765	27521.1	9173.69
2558	0.47245	43682.7	14560.9
2559	0.36202	33472.2	8368.05
2560	0.48724	45050.2	9010.04
2561	0.14001	12945	4315
2562	0.19229	17779.3	8889.66
2563	0.07176	6635.23	3317.62
2564	0.40951	37863.4	7572.68
2565	0.24056	22241.9	7413.97
2566	0.15436	14272.2	14272.2
2567	0.09017	8337.36	4168.68
2568	0.38164	35286.8	8821.7
2569	0.18521	17124.4	5708.12
2570	0.44853	41471.2	8294.25
2571	0.39578	36593.5	18296.7
2572	0.22799	21079.9	5269.97
2573	0.49104	45401.1	9080.23
2574	0.27100	25057	6264.25
2575	0.38135	35259.3	7051.85
2576	0.58313	53916.3	8986.05
2577	0.31518	29141.6	9713.87
2578	0.04952	4578.67	4578.67
2579	0.24650	22790.9	7596.97
2580	0.51400	47524.7	11881.2
2581	0.52468	48511.6	12127.9
2582	0.34288	31702.5	15851.3
2583	0.69817	64552.8	21517.6
2584	0.12071	11160.5	3720.16
2585	0.25768	23824.8	7941.6
2586	0.10908	10085.1	5042.55
2587	0.10262	9488.59	4744.3
2588	0.63378	58599	19533
2589	0.42256	39069.5	6511.59
2590	0.21906	20254.1	5063.52
2591	0.25732	23792	11896
2592	0.25885	23933.3	4786.66
2593	0.31935	29526.6	7381.66
2594	0.45424	41999	13999.7
2595	0.46467	42963.2	8592.65
2596	0.09665	8935.9	4467.95
2597	0.25048	23159.5	4631.9
2598	0.41577	38442.1	6407.02
2599	0.33797	31248.5	10416.2
2600	0.30388	28097	7024.26
