#IID	F_ROH	ROH_length_kB	KBAVG
4551	0.59227	54745.5	13686.4
4552	0.29180	26972.2	4495.37
4553	0.53037	49024	8170.67
4554	0.18465	17068	5689.33
4555	0.43586	40287.9	8057.57
4556	0.34791	32158.1	10719.4
4557	0.29273	27058.4	4509.74
4558	0.29659	27414.6	6853.65
4559	0.42699	39468.4	9867.09
4560	0.87272	80668.3	40334.1
4561	0.60185	55630.7	9271.79
4562	0.38725	35794.4	7158.88
4563	0.32261	29820.3	5964.05
4564	0.37697	34844.2	8711.04
4565	0.38699	35770.7	5110.1
4566	0.16227	14999.3	4999.77
4567	0.18493	17093.4	8546.69
4568	0.31094	28741.2	9580.41
4569	0.17187	15886.4	5295.46
4570	0.47644	44038.6	8807.71
4571	0.42249	39052.2	9763.06
4572	0.53110	49091.5	12272.9
4573	0.50936	47081.8	5231.31
4574	0.33273	30755.4	6151.08
4575	0.21267	19657.9	4914.46
4576	0.39054	36098.7	7219.73
4577	0.33234	30719	5119.83
4578	0.23973	22158.6	4431.73
4579	0.52486	48514.1	6930.58
4580	0.29921	27656.9	5531.39
4581	0.35650	32952.4	5492.06
4582	0.28220	26084.5	8694.83
4583	0.39863	36846.6	6141.09
4584	0.29425	27198.3	3885.47
4585	0.16072	14855.5	7427.73
4586	0.22166	20488.3	4097.65
4587	0.23423	21650.3	4330.05
4588	0.13257	12254	6126.98
4589	0.29842	27583.9	6895.98
4590	0.29439	27211.4	5442.27
4591	0.23576	21792.2	5448.04
4592	0.28697	26525.2	5305.03
4593	0.19974	18462.7	6154.23
4594	0.57728	53359.9	10672
4595	0.13022	12036.4	4012.14
4596	0.44430	41068	10267
4597	0.69834	64550.1	32275
4598	0.19076	17632.2	8816.08
4599	0.19907	18400.7	6133.57
4600	0.43360	40078.9	8015.79
