#IID	F_ROH	ROH_length_kB	KBAVG
12551	0.12881	11898.7	5949.35
12552	0.30262	27954.5	5590.9
12553	0.45361	41901.9	10475.5
12554	0.23531	21736.4	4347.27
12555	0.36006	33260.3	5543.38
12556	0.39010	36035.3	9008.82
12557	0.22760	21024.2	4204.84
12558	0.36307	33537.8	6707.57
12559	0.17729	16377.1	5459.03
12560	0.26077	24088.6	6022.15
12561	0.12025	11107.7	11107.7
12562	0.18420	17015.4	4253.86
12563	0.28109	25965	5192.99
12564	0.14836	13704.2	4568.06
12565	0.22271	20572.7	4114.53
12566	0.26022	24037.3	6009.33
12567	0.16667	15395.5	7697.76
12568	0.48447	44751.9	7458.65
12569	0.15047	13899.8	6949.89
12570	0.33068	30546.5	5091.08
12571	0.15748	14547.1	7273.53
12572	0.23700	21892.5	5473.11
12573	0.32653	30162.4	6032.48
12574	0.11135	10285.8	5142.9
12575	0.33942	31353.8	7838.44
12576	0.30199	27896.1	5579.22
12577	0.27290	25209	8403
12578	0.35195	32510.7	6502.14
12579	0.44802	41385.1	10346.3
12580	0.14676	13556.6	4518.87
12581	0.31733	29312.5	5862.5
12582	0.53418	49344.5	9868.89
12583	0.32315	29850.2	4975.04
12584	0.16571	15306.8	7653.4
12585	0.35259	32569.8	8142.46
12586	0.28391	26225.5	5245.11
12587	0.33988	31396	7849
12588	0.34064	31465.8	7866.46
12589	0.37332	34484.8	6896.97
12590	0.49614	45830.3	15276.8
12591	0.55323	51103.8	17034.6
12592	0.42720	39461.8	7892.36
12593	0.31237	28854.8	4809.13
12594	0.56520	52209.3	7458.47
12595	0.35700	32977.8	16488.9
12596	0.40898	37779.1	9444.77
12597	0.25640	23684.5	7894.84
12598	0.26472	24453.5	4890.7
12599	0.27040	24977.7	6244.43
12600	0.27738	25622.7	5124.54
