#IID	F_ROH	ROH_length_kB	KBAVG
2551	0.25973	24010.2	6002.55
2552	0.41406	38276.1	9569.02
2553	0.25113	23214.8	4642.96
2554	0.41987	38813.2	7762.63
2555	0.21388	19771.1	4942.78
2556	0.42586	39367.5	7873.5
2557	0.32391	29943	9980.99
2558	0.31840	29433.8	9811.26
2559	0.32851	30368.1	7592.02
2560	0.35658	32962.5	5493.75
2561	0.38704	35779	5111.28
2562	0.14184	13112.2	6556.1
2563	0.27144	25092.5	6273.13
2564	0.40401	37347.2	7469.43
2565	0.44764	41380.5	6896.75
2566	0.48642	44965.5	5620.69
2567	0.09045	8361.09	4180.55
2568	0.31549	29164.3	7291.08
2569	0.36810	34027.9	8506.97
2570	0.36124	33394	5565.67
2571	0.11170	10325.9	5162.95
2572	0.52290	48337.8	12084.5
2573	0.72705	67210	16802.5
2574	0.26433	24435.2	6108.8
2575	0.30697	28377.2	4053.89
2576	0.45847	42382	10595.5
2577	0.22881	21151.6	5287.91
2578	0.52467	48501.7	9700.33
2579	0.13695	12659.5	3164.86
2580	0.57182	52859.8	17619.9
2581	0.80485	74401.6	18600.4
2582	0.28465	26313.8	6578.46
2583	0.41484	38348.3	6391.39
2584	0.35812	33105.1	5517.52
2585	0.35090	32438	6487.6
2586	0.40011	36986.5	5283.79
2587	0.48630	44953.9	7492.32
2588	0.46633	43108.7	8621.75
2589	0.43707	40403.5	8080.69
2590	0.37911	35045.8	7009.16
2591	0.36891	34102.3	8525.58
2592	0.31160	28804.9	9601.62
2593	0.23830	22028.8	5507.2
2594	0.50264	46464.5	15488.2
2595	0.40075	37046.1	12348.7
2596	0.36917	34126.6	8531.66
2597	0.45876	42408.9	10602.2
2598	0.13684	12649.9	4216.62
2599	0.43391	40111.5	13370.5
2600	0.52694	48710.8	12177.7
