#IID	F_ROH	ROH_length_kB	KBAVG
2551	0.07590	7018.69	7018.69
2552	0.29585	27356.9	6839.23
2553	0.20080	18567.8	6189.28
2554	0.11182	10339.3	5169.65
2555	0.43282	40021.5	10005.4
2556	0.51496	47617.6	9523.52
2557	0.82695	76466.3	12744.4
2558	0.36776	34005.6	11335.2
2559	0.34237	31658.3	4522.61
2560	0.38923	35991.6	7198.31
2561	0.42106	38934.5	7786.89
2562	0.40346	37307.1	7461.42
2563	0.44500	41148.2	6858.03
2564	0.34839	32214.8	6442.97
2565	0.48629	44966.2	7494.37
2566	0.29954	27697.4	4616.23
2567	0.29551	27324.8	5464.97
2568	0.54608	50494.8	10099
2569	0.56255	52017.7	10403.5
2570	0.38488	35588.8	7117.75
2571	0.49981	46216.3	23108.2
2572	0.36942	34159.5	6831.9
2573	0.50492	46688.7	7781.45
2574	0.38458	35561.2	7112.25
2575	0.32333	29898	7474.51
2576	0.23793	22000.9	5500.21
2577	0.26023	24063	4812.6
2578	0.28749	26583.8	6645.96
2579	0.29194	26995.2	4499.2
2580	0.33819	31271.9	6254.37
2581	0.64497	59638.7	19879.6
2582	0.10888	10067.9	5033.95
2583	0.30814	28492.6	5698.52
2584	0.35605	32922.9	5487.15
2585	0.30328	28043.5	7010.89
2586	0.31344	28983.2	7245.81
2587	0.42224	39044	7808.8
2588	0.36637	33877.6	11292.5
2589	0.32021	29609.4	7402.35
2590	0.32779	30310.2	6062.04
2591	0.38881	35952.4	7190.48
2592	0.43139	39889.9	5698.55
2593	0.13092	12105.5	4035.17
2594	0.96377	89117.7	44558.9
2595	0.26168	24196.5	8065.5
2596	0.50637	46822.7	23411.3
2597	0.33092	30599.4	7649.84
2598	0.72791	67307.9	13461.6
2599	0.61548	56912.2	9485.37
2600	0.19328	17872.3	5957.44
