Name	Under_selection	Window_based_Average_H_e
Hotspot_chr28_window_1	No	0.0724411212960884
Hotspot_chr6_window_1	No	0.0909173474694126
Hotspot_chr1_window_1	No	0.0993272939654558
Hotspot_chr11_window_2	No	0.113009524267108
Hotspot_chr15_window_1	No	0.115001167165023
Hotspot_chr24_window_1	No	0.121095920272038
Hotspot_chr13_window_1	No	0.125285163274548
Hotspot_chr11_window_1	No	0.157736736255946
Hotspot_chr8_window_1	No	0.222848080613193
