CHR	POS	COUNT	FREQUENCY	Length_kb	Hotspot_interval
3	14900001	72	0.8	100	[14900001,15000000]
3	15000001	73	0.811111	300	[15000001,15300000]
3	15300001	75	0.833333	1300	[15300001,16600000]
3	16600001	77	0.855556	1400	[16600001,18000000]
3	18000001	84	0.933333	600	[18000001,18600000]
3	18600001	81	0.9	400	[18600001,19000000]
3	19000001	76	0.844444	1800	[19000001,20800000]
3	20800001	74	0.822222	1800	[20800001,22600000]
3	22600001	75	0.833333	100	[22600001,22700000]
3	22700001	74	0.822222	700	[22700001,23400000]
3	23400001	73	0.811111	1600	[23400001,25000000]
3	25900001	72	0.8	800	[25900001,26700000]
3	26700001	71	0.788889	1300	[26700001,28000000]
3	28600001	76	0.844444	600	[28600001,29200000]
3	30200001	83	0.922222	300	[30200001,30500000]
3	30500001	81	0.9	600	[30500001,31100000]
3	31100001	77	0.855556	500	[31100001,31600000]
3	31600001	90	1	8500	[31600001,40100000]
3	40500001	74	0.822222	600	[40500001,41100000]
3	15000000	72	0.8	100	[14900001,15000000]
3	15300000	73	0.811111	300	[15000001,15300000]
3	16600000	75	0.833333	1300	[15300001,16600000]
3	18000000	77	0.855556	1400	[16600001,18000000]
3	18600000	84	0.933333	600	[18000001,18600000]
3	19000000	81	0.9	400	[18600001,19000000]
3	20800000	76	0.844444	1800	[19000001,20800000]
3	22600000	74	0.822222	1800	[20800001,22600000]
3	22700000	75	0.833333	100	[22600001,22700000]
3	23400000	74	0.822222	700	[22700001,23400000]
3	25000000	73	0.811111	1600	[23400001,25000000]
3	26700000	72	0.8	800	[25900001,26700000]
3	28000000	71	0.788889	1300	[26700001,28000000]
3	29200000	76	0.844444	600	[28600001,29200000]
3	30500000	83	0.922222	300	[30200001,30500000]
3	31100000	81	0.9	600	[30500001,31100000]
3	31600000	77	0.855556	500	[31100001,31600000]
3	40100000	90	1	8500	[31600001,40100000]
3	41100000	74	0.822222	600	[40500001,41100000]
