#IID	F_ROH	ROH_length_kB	KBAVG
36551	0.51235	47271.3	9454.27
36552	0.49844	45987.3	7664.55
36553	0.11126	10265.5	5132.75
36554	0.31255	28836.8	7209.19
36555	0.18143	16739.2	4184.79
36556	0.04788	4417.29	4417.29
36557	0.22774	21012.5	5253.11
36558	0.37167	34291.4	6858.27
36559	0.13574	12523.8	6261.92
36560	0.22934	21159.7	5289.93
36561	0.18293	16877.9	4219.48
36562	0.06829	6300.49	6300.49
36563	0.15774	14553.7	4851.24
36564	0.19996	18448.8	4612.21
36565	0.22034	20329.3	6776.43
36566	0.20434	18853.4	4713.35
36567	0.27478	25351.8	8450.61
36568	0.27815	25663	6415.75
36569	0.24345	22461.9	5615.46
36570	0.33756	31144.4	7786.1
36571	0.13674	12616.5	6308.27
36572	0.05660	5221.81	5221.81
36573	0.16399	15130	7564.99
36574	0.14865	13714.7	6857.37
36575	0.32579	30058.8	7514.7
36576	0.10344	9543.29	4771.64
36577	0.15164	13990.4	4663.47
36578	0.27342	25226.4	6306.61
36579	0.28145	25967.5	4327.92
36580	0.27564	25431.8	6357.95
36581	0.24751	22836	4567.19
36582	0.32136	29649.4	7412.36
36583	0.09226	8511.97	4255.99
36584	0.04391	4051.36	4051.36
36585	0.28357	26163.2	6540.8
36586	0.22922	21148.3	7049.42
36587	0.21179	19540.7	4885.17
36588	0.51926	47908.9	15969.6
36589	0.25785	23789.7	5947.43
36590	0.30249	27908.5	6977.12
36591	0.21198	19558	3911.6
36592	0.07011	6469.02	3234.51
36593	0.19479	17972.2	5990.73
36594	0.63505	58591.9	11718.4
36595	0.33977	31348.1	10449.4
36596	0.13229	12205.7	6102.86
36597	0.11616	10717.5	5358.76
36598	0.25831	23832.8	7944.28
36599	0.06002	5537.31	5537.31
36600	0.12526	11556.9	5778.43
