#IID	F_ROH	ROH_length_kB	KBAVG
4551	0.39313	36351.4	12117.1
4552	0.25920	23967.2	7989.07
4553	0.19479	18011.1	6003.7
4554	0.48036	44417.1	7402.84
4555	0.57436	53108.8	17702.9
4556	0.52051	48129	9625.8
4557	0.27393	25329.4	6332.35
4558	0.38229	35349.1	11783
4559	0.48002	44385.7	8877.14
4560	0.23174	21428.1	7142.71
4561	0.29350	27138.7	6784.67
4562	0.23506	21735.2	5433.81
4563	0.35764	33069.3	6613.86
4564	0.32656	30195.5	15097.8
4565	0.17480	16163.3	5387.78
4566	0.26056	24092.8	8030.93
4567	0.49424	45700	11425
4568	0.60332	55786.8	11157.4
4569	0.35584	32903.2	10967.7
4570	0.42594	39384.7	9846.16
4571	0.34141	31568.5	5261.41
4572	0.51623	47733.8	9546.76
4573	0.46644	43129.4	8625.89
4574	0.27829	25732	6432.99
4575	0.22412	20723.7	5180.93
4576	0.67152	62092.9	12418.6
4577	0.31088	28746	7186.51
4578	0.33352	30838.7	7709.68
4579	0.15506	14337.8	7168.92
4580	0.23263	21510.4	10755.2
4581	0.44321	40982	5854.57
4582	0.36335	33597.4	6719.47
4583	0.55767	51565	10313
4584	0.39150	36200.6	18100.3
4585	0.28561	26409.2	6602.3
4586	0.11719	10835.6	5417.8
4587	0.54426	50325.2	10065
4588	0.32249	29819.3	7454.83
4589	0.19345	17887.2	5962.39
4590	0.22603	20900.4	5225.1
4591	0.46364	42871	8574.2
4592	0.22690	20980.5	5245.13
4593	0.52064	48141.5	8023.58
4594	0.34957	32323.5	5387.25
4595	0.39865	36861.8	7372.36
4596	0.30726	28411.4	5682.28
4597	0.35157	32508.4	8127.11
4598	0.17432	16119	8059.52
4599	0.31560	29181.7	5836.35
4600	0.21869	20221.7	10110.9
