#IID	F_ROH	ROH_length_kB	KBAVG
8551	0.04600	4249.7	4249.7
8552	0.31552	29151.7	9717.25
8553	0.23870	22053.6	5513.39
8554	0.68080	62900.6	7862.57
8555	0.65643	60649.1	10108.2
8556	0.10249	9469.03	4734.52
8557	0.39331	36338.4	5191.2
8558	0.29142	26924.9	6731.21
8559	0.19610	18117.8	6039.26
8560	0.09791	9046.01	4523
8561	0.35489	32788.8	5464.8
8562	0.24077	22245	3707.49
8563	0.73008	67453.7	16863.4
8564	0.33084	30567.2	7641.81
8565	0.37971	35082.1	17541.1
8566	0.21432	19801.3	6600.42
8567	0.62367	57622.3	19207.4
8568	0.16216	14981.9	4993.96
8569	0.16923	15635	3908.76
8570	0.25979	24002	4000.34
8571	0.11511	10635.1	5317.53
8572	0.62501	57746	11549.2
8573	0.54861	50687	8447.83
8574	0.31038	28676.7	4779.45
8575	0.26261	24263.3	6065.82
8576	0.38521	35589.8	7117.96
8577	0.23181	21417.5	5354.37
8578	0.46550	43008.1	10752
8579	0.24555	22686.4	7562.13
8580	0.57085	52741.8	6592.72
8581	0.37007	34191.2	5698.53
8582	0.21710	20058.6	5014.66
8583	0.20374	18823.5	6274.5
8584	0.44441	41059.9	13686.6
8585	0.24074	22242.1	7414.04
8586	0.09317	8608.19	8608.19
8587	0.08510	7862.17	3931.08
8588	0.34472	31849.5	10616.5
8589	0.21357	19731.7	4932.91
8590	0.49422	45662.1	9132.43
8591	0.28123	25983.1	6495.78
8592	0.16311	15069.6	3767.41
8593	0.44440	41059	10264.8
8594	0.42435	39206.4	19603.2
8595	0.19812	18304.9	6101.65
8596	0.18473	17067.3	5689.1
8597	0.23287	21515.6	5378.91
8598	0.45247	41804.3	13934.8
8599	0.21148	19539.3	6513.09
8600	0.14735	13613.7	6806.85
