#IID	F_ROH	ROH_length_kB	KBAVG
2551	0.61788	57135.5	11427.1
2552	0.44906	41524.8	20762.4
2553	0.24360	22526.2	7508.73
2554	0.28498	26352.8	6588.21
2555	0.19369	17910.8	4477.71
2556	0.28926	26748.5	4458.09
2557	0.32159	29737.8	5947.56
2558	0.19831	18338	6112.65
2559	0.35449	32780.2	8195.05
2560	0.19698	18215.2	6071.73
2561	0.56369	52125.2	17375.1
2562	0.19025	17592.3	4398.08
2563	0.55433	51259.5	12814.9
2564	0.20948	19370.6	6456.87
2565	0.40391	37349.5	9337.37
2566	0.34896	32268.5	4609.79
2567	0.23908	22107.7	4421.53
2568	0.23195	21449	5362.26
2569	0.27876	25777.4	6444.35
2570	0.22336	20654	5163.49
2571	0.40963	37879.3	7575.85
2572	0.13844	12801.9	4267.29
2573	0.14420	13334.7	4444.89
2574	0.39961	36952.7	9238.17
2575	0.24614	22760.4	7586.81
2576	0.10142	9378.6	4689.3
2577	0.40385	37344	6223.99
2578	0.14189	13120.4	4373.46
2579	0.19718	18233.4	4558.36
2580	0.22320	20639.5	6879.83
2581	0.14917	13793.9	4597.98
2582	0.14053	12995.2	6497.58
2583	0.44150	40826	8165.21
2584	0.37111	34317	8579.25
2585	0.24754	22890.4	5722.61
2586	0.35697	33009.2	5501.53
2587	0.13845	12802.8	6401.4
2588	0.29265	27061.9	4510.32
2589	0.33689	31152.8	6230.56
2590	0.27217	25167.4	6291.86
2591	0.30938	28609	4768.16
2592	0.26726	24714.1	4942.82
2593	0.16517	15273.7	7636.85
2594	0.14681	13575.6	4525.2
2595	0.25895	23945.7	7981.91
2596	0.37240	34436.3	5739.39
2597	0.35013	32376.7	16188.4
2598	0.35916	33212.2	8303.06
2599	0.26417	24428.1	4885.62
2600	0.10493	9702.76	4851.38
