#IID	F_ROH	ROH_length_kB	KBAVG
2551	0.32300	29829	3728.62
2552	0.43392	40072.6	8014.51
2553	0.17830	16465.9	4116.47
2554	0.26442	24419.1	12209.6
2555	0.45224	41764.2	5966.31
2556	0.19487	17996	4499.01
2557	0.40919	37788.9	4723.61
2558	0.34226	31607.3	4515.33
2559	0.20116	18577.5	3715.49
2560	0.40674	37562.4	5366.06
2561	0.46022	42500.9	10625.2
2562	0.43038	39745.9	6624.31
2563	0.36337	33557	6711.39
2564	0.17200	15884.5	3971.13
2565	0.26412	24391.5	4878.31
2566	0.54391	50229.8	12557.4
2567	0.17560	16217.1	5405.7
2568	0.33142	30606.9	7651.73
2569	0.22511	20788.5	5197.11
2570	0.14792	13660.5	3415.12
2571	0.26403	24383.1	8127.7
2572	0.15899	14682.7	4894.22
2573	0.29448	27195	6798.75
2574	0.24994	23081.6	7693.86
2575	0.57922	53490.7	7641.53
2576	0.47697	44047.9	6292.56
2577	0.47480	43847.6	8769.52
2578	0.20958	19354.3	4838.59
2579	0.23365	21577.5	5394.37
2580	0.36661	33856	5642.66
2581	0.23263	21483.3	3580.55
2582	0.38771	35805.2	5967.54
2583	0.14794	13662.3	4554.09
2584	0.66627	61530.3	12306.1
2585	0.38426	35486.6	8871.65
2586	0.41731	38539	6423.16
2587	0.50221	46379.1	9275.82
2588	0.55021	50812.3	8468.72
2589	0.35356	32650.9	5441.81
2590	0.30677	28330	5666
2591	0.25814	23839.1	5959.78
2592	0.34867	32199.6	4599.94
2593	0.43501	40173.4	10043.4
2594	0.38537	35588.6	5931.43
2595	0.22559	20832.9	4166.59
2596	0.34080	31472.8	6294.56
2597	0.45510	42028.8	7004.79
2598	0.18008	16630.7	8315.34
2599	0.39279	36273.7	6045.62
2600	0.24094	22250.9	7416.97
