#IID	F_ROH	ROH_length_kB	KBAVG
2551	0.15844	14636.6	4878.86
2552	0.00000	0	0
2553	0.37492	34634.6	11544.9
2554	0.17728	16377	5458.99
2555	0.11460	10587.1	5293.53
2556	0.35786	33059.2	8264.79
2557	0.40632	37535.9	12512
2558	0.12793	11818	5909.01
2559	0.35667	32948.5	6589.71
2560	0.20890	19297.6	4824.4
2561	0.22054	20373.1	6791.02
2562	0.08900	8221.3	8221.3
2563	0.11949	11038.8	5519.42
2564	0.09409	8692.06	4346.03
2565	0.18503	17092.5	5697.5
2566	0.06110	5644.82	2822.41
2567	0.39174	36188.6	7237.72
2568	0.44002	40648.5	6774.76
2569	0.05714	5278.47	5278.47
2570	0.30641	28306.2	9435.39
2571	0.18260	16868.4	8434.18
2572	0.47784	44142.1	11035.5
2573	0.03851	3557.46	3557.46
2574	0.06598	6094.94	6094.94
2575	0.18110	16729.8	5576.59
2576	0.21660	20009.6	6669.86
2577	0.07443	6876.13	6876.13
2578	0.42957	39683	13227.7
2579	0.24696	22813.7	7604.56
2580	0.18780	17349	4337.26
2581	0.23494	21703.6	5425.9
2582	0.03057	2824.27	2824.27
2583	0.85028	78547.7	15709.5
2584	0.29122	26903.1	6725.78
2585	0.13591	12555.7	4185.25
2586	0.22260	20563.8	5140.95
2587	0.15751	14551	4850.32
2588	0.32699	30206.7	10068.9
2589	0.15762	14561.1	4853.69
2590	0.00000	0	0
2591	0.20863	19273	6424.33
2592	0.22307	20606.6	6868.87
2593	0.30564	28234.4	7058.59
2594	0.00000	0	0
2595	0.15748	14547.4	4849.14
2596	0.13962	12897.6	6448.8
2597	0.07033	6497.27	3248.64
2598	0.12865	11885	5942.5
2599	0.20956	19359.3	6453.11
2600	0.26325	24318.6	8106.2
