#IID	F_ROH	ROH_length_kB	KBAVG
6551	0.35392	32697.5	5449.58
6552	0.10766	9946.78	4973.39
6553	0.38063	35165.8	8791.44
6554	0.50848	46977.1	6711.01
6555	0.56360	52069.7	8678.29
6556	0.67061	61956.5	15489.1
6557	0.44823	41410.8	8282.16
6558	0.33778	31206.5	7801.61
6559	0.35428	32731.3	8182.81
6560	0.33265	30732.5	6146.5
6561	0.20463	18905.7	4726.42
6562	0.44431	41048.3	10262.1
6563	0.45675	42198.3	10549.6
6564	0.27646	25541.3	6385.32
6565	0.40494	37411.5	6235.25
6566	0.10417	9624.04	4812.02
6567	0.29468	27224.5	5444.91
6568	0.31509	29110.8	7277.71
6569	0.04799	4433.68	4433.68
6570	0.27593	25492.5	6373.12
6571	0.45912	42417	10604.2
6572	0.23517	21726.5	5431.62
6573	0.37507	34651.7	6930.35
6574	0.21105	19498.7	4874.68
6575	0.35237	32554.3	5425.71
6576	0.47676	44046.3	5505.79
6577	0.39142	36162.3	9040.56
6578	0.61987	57267.9	14317
6579	0.97539	90114.2	30038.1
6580	0.38893	35931.9	5988.65
6581	0.37450	34599.1	8649.78
6582	0.16743	15468.3	5156.11
6583	0.00000	0	0
6584	0.26688	24656.7	6164.18
6585	0.28586	26409.7	5281.95
6586	0.25642	23689.7	4737.93
6587	0.51165	47269.9	11817.5
6588	0.40859	37748.4	6291.4
6589	0.26426	24414.8	6103.7
6590	0.44363	40985.9	8197.19
6591	0.21179	19566.5	4891.62
6592	0.30217	27916.8	5583.35
6593	0.72778	67238.2	13447.6
6594	0.20836	19250.1	4812.52
6595	0.27376	25291.6	3613.08
6596	0.06900	6375.01	6375.01
6597	0.60969	56327.9	11265.6
6598	0.45684	42205.9	6029.42
6599	0.22492	20780	6926.65
6600	0.36734	33937.4	6787.48
