#IID	F_ROH	ROH_length_kB	KBAVG
2551	0.24200	22371	5592.75
2552	0.34331	31736.9	7934.21
2553	0.46427	42918.2	5364.78
2554	0.25110	23211.9	5802.98
2555	0.31003	28660.1	7165.04
2556	0.17544	16218.5	5406.15
2557	0.35768	33064.5	5510.75
2558	0.10660	9854.74	3284.91
2559	0.31865	29456.6	4909.44
2560	0.35877	33165.6	6633.12
2561	0.22079	20410.7	6803.56
2562	0.27871	25764.4	6441.1
2563	0.63325	58539.7	14634.9
2564	0.32376	29929.6	7482.39
2565	0.17643	16309.3	5436.43
2566	0.26355	24363.4	6090.84
2567	0.35708	33009	4715.57
2568	0.26349	24357.8	6089.45
2569	0.29733	27486.1	4581.02
2570	0.63043	58278.4	14569.6
2571	0.31050	28703.9	7175.97
2572	0.15418	14252.5	4750.84
2573	0.44024	40697.3	6782.88
2574	0.33288	30772.3	10257.4
2575	0.17200	15900.6	5300.2
2576	0.20778	19208	9604.02
2577	0.49430	45694.5	11423.6
2578	0.29815	27561.7	9187.25
2579	0.56373	52112.3	13028.1
2580	0.14757	13642.1	4547.36
2581	0.09539	8817.65	4408.83
2582	0.27532	25450.9	6362.72
2583	0.21914	20258.3	6752.76
2584	0.15072	13933.3	3483.32
2585	0.17099	15807.1	3951.78
2586	0.14962	13831.2	4610.4
2587	0.24482	22632	5658
2588	0.00000	0	0
2589	0.40083	37053.6	7410.73
2590	0.31612	29222.7	7305.67
2591	0.24217	22386.7	5596.67
2592	0.05593	5169.88	5169.88
2593	0.36578	33814	5635.67
2594	0.25791	23842.2	7947.38
2595	0.33186	30677.8	7669.46
2596	0.18119	16749.7	4187.43
2597	0.14288	13208.4	13208.4
2598	0.51343	47463.3	7910.55
2599	0.11987	11081.4	3693.79
2600	0.22471	20773.1	6924.35
