#IID	F_ROH	ROH_length_kB	KBAVG
16551	0.22086	20412.6	5103.15
16552	0.18816	17390.2	5796.74
16553	0.40201	37155.3	9288.83
16554	0.45271	41840.8	13946.9
16555	0.06846	6327.58	6327.58
16556	0.03974	3672.75	3672.75
16557	0.23259	21497	5374.26
16558	0.14125	13054.4	6527.22
16559	0.39622	36620.2	9155.06
16560	0.09773	9032.46	4516.23
16561	0.16678	15414.2	5138.08
16562	0.18519	17115.8	4278.95
16563	0.44478	41108.5	10277.1
16564	0.14509	13409.5	4469.82
16565	0.24900	23013.2	5753.29
16566	0.31045	28692.7	9564.23
16567	0.22586	20874.7	5218.69
16568	0.22697	20976.9	10488.5
16569	0.34258	31662.8	6332.56
16570	0.36807	34018.5	8504.62
16571	0.43579	40277.5	13425.8
16572	0.32734	30253.6	6050.71
16573	0.15797	14600.3	4866.75
16574	0.11255	10402	5201.01
16575	0.17649	16311.5	5437.16
16576	0.36775	33988.3	8497.07
16577	0.18155	16779.3	4194.83
16578	0.85519	79039.3	39519.6
16579	0.37817	34952.1	8738.02
16580	0.08916	8240.19	4120.09
16581	0.11968	11060.8	5530.38
16582	0.13592	12562	6281
16583	0.30697	28371	9457.01
16584	0.25474	23543.6	7847.87
16585	0.23715	21918	5479.51
16586	0.22371	20676.4	6892.14
16587	0.23207	21449	5362.25
16588	0.12194	11270.5	5635.24
16589	0.33850	31285.5	6257.11
16590	0.42701	39466.1	9866.51
16591	0.31938	29518	7379.5
16592	0.34184	31594.3	5265.71
16593	0.20130	18605.2	6201.72
16594	0.00000	0	0
16595	0.25069	23169.7	7723.22
16596	0.30694	28368.3	4728.05
16597	0.41720	38558.9	7711.78
16598	0.15896	14691.8	4897.27
16599	0.34493	31879.5	7969.87
16600	0.24576	22713.6	7571.18
