#IID	F_ROH	ROH_length_kB	KBAVG
10551	0.57956	53586.4	8931.06
10552	0.29130	26934	5386.8
10553	0.35554	32873.2	5478.87
10554	0.51806	47899.8	9579.96
10555	0.22033	20371.6	5092.9
10556	0.27028	24990.7	6247.66
10557	0.16594	15342.9	5114.31
10558	0.24355	22519.2	7506.4
10559	0.43564	40279.9	6713.32
10560	0.43651	40360.5	10090.1
10561	0.12095	11183.2	5591.61
10562	0.37783	34934.1	6986.82
10563	0.24381	22543.1	4508.63
10564	0.21189	19591.3	4897.82
10565	0.11831	10939.4	3646.45
10566	0.16283	15055.1	7527.57
10567	0.36320	33581.5	6716.29
10568	0.62223	57532.2	19177.4
10569	0.02712	2507.8	2507.8
10570	0.28528	26376.8	8792.26
10571	0.12388	11454.2	5727.1
10572	0.34243	31661.4	6332.28
10573	0.12184	11265.3	3755.1
10574	0.56874	52585.8	10517.2
10575	0.19756	18266.6	6088.87
10576	0.19868	18370.1	4592.52
10577	0.00000	0	0
10578	0.52576	48611.8	9722.37
10579	0.26953	24920.5	6230.12
10580	0.31802	29404.5	9801.51
10581	0.41645	38505.2	12835.1
10582	0.17744	16406.2	5468.74
10583	0.20208	18684.4	6228.14
10584	0.25240	23336.7	5834.17
10585	0.33761	31216.1	6243.22
10586	0.22440	20747.8	5186.94
10587	0.57768	53412.8	13353.2
10588	0.21230	19629.6	6543.19
10589	0.21512	19889.8	4972.44
10590	0.71126	65763.6	21921.2
10591	0.98773	91326.5	45663.3
10592	0.93769	86699.4	28899.8
10593	0.31484	29110.2	7277.55
10594	0.19028	17593.3	5864.42
10595	0.28134	26012.6	8670.86
10596	0.30637	28326.9	14163.5
10597	0.44663	41295.9	8259.18
10598	0.56511	52250.3	13062.6
10599	0.39555	36572.6	18286.3
10600	0.22801	21081.8	7027.25
