#IID	F_ROH	ROH_length_kB	KBAVG
4551	0.07891	7290.7	7290.7
4552	0.33961	31379.4	5229.9
4553	0.54410	50274.2	8379.04
4554	0.41073	37951.2	7590.23
4555	0.30389	28078.5	5615.69
4556	0.62530	57776.8	9629.46
4557	0.27137	25074.5	5014.9
4558	0.10793	9972.4	4986.2
4559	0.27379	25297.6	6324.39
4560	0.12271	11337.8	3779.26
4561	0.09104	8411.81	4205.91
4562	0.08391	7753.15	3876.57
4563	0.22864	21126.4	5281.61
4564	0.26670	24642.8	12321.4
4565	0.35256	32575.7	5429.28
4566	0.25618	23670.3	4734.05
4567	0.35726	33010.5	11003.5
4568	0.22747	21018.2	7006.07
4569	0.48134	44474.9	8894.99
4570	0.19818	18311.6	6103.86
4571	0.32580	30103.7	7525.92
4572	0.26211	24218.8	6054.71
4573	0.13234	12227.8	4075.94
4574	0.08014	7404.48	3702.24
4575	0.49535	45769.3	7628.22
4576	0.11475	10602.5	10602.5
4577	0.21588	19947.2	6649.05
4578	0.30855	28509.6	5701.93
4579	0.47073	43494.5	8698.9
4580	0.25072	23166.1	11583.1
4581	0.47185	43598.3	8719.66
4582	0.18597	17183.1	5727.72
4583	0.00000	0	0
4584	0.35355	32667.5	8166.86
4585	0.31057	28695.9	9565.31
4586	0.72126	66643.6	22214.5
4587	0.24465	22605	7535.01
4588	0.16094	14870.7	4956.89
4589	0.02403	2219.98	2219.98
4590	0.17221	15912.2	7956.1
4591	0.46550	43011	21505.5
4592	0.22733	21004.9	5251.22
4593	0.10836	10012	3337.32
4594	0.27863	25745.4	5149.07
4595	0.32911	30409.3	7602.32
4596	0.32860	30362.2	6072.43
4597	0.08475	7830.91	3915.46
4598	0.20913	19323.5	6441.15
4599	0.26788	24752	4950.39
4600	0.05024	4641.66	4641.66
