#IID	F_ROH	ROH_length_kB	KBAVG
12551	0.64990	60059.9	7507.49
12552	0.06910	6386.01	6386.01
12553	0.19737	18240	3647.99
12554	0.13815	12767.2	6383.59
12555	0.21223	19613.1	6537.69
12556	0.46138	42638.5	8527.7
12557	0.26108	24127.3	8042.44
12558	0.58125	53716	13429
12559	0.38424	35509.2	5918.2
12560	0.19846	18340.7	9170.36
12561	0.33638	31086.8	15543.4
12562	0.30241	27946.9	9315.62
12563	0.45581	42123.9	7020.65
12564	0.33176	30659.2	7664.8
12565	0.20254	18717.6	6239.19
12566	0.87258	80639.2	26879.7
12567	0.14963	13828	4609.32
12568	0.62377	57645.4	11529.1
12569	0.26968	24922.3	8307.44
12570	0.70957	65574.5	21858.2
12571	0.13590	12559	4186.35
12572	0.38225	35325.6	7065.12
12573	0.13993	12931.2	6465.61
12574	0.04947	4572.14	4572.14
12575	0.45060	41642.4	10410.6
12576	0.38973	36016.3	5145.18
12577	0.23897	22084.1	5521.03
12578	0.10735	9920.49	4960.25
12579	0.27400	25321.4	4220.23
12580	0.36984	34178.8	5696.47
12581	0.59235	54741.4	10948.3
12582	0.18815	17387.9	5795.98
12583	0.48370	44701.4	22350.7
12584	0.18520	17114.8	5704.93
12585	0.21488	19858.4	3971.67
12586	0.28295	26148.6	8716.19
12587	0.30352	28049.9	9349.95
12588	0.35047	32388.9	16194.4
12589	0.15109	13962.9	4654.32
12590	0.36325	33569.4	8392.36
12591	0.14735	13617.4	4539.15
12592	0.45020	41605	20802.5
12593	0.08384	7748.1	3874.05
12594	0.18857	17426.4	5808.81
12595	0.28212	26071.8	5214.36
12596	0.20072	18549.7	4637.42
12597	0.51035	47163.9	7860.66
12598	0.26454	24447.6	12223.8
12599	0.04994	4615.02	4615.02
12600	0.73091	67547.2	16886.8
