#IID	F_ROH	ROH_length_kB	KBAVG
12551	0.24850	22966.1	4593.23
12552	0.27219	25155.3	8385.1
12553	0.49033	45315.9	7552.65
12554	0.29920	27651.9	13826
12555	0.14441	13346.6	4448.86
12556	0.11887	10986.1	5493.04
12557	0.23743	21943	7314.33
12558	0.36873	34077.8	8519.46
12559	0.11442	10574.4	10574.4
12560	0.18468	17068	5689.32
12561	0.42185	38987.1	7797.42
12562	0.28057	25929.6	5185.91
12563	0.15861	14658.1	7329.04
12564	0.15007	13869.3	4623.11
12565	0.33005	30503.1	10167.7
12566	0.27529	25441.5	6360.36
12567	0.35234	32562.7	8140.66
12568	0.25840	23880.9	4776.17
12569	0.10965	10133.7	3377.89
12570	0.30521	28206.7	4701.12
12571	0.46774	43227.8	8645.55
12572	0.32662	30185.5	5030.92
12573	0.21932	20269.7	4053.93
12574	0.38589	35663.1	17831.6
12575	0.16622	15361.6	5120.52
12576	0.36312	33559.3	5593.21
12577	0.28116	25984.9	6496.22
12578	0.27855	25743.6	5148.71
12579	0.19378	17909.3	8954.66
12580	0.86702	80128.5	40064.3
12581	0.24189	22354.8	11177.4
12582	0.13960	12902	6451
12583	0.36375	33617.4	8404.34
12584	0.38405	35493.2	8873.3
12585	0.37934	35058.3	11686.1
12586	0.21311	19695.1	4923.77
12587	0.16620	15359.8	5119.95
12588	0.40119	37077.4	7415.49
12589	0.24195	22360.5	7453.49
12590	0.12356	11418.8	3806.27
12591	0.23998	22179	4435.8
12592	0.33497	30957.4	6191.49
12593	0.23848	22039.8	5509.96
12594	0.42838	39590.2	5655.74
12595	0.55555	51343.4	10268.7
12596	0.22235	20549.3	5137.33
12597	0.30129	27844.5	5568.89
12598	0.25033	23135.3	3855.88
12599	0.42522	39298.5	9824.62
12600	0.29341	27116.2	6779.05
