#IID	F_ROH	ROH_length_kB	KBAVG
8551	0.57909	53516.6	13379.1
8552	0.21022	19427.8	9713.91
8553	0.94167	87024.7	43512.4
8554	0.47158	43580.7	8716.14
8555	0.17693	16350.6	8175.32
8556	0.36149	33406.7	6681.35
8557	0.10368	9581.32	4790.66
8558	0.43522	40221	8044.21
8559	0.34292	31690.7	10563.6
8560	0.60670	56068.1	11213.6
8561	0.42678	39441.1	13147
8562	0.27778	25670.8	8556.94
8563	0.30662	28335.8	14167.9
8564	0.20464	18911.4	6303.79
8565	0.29536	27295.5	9098.51
8566	0.51034	47163.2	11790.8
8567	0.35836	33118	8279.5
8568	0.15562	14382	3595.51
8569	0.47661	44045.6	14681.9
8570	0.00000	0	0
8571	0.16328	15089.7	7544.86
8572	0.38939	35985.3	11995.1
8573	0.43734	40416.6	10104.2
8574	0.51485	47580.2	9516.04
8575	0.10756	9939.95	4969.98
8576	0.05873	5427.78	2713.89
8577	0.15537	14358.2	7179.11
8578	0.28107	25974.6	6493.65
8579	0.34297	31695.2	10565.1
8580	0.16855	15576.2	5192.07
8581	0.27372	25295.7	6323.93
8582	0.08445	7803.99	3901.99
8583	0.04183	3866	3866
8584	0.29044	26841	8947.01
8585	0.13767	12723.2	6361.61
8586	0.20876	19292.9	4823.23
8587	0.31258	28886.9	7221.72
8588	0.21333	19714.8	4928.7
8589	0.32454	29992.3	7498.08
8590	0.20791	19213.9	6404.64
8591	0.41871	38694.7	12898.2
8592	0.10564	9762.25	9762.25
8593	0.34994	32339.3	16169.6
8594	0.44595	41212.3	8242.46
8595	0.38886	35936.7	5989.45
8596	0.41351	38214.5	4776.81
8597	0.36121	33381	8345.24
8598	0.46612	43076.7	8615.34
8599	0.30033	27754.8	6938.71
8600	0.58234	53816.8	7688.11
