#IID	F_ROH	ROH_length_kB	KBAVG
2551	0.40858	35247	17623.5
2552	0.20664	17826.3	8913.17
2553	0.02738	2362.04	2362.04
2554	0.40863	35251.2	35251.2
2555	0.28235	24357.1	6089.28
2556	0.39610	34169.9	6833.98
2557	0.40858	35246.5	7049.3
2558	0.07400	6383.92	6383.92
2559	0.29818	25723.1	5144.63
2560	0.15812	13640.8	4546.92
2561	0.15542	13407.5	4469.17
2562	0.21440	18495.9	6165.31
2563	0.26012	22439.4	4487.88
2564	1.00000	86266.7	86266.7
2565	0.34915	30119.7	7529.92
2566	0.46272	39917.6	9979.41
2567	0.24325	20984.6	5246.16
2568	0.46087	39757.5	6626.25
2569	0.48023	41428	10357
2570	0.33205	28644.7	7161.17
2571	0.69074	59587.8	59587.8
2572	0.26237	22633.4	7544.46
2573	0.43767	37756.6	6292.76
2574	0.14636	12625.7	6312.83
2575	0.36435	31431.5	6286.29
2576	0.22950	19798	6599.33
2577	0.07260	6263.09	6263.09
2578	0.00000	0	0
2579	0.41475	35778.8	5111.26
2580	0.24196	20872.8	5218.21
2581	0.21360	18426.7	9213.36
2582	0.19036	16421.4	5473.8
2583	0.26382	22759.3	5689.83
2584	0.43049	37136.7	18568.4
2585	0.17810	15364.3	5121.43
2586	0.37137	32037.1	5339.52
2587	0.06241	5383.57	5383.57
2588	0.20772	17919.7	5973.24
2589	0.13888	11980.4	5990.21
2590	0.30737	26515.5	8838.51
2591	0.47779	41217.6	6869.6
2592	0.36748	31701.1	5283.52
2593	0.25845	22295.7	5573.94
2594	0.52642	45412.6	15137.5
2595	0.16325	14083.1	7041.57
2596	0.13544	11684.2	5842.08
2597	0.16632	14347.6	14347.6
2598	0.44282	38200.6	6366.76
2599	0.16724	14427.4	7213.71
2600	0.31891	27511.1	4585.18
