#IID	F_ROH	ROH_length_kB	KBAVG
20551	0.13430	12406.5	4135.49
20552	0.24964	23061	4612.19
20553	0.13489	12461	6230.48
20554	0.45621	42143	7023.83
20555	0.34371	31750.5	7937.63
20556	0.33689	31120	15560
20557	0.29354	27116.1	5423.22
20558	0.32300	29837.5	9945.84
20559	0.37884	34995.5	8748.89
20560	0.07240	6687.58	3343.79
20561	0.12605	11644.2	5822.11
20562	0.33686	31118	6223.6
20563	0.39259	36265.9	7253.18
20564	0.07039	6502.37	3251.18
20565	0.12692	11724.2	5862.12
20566	0.41697	38518.2	9629.54
20567	0.29865	27587.7	6896.93
20568	0.02185	2018.79	2018.79
20569	0.17306	15987	5329
20570	0.14533	13425.3	4475.1
20571	0.22103	20417.7	6805.91
20572	0.09758	9014.26	9014.26
20573	0.17345	16022.5	5340.83
20574	0.34259	31647.4	7911.85
20575	0.43102	39815.8	7963.17
20576	0.32297	29834.4	4972.4
20577	0.60797	56161.8	14040.4
20578	0.35129	32450.2	6490.05
20579	0.34918	32255.5	6451.1
20580	0.51716	47773	5971.62
20581	0.25123	23207.8	5801.94
20582	0.08575	7921.45	7921.45
20583	0.34952	32286.9	6457.38
20584	0.49791	45994.6	11498.7
20585	0.22620	20895.4	5223.84
20586	0.30771	28424.7	4737.44
20587	0.27126	25057.9	4176.31
20588	0.22078	20395	6798.33
20589	0.21576	19931	9965.48
20590	0.57634	53239.7	8873.28
20591	0.36231	33468.4	5578.07
20592	0.15781	14578	4859.35
20593	0.36794	33989.1	5664.86
20594	0.20101	18568.3	4642.07
20595	0.16443	15189.4	7594.68
20596	0.26380	24368.8	8122.95
20597	0.29342	27104.6	5420.92
20598	0.69916	64585.4	16146.4
20599	0.23275	21500.1	5375.03
20600	0.28135	25989.5	8663.16
