#IID	F_ROH	ROH_length_kB	KBAVG
2551	0.12456	11507.1	3835.7
2552	0.07923	7319.86	7319.86
2553	0.20024	18498.7	4624.69
2554	0.34785	32135.5	6427.1
2555	0.36692	33897.3	6779.47
2556	0.25257	23333.8	4666.77
2557	0.21324	19699.7	4924.92
2558	0.25748	23787.2	5946.79
2559	0.19067	17614.9	4403.72
2560	0.24172	22331.4	11165.7
2561	0.04321	3992.31	3992.31
2562	0.23343	21565.3	5391.32
2563	0.07878	7277.62	3638.81
2564	0.28838	26642.1	6660.52
2565	0.10702	9887.26	4943.63
2566	0.13776	12727	6363.48
2567	0.18230	16841.8	4210.46
2568	0.17526	16190.8	4047.71
2569	0.35687	32968.9	8242.22
2570	0.22619	20896.1	4179.23
2571	0.26167	24174.5	8058.15
2572	0.21622	19975.2	6658.41
2573	0.22375	20671.3	5167.82
2574	0.34946	32284.4	6456.89
2575	0.00000	0	0
2576	0.38264	35349.6	5891.59
2577	0.67984	62806.6	12561.3
2578	0.21747	20090.7	6696.91
2579	0.24966	23064.1	7688.02
2580	0.30986	28626.3	5725.26
2581	0.45769	42283.5	10570.9
2582	0.40211	37148.1	6191.35
2583	0.15639	14447.7	7223.87
2584	0.10484	9685.7	4842.85
2585	0.25154	23238	4647.6
2586	0.24092	22257.3	5564.32
2587	0.16264	15025.1	3756.28
2588	0.17400	16075	4018.74
2589	0.00000	0	0
2590	0.12956	11969.2	5984.62
2591	0.16502	15245.5	5081.84
2592	0.20518	18955	6318.33
2593	0.22446	20736.5	10368.3
2594	0.20879	19288.4	4822.11
2595	0.26997	24941.1	6235.27
2596	0.07471	6901.94	3450.97
2597	0.47478	43862.2	21931.1
2598	0.23495	21706	5426.49
2599	0.19600	18106.9	4526.73
2600	0.28219	26069.7	8689.92
