#IID	F_ROH	ROH_length_kB	KBAVG
4551	0.14464	13359.5	4453.18
4552	0.34261	31643.5	7910.86
4553	0.48513	44806.9	7467.81
4554	0.56463	52149.5	13037.4
4555	0.07572	6993.74	6993.74
4556	0.41266	38113.4	9528.36
4557	0.11523	10642.3	10642.3
4558	0.07909	7304.86	3652.43
4559	0.19876	18357.8	6119.26
4560	0.17822	16460.5	8230.23
4561	0.21329	19699.8	3939.97
4562	0.23775	21958.8	5489.7
4563	0.22612	20884.4	5221.11
4564	0.39813	36771.7	9192.92
4565	0.07026	6488.92	6488.92
4566	0.16911	15619.3	7809.65
4567	0.26384	24368.9	4873.79
4568	0.15432	14253	4751
4569	0.28341	26176.4	8725.46
4570	0.25170	23247.5	7749.18
4571	0.20635	19058.6	4764.66
4572	0.32105	29652.9	5930.57
4573	0.28524	26344.7	6586.17
4574	0.28978	26764.6	13382.3
4575	0.12250	11314.4	11314.4
4576	0.22188	20493.3	20493.3
4577	0.62655	57868.5	14467.1
4578	0.36770	33961.5	11320.5
4579	0.26590	24558.7	4911.74
4580	0.26251	24245.9	4040.98
4581	0.30743	28395	5678.99
4582	0.44133	40761.6	10190.4
4583	0.03914	3615.29	3615.29
4584	0.23416	21627.6	7209.19
4585	0.09806	9056.79	4528.39
4586	0.35558	32841.4	10947.1
4587	0.18955	17507.4	5835.8
4588	0.00000	0	0
4589	0.16726	15448.5	7724.25
4590	0.14159	13077.1	4359.03
4591	0.00000	0	0
4592	0.32371	29898	7474.5
4593	0.07604	7022.77	7022.77
4594	0.14793	13663.3	4554.45
4595	0.15995	14773.5	14773.5
4596	0.25010	23099.6	5774.89
4597	0.11597	10710.8	5355.4
4598	0.00000	0	0
4599	0.06291	5810.2	5810.2
4600	0.28602	26417.2	6604.29
