#IID	F_ROH	ROH_length_kB	KBAVG
2551	0.10595	9793.15	9793.15
2552	0.03078	2844.86	2844.86
2553	0.42441	39228	7845.6
2554	0.45682	42223.4	7037.24
2555	0.22635	20921.1	5230.27
2556	0.49377	45639.1	7606.51
2557	0.14914	13784.9	6892.43
2558	0.34971	32323.1	8080.78
2559	0.20506	18953.3	4738.32
2560	0.11759	10868.7	10868.7
2561	0.34902	32260	8065
2562	0.39736	36727.4	12242.5
2563	0.11305	10449.4	5224.72
2564	0.40644	37566.9	7513.38
2565	0.32939	30445.6	7611.41
2566	0.05062	4678.87	4678.87
2567	0.37319	34494.1	6898.83
2568	0.50073	46282	11570.5
2569	0.09146	8453.51	4226.75
2570	0.19833	18331.1	6110.36
2571	0.37760	34900.9	6980.19
2572	0.17964	16603.9	5534.63
2573	0.31887	29473.1	5894.61
2574	0.26277	24287.2	12143.6
2575	0.41646	38492.7	7698.54
2576	0.30814	28481.3	5696.26
2577	0.21215	19608.8	6536.26
2578	0.24040	22220.3	7406.78
2579	0.20260	18725.8	6241.93
2580	0.24106	22281.3	7427.11
2581	0.42353	39146.5	7829.3
2582	0.08086	7473.48	3736.74
2583	0.23688	21894.7	4378.94
2584	0.13535	12510.7	4170.23
2585	0.34058	31479.7	10493.2
2586	0.26935	24896.2	8298.74
2587	0.38191	35299.6	8824.91
2588	0.14653	13543.6	3385.89
2589	0.13880	12829.1	6414.53
2590	0.28550	26388.6	5277.72
2591	0.20809	19233.5	9616.76
2592	0.34292	31696.2	7924.04
2593	0.38590	35668.8	8917.19
2594	0.77737	71852.1	17963
2595	0.08481	7838.85	3919.42
2596	0.23419	21646	10823
2597	0.31232	28867.6	7216.91
2598	0.30015	27742.4	6935.59
2599	0.40518	37450.2	7490.04
2600	0.41663	38508.8	9627.2
