#IID	F_ROH	ROH_length_kB	KBAVG
4551	0.20076	18535.8	3707.15
4552	0.13673	12624.1	4208.02
4553	0.22305	20594.7	6864.89
4554	0.27062	24986.6	8328.86
4555	0.28036	25885.6	8628.52
4556	0.14691	13564.6	4521.53
4557	0.16169	14928.9	7464.45
4558	0.13440	12409.1	6204.56
4559	0.12205	11269.1	5634.53
4560	0.10347	9553.41	4776.71
4561	0.20032	18495.2	4623.8
4562	0.30697	28342.7	5668.54
4563	0.21813	20140.2	6713.39
4564	0.17534	16189.5	4047.37
4565	0.06884	6355.6	3177.8
4566	0.41334	38164.2	7632.83
4567	0.10404	9606.14	4803.07
4568	0.42313	39067.5	9766.89
4569	0.29908	27614.6	9204.86
4570	0.03596	3320.04	3320.04
4571	0.66747	61627.9	30813.9
4572	0.36195	33419.4	8354.85
4573	0.14166	13079.8	4359.95
4574	0.32044	29586.7	7396.67
4575	0.25644	23677.1	5919.27
4576	0.22027	20337.6	4067.51
4577	0.24910	22999.2	7666.4
4578	0.23020	21254.5	10627.2
4579	0.26783	24728.4	6182.1
4580	0.24654	22763.2	5690.8
4581	0.20796	19201	9600.51
4582	0.36514	33713.1	11237.7
4583	0.17759	16397	8198.48
4584	0.17635	16282	8140.98
4585	0.18573	17148.4	4287.11
4586	0.12986	11990	5994.99
4587	0.20766	19173.1	19173.1
4588	0.19510	18013.4	3602.68
4589	0.12451	11496.2	3832.06
4590	0.23526	21721.6	7240.54
4591	0.51177	47251.9	11813
4592	0.23334	21544.7	5386.17
4593	0.26709	24660.9	24660.9
4594	0.18844	17398.6	5799.54
4595	0.12743	11765.2	5882.58
4596	0.16416	15157.4	5052.47
4597	0.09923	9162.11	4581.06
4598	0.57899	53457.9	13364.5
4599	0.24024	22181.6	5545.41
4600	0.75775	69963.6	34981.8
