#IID	F_ROH	ROH_length_kB	KBAVG
2551	0.18853	17422.9	5807.63
2552	0.43739	40421.1	6736.85
2553	0.17295	15982.9	7991.44
2554	0.11134	10289.1	5144.57
2555	0.33115	30603.6	7650.91
2556	0.60833	56218.6	14054.7
2557	0.19192	17736.2	5912.05
2558	0.39779	36762.1	12254
2559	0.04719	4360.78	4360.78
2560	0.26958	24913	8304.33
2561	0.09491	8770.77	4385.38
2562	0.19015	17572.6	5857.54
2563	0.14317	13231	6615.49
2564	0.25623	23679.8	5919.96
2565	0.22712	20989.2	5247.31
2566	0.27912	25794.5	8598.17
2567	0.20562	19002.8	4750.69
2568	0.15896	14689.9	4896.63
2569	0.43986	40649.2	8129.84
2570	0.23749	21948.1	7316.02
2571	0.17646	16307.4	5435.8
2572	0.43704	40388.7	5769.82
2573	0.53313	49269.2	9853.84
2574	0.08058	7446.97	7446.97
2575	0.42312	39102.4	9775.6
2576	0.62669	57915.4	11583.1
2577	0.25350	23427.4	5856.86
2578	0.21567	19930.8	6643.59
2579	0.15686	14496.1	7248.07
2580	0.51867	47933.1	7988.85
2581	0.08581	7930.15	3965.07
2582	0.45652	42189.2	7031.54
2583	0.13715	12674.4	4224.79
2584	0.25143	23236.1	5809.03
2585	0.00000	0	0
2586	0.48559	44875.6	8975.12
2587	0.14499	13399.4	6699.72
2588	0.13592	12560.7	6280.33
2589	0.23607	21816.6	7272.2
2590	0.22589	20875.4	6958.48
2591	0.31086	28728.2	5745.64
2592	0.23173	21414.9	5353.72
2593	0.33279	30755.1	6151.03
2594	0.31969	29544.4	7386.09
2595	0.18766	17342.6	5780.86
2596	0.13082	12089.8	6044.88
2597	0.28641	26469	5293.8
2598	0.10977	10144.8	5072.39
2599	0.29612	27365.7	5473.15
2600	0.21545	19911.1	6637.03
