#IID	F_ROH	ROH_length_kB	KBAVG
6551	0.03536	3265.44	3265.44
6552	0.03937	3635.24	3635.24
6553	0.24090	22245.1	5561.27
6554	0.23058	21291.5	7097.16
6555	0.62612	57816	19272
6556	0.20090	18551.2	9275.58
6557	0.29280	27037.2	13518.6
6558	0.20731	19143.2	6381.07
6559	0.12234	11296.9	3765.64
6560	0.27922	25783.1	6445.77
6561	0.14199	13111.7	6555.86
6562	0.53195	49120.7	8186.79
6563	0.15614	14418.5	7209.25
6564	0.23189	21413.3	5353.33
6565	0.77771	71814.2	23938.1
6566	0.10431	9632.3	4816.15
6567	0.48330	44628.1	14876
6568	0.23655	21843.6	10921.8
6569	0.20964	19358	6452.68
6570	0.48986	45233.8	6461.98
6571	0.14160	13075.2	6537.62
6572	0.25959	23970.7	5992.68
6573	0.44778	41347.9	8269.59
6574	0.05826	5379.9	2689.95
6575	0.48829	45089	7514.83
6576	0.27588	25474.9	6368.72
6577	0.15145	13984.8	4661.61
6578	0.13717	12666.1	6333.04
6579	0.15108	13951.2	4650.41
6580	0.00000	0	0
6581	0.43416	40090.1	5727.16
6582	0.33780	31192.5	10397.5
6583	0.30076	27772.5	9257.51
6584	0.61779	57047.2	14261.8
6585	0.38716	35750.1	8937.52
6586	0.27527	25418.8	5083.75
6587	0.27298	25207.2	8402.41
6588	0.16250	15005.6	7502.79
6589	0.40098	37026.3	6171.05
6590	0.39242	36236.2	7247.24
6591	0.40875	37743.9	12581.3
6592	0.19339	17858	4464.5
6593	0.14923	13780	6890.02
6594	0.37634	34751.8	11583.9
6595	0.21169	19547.9	3909.58
6596	0.30968	28596.1	7149.01
6597	0.35999	33241.5	5540.26
6598	0.21211	19586	6528.67
6599	0.08822	8146.32	8146.32
6600	0.58863	54354.8	27177.4
