#IID	F_ROH	ROH_length_kB	KBAVG
8551	0.13821	12779.7	6389.85
8552	0.54970	50829.6	12707.4
8553	0.55549	51365.3	17121.8
8554	0.29014	26828.5	6707.13
8555	0.43573	40290.7	8058.15
8556	0.49269	45557.7	11389.4
8557	0.25808	23864.3	5966.08
8558	0.16612	15360.6	5120.21
8559	0.28937	26757.2	5351.44
8560	0.34697	32083.6	5347.27
8561	0.26898	24871.7	6217.92
8562	0.32481	30034.3	7508.57
8563	0.24915	23038.4	5759.59
8564	0.44320	40981.8	10245.4
8565	0.31685	29298.4	7324.59
8566	0.43883	40578	10144.5
8567	0.27770	25678.3	6419.57
8568	0.95977	88748.5	29582.8
8569	0.46658	43143.4	21571.7
8570	0.22369	20684.2	10342.1
8571	0.44540	41185.7	20592.8
8572	0.15576	14402.9	4800.96
8573	0.43023	39782.7	13260.9
8574	0.17192	15897	3974.24
8575	0.24191	22369.1	7456.36
8576	0.31732	29341.7	7335.44
8577	0.11136	10297.6	5148.79
8578	0.30698	28385.7	7096.43
8579	0.17685	16353	8176.51
8580	0.22251	20574.8	10287.4
8581	0.32240	29811.3	7452.81
8582	0.29403	27188	6797
8583	0.14462	13372.7	4457.58
8584	0.28267	26137.8	8712.6
8585	0.26260	24282.4	6070.59
8586	0.46209	42728.6	10682.1
8587	0.31728	29337.9	5867.59
8588	0.30652	28343.4	9447.81
8589	0.24280	22451.1	7483.69
8590	0.09765	9029.23	4514.62
8591	0.11151	10311.3	3437.1
8592	0.10562	9766.09	4883.05
8593	0.26913	24885.7	8295.22
8594	0.48070	44449	14816.3
8595	0.45858	42403.9	10601
8596	0.29745	27504.8	13752.4
8597	0.59162	54706.3	18235.4
8598	0.07789	7202.67	3601.34
8599	0.31270	28914.5	5782.9
8600	0.00000	0	0
