#IID	F_ROH	ROH_length_kB	KBAVG
4551	0.24617	22738.4	4547.69
4552	0.26379	24365.9	8121.97
4553	0.17368	16042.5	5347.49
4554	0.15629	14436.3	3609.08
4555	0.13128	12126.3	6063.17
4556	0.35898	33158.1	6631.63
4557	0.22364	20656.9	4131.37
4558	0.29994	27704.8	5540.96
4559	0.45649	42164.2	14054.7
4560	0.19692	18189.1	6063.04
4561	0.44840	41417.2	8283.44
4562	0.33707	31134	5189
4563	0.19627	18128.8	9064.4
4564	0.19159	17696.4	8848.18
4565	0.13200	12192.9	6096.43
4566	0.31873	29440.2	7360.05
4567	0.16585	15318.7	7659.36
4568	0.19755	18247.4	4561.86
4569	0.22920	21170.9	7056.98
4570	0.49533	45751.8	7625.3
4571	0.13419	12395.1	6197.57
4572	0.21709	20052.4	5013.09
4573	0.29703	27435.6	3919.37
4574	0.71199	65764.7	21921.6
4575	0.28764	26568.4	5313.68
4576	0.32748	30247.9	10082.6
4577	0.17175	15864.4	7932.2
4578	0.17161	15851.3	5283.78
4579	0.30938	28576.6	5715.31
4580	0.21236	19615.1	6538.38
4581	0.27876	25748.1	8582.69
4582	0.14485	13379.4	4459.81
4583	0.00000	0	0
4584	0.18761	17329.3	5776.44
4585	0.45334	41873.3	10468.3
4586	0.17605	16261.5	5420.51
4587	0.29454	27205.6	6801.39
4588	0.31777	29351.9	7337.97
4589	0.00000	0	0
4590	0.33984	31390.3	10463.4
4591	0.18679	17253.6	5751.21
4592	0.13099	12099.2	4033.06
4593	0.14099	13023.1	13023.1
4594	0.21871	20201.4	10100.7
4595	0.23386	21601.1	5400.27
4596	0.56655	52330.7	10466.1
4597	0.28836	26634.7	4439.11
4598	0.32905	30393.2	6078.64
4599	0.23365	21581.7	10790.8
4600	0.27133	25061.9	6265.47
