#IID	F_ROH	ROH_length_kB	KBAVG
6551	0.18719	17309	5769.65
6552	0.31346	28984.8	14492.4
6553	0.05738	5306.21	5306.21
6554	0.32842	30368.3	6073.66
6555	0.05975	5525.21	5525.21
6556	0.03623	3349.98	3349.98
6557	0.19273	17821.7	5940.55
6558	0.08747	8088.35	4044.17
6559	0.20703	19143.8	9571.88
6560	0.10308	9531.36	4765.68
6561	0.26857	24834.1	6208.53
6562	0.32115	29695.6	7423.91
6563	0.23004	21270.9	5317.72
6564	0.09268	8570.29	4285.15
6565	0.32319	29885	7471.24
6566	0.20372	18837.2	6279.05
6567	0.38398	35505.9	7101.18
6568	0.03623	3349.98	3349.98
6569	0.08311	7684.65	3842.32
6570	0.37726	34884.1	8721.01
6571	0.50760	46936.6	9387.32
6572	0.16403	15167.6	5055.87
6573	0.24676	22817.2	5704.31
6574	0.29378	27165.2	5433.03
6575	0.10554	9758.88	4879.44
6576	0.04958	4584.53	4584.53
6577	0.24494	22649	5662.25
6578	0.30672	28361.3	7090.31
6579	0.36586	33830	8457.51
6580	0.27165	25118.9	5023.79
6581	0.36414	33671.5	8417.88
6582	0.21411	19798.2	9899.12
6583	0.18290	16912.6	5637.52
6584	0.26579	24576.5	8192.16
6585	0.28340	26205.4	5241.09
6586	0.34011	31449	7862.26
6587	0.36466	33718.8	6743.75
6588	0.43468	40193.3	10048.3
6589	0.58452	54048.9	10809.8
6590	0.18115	16750.3	4187.58
6591	0.27334	25275.5	6318.88
6592	0.17769	16430.1	8215.03
6593	0.13755	12718.8	12718.8
6594	0.36040	33325.4	8331.35
6595	0.20743	19180.7	9590.37
6596	0.40395	37352.5	18676.2
6597	0.22414	20725.8	5181.44
6598	0.14207	13136.6	4378.85
6599	0.38623	35713.4	7142.68
6600	0.22184	20513.3	5128.32
