#IID	F_ROH	ROH_length_kB	KBAVG
16551	0.29604	27336.7	5467.34
16552	0.28526	26341.1	4390.19
16553	0.42715	39442.7	9860.67
16554	0.28968	26748.9	4458.15
16555	0.45558	42068.6	8413.71
16556	0.32081	29623.5	4937.25
16557	0.34993	32312.4	4616.06
16558	0.18386	16977.3	4244.33
16559	0.44834	41399.5	6899.91
16560	0.08024	7409.47	3704.74
16561	0.19690	18181.8	6060.61
16562	0.34884	32211.6	8052.89
16563	0.62899	58081	11616.2
16564	0.09954	9191.28	4595.64
16565	0.48735	45001.8	7500.29
16566	0.86070	79477.6	39738.8
16567	0.27393	25295.2	5059.04
16568	0.28352	26179.9	5235.97
16569	0.28907	26692.5	4448.76
16570	0.23171	21396.4	5349.11
16571	0.28042	25894.1	5178.82
16572	0.10267	9480.96	4740.48
16573	0.21074	19460.1	6486.71
16574	0.18186	16793.2	4198.29
16575	0.34102	31489.9	6297.99
16576	0.06591	6086.5	3043.25
16577	0.35559	32835.5	8208.88
16578	0.21889	20212	5053
16579	0.07903	7297.71	3648.85
16580	0.29359	27110	6777.5
16581	0.10369	9574.67	4787.33
16582	0.26331	24314.3	6078.57
16583	0.72388	66843.7	22281.2
16584	0.25924	23938.1	4787.61
16585	0.38167	35243.8	5873.97
16586	0.28956	26738.2	8912.75
16587	0.20381	18819.8	6273.27
16588	0.20617	19037.6	4759.4
16589	0.42330	39087.6	7817.51
16590	0.34077	31467.1	7866.78
16591	0.37368	34505.9	5750.99
16592	0.34786	32121.8	5353.63
16593	0.23554	21749.9	10875
16594	0.08424	7778.83	3889.41
16595	0.20483	18914.4	4728.6
16596	0.27913	25774.6	5154.93
16597	0.20834	19238	3847.6
16598	0.09169	8466.93	4233.47
16599	0.21086	19471.1	4867.78
16600	0.22353	20641.2	4128.24
