#IID	F_ROH	ROH_length_kB	KBAVG
6551	0.32139	29698.8	5939.76
6552	0.43672	40356.4	6726.07
6553	0.42973	39710.7	7942.13
6554	0.65815	60819.1	20273
6555	0.22448	20743.4	6914.45
6556	0.26514	24501.2	6125.3
6557	0.53943	49847.6	12461.9
6558	0.35242	32566.6	5427.77
6559	0.14449	13352.5	4450.82
6560	0.25670	23721.3	5930.33
6561	0.41162	38037	9509.25
6562	0.30604	28280.3	7070.06
6563	0.52268	48299.7	12074.9
6564	0.52007	48059	12014.7
6565	0.26713	24685.5	8228.49
6566	0.38142	35246.4	11748.8
6567	0.49955	46162.9	7693.81
6568	0.49507	45748.5	9149.7
6569	0.38317	35408	11802.7
6570	0.43035	39768.1	5681.16
6571	0.30219	27925.3	6981.31
6572	0.35193	32521	4065.12
6573	0.48233	44571.5	11142.9
6574	0.37990	35105.8	5015.12
6575	0.37064	34249.9	17124.9
6576	0.20216	18681.4	6227.13
6577	0.44501	41123	6853.84
6578	0.98042	90598.9	45299.5
6579	0.28889	26696.2	6674.06
6580	0.26545	24530.2	6132.54
6581	0.42895	39638.6	7927.72
6582	0.39624	36616.2	6102.71
6583	0.12719	11753.3	3917.78
6584	0.45130	41704	10426
6585	0.26120	24137.2	6034.29
6586	0.18577	17166.4	5722.12
6587	0.61085	56447.3	28223.7
6588	0.29065	26858.1	6714.51
6589	0.29826	27562.2	4593.7
6590	0.48685	44988.8	6426.97
6591	0.45754	42281	8456.19
6592	0.42329	39116	6519.33
6593	0.31440	29053.2	5810.64
6594	0.25011	23112.3	5778.09
6595	0.46757	43207.3	8641.46
6596	0.23405	21628.1	5407.02
6597	0.24150	22316.4	4463.28
6598	0.22801	21070.4	5267.6
6599	0.46747	43198.4	5399.81
6600	0.53385	49332	12333
