#IID	F_ROH	ROH_length_kB	KBAVG
14551	0.21210	19591.6	6530.54
14552	0.35822	33089.6	16544.8
14553	0.31608	29197.1	7299.28
14554	0.51661	47719.9	23859.9
14555	0.10627	9816.39	3272.13
14556	0.25448	23506.3	5876.58
14557	0.14326	13233.4	4411.15
14558	0.31612	29200.1	9733.36
14559	0.07284	6728.28	3364.14
14560	0.30451	28127.7	9375.89
14561	0.17791	16434.1	5478.03
14562	0.20140	18603.5	6201.18
14563	0.02676	2471.53	2471.53
14564	0.14137	13058.7	6529.34
14565	0.21379	19747.9	6582.64
14566	0.36630	33835.6	8458.9
14567	0.27915	25785.8	5157.16
14568	0.08355	7717.7	3858.85
14569	0.15816	14609.2	4869.73
14570	0.04486	4143.34	4143.34
14571	0.14918	13780.1	4593.36
14572	0.05847	5400.87	5400.87
14573	0.23897	22074.1	7358.02
14574	0.15584	14395.3	14395.3
14575	0.19302	17829.9	4457.47
14576	0.20337	18785.1	6261.71
14577	0.38170	35258.3	5876.38
14578	0.07210	6660.18	3330.09
14579	0.16046	14821.9	3705.47
14580	0.35271	32580.1	16290.1
14581	0.15383	14209.3	4736.45
14582	0.64032	59147.4	29573.7
14583	0.27857	25732.2	6433.06
14584	0.14847	13714.7	6857.33
14585	0.34424	31798	7949.5
14586	0.15663	14467.8	4822.59
14587	0.32693	30198.5	7549.63
14588	0.13008	12016.1	4005.36
14589	0.27332	25247.3	12623.7
14590	0.28844	26643.6	6660.91
14591	0.16957	15663.4	5221.14
14592	0.43045	39761.6	19880.8
14593	0.21016	19412.8	6470.94
14594	0.13107	12107.5	4035.85
14595	0.21695	20039.8	5009.96
14596	0.11048	10205.2	3401.73
14597	0.27444	25350.4	8450.14
14598	0.45039	41602.7	13867.6
14599	0.10524	9721.25	4860.62
14600	0.17390	16063.5	5354.51
