#IID	F_ROH	ROH_length_kB	KBAVG
2551	0.28125	26007.3	5201.46
2552	0.43639	40353.1	6725.52
2553	0.13360	12353.6	6176.82
2554	0.22061	20399.6	4079.92
2555	0.41050	37958.8	7591.75
2556	0.36804	34032.5	17016.3
2557	0.17595	16270.2	5423.41
2558	0.31181	28832.5	5766.5
2559	0.17217	15920.7	3980.17
2560	0.21522	19901.1	6633.71
2561	0.33415	30899.1	6179.83
2562	0.05824	5385.69	5385.69
2563	0.46039	42572.1	7095.36
2564	0.13980	12927.2	6463.6
2565	0.30717	28403.8	5680.77
2566	0.31179	28831	5766.21
2567	0.31598	29218.2	4174.03
2568	0.11916	11018.9	5509.44
2569	0.37791	34944.8	6988.95
2570	0.49280	45568.6	11392.1
2571	0.30787	28468.9	14234.5
2572	0.17481	16164.2	8082.08
2573	0.12862	11893.6	3964.55
2574	0.26189	24216.7	4843.34
2575	0.04025	3721.96	3721.96
2576	0.34685	32073.1	6414.63
2577	0.09282	8583.38	4291.69
2578	0.18322	16942	3388.39
2579	0.23116	21375.6	10687.8
2580	0.21227	19628.6	4907.14
2581	0.41125	38028.4	12676.1
2582	0.34049	31484.9	10495
2583	0.44923	41540	5934.28
2584	0.03257	3011.45	3011.45
2585	0.29942	27687.7	5537.55
2586	0.36381	33641	8410.25
2587	0.19025	17592.7	5864.23
2588	0.27097	25056.5	8352.17
2589	0.11466	10602.8	5301.4
2590	0.40857	37780.3	7556.07
2591	0.34297	31713.9	10571.3
2592	0.17205	15909.6	3977.41
2593	0.35731	33040.2	6608.04
2594	0.18544	17147.2	5715.72
2595	0.30529	28230.3	4705.05
2596	0.33916	31362.3	5227.06
2597	0.32933	30453.2	6090.65
2598	0.30007	27747.4	5549.48
2599	0.37070	34278.5	5713.08
2600	0.26368	24382.5	4876.51
