#IID	F_ROH	ROH_length_kB	KBAVG
18551	0.61277	56597.2	8085.32
18552	0.28033	25891.9	8630.64
18553	0.20299	18749.1	4687.28
18554	0.51262	47347.1	5918.39
18555	0.00000	0	0
18556	0.56330	52028	17342.7
18557	0.22337	20631.3	10315.7
18558	0.61671	56960.8	28480.4
18559	0.26537	24510.4	12255.2
18560	0.32315	29846.9	5969.38
18561	0.22449	20734.2	6911.41
18562	0.22003	20322.2	5080.55
18563	0.16777	15496.1	5165.35
18564	0.34062	31460.8	5243.47
18565	0.15572	14382.9	4794.29
18566	0.09144	8445.59	4222.8
18567	0.68680	63434.5	21144.8
18568	0.14997	13851.3	4617.09
18569	0.14565	13453.1	13453.1
18570	0.26941	24883.8	4976.75
18571	0.36833	34020.3	11340.1
18572	0.35163	32477.5	16238.7
18573	0.22844	21099	7033.01
18574	0.19819	18305.1	9152.54
18575	0.18743	17311.2	5770.42
18576	0.18285	16888.2	5629.41
18577	0.46942	43356.7	7226.12
18578	0.34512	31876.3	7969.08
18579	0.11784	10883.6	5441.82
18580	0.12250	11314.2	5657.08
18581	0.45695	42205.4	14068.5
18582	0.51970	48001.1	8000.18
18583	0.24547	22672	5668.01
18584	0.00000	0	0
18585	0.12494	11540	3846.68
18586	0.18229	16836.9	5612.3
18587	0.58430	53967.7	8994.61
18588	0.16763	15483.1	7741.54
18589	0.67586	62424.7	10404.1
18590	0.33174	30640.2	7660.04
18591	0.15221	14058.8	3514.69
18592	0.15357	14184.3	4728.09
18593	0.23813	21994.3	7331.44
18594	0.26206	24204.2	6051.05
18595	0.26598	24566.5	8188.82
18596	0.35778	33045.6	8261.41
18597	0.14454	13350.4	6675.19
18598	0.37902	35007.6	17503.8
18599	0.27640	25529.4	6382.36
18600	0.42008	38799.7	7759.95
