#IID	F_ROH	ROH_length_kB	KBAVG
2551	0.16960	15680.1	5226.71
2552	0.31407	29037.1	7259.28
2553	0.31780	29382.5	7345.64
2554	0.27921	25814.6	6453.64
2555	0.46254	42764.3	8552.87
2556	0.14122	13056.3	4352.09
2557	0.35542	32860.6	8215.16
2558	0.30247	27965.4	4660.9
2559	0.17906	16555.5	5518.51
2560	0.11547	10675.9	5337.97
2561	0.32861	30381.9	6076.37
2562	0.20555	19004	6334.68
2563	0.53315	49292.3	8215.38
2564	0.29023	26832.9	8944.32
2565	0.45586	42146.6	7024.44
2566	0.17990	16632.8	5544.27
2567	0.20871	19296.1	6432.04
2568	0.44669	41299	13766.3
2569	0.08541	7897.05	7897.05
2570	0.19446	17978.5	8989.26
2571	0.29369	27153	6788.24
2572	0.64103	59266.7	29633.4
2573	0.30247	27965.4	5593.08
2574	0.33941	31380.7	7845.16
2575	0.27520	25443.3	12721.7
2576	0.44427	41074.8	6845.8
2577	0.32952	30466.3	7616.58
2578	0.14407	13319.9	6659.96
2579	0.25609	23677	5919.24
2580	0.28075	25956.5	5191.29
2581	0.38299	35409.8	17704.9
2582	0.25092	23198.5	7732.82
2583	0.16635	15380	5126.67
2584	0.05651	5224.49	5224.49
2585	0.20750	19184.6	9592.31
2586	0.29406	27187.8	9062.59
2587	0.38336	35443.3	8860.84
2588	0.49846	46085	11521.2
2589	0.15569	14394.7	7197.33
2590	0.11874	10977.8	5488.9
2591	0.13492	12474.3	4158.11
2592	0.38443	35542.5	5077.49
2593	0.26118	24147.6	6036.9
2594	0.18482	17087.2	4271.8
2595	0.33170	30667.6	6133.52
2596	0.27015	24976.9	8325.63
2597	0.11185	10341	5170.52
2598	0.40457	37404.3	6234.05
2599	0.18697	17286.6	5762.21
2600	0.06915	6392.86	6392.86
