#IID	F_ROH	ROH_length_kB	KBAVG
2551	0.13767	12731	6365.51
2552	0.14624	13523.3	6761.67
2553	0.16025	14819.2	4939.72
2554	0.32485	30040.4	6008.07
2555	0.30592	28289.5	7072.37
2556	0.39361	36399.2	7279.84
2557	0.65604	60667.2	30333.6
2558	0.52171	48245	6892.14
2559	0.32403	29964.7	7491.18
2560	0.31677	29292.8	9764.28
2561	0.23553	21780.7	4356.14
2562	0.47106	43561.5	14520.5
2563	0.39519	36545.1	5220.73
2564	0.57708	53365.3	10673.1
2565	0.49181	45479.6	5684.94
2566	0.43516	40240.9	5030.11
2567	0.29201	27004	4500.67
2568	0.39203	36252.8	9063.21
2569	0.65745	60798	8685.42
2570	0.45241	41836.1	5229.51
2571	0.37807	34962.1	11654
2572	0.17695	16363.7	4090.92
2573	0.22958	21230.7	4246.14
2574	0.40385	37345.8	6224.3
2575	0.36020	33309.2	5551.53
2576	0.47226	43672	6238.86
2577	0.26613	24610.7	6152.68
2578	0.36767	34000.2	5666.71
2579	0.31527	29154.7	5830.94
2580	0.41201	38101	6350.17
2581	0.19799	18309.5	6103.17
2582	0.21045	19461.7	3892.34
2583	0.33959	31403.9	6280.78
2584	0.27120	25079.1	8359.72
2585	0.64131	59305.3	6589.47
2586	0.17556	16234.5	4058.63
2587	0.58098	53725.8	5969.53
2588	0.36301	33569.2	5594.86
2589	0.14874	13755	4584.99
2590	0.14403	13318.9	4439.65
2591	0.28893	26718.3	5343.66
2592	0.44404	41062.6	6843.77
2593	0.20012	18506.5	6168.83
2594	0.42908	39679	6613.17
2595	0.35277	32622.6	10874.2
2596	0.03546	3279.41	3279.41
2597	0.09906	9160.15	9160.15
2598	0.22342	20660.5	5165.12
2599	0.39267	36312	6052
2600	0.17976	16623.2	5541.07
