#IID	F_ROH	ROH_length_kB	KBAVG
8551	0.23553	21762.9	5440.72
8552	0.18829	17398.1	8699.04
8553	0.23851	22037.9	7345.96
8554	0.17317	16000.6	8000.28
8555	0.14001	12936.8	4312.28
8556	0.16937	15649.2	5216.39
8557	0.18781	17353	4338.24
8558	0.14362	13270.1	4423.36
8559	0.11137	10290.1	5145.06
8560	0.25175	23261.5	5815.38
8561	0.16523	15267.3	5089.1
8562	0.25474	23537.4	5884.36
8563	0.35824	33100.8	11033.6
8564	0.09170	8472.8	4236.4
8565	0.31696	29286.2	9762.07
8566	0.41785	38608.5	6434.74
8567	0.31140	28772.9	4795.48
8568	0.10595	9790.07	9790.07
8569	0.23324	21550.9	4310.18
8570	0.57941	53536.6	6692.07
8571	0.71015	65616.7	16404.2
8572	0.35454	32759.3	6551.87
8573	0.22294	20599.1	5149.77
8574	0.32673	30189.7	6037.93
8575	0.20221	18684.3	9342.13
8576	0.19672	18176.8	6058.92
8577	0.13950	12889.4	6444.68
8578	0.55200	51004.1	10200.8
8579	0.15687	14494.5	14494.5
8580	0.57593	53215.1	10643
8581	0.48641	44943.5	7490.59
8582	0.21101	19497.1	6499.04
8583	0.19803	18297.3	9148.64
8584	0.19343	17872.4	5957.48
8585	0.10067	9301.47	9301.47
8586	0.17205	15897.5	7948.75
8587	0.25519	23579.3	7859.78
8588	0.17358	16038.9	4009.73
8589	0.26123	24137.6	8045.86
8590	0.13194	12191.5	6095.77
8591	0.18523	17115.4	5705.14
8592	0.28054	25921.2	8640.39
8593	0.05156	4763.72	4763.72
8594	0.18229	16842.9	4210.72
8595	0.09062	8373.51	4186.75
8596	0.98498	91010.8	45505.4
8597	0.09574	8845.97	8845.97
8598	0.08301	7669.7	3834.85
8599	0.26603	24580.5	8193.5
8600	0.18180	16798.3	5599.45
