#IID	F_ROH	ROH_length_kB	KBAVG
10551	0.16440	15194.3	3798.57
10552	0.27271	25204.1	5040.81
10553	0.42984	39725.8	6620.96
10554	0.14292	13208.5	4402.82
10555	0.17601	16266.8	5422.25
10556	0.21668	20025.6	4005.13
10557	0.15840	14639.5	4879.84
10558	0.27674	25576.9	5115.37
10559	0.28086	25957.8	5191.56
10560	0.33751	31193.1	6238.63
10561	0.26297	24303.7	6075.93
10562	0.22693	20973.1	6991.05
10563	0.28725	26547.9	4424.65
10564	0.21795	20142.8	6714.25
10565	0.49960	46173.6	7695.6
10566	0.25510	23576.8	4715.35
10567	0.23926	22112.2	4422.43
10568	0.22085	20410.8	5102.69
10569	0.74421	68780.9	17195.2
10570	0.26839	24804.7	4960.93
10571	0.18918	17484	5827.99
10572	0.53631	49566.1	7080.87
10573	0.12658	11698.2	3899.4
10574	0.24467	22612.9	5653.22
10575	0.12893	11916	3972
10576	0.22159	20479.7	6826.57
10577	0.34126	31539.6	10513.2
10578	0.24745	22869.8	7623.27
10579	0.24911	23023.4	5755.84
10580	0.29265	27047.1	5409.41
10581	0.26997	24950.7	6237.68
10582	0.89856	83045.7	27681.9
10583	0.46086	42593.3	7098.88
10584	0.28987	26789.8	5357.97
10585	0.26678	24656.2	8218.75
10586	0.32209	29767.5	5953.5
10587	0.18056	16687.6	4171.9
10588	0.25824	23867	5966.75
10589	0.29633	27387.3	5477.47
10590	0.24733	22858.8	11429.4
10591	0.20731	19159.4	6386.45
10592	0.32479	30017.8	6003.57
10593	0.26395	24394.8	4878.96
10594	0.20767	19192.8	9596.39
10595	0.15395	14227.8	3556.95
10596	0.16788	15515.4	7757.68
10597	0.22472	20769.1	6923.02
10598	0.34324	31722.5	7930.62
10599	0.32121	29686.8	5937.35
10600	0.46720	43179.4	14393.1
