#IID	F_ROH	ROH_length_kB	KBAVG
20551	0.22208	20531.6	20531.6
20552	0.10601	9800.39	4900.2
20553	0.16500	15254.5	5084.82
20554	0.09004	8324.01	4162
20555	0.66865	61816.6	15454.1
20556	0.65592	60640.1	10106.7
20557	0.28570	26413.1	6603.26
20558	0.41299	38181	9545.25
20559	0.20904	19325.5	9662.77
20560	0.27396	25327.7	6331.93
20561	0.06137	5673.68	5673.68
20562	0.17789	16445.7	5481.88
20563	0.39123	36168.9	7233.78
20564	0.20003	18492.9	6164.28
20565	0.28769	26596.9	5319.37
20566	0.27989	25875.8	6468.94
20567	0.26966	24930	6232.49
20568	0.31917	29507.5	9835.82
20569	0.16094	14879.3	4959.77
20570	0.20961	19378.5	9689.27
20571	0.33033	30539.4	7634.85
20572	0.27873	25768.8	5153.76
20573	0.24207	22379.4	7459.79
20574	0.43310	40040	10010
20575	0.09592	8867.69	2955.9
20576	0.11085	10247.8	5123.92
20577	0.48088	44457.4	6351.05
20578	0.07296	6745.41	6745.41
20579	0.50695	46867.7	9373.54
20580	0.06631	6130.64	6130.64
20581	0.56161	51920.8	25960.4
20582	0.30631	28317.9	7079.47
20583	0.20258	18728.4	9364.2
20584	0.15613	14434.6	3608.65
20585	0.15291	14136.5	4712.17
20586	0.06312	5835.83	5835.83
20587	0.25834	23883.1	7961.05
20588	0.33758	31209.3	5201.56
20589	0.35284	32619.9	10873.3
20590	0.19219	17767.9	8883.96
20591	0.41285	38168.1	7633.62
20592	0.27487	25411.6	6352.89
20593	0.09964	9211.37	4605.69
20594	0.23690	21901.1	7300.36
20595	0.29966	27703.1	5540.61
20596	0.16710	15448.3	15448.3
20597	0.28606	26445.9	4407.64
20598	0.24059	22242.1	5560.51
20599	0.07453	6890.42	6890.42
20600	0.16483	15238.2	5079.39
