#IID	F_ROH	ROH_length_kB	KBAVG
8551	0.23473	21686.3	7228.78
8552	0.31595	29190	5838.01
8553	0.24841	22950.6	7650.21
8554	0.23325	21549.4	7183.14
8555	0.07894	7293.22	7293.22
8556	0.56606	52297.7	7471.09
8557	0.45750	42268.2	8453.65
8558	0.63681	58834.8	19611.6
8559	0.29029	26819.9	5363.98
8560	0.41073	37946.7	5420.96
8561	0.58093	53672	13418
8562	0.15104	13954.3	6977.15
8563	0.24149	22311.3	4462.25
8564	0.25817	23852.2	5963.04
8565	0.23495	21706.7	5426.69
8566	0.25007	23103.9	4620.77
8567	0.40581	37492	12497.3
8568	0.62247	57509.5	11501.9
8569	0.43039	39763.6	6627.27
8570	0.33996	31409	5234.84
8571	0.84550	78115.2	19528.8
8572	0.65480	60496.7	12099.3
8573	0.47713	44081.4	14693.8
8574	0.26776	24738.5	4123.08
8575	0.40604	37513.8	7502.76
8576	0.16295	15054.6	5018.2
8577	0.32683	30195.9	7548.96
8578	0.26003	24023.6	4804.73
8579	0.28769	26579.6	6644.91
8580	0.44254	40886.2	5840.89
8581	0.11605	10721.6	5360.78
8582	0.22644	20920.6	5230.15
8583	0.35687	32970.8	5495.14
8584	0.29567	27317	5463.41
8585	0.46374	42844.2	7140.69
8586	0.93110	86023.5	21505.9
8587	0.49995	46189.6	9237.92
8588	0.40533	37448	6241.34
8589	0.63368	58544.9	14636.2
8590	0.35369	32677.3	8169.34
8591	0.00000	0	0
8592	0.32152	29704.7	5940.94
8593	0.11869	10965.4	5482.7
8594	0.21100	19493.9	6497.95
8595	0.24926	23029	4605.79
8596	0.17582	16243.6	8121.8
8597	0.48837	45120.5	7520.09
8598	0.10929	10096.9	5048.47
8599	0.32492	30018.9	7504.73
8600	0.32402	29936.1	5987.22
