#IID	F_ROH	ROH_length_kB	KBAVG
10551	0.15320	14155.7	4718.58
10552	0.23709	21907.1	7302.37
10553	0.30814	28471.8	7117.95
10554	0.22854	21117.1	7039.02
10555	0.27445	25358.8	6339.71
10556	0.36328	33566.9	6713.37
10557	0.34676	32040.3	5340.04
10558	0.36284	33526.1	11175.4
10559	0.08734	8070.24	8070.24
10560	0.29411	27175.4	4529.23
10561	0.26339	24337	6084.25
10562	0.20814	19232.1	9616.05
10563	0.38908	35950.9	7190.17
10564	0.33947	31366.6	10455.5
10565	0.14715	13596.8	4532.28
10566	0.18900	17463.5	8731.74
10567	0.28021	25891.4	4315.23
10568	0.80168	74074.8	24691.6
10569	0.11554	10676	5338
10570	0.24160	22324	7441.32
10571	0.21729	20077.1	5019.26
10572	0.06615	6112.61	6112.61
10573	0.25085	23178.8	5794.71
10574	0.74239	68596.6	17149.1
10575	0.22831	21095.8	5273.96
10576	0.22006	20333.8	5083.46
10577	0.37754	34884.1	8721.02
10578	0.34729	32089.5	8022.38
10579	0.47723	44095.7	8819.14
10580	0.31892	29467.8	7366.95
10581	0.31033	28674	5734.8
10582	0.39973	36934.8	9233.71
10583	0.36232	33478.4	4782.62
10584	0.66159	61130.8	30565.4
10585	0.60042	55478.2	13869.6
10586	0.15970	14755.8	7377.88
10587	0.37515	34663.3	5777.21
10588	0.20852	19267	4816.74
10589	0.49975	46176.6	7696.1
10590	0.34619	31987.5	7996.88
10591	0.24639	22766.3	5691.57
10592	0.45132	41701.4	8340.27
10593	0.17665	16322.5	5440.83
10594	0.16041	14821.7	3705.43
10595	0.24816	22929.4	7643.12
10596	0.26477	24464.2	6116.04
10597	0.75048	69343.6	23114.5
10598	0.03264	3015.63	3015.63
10599	0.32756	30266.7	7566.67
10600	0.46813	43255.3	14418.4
