#IID	F_ROH	ROH_length_kB	KBAVG
10551	0.05011	4629.42	4629.42
10552	0.32349	29882.9	5976.59
10553	0.26218	24219.4	12109.7
10554	0.15240	14078.2	4692.72
10555	0.21450	19814.7	6604.89
10556	0.28526	26351.8	5270.35
10557	0.48272	44592.1	14864
10558	0.11512	10634.2	5317.08
10559	0.15679	14484.1	4828.03
10560	0.24831	22937.9	4587.57
10561	0.44908	41485.1	5926.44
10562	0.36049	33300.9	4757.27
10563	0.19172	17710.5	4427.62
10564	0.34514	31883	7970.74
10565	0.38124	35217.9	7043.58
10566	0.52165	48188.8	8031.47
10567	0.45882	42384	6054.86
10568	0.30457	28134.9	5626.97
10569	0.31877	29447.2	4907.86
10570	0.33841	31261.2	10420.4
10571	0.10411	9617.49	4808.74
10572	0.15825	14618.8	4872.94
10573	0.16465	15210.3	3802.59
10574	0.31274	28889.8	5777.96
10575	0.22104	20419.4	5104.84
10576	0.31616	29206	5841.19
10577	0.33190	30659.8	10219.9
10578	0.22527	20809.4	5202.35
10579	0.20913	19318.8	9659.4
10580	0.34535	31902.4	5317.07
10581	0.06648	6140.86	6140.86
10582	0.25320	23390.1	5847.52
10583	0.28778	26584.5	5316.89
10584	0.29127	26906.3	8968.77
10585	0.15795	14590.6	4863.55
10586	0.29302	27068.4	6767.1
10587	0.09983	9221.61	4610.8
10588	0.13645	12604.7	6302.37
10589	0.35669	32949.7	5491.62
10590	0.22142	20453.7	5113.41
10591	0.06620	6114.99	6114.99
10592	0.37603	34736.6	5789.44
10593	0.19402	17923	8961.51
10594	0.24645	22766.6	7588.86
10595	0.31703	29286.2	7321.55
10596	0.27757	25641.1	6410.29
10597	0.15257	14093.8	7046.91
10598	0.22964	21213.3	5303.32
10599	0.16856	15571.5	7785.77
10600	0.18676	17252.4	8626.18
