#IID	F_ROH	ROH_length_kB	KBAVG
12551	0.29313	27081.2	5416.24
12552	0.56133	51858.6	10371.7
12553	0.40832	37722.9	7544.58
12554	0.47835	44191.9	11048
12555	0.28637	26456.2	13228.1
12556	0.26973	24918.6	6229.65
12557	0.29161	26940.4	8980.13
12558	0.08948	8266.69	4133.34
12559	0.33664	31100.9	10367
12560	0.14202	13120.2	4373.39
12561	0.03103	2866.27	2866.27
12562	0.17452	16123	5374.33
12563	0.14571	13461.3	4487.11
12564	0.10950	10115.9	5057.95
12565	0.23719	21913.2	7304.39
12566	0.00000	0	0
12567	0.12101	11179.6	11179.6
12568	0.23498	21708.2	5427.06
12569	0.23432	21647.9	7215.98
12570	0.18945	17502.6	8751.31
12571	0.10855	10028.7	5014.33
12572	0.06228	5753.81	5753.81
12573	0.22338	20637.1	5159.28
12574	0.07987	7378.54	7378.54
12575	0.25114	23201.4	5800.36
12576	0.19080	17626.9	5875.64
12577	0.00000	0	0
12578	0.23579	21783.3	5445.81
12579	0.08778	8109.41	4054.71
12580	0.29702	27440.2	5488.05
12581	0.33392	30849	10283
12582	0.26347	24340.6	6085.14
12583	0.15302	14136.6	14136.6
12584	0.13809	12757.2	4252.4
12585	0.05079	4692.03	4692.03
12586	0.17746	16394.8	5464.94
12587	0.25732	23772.4	5943.11
12588	0.08158	7536.5	3768.25
12589	0.16427	15175.8	7587.92
12590	0.43661	40336.6	13445.5
12591	0.41370	38219.3	6369.89
12592	0.17527	16191.9	5397.31
12593	0.27671	25564.1	6391.02
12594	0.38570	35633.3	11877.8
12595	0.37492	34636.8	8659.21
12596	0.12618	11656.8	11656.8
12597	0.06092	5627.67	2813.84
12598	0.44918	41497.6	10374.4
12599	0.25922	23947.8	5986.95
12600	0.18545	17132.4	5710.79
