#IID	F_ROH	ROH_length_kB	KBAVG
2551	0.21202	19588.8	9794.41
2552	0.21132	19524.1	6508.04
2553	0.30702	28365.9	9455.31
2554	0.24796	22909.6	5727.39
2555	0.14626	13512.6	4504.21
2556	0.25331	23403.2	7801.08
2557	0.12226	11295.5	5647.77
2558	0.17800	16445.7	5481.9
2559	0.15955	14741.3	4913.77
2560	0.14999	13857.7	3464.42
2561	0.10443	9648.65	4824.33
2562	0.28423	26260.6	5252.11
2563	0.19414	17937	5979
2564	0.05649	5219.19	5219.19
2565	0.10731	9914.31	4957.15
2566	0.11507	10631.3	3543.78
2567	0.42202	38990.9	6498.49
2568	0.18020	16648.5	5549.51
2569	0.23320	21545.8	5386.45
2570	0.04392	4057.71	4057.71
2571	0.12788	11814.8	3938.26
2572	0.20150	18616.6	4654.16
2573	0.11357	10492.6	5246.31
2574	0.19479	17997	5998.99
2575	0.35307	32620.4	8155.11
2576	0.23459	21673.5	5418.38
2577	0.03598	3323.87	3323.87
2578	0.21377	19749.9	4937.46
2579	0.28185	26040	13020
2580	0.15014	13871.6	4623.86
2581	0.24834	22943.8	4588.77
2582	0.12075	11155.9	3718.64
2583	0.18540	17129.5	8564.76
2584	0.35292	32606.3	8151.59
2585	0.43106	39826.2	7965.25
2586	0.27379	25295.2	6323.79
2587	0.21801	20142.2	5035.55
2588	0.10813	9990.49	4995.25
2589	0.07479	6909.51	6909.51
2590	0.33917	31335.8	6267.16
2591	0.24520	22653.7	4530.74
2592	0.19099	17645.3	5881.77
2593	0.20719	19142.8	4785.69
2594	0.19057	17607	4401.76
2595	0.06625	6121.08	3060.54
2596	0.27292	25215.6	8405.2
2597	0.19090	17637.3	4409.31
2598	0.06319	5838.23	2919.11
2599	0.50460	46620.7	11655.2
2600	0.36434	33661.1	5610.18
