#IID	F_ROH	ROH_length_kB	KBAVG
22551	0.14667	13553.5	6776.73
22552	0.47060	43488.4	14496.1
22553	0.24192	22356	5589
22554	0.29471	27234.5	9078.17
22555	0.40904	37799.5	12599.8
22556	0.30422	28112.6	7028.16
22557	0.26001	24027.1	6006.76
22558	0.25987	24014.4	8004.79
22559	0.21408	19783	3956.59
22560	0.32044	29612.1	9870.68
22561	0.35276	32599	8149.75
22562	0.16079	14858.5	3714.63
22563	0.23053	21303.3	4260.66
22564	0.19983	18466.2	9233.08
22565	0.43776	40453.3	5779.04
22566	0.25150	23241.1	4648.23
22567	0.28095	25962.6	8654.2
22568	0.00000	0	0
22569	0.17657	16316.9	16316.9
22570	0.24449	22593	5648.26
22571	0.28305	26156.6	6539.16
22572	0.10553	9751.81	4875.9
22573	0.45956	42468.2	21234.1
22574	0.96188	88887.1	44443.5
22575	0.40044	37005	6167.5
22576	0.13047	12056.3	12056.3
22577	0.18562	17153.3	5717.75
22578	0.25016	23117.3	4623.47
22579	0.67529	62403.7	15600.9
22580	0.34482	31865.2	7966.31
22581	0.21273	19658.8	9829.41
22582	0.47253	43666.2	5458.27
22583	0.33849	31279.9	7819.97
22584	0.17925	16564.1	5521.35
22585	0.25902	23936.4	5984.11
22586	0.37164	34343	8585.76
22587	0.21176	19569	6522.99
22588	0.61436	56773.2	18924.4
22589	0.24240	22399.8	11199.9
22590	0.21087	19486.7	6495.55
22591	0.24931	23039.2	7679.74
22592	0.29067	26860.6	8953.55
22593	0.19611	18122.5	6040.85
22594	0.19379	17907.9	5969.3
22595	0.21083	19483	6494.34
22596	0.25889	23924	5980.99
22597	0.29076	26868.7	6717.19
22598	0.55540	51324.4	10264.9
22599	0.14314	13228	4409.34
22600	0.31887	29466.9	5893.38
