#IID	F_ROH	ROH_length_kB	KBAVG
2551	0.15672	14469.1	7234.53
2552	0.24208	22350	11175
2553	0.37378	34509.5	5751.58
2554	0.08802	8126.47	4063.24
2555	0.15342	14164.8	4721.6
2556	0.21357	19718.5	4929.63
2557	0.25514	23556.1	7852.05
2558	0.29738	27456.2	5491.25
2559	0.13742	12687.2	4229.06
2560	0.40389	37289.1	6214.86
2561	0.41974	38753.2	7750.65
2562	0.35417	32698.9	5449.81
2563	0.34713	32049	10683
2564	0.22066	20372.5	6790.83
2565	0.27521	25409.5	8469.83
2566	0.31776	29337.8	5867.56
2567	0.14660	13534.9	6767.46
2568	0.14111	13028	4342.66
2569	0.71052	65599.4	65599.4
2570	0.32830	30310.2	10103.4
2571	0.29653	27377.2	9125.72
2572	0.10041	9270.85	4635.42
2573	0.21859	20181.1	5045.28
2574	0.66300	61211.8	12242.4
2575	0.11678	10781.5	5390.76
2576	0.42933	39638.2	6606.37
2577	0.49770	45950.4	9190.07
2578	0.25115	23187.7	5796.92
2579	0.18819	17374.9	3474.97
2580	0.40655	37535.2	6255.87
2581	0.50001	46164.2	6594.88
2582	0.38145	35217.5	4402.18
2583	0.19275	17796	4449.01
2584	0.30468	28129.6	9376.54
2585	0.08758	8086.11	4043.06
2586	0.18676	17242.6	8621.31
2587	0.39388	36365.3	9091.32
2588	0.26644	24599	6149.75
2589	0.21116	19495.8	4873.95
2590	0.36041	33275.6	5545.93
2591	0.29677	27399.6	6849.9
2592	0.13560	12519.3	4173.11
2593	0.17256	15932	7966.01
2594	0.47519	43872.5	6267.51
2595	0.45091	41631.1	8326.23
2596	0.59821	55230.1	7890.02
2597	0.28610	26414.2	5282.83
2598	0.18743	17304.9	4326.24
2599	0.34026	31414.4	6282.89
2600	0.30125	27813.1	5562.62
