#IID	F_ROH	ROH_length_kB	KBAVG
2551	0.63583	58776.8	11755.4
2552	0.17764	16420.9	3284.19
2553	0.14010	12951.3	4317.09
2554	0.11721	10834.6	5417.29
2555	0.35349	32677.1	8169.26
2556	0.28333	26191.7	8730.56
2557	0.29591	27353.7	3907.67
2558	0.31070	28721.2	5744.23
2559	0.33231	30719	6143.8
2560	0.14134	13065.4	4355.14
2561	0.50318	46514.7	11628.7
2562	0.40358	37306.9	9326.72
2563	0.28768	26593.2	6648.31
2564	0.08071	7461.02	3730.51
2565	0.12556	11606.7	5803.34
2566	0.12506	11561.1	3853.69
2567	0.27571	25487	6371.75
2568	0.83697	77369.9	15474
2569	0.21599	19965.9	4991.47
2570	0.29011	26818.4	8939.48
2571	0.22707	20990.3	4198.05
2572	0.31638	29246.6	9748.86
2573	0.13695	12660.2	6330.1
2574	0.09892	9144.02	4572.01
2575	0.53064	49052.6	16350.9
2576	0.55567	51367	17122.3
2577	0.30220	27935.7	6983.92
2578	0.23015	21275	5318.74
2579	0.17185	15885.7	3971.43
2580	0.32147	29716.9	5943.37
2581	0.35843	33134	8283.5
2582	0.28207	26074.4	5214.88
2583	0.34590	31975.4	6395.07
2584	0.13906	12854.5	6427.25
2585	0.40739	37659.9	7531.98
2586	0.16180	14956.5	4985.49
2587	0.26379	24385.3	6096.32
2588	0.14104	13037.8	4345.92
2589	0.32739	30263.8	7565.95
2590	0.30435	28134.8	5626.96
2591	0.45017	41613.8	5944.83
2592	0.26463	24462.2	8154.06
2593	0.38260	35367.6	5894.6
2594	0.16938	15658	3914.49
2595	0.38419	35514.7	11838.2
2596	0.34018	31446.7	10482.2
2597	0.21418	19798.7	6599.57
2598	0.59925	55395.2	11079
2599	0.39269	36300.8	7260.15
2600	0.21772	20125.8	5031.45
