#IID	F_ROH	ROH_length_kB	KBAVG
2551	0.00000	0	0
2552	0.16960	15683.8	3920.96
2553	0.00000	0	0
2554	0.21173	19579.6	4894.89
2555	0.41009	37922.1	6320.36
2556	0.33925	31371.3	6274.25
2557	0.11762	10876.8	5438.4
2558	0.49716	45974.4	15324.8
2559	0.16165	14948.4	4982.82
2560	0.10219	9450.13	3150.04
2561	0.19289	17837.2	8918.59
2562	0.16072	14862.3	3715.57
2563	0.27849	25753.3	8584.43
2564	0.13177	12184.9	4061.64
2565	0.17747	16410.8	4102.7
2566	0.34954	32323.2	6464.65
2567	0.25074	23186.4	3864.4
2568	0.06601	6104.25	3052.12
2569	0.21277	19675.3	6558.44
2570	0.18801	17386.2	5795.41
2571	0.35741	33050.5	11016.8
2572	0.17488	16172.1	5390.7
2573	0.18797	17382.3	8691.15
2574	0.16500	15258.4	3814.6
2575	0.24038	22229	5557.24
2576	0.03225	2982.28	2982.28
2577	0.05807	5369.89	2684.94
2578	0.19578	18104.7	6034.9
2579	0.09841	9100.31	4550.16
2580	0.29315	27108.6	9036.19
2581	0.23253	21503	7167.66
2582	0.47888	44283.5	11070.9
2583	0.24631	22777	5694.25
2584	0.19893	18395.3	6131.78
2585	0.16873	15603.1	5201.04
2586	0.03047	2817.9	2817.9
2587	0.20817	19250	6416.66
2588	0.00000	0	0
2589	0.03660	3384.52	3384.52
2590	0.38699	35785.8	11928.6
2591	0.07288	6739.53	3369.76
2592	0.29287	27082.3	5416.46
2593	0.14965	13838.9	6919.43
2594	0.14090	13029.4	4343.14
2595	0.06519	6028.44	3014.22
2596	0.19487	18020.5	4505.13
2597	0.16660	15406.2	5135.39
2598	0.36736	33970.6	16985.3
2599	0.19381	17922.2	4480.55
2600	0.27041	25006	8335.33
