#IID	F_ROH	ROH_length_kB	KBAVG
2551	0.12189	11262.3	3754.09
2552	0.37267	34432.2	8608.06
2553	0.29555	27306.6	6826.65
2554	0.68871	63632.2	21210.7
2555	0.67292	62173.3	15543.3
2556	0.21517	19880.5	9940.24
2557	0.69469	64185.5	21395.2
2558	0.15486	14308.5	4769.49
2559	0.26548	24528.4	6132.1
2560	0.27809	25693.7	8564.58
2561	0.25414	23481.2	7827.06
2562	0.22314	20616.5	5154.13
2563	0.23822	22010.3	11005.1
2564	0.17464	16135.4	8067.69
2565	0.23218	21451.7	4290.34
2566	0.02690	2485.26	2485.26
2567	0.18296	16904.5	5634.84
2568	0.37468	34618.6	5769.77
2569	0.17389	16066.4	8033.19
2570	0.27442	25355	5071.01
2571	0.39327	36336.2	9084.06
2572	0.25908	23937.4	4787.49
2573	0.34339	31727.4	6345.48
2574	0.35509	32808.6	8202.14
2575	0.65072	60122.6	15030.7
2576	0.11393	10526.8	3508.94
2577	0.44038	40688.1	13562.7
2578	0.29026	26818	6704.49
2579	0.49821	46031.3	11507.8
2580	0.37476	34625.3	6925.06
2581	0.35053	32386.7	5397.79
2582	0.31379	28992.2	9664.07
2583	0.24581	22711.6	4542.32
2584	0.33350	30813.7	10271.2
2585	0.38677	35735.4	7147.09
2586	0.28716	26531.6	6632.9
2587	0.05158	4765.32	4765.32
2588	0.62447	57696.8	9616.13
2589	0.24538	22671.4	11335.7
2590	0.39802	36774.4	9193.6
2591	0.39782	36756.4	12252.1
2592	0.14987	13846.8	4615.61
2593	0.43957	40613.2	8122.63
2594	0.10493	9694.68	4847.34
2595	0.07770	7178.87	7178.87
2596	0.45848	42360.7	10590.2
2597	0.48729	45022.6	11255.6
2598	0.17034	15738.1	5246.03
2599	0.10426	9633.18	4816.59
2600	0.67228	62114.6	31057.3
