#IID	F_ROH	ROH_length_kB	KBAVG
2551	0.37702	34819.3	11606.4
2552	0.24027	22190.1	5547.52
2553	0.48821	45088.2	9017.64
2554	0.82525	76216	38108
2555	0.34130	31520.4	7880.09
2556	0.42044	38829.3	9707.34
2557	0.44446	41048.3	10262.1
2558	0.26421	24401	8133.67
2559	0.13333	12314	4104.68
2560	0.24625	22742.2	5685.55
2561	0.39559	36534.1	7306.82
2562	0.29620	27355.8	6838.94
2563	0.24023	22186.8	5546.69
2564	0.27365	25273.2	6318.3
2565	0.32713	30212.4	5035.4
2566	0.28491	26313.2	6578.3
2567	0.71006	65577.7	21859.2
2568	0.30912	28548.9	9516.31
2569	0.38158	35241.1	11747
2570	0.24832	22933.4	7644.48
2571	0.22721	20984.3	6994.78
2572	0.14074	12997.7	4332.56
2573	0.06674	6164.15	6164.15
2574	0.41619	38437.5	7687.49
2575	0.03098	2860.94	2860.94
2576	0.12253	11316.4	5658.18
2577	0.22137	20444.5	5111.13
2578	0.23496	21699.5	7233.16
2579	0.41847	38647.6	12882.5
2580	0.41935	38728.6	9682.15
2581	0.22675	20941.4	10470.7
2582	0.11923	11011.4	5505.71
2583	0.05554	5129	5129
2584	0.08258	7626.95	3813.48
2585	0.33761	31179.9	5196.65
2586	0.58841	54342.1	18114
2587	0.29007	26789	5357.79
2588	0.23964	22132.2	7377.41
2589	0.43368	40052.6	6675.44
2590	0.06352	5866.65	5866.65
2591	0.29402	27154.4	5430.88
2592	0.17281	15959.7	7979.87
2593	0.17940	16568.8	5522.94
2594	0.02363	2182.52	2182.52
2595	0.27094	25022.6	6255.64
2596	0.07962	7353.19	3676.6
2597	0.28866	26658.9	6664.73
2598	0.58688	54201	9033.5
2599	0.36870	34051.1	6810.21
2600	0.27283	25197.1	6299.26
