#IID	F_ROH	ROH_length_kB	KBAVG
4551	0.31717	29311.8	7327.96
4552	0.19883	18375.3	9187.66
4553	0.17532	16202.6	5400.87
4554	0.88411	81706.4	27235.5
4555	0.74655	68993.7	22997.9
4556	0.08608	7955.06	3977.53
4557	0.29032	26830.6	5366.12
4558	0.18675	17259.2	4314.8
4559	0.10288	9507.43	4753.71
4560	0.26385	24384.1	6096.03
4561	0.11730	10840.7	3613.57
4562	0.37592	34741.5	11580.5
4563	0.27078	25024.5	5004.9
4564	0.73145	67598.6	13519.7
4565	0.28906	26714	5342.81
4566	0.09977	9220.82	9220.82
4567	0.82653	76384.8	25461.6
4568	0.23428	21651.2	5412.8
4569	0.18397	17001.8	5667.27
4570	0.19904	18394.5	6131.51
4571	0.21596	19958	3991.61
4572	0.54117	50012.8	10002.6
4573	0.44974	41563.6	13854.5
4574	0.24950	23058.4	5764.61
4575	0.43378	40088.1	10022
4576	0.19854	18348.8	6116.25
4577	0.20261	18724.5	4681.11
4578	0.23080	21329.8	5332.45
4579	0.18608	17196.9	4299.22
4580	0.26526	24514.1	4085.68
4581	0.04113	3801.41	3801.41
4582	0.09156	8461.93	4230.97
4583	0.19314	17849.1	5949.71
4584	0.26471	24464.1	6116.02
4585	0.29530	27290.9	4548.48
4586	0.14999	13861.9	4620.65
4587	0.04076	3766.59	3766.59
4588	0.50524	46692.9	11673.2
4589	0.66960	61882.1	15470.5
4590	0.23423	21646.8	7215.59
4591	0.19551	18068	4517
4592	0.17631	16294.2	4073.56
4593	0.32386	29930.4	7482.6
4594	0.33169	30653.3	6130.67
4595	0.21737	20088.4	6696.13
4596	0.22897	21161	5290.26
4597	0.19278	17816.1	5938.69
4598	0.13838	12789	4263
4599	0.53873	49787.4	12446.8
4600	0.28013	25888.8	12944.4
