#IID	F_ROH	ROH_length_kB	KBAVG
4551	0.32576	27460.3	13730.1
4552	0.20152	16987.3	8493.67
4553	0.18111	15266.8	5088.94
4554	0.17473	14729.3	4909.77
4555	0.17542	14787.5	14787.5
4556	0.22820	19236.4	9618.2
4557	0.38818	32722	8180.51
4558	0.17167	14471.6	7235.79
4559	0.22029	18570.1	6190.04
4560	0.12505	10541.5	5270.76
4561	0.28550	24066.4	12033.2
4562	0.26418	22269.2	11134.6
4563	0.03062	2581.48	2581.48
4564	0.20824	17554.4	5851.48
4565	0.22204	18717.6	9358.81
4566	0.13784	11619.1	5809.54
4567	0.39135	32989.2	10996.4
4568	0.26213	22096.4	7365.45
4569	0.26149	22043.1	5510.78
4570	0.23684	19964.5	6654.83
4571	0.22195	18709.5	4677.37
4572	0.07311	6163.32	6163.32
4573	0.08206	6917.53	3458.77
4574	0.19146	16139.7	5379.92
4575	0.15803	13321.4	4440.45
4576	0.32298	27226.5	6806.64
4577	0.06403	5397.32	5397.32
4578	0.19812	16701.2	8350.6
4579	0.40108	33809.5	8452.37
4580	0.13441	11330.6	3776.87
4581	0.37448	31567.8	6313.57
4582	0.18911	15941.6	5313.86
4583	0.31026	26154.1	6538.51
4584	0.26633	22451.1	11225.5
4585	0.40440	34089.8	34089.8
4586	0.13282	11196.1	3732.03
4587	0.10789	9095.06	4547.53
4588	0.27126	22866.7	5716.68
4589	0.48431	40825.8	20412.9
4590	0.69405	58506	29253
4591	0.33425	28176.5	14088.3
4592	0.16962	14298.5	7149.27
4593	0.11148	9397.41	4698.7
4594	0.32556	27443.6	6860.9
4595	0.22320	18815	9407.52
4596	0.08635	7278.86	7278.86
4597	0.03084	2600.02	2600.02
4598	0.10764	9073.81	4536.91
4599	0.57132	48160.5	12040.1
4600	0.04119	3472.51	3472.51
