#IID	F_ROH	ROH_length_kB	KBAVG
2551	0.05750	5316.31	5316.31
2552	0.29852	27598.5	6899.62
2553	0.40068	37043.2	9260.81
2554	0.46301	42805.6	7134.27
2555	0.26225	24245.4	6061.34
2556	0.13920	12869.2	6434.61
2557	0.47190	43626.9	10906.7
2558	0.33312	30796.6	6159.31
2559	0.49472	45737.2	15245.7
2560	0.50441	46632.6	11658.2
2561	0.16305	15073.6	5024.54
2562	0.19300	17842.5	5947.49
2563	0.22895	21166.6	7055.55
2564	0.03500	3235.82	3235.82
2565	0.08861	8192.09	8192.09
2566	0.07609	7034.35	3517.18
2567	0.08157	7541.24	7541.24
2568	0.24481	22632.5	7544.17
2569	0.27669	25580.1	6395.02
2570	0.40942	37850.8	7570.16
2571	0.03892	3598.06	3598.06
2572	0.27901	25794.8	12897.4
2573	0.16386	15148.7	5049.56
2574	0.31463	29087.8	9695.93
2575	0.06574	6077.85	3038.92
2576	0.26973	24936.8	8312.26
2577	0.24623	22764.2	11382.1
2578	0.33205	30698.4	6139.67
2579	0.54928	50781.2	7254.46
2580	0.23644	21858.4	10929.2
2581	0.21097	19503.7	4875.92
2582	0.26988	24950	4990
2583	0.15380	14218.8	7109.38
2584	0.20133	18612.8	9306.4
2585	0.25316	23404.3	5851.08
2586	0.32796	30319.5	7579.87
2587	0.05108	4722.42	4722.42
2588	0.16221	14996.7	3749.18
2589	0.16416	15176.8	7588.42
2590	0.25371	23455.8	5863.94
2591	0.28777	26604.6	6651.16
2592	0.15585	14408.7	7204.33
2593	0.21603	19971.9	9985.94
2594	0.35323	32656.3	8164.06
2595	0.85551	79091.8	26363.9
2596	0.29090	26894.1	5378.83
2597	0.18893	17466.3	5822.11
2598	0.53106	49096.4	12274.1
2599	0.32126	29700	9899.99
2600	0.33243	30733	7683.24
