#IID	F_ROH	ROH_length_kB	KBAVG
2551	0.09438	8719.65	4359.82
2552	0.04426	4089.01	4089.01
2553	0.90470	83586	27862
2554	0.05222	4824.32	4824.32
2555	0.00000	0	0
2556	0.09376	8662.86	4331.43
2557	0.36846	34042.2	11347.4
2558	0.27625	25522.9	6380.73
2559	0.26885	24839.8	8279.94
2560	0.36897	34089.2	8522.29
2561	0.10672	9859.91	3286.64
2562	0.15389	14218	4739.34
2563	0.33839	31264.1	6252.81
2564	0.23522	21732.2	5433.05
2565	0.03062	2829.45	2829.45
2566	0.28091	25953.8	6488.46
2567	0.73521	67927.1	22642.4
2568	0.05987	5531.25	5531.25
2569	0.09581	8851.73	8851.73
2570	0.30467	28149.2	7037.29
2571	0.22303	20606.2	4121.23
2572	0.12993	12004.8	4001.61
2573	0.25150	23236.1	5809.03
2574	0.20760	19180.8	6393.6
2575	0.14653	13538.3	4512.77
2576	0.64675	59753.7	59753.7
2577	0.25984	24007	4801.39
2578	0.00000	0	0
2579	0.04584	4235.14	4235.14
2580	0.09679	8942.65	4471.33
2581	0.04864	4493.83	4493.83
2582	0.04477	4136.62	4136.62
2583	0.23741	21934.7	7311.56
2584	0.00000	0	0
2585	0.33892	31313.6	6262.72
2586	0.28580	26405.3	26405.3
2587	0.35656	32942.9	8235.72
2588	0.23385	21605.5	10802.8
2589	0.10042	9277.79	4638.9
2590	0.18436	17033.5	4258.37
2591	0.00000	0	0
2592	0.25672	23718.4	7906.13
2593	0.47164	43575.4	7262.57
2594	0.11240	10384.9	5192.44
2595	0.18464	17058.7	5686.23
2596	0.36537	33756.5	11252.2
2597	0.28781	26591.2	13295.6
2598	0.66552	61488.2	30744.1
2599	0.16045	14824.4	4941.46
2600	0.18783	17354.2	8677.09
