#IID	F_ROH	ROH_length_kB	KBAVG
28551	0.31642	29214.3	9738.09
28552	0.34144	31524	6304.8
28553	0.20853	19253.3	4813.33
28554	0.26932	24865.6	6216.4
28555	0.34577	31923.9	6384.77
28556	0.24249	22388.6	7462.86
28557	0.24368	22498.4	5624.6
28558	0.24289	22424.8	7474.93
28559	0.06119	5649.24	5649.24
28560	0.48679	44943.2	11235.8
28561	0.41406	38228.8	5461.26
28562	0.48973	45215	11303.7
28563	0.28550	26359.3	6589.83
28564	0.23606	21794.5	5448.62
28565	0.47993	44310.2	14770.1
28566	0.29164	26926	6731.51
28567	0.39982	36913.6	5273.38
28568	0.38873	35889.8	11963.3
28569	0.50746	46851.6	11712.9
28570	0.25838	23855.4	7951.82
28571	0.35914	33157.7	6631.54
28572	0.32087	29624.9	5924.98
28573	0.10997	10153.2	5076.6
28574	0.05319	4911.13	4911.13
28575	0.44014	40636.7	10159.2
28576	0.27093	25013.8	6253.46
28577	0.09689	8945.45	4472.73
28578	0.24039	22194.8	7398.26
28579	0.23988	22146.9	7382.31
28580	0.23287	21499.9	7166.64
28581	0.21826	20151.3	6717.11
28582	0.19507	18009.8	4502.45
28583	0.08165	7538.85	3769.42
28584	0.00000	0	0
28585	0.24354	22484.8	5621.19
28586	0.37628	34740.8	8685.19
28587	0.52694	48650.9	24325.5
28588	0.42821	39535	7906.99
28589	0.35346	32634	8158.51
28590	0.52052	48057.4	9611.49
28591	0.21321	19685.3	9842.64
28592	0.26332	24311	8103.67
28593	0.16290	15039.6	7519.8
28594	0.36710	33892.6	8473.14
28595	0.18460	17043.7	8521.87
28596	0.14700	13571.7	4523.89
28597	0.50268	46410.9	11602.7
28598	0.09867	9109.97	4554.98
28599	0.23938	22101.1	7367.03
28600	0.35389	32673.1	8168.27
