#IID	F_ROH	ROH_length_kB	KBAVG
14551	0.33186	30674.2	7668.55
14552	0.28951	26759.5	6689.87
14553	0.37967	35093.1	7018.62
14554	0.17149	15851	7925.51
14555	0.35929	33209.1	8302.27
14556	0.28488	26331.6	8777.21
14557	0.27562	25475.9	6368.98
14558	0.41619	38468.7	12822.9
14559	0.43648	40343.8	10086
14560	0.32352	29903.2	7475.81
14561	0.27856	25747.4	6436.85
14562	0.38185	35294.3	8823.57
14563	0.42361	39154.2	9788.54
14564	0.60872	56264.8	14066.2
14565	0.22584	20874.7	6958.22
14566	0.06375	5892.12	2946.06
14567	0.22724	21004.2	5251.04
14568	0.23049	21304.6	7101.52
14569	0.32249	29807.7	7451.93
14570	0.13619	12588.1	6294.05
14571	0.23847	22041.8	7347.26
14572	0.28975	26781.8	4463.63
14573	0.07342	6786.18	3393.09
14574	0.47167	43597.3	10899.3
14575	0.24453	22602.4	7534.15
14576	0.20117	18594.2	9297.09
14577	0.08677	8020.42	8020.42
14578	0.29492	27259.6	9086.52
14579	0.11175	10328.8	5164.41
14580	0.94115	86991.8	43495.9
14581	0.10873	10050	5024.98
14582	0.15815	14618.2	3654.55
14583	0.32039	29613.5	7403.39
14584	0.22458	20758.2	6919.4
14585	0.21207	19602.1	6534.03
14586	0.26986	24943.4	8314.46
14587	0.48477	44807.7	14935.9
14588	0.25932	23969.1	5992.27
14589	0.21616	19980	6660.01
14590	0.35857	33143	8285.75
14591	0.24163	22334.1	7444.7
14592	0.24097	22273.2	5568.31
14593	0.24567	22707.2	5676.79
14594	0.23047	21302.5	5325.62
14595	0.21998	20333.2	5083.29
14596	0.11347	10488.2	5244.12
14597	0.19837	18335.4	6111.81
14598	0.23956	22142.6	11071.3
14599	0.16728	15461.9	7730.93
14600	0.16623	15364.7	5121.56
