#IID	F_ROH	ROH_length_kB	KBAVG
2551	0.28863	26395.4	8798.45
2552	0.13392	12246.8	4082.27
2553	0.31047	28392.9	9464.31
2554	0.22939	20978	10489
2555	0.18577	16989.2	4247.31
2556	0.25978	23757.2	7919.07
2557	0.37946	34702.2	6940.45
2558	0.45036	41185.9	10296.5
2559	0.43016	39338.8	6556.47
2560	0.19277	17628.6	4407.15
2561	0.45192	41328.7	20664.4
2562	0.20869	19084.5	6361.5
2563	0.18044	16501.2	5500.4
2564	0.08604	7868.53	3934.27
2565	0.12097	11062.9	5531.47
2566	0.08604	7868.53	3934.27
2567	0.18245	16685.5	5561.83
2568	0.08080	7388.9	7388.9
2569	0.25283	23121.3	4624.26
2570	0.22593	20661.3	6887.11
2571	0.30213	27630.4	9210.13
2572	0.08685	7942.44	3971.22
2573	0.31055	28399.7	7099.94
2574	0.07388	6755.92	6755.92
2575	0.22678	20738.8	5184.7
2576	0.25515	23333.4	7777.79
2577	0.28571	26128.8	6532.21
2578	0.10448	9554.93	4777.47
2579	0.23170	21189.3	5297.32
2580	0.22404	20488.4	6829.47
2581	0.11230	10269.6	10269.6
2582	0.35578	32536	8134
2583	0.50730	46392.7	11598.2
2584	0.16794	15358	5119.34
2585	0.40990	37485.5	7497.09
2586	0.05252	4802.7	4802.7
2587	0.29936	27376.9	6844.22
2588	0.36935	33777.2	6755.43
2589	0.44433	40634	6772.34
2590	0.35415	32386.9	16193.4
2591	0.16062	14689	7344.48
2592	0.14076	12872.7	3218.17
2593	0.36837	33687.3	5614.55
2594	0.13026	11912.3	3970.76
2595	0.09893	9047.3	4523.65
2596	0.16222	14834.9	4944.96
2597	0.50566	46243.1	11560.8
2598	0.40817	37327.4	6221.23
2599	0.57537	52617.7	13154.4
2600	0.08190	7489.69	3744.84
