#IID	F_ROH	ROH_length_kB	KBAVG
10551	0.15044	13905	6952.5
10552	0.24202	22369.6	7456.54
10553	0.18411	17017.6	8508.82
10554	0.51544	47641.4	7940.23
10555	0.12954	11972.9	5986.44
10556	0.46531	43008.3	14336.1
10557	0.09122	8431.58	4215.79
10558	0.11141	10297.8	5148.9
10559	0.08460	7819.7	3909.85
10560	0.37718	34862.5	8715.63
10561	0.14893	13765.7	4588.57
10562	0.05855	5411.92	5411.92
10563	0.11544	10670.2	3556.74
10564	0.13034	12046.8	6023.4
10565	0.24633	22767.7	7589.22
10566	0.25398	23475.5	7825.15
10567	0.17443	16122.2	5374.07
10568	0.54715	50572.3	10114.5
10569	0.06051	5593.3	5593.3
10570	0.14609	13503.2	13503.2
10571	0.25303	23387.6	7795.86
10572	0.35699	32996.4	10998.8
10573	0.07828	7234.9	7234.9
10574	0.10824	10004.6	10004.6
10575	0.15501	14327.9	7163.94
10576	0.25424	23498.8	4699.77
10577	0.03740	3456.71	3456.71
10578	0.26443	24441.3	8147.1
10579	0.98308	90864.9	45432.4
10580	0.38597	35674.8	11891.6
10581	0.03988	3686.13	3686.13
10582	0.20400	18855.8	6285.27
10583	0.38966	36016	12005.3
10584	0.48373	44711.2	8942.25
10585	0.14984	13850	4616.67
10586	0.08960	8281.66	4140.83
10587	0.15796	14599.8	4866.6
10588	0.28265	26125.5	6531.38
10589	0.38163	35273.5	8818.37
10590	0.20399	18854.4	6284.81
10591	0.38916	35970.1	11990
10592	0.04541	4197.22	4197.22
10593	0.27862	25752.8	5150.56
10594	0.26403	24404.3	12202.1
10595	0.42746	39510.2	9877.55
10596	0.20251	18717.8	6239.27
10597	0.03732	3449.66	3449.66
10598	0.00000	0	0
10599	0.07698	7115.35	3557.68
10600	0.43498	40204.6	8040.92
