#IID	F_ROH	ROH_length_kB	KBAVG
2551	0.07168	6626.47	3313.23
2552	0.33161	30655.1	6131.03
2553	0.47587	43990.8	8798.16
2554	0.26072	24102.1	4820.41
2555	0.32870	30386.7	7596.67
2556	0.43271	40001.2	13333.7
2557	0.29021	26827.7	6706.93
2558	0.56432	52167.5	10433.5
2559	0.30220	27936.2	6984.06
2560	0.16675	15414.7	3853.69
2561	0.20770	19200.3	9600.14
2562	0.15119	13976.2	4658.74
2563	0.48403	44745.4	6392.2
2564	0.55734	51522.4	8587.07
2565	0.20773	19202.9	4800.71
2566	0.29288	27075	5414.99
2567	0.27448	25374.1	6343.52
2568	0.70970	65607.3	13121.5
2569	0.23982	22169.4	7389.81
2570	0.40178	37141.9	7428.37
2571	0.51843	47925.9	11981.5
2572	0.29207	27000.3	5400.07
2573	0.43853	40539.5	5791.36
2574	0.21068	19475.6	6491.86
2575	0.34876	32241.1	8060.28
2576	0.52922	48923.1	16307.7
2577	0.61859	57184.7	8169.25
2578	0.14646	13539.5	4513.17
2579	0.38747	35819.2	7163.83
2580	0.67576	62470.2	15617.5
2581	0.37239	34425.2	11475.1
2582	0.63954	59121.3	8445.9
2583	0.26372	24379.5	8126.52
2584	0.60182	55634.8	7947.83
2585	0.47438	43853.4	6264.77
2586	0.30333	28040.5	4673.41
2587	0.24624	22763	4552.6
2588	0.62572	57843.9	14461
2589	0.23323	21560.6	4312.13
2590	0.53763	49700.8	7100.12
2591	0.19992	18480.9	9240.45
2592	0.21304	19694.6	3938.93
2593	0.53383	49349.4	8224.91
2594	0.69117	63894.7	9127.82
2595	0.45511	42071.9	6010.27
2596	0.62845	58096.1	19365.4
2597	0.47927	44305.1	14768.4
2598	0.56737	52449.9	8741.64
2599	0.37394	34568.3	5761.38
2600	0.31221	28861.5	5772.31
