#IID	F_ROH	ROH_length_kB	KBAVG
4551	0.24358	22493.2	4498.64
4552	0.19731	18220.1	6073.36
4553	0.35164	32472.2	6494.44
4554	0.17027	15723.6	5241.22
4555	0.24626	22740.5	5685.12
4556	0.24175	22323.9	7441.3
4557	0.20415	18851.8	9425.92
4558	0.34313	31686.6	6337.31
4559	0.45560	42072.6	42072.6
4560	0.45450	41970.5	8394.09
4561	0.25973	23985	3997.49
4562	0.30465	28132.7	7033.17
4563	0.19985	18455.4	6151.81
4564	0.65138	60151.4	15037.9
4565	0.21027	19417.4	6472.46
4566	0.50552	46682	9336.39
4567	0.08896	8215.27	4107.63
4568	0.33139	30602.2	6120.45
4569	0.27114	25038.3	4173.05
4570	0.27028	24958.6	8319.52
4571	0.59828	55247.5	9207.92
4572	0.23068	21302.3	4260.46
4573	0.41508	38330.7	6388.46
4574	0.35701	32968.3	5494.71
4575	0.47760	44104.1	11026
4576	0.24843	22941.1	11470.5
4577	0.27814	25684.9	8561.62
4578	0.40419	37324.7	12441.6
4579	0.27817	25687.6	8562.53
4580	0.33088	30555.2	10185.1
4581	0.27765	25639.8	4273.3
4582	0.39084	36092	7218.39
4583	0.24361	22496.1	4499.23
4584	0.36605	33802.3	6760.46
4585	0.29683	27410.9	6852.73
4586	0.33220	30676.6	6135.32
4587	0.22485	20763.9	5190.98
4588	0.19787	18271.9	9135.97
4589	0.23266	21485.3	7161.77
4590	0.18638	17211	4302.74
4591	0.54907	50703.6	7243.37
4592	0.51165	47248.3	6749.76
4593	0.32336	29860.9	7465.24
4594	0.19546	18049.9	6016.64
4595	0.47114	43507.3	7251.22
4596	0.10262	9476.51	4738.26
4597	0.18726	17292	4322.99
4598	0.39789	36743.1	12247.7
4599	0.24447	22575.3	5643.84
4600	0.43987	40620	5802.86
