#IID	F_ROH	ROH_length_kB	KBAVG
2551	0.29735	27479.8	5495.96
2552	0.45516	42063.8	6009.11
2553	0.26559	24545.1	8181.7
2554	0.43287	40003.9	8000.79
2555	0.46906	43348.6	6192.66
2556	0.27863	25749.8	4291.64
2557	0.25699	23749.7	7916.58
2558	0.57324	52976.7	8829.45
2559	0.58092	53686.8	6710.85
2560	0.18053	16684.3	5561.42
2561	0.28722	26544	6636
2562	0.87069	80466	26822
2563	0.27407	25328.5	5065.7
2564	0.37696	34837.7	6967.54
2565	0.75488	69763.1	9966.16
2566	0.24499	22641.4	5660.34
2567	0.51368	47472.8	11868.2
2568	0.39254	36277.5	7255.5
2569	0.23485	21703.7	5425.94
2570	0.17243	15934.9	5311.64
2571	0.51574	47662.5	7943.75
2572	0.41242	38114.6	6352.43
2573	0.28382	26229.6	6557.4
2574	0.23611	21820.1	5455.01
2575	0.25107	23203.1	5800.77
2576	0.38872	35924.3	5987.38
2577	0.40063	37024.5	6170.76
2578	0.13138	12141.3	6070.64
2579	0.39301	36320.9	6053.49
2580	0.29814	27553.3	9184.42
2581	0.14625	13516	4505.32
2582	0.32413	29954.8	7488.71
2583	0.36914	34114.8	5685.8
2584	0.37182	34362.5	4295.31
2585	0.25773	23818.2	7939.39
2586	0.50774	46923.7	11730.9
2587	0.40633	37551.4	7510.27
2588	0.30157	27869.6	4644.93
2589	0.26183	24196.9	6049.23
2590	0.22648	20930.2	10465.1
2591	0.48044	44400.8	8880.17
2592	0.25209	23297.1	5824.28
2593	0.27471	25387.9	6346.98
2594	0.17019	15728.5	5242.82
2595	0.28343	26193.6	6548.41
2596	0.30072	27791.6	6947.91
2597	0.34094	31508.3	7877.09
2598	0.35222	32550.5	8137.63
2599	0.30710	28381.2	7095.31
2600	0.42664	39428.8	9857.21
