#IID	F_ROH	ROH_length_kB	KBAVG
6551	0.34299	31657.7	15828.8
6552	0.19102	17630.6	4407.65
6553	0.23145	21362.9	4272.57
6554	0.28913	26685.9	6671.48
6555	0.28114	25949.2	6487.3
6556	0.17815	16443.2	5481.08
6557	0.49999	46148.1	7691.34
6558	0.39637	36584.4	12194.8
6559	0.52659	48603.9	8100.64
6560	0.20389	18819.2	6273.07
6561	0.19428	17931.6	5977.21
6562	0.21581	19919	6639.68
6563	0.31364	28948.2	9649.39
6564	0.17742	16375.2	4093.8
6565	0.22865	21104	3517.33
6566	0.35300	32581.4	8145.34
6567	0.29142	26897.5	6724.38
6568	0.26158	24143	6035.76
6569	0.22463	20733	6910.99
6570	0.31887	29430.8	4905.14
6571	0.37128	34268.4	6853.68
6572	0.10164	9381.32	4690.66
6573	0.30425	28081.7	5616.34
6574	0.49319	45520.5	22760.3
6575	0.24514	22626.4	5656.61
6576	0.54179	50006.3	7143.76
6577	0.13923	12850.9	6425.45
6578	0.38797	35808.9	8952.23
6579	0.44219	40813.5	10203.4
6580	0.47286	43644.2	6234.89
6581	0.32317	29827.8	9942.6
6582	0.40415	37302.6	7460.52
6583	0.57231	52823.3	10564.7
6584	0.19367	17875.8	4468.96
6585	0.25005	23079.6	7693.21
6586	0.33397	30824.7	7706.18
6587	0.39952	36875.3	5267.91
6588	0.43132	39810.6	6635.11
6589	0.18788	17341.3	5780.42
6590	0.43176	39850.8	9962.7
6591	0.31669	29229.7	5845.93
6592	0.09500	8768.18	4384.09
6593	0.33171	30616.5	10205.5
6594	0.34981	32286.5	6457.3
6595	0.08011	7394.48	3697.24
6596	0.17837	16463	8231.49
6597	0.29501	27228.8	5445.76
6598	0.16680	15395.1	5131.7
6599	0.44692	41250.5	6875.08
6600	0.46307	42740.8	6105.83
