#IID	F_ROH	ROH_length_kB	KBAVG
14551	0.15883	14686.2	4895.41
14552	0.14534	13438.3	6719.17
14553	0.37660	34821.8	8705.44
14554	0.12024	11118.3	11118.3
14555	0.21216	19616.8	4904.2
14556	0.14302	13224.6	4408.2
14557	0.17925	16574	8286.99
14558	0.57107	52803.1	13200.8
14559	0.07772	7186.42	7186.42
14560	0.18117	16751.4	5583.79
14561	0.31453	29083.1	7270.78
14562	0.23225	21474.5	10737.2
14563	0.16141	14924.5	4974.84
14564	0.42769	39546.3	7909.27
14565	0.37788	34940.3	6988.05
14566	0.13896	12849	6424.52
14567	0.33135	30637.8	6127.55
14568	0.07772	7186.42	7186.42
14569	0.21297	19691.9	4922.98
14570	0.09660	8932.04	8932.04
14571	0.38490	35589.5	7117.89
14572	0.16265	15039.2	7519.59
14573	0.30745	28427.8	7106.96
14574	0.27235	25183	6295.75
14575	0.17462	16146.4	5382.13
14576	0.43167	39913.6	19956.8
14577	0.27526	25451.5	8483.82
14578	0.32801	30329.1	7582.28
14579	0.34344	31756	10585.3
14580	0.29575	27346.2	9115.39
14581	0.24400	22561.4	11280.7
14582	0.46065	42593.4	21296.7
14583	0.41261	38151.9	6358.64
14584	0.64464	59606.2	11921.2
14585	0.32581	30125.9	6025.17
14586	0.32386	29945.2	14972.6
14587	0.47319	43752.9	10938.2
14588	0.21461	19843.6	9921.8
14589	0.23695	21909	7302.99
14590	0.34166	31591.2	7897.8
14591	0.26695	24683.4	8227.79
14592	0.35250	32593.6	6518.72
14593	0.69366	64138.5	32069.2
14594	0.58340	53943	10788.6
14595	0.15790	14599.6	4866.53
14596	0.21487	19867.8	6622.58
14597	0.16628	15374.5	7687.27
14598	0.31218	28865.5	5773.1
14599	0.43378	40109.2	8021.84
14600	0.32476	30028.8	10009.6
