#IID	F_ROH	ROH_length_kB	KBAVG
8551	0.53924	49832.9	12458.2
8552	0.26550	24535.9	6133.97
8553	0.27313	25240.9	5048.18
8554	0.25941	23973.4	7991.12
8555	0.24925	23034.4	5758.61
8556	0.24164	22330.9	5582.72
8557	0.56975	52653	10530.6
8558	0.40648	37563.9	7512.79
8559	0.16748	15477.8	5159.25
8560	0.29896	27628.1	5525.63
8561	0.07822	7228.27	3614.13
8562	0.24564	22700.9	11350.5
8563	0.32353	29898.2	7474.56
8564	0.23855	22045.7	7348.58
8565	0.34632	32004.8	6400.95
8566	0.27586	25493.6	8497.86
8567	0.05677	5246.76	5246.76
8568	0.28268	26123.8	4353.97
8569	0.08101	7486.76	7486.76
8570	0.33839	31272	7818
8571	0.56437	52155.3	8692.55
8572	0.22752	21026.4	7008.8
8573	0.26861	24822.9	8274.3
8574	0.39158	36187.1	6031.18
8575	0.80686	74565.2	74565.2
8576	0.11623	10741.2	5370.62
8577	0.40925	37820.3	7564.07
8578	0.32130	29692.4	4241.77
8579	0.24369	22520.4	5630.11
8580	0.12318	11383.1	3794.35
8581	0.20010	18491.9	6163.97
8582	0.28729	26549.8	5309.95
8583	0.26436	24430.7	6107.67
8584	0.40793	37698.2	6283.03
8585	0.17429	16106.4	5368.79
8586	0.10855	10031.2	5015.6
8587	0.19619	18130.7	4532.66
8588	0.24760	22881.8	7627.27
8589	0.24054	22229.5	4445.91
8590	0.24591	22725	11362.5
8591	0.22009	20339.2	10169.6
8592	0.27519	25431.7	12715.8
8593	0.38477	35558	11852.7
8594	0.21723	20074.9	6691.62
8595	0.15056	13914	6957.02
8596	0.27096	25040.2	5008.04
8597	0.36736	33948.8	5658.13
8598	0.26154	24169.9	6042.48
8599	0.38114	35222.4	7044.47
8600	0.29579	27335.5	6833.88
