#IID	F_ROH	ROH_length_kB	KBAVG
2551	0.13033	12044.6	4014.87
2552	0.09431	8715.59	4357.8
2553	0.29068	26864	8954.65
2554	0.30470	28159.8	9386.61
2555	0.13697	12658	6329.02
2556	0.56047	51797.4	6474.67
2557	0.08473	7830.95	3915.47
2558	0.19977	18462.2	6154.06
2559	0.93361	86282.2	86282.2
2560	0.06258	5783.78	2891.89
2561	0.18248	16864.6	5621.52
2562	0.17059	15765.8	7882.91
2563	0.09742	9003.56	9003.56
2564	0.16610	15350.8	7675.39
2565	0.20044	18523.9	6174.65
2566	0.13686	12648.2	12648.2
2567	0.24761	22883.3	5720.83
2568	0.47277	43692.5	8738.5
2569	0.13407	12390.8	6195.42
2570	0.18412	17016.1	4254.03
2571	0.25670	23723.7	4744.73
2572	0.28014	25889.6	6472.41
2573	0.43111	39842.2	13280.7
2574	0.11420	10554	5276.98
2575	0.10508	9711.5	4855.75
2576	0.32655	30179.3	6035.86
2577	0.16498	15247.5	7623.77
2578	0.23732	21932.9	5483.23
2579	0.07868	7271.53	3635.77
2580	0.27533	25445.5	6361.37
2581	0.11737	10847.3	5423.67
2582	0.37341	34509.7	5751.61
2583	0.36110	33372.1	5562.02
2584	0.08398	7760.91	3880.46
2585	0.27524	25437.1	6359.29
2586	0.46546	43016.8	7169.47
2587	0.28792	26609	4434.84
2588	0.36870	34074	6814.8
2589	0.19788	18287.9	6095.95
2590	0.27027	24977.6	4995.52
2591	0.13697	12658	6329.02
2592	0.33530	30987.7	6197.54
2593	0.15080	13937	3484.26
2594	0.37863	34992.3	11664.1
2595	0.24944	23052.3	5763.07
2596	0.17093	15797.2	5265.74
2597	0.36887	34090.1	6818.02
2598	0.16389	15146.3	7573.14
2599	0.18049	16680.9	5560.31
2600	0.00000	0	0
