#IID	F_ROH	ROH_length_kB	KBAVG
4551	0.37748	34898.5	6979.7
4552	0.30216	27935.3	9311.75
4553	0.43762	40459	10114.8
4554	0.13487	12468.9	6234.43
4555	0.44851	41465.6	20732.8
4556	0.27191	25138.1	5027.63
4557	0.34636	32021.7	5336.95
4558	0.33543	31010.9	15505.4
4559	0.45419	41990.7	6998.45
4560	0.30343	28052.4	4675.4
4561	0.23449	21679.2	7226.4
4562	0.16067	14854.6	7427.31
4563	0.48996	45297.2	22648.6
4564	0.28156	26030.3	13015.1
4565	0.25413	23494.6	7831.52
4566	0.25148	23249.2	7749.74
4567	0.22663	20952.3	6984.11
4568	0.19454	17985.2	5995.07
4569	0.17843	16496.5	5498.82
4570	0.24995	23108.3	5777.08
4571	0.32111	29687	7421.74
4572	0.48626	44955.5	6422.21
4573	0.66922	61870.5	15467.6
4574	0.14879	13756.1	3439.03
4575	0.41877	38715.4	6452.56
4576	0.12099	11185.8	5592.92
4577	0.35254	32592.6	6518.52
4578	0.21826	20178.2	10089.1
4579	0.46753	43223.6	14407.9
4580	0.11656	10776.3	10776.3
4581	0.18488	17092.5	3418.49
4582	0.26500	24500	6125
4583	0.00000	0	0
4584	0.16408	15169.4	7584.71
4585	0.41754	38602	9650.51
4586	0.54167	50077.7	6259.71
4587	0.22287	20604.8	5151.21
4588	0.26371	24380.2	4876.05
4589	0.21628	19995.6	4998.91
4590	0.46862	43324.7	8664.94
4591	0.56046	51815.4	10363.1
4592	0.40642	37574	7514.79
4593	0.46626	43105.9	7184.32
4594	0.11279	10427.4	5213.72
4595	0.19070	17630.3	8815.16
4596	0.44403	41051.6	6841.94
4597	0.23567	21788.3	7262.77
4598	0.40869	37783.9	7556.78
4599	0.30579	28270.5	5654.1
4600	0.33366	30847.7	7711.91
