#IID	F_ROH	ROH_length_kB	KBAVG
32551	0.16254	15027	7513.51
32552	0.14950	13820.9	4606.97
32553	0.63662	58854.8	11771
32554	0.16936	15656.8	7828.38
32555	0.51038	47184.3	11796.1
32556	0.42820	39586.2	6597.7
32557	0.29469	27243.9	13622
32558	0.30353	28060.9	9353.62
32559	0.24971	23085.3	4617.05
32560	0.34151	31572	6314.4
32561	0.37773	34920.8	6984.15
32562	0.16140	14921.4	7460.71
32563	0.52798	48810.8	12202.7
32564	0.17974	16616.4	8308.19
32565	0.42673	39450.5	9862.62
32566	0.40506	37447.7	18723.8
32567	0.20372	18834.1	6278.03
32568	0.39574	36585.5	9146.37
32569	0.37754	34902.8	8725.69
32570	0.50981	47131.6	15710.5
32571	0.12045	11135.9	11135.9
32572	0.36059	33336	8334
32573	0.27993	25879.3	5175.86
32574	0.30025	27757.6	5551.52
32575	0.40448	37394	5341.99
32576	0.24976	23090.3	7696.76
32577	0.42448	39242.5	5606.07
32578	0.38740	35814.7	8953.68
32579	0.37437	34610.3	6922.07
32580	0.21004	19418.1	3883.63
32581	0.33876	31317.8	10439.3
32582	0.41487	38354.2	7670.83
32583	0.38805	35874.3	11958.1
32584	0.40576	37512	9377.99
32585	0.29792	27542.5	4590.42
32586	0.30512	28207.7	4029.67
32587	0.30672	28356	7089.01
32588	0.38441	35537.9	5922.98
32589	0.11381	10521.9	10521.9
32590	0.36397	33648.8	6729.76
32591	0.41625	38482.1	5497.44
32592	0.56157	51916.2	10383.2
32593	0.20962	19379.2	3875.83
32594	0.40801	37719.7	9429.92
32595	0.47638	44041	11010.3
32596	0.18023	16661.6	4165.4
32597	0.29068	26872.8	8957.61
32598	0.39374	36400.8	12133.6
32599	0.94990	87816.9	29272.3
32600	0.39717	36718.2	9179.56
