#IID	F_ROH	ROH_length_kB	KBAVG
2551	0.13736	12701.9	4233.98
2552	0.25458	23541.3	4708.26
2553	0.33614	31083.2	10361.1
2554	0.16667	15412	5137.32
2555	0.12268	11344.2	3781.42
2556	0.41192	38090.7	7618.14
2557	0.26766	24750.4	8250.13
2558	0.17998	16643	5547.67
2559	0.28926	26748.4	8916.12
2560	0.28946	26766.9	6691.73
2561	0.16534	15289.2	5096.4
2562	0.36221	33493.7	5582.29
2563	0.40200	37173	6195.49
2564	0.29511	27289	9096.35
2565	0.27244	25192.4	6298.11
2566	0.37209	34407.3	4300.91
2567	0.30134	27865	5573
2568	0.48313	44675.4	14891.8
2569	0.26182	24210.3	4035.06
2570	0.43158	39908.5	5701.21
2571	0.31154	28808.8	4115.55
2572	0.26658	24651.2	8217.05
2573	0.44794	41421.8	13807.3
2574	0.15896	14699.5	4899.85
2575	0.27770	25679	5135.79
2576	0.36158	33436	8359.01
2577	0.40650	37589.8	12529.9
2578	0.21099	19510.5	6503.5
2579	0.42612	39404	9851.01
2580	0.46818	43293.2	8658.64
2581	0.15890	14693.2	4897.74
2582	0.37016	34229.3	6845.86
2583	0.27232	25181.4	5036.28
2584	0.17198	15903.5	5301.18
2585	0.19928	18427.9	4606.98
2586	0.39248	36292.8	6048.8
2587	0.37970	35111.2	5851.87
2588	0.17293	15990.7	5330.23
2589	0.29376	27164.6	5432.92
2590	0.29845	27597.8	5519.55
2591	0.40194	37167.6	6194.59
2592	0.09414	8704.86	4352.43
2593	0.27763	25673	12836.5
2594	0.50044	46276.2	11569.1
2595	0.26682	24672.6	8224.2
2596	0.53903	49844.4	24922.2
2597	0.40275	37242.9	7448.58
2598	0.28098	25982.2	8660.72
2599	0.49594	45860	7643.34
2600	0.35066	32426.1	8106.51
