#IID	F_ROH	ROH_length_kB	KBAVG
2551	0.14298	13208.5	4402.84
2552	0.32918	30408.6	4344.09
2553	0.15241	14079.4	4693.15
2554	0.34895	32235.1	8058.76
2555	0.47691	44055.2	5506.9
2556	0.21064	19458.4	6486.13
2557	0.13946	12882.5	4294.16
2558	0.14482	13378.4	4459.46
2559	0.17682	16334.1	5444.7
2560	0.08439	7795.5	7795.5
2561	0.46855	43283.1	10820.8
2562	0.19115	17657.6	17657.6
2563	0.52645	48631.5	16210.5
2564	0.15008	13864	13864
2565	0.34941	32277.5	10759.2
2566	0.32176	29723	9907.65
2567	0.13244	12234.4	6117.22
2568	0.16587	15322.9	7661.44
2569	0.03439	3176.59	3176.59
2570	0.19483	17997.9	5999.31
2571	0.46811	43242.6	5405.33
2572	0.47046	43459.9	8691.97
2573	0.15896	14684.3	7342.13
2574	0.45741	42253.7	6036.25
2575	0.31575	29168.1	14584.1
2576	0.39951	36905.7	12301.9
2577	0.15639	14446.7	4815.58
2578	0.41889	38695.8	9673.94
2579	0.33108	30584.1	10194.7
2580	0.50495	46646	11661.5
2581	0.04724	4363.9	4363.9
2582	0.11189	10336	10336
2583	0.43225	39929.7	7985.95
2584	0.28239	26086.5	8695.49
2585	0.41305	38156	6359.33
2586	0.38304	35383.8	8845.94
2587	0.73159	67581.8	33790.9
2588	0.28088	25946.8	6486.69
2589	0.39628	36606.7	7321.35
2590	0.29130	26909.8	8969.93
2591	0.16854	15569.3	15569.3
2592	0.54903	50717.9	50717.9
2593	0.33792	31216.3	7804.07
2594	0.19907	18389.5	6129.84
2595	0.20073	18542.9	4635.74
2596	0.43789	40451.3	13483.8
2597	0.19168	17707	8853.48
2598	0.14349	13255.3	6627.67
2599	0.17978	16607.5	8303.77
2600	0.15646	14453.3	7226.63
