#IID	F_ROH	ROH_length_kB	KBAVG
8551	0.30648	28329.9	5665.97
8552	0.11744	10856.1	3618.69
8553	0.28128	26000.9	6500.22
8554	0.20608	19049.3	6349.77
8555	0.31709	29310.8	4187.26
8556	0.29579	27341.6	6835.39
8557	0.11418	10554.2	10554.2
8558	0.20431	18885.9	6295.32
8559	0.05257	4859.37	4859.37
8560	0.27042	24996.7	4999.34
8561	0.15922	14717.4	4905.8
8562	0.38988	36039	7207.79
8563	0.19810	18311.9	4577.97
8564	0.21782	20134.6	6711.54
8565	0.26463	24461.7	6115.43
8566	0.11847	10950.7	3650.23
8567	0.26591	24580.2	4916.03
8568	0.27876	25767.4	6441.85
8569	0.59376	54885.2	13721.3
8570	0.34930	32287.9	8071.97
8571	0.25594	23658.1	7886.04
8572	0.21563	19931.8	6643.93
8573	0.25726	23780.4	7926.81
8574	0.17701	16362.5	8181.27
8575	0.57970	53585.4	17861.8
8576	0.17245	15940.5	7970.25
8577	0.28662	26494.5	5298.9
8578	0.30704	28381.8	9460.61
8579	0.22287	20601.4	6867.14
8580	0.56769	52475.4	26237.7
8581	0.35052	32401.2	16200.6
8582	0.17466	16145.4	4036.34
8583	0.10121	9355.17	4677.58
8584	0.36782	34000.1	11333.4
8585	0.57528	53176.6	6647.07
8586	0.16617	15360.1	7680.03
8587	0.31257	28893	7223.25
8588	0.32002	29581.6	7395.39
8589	0.39889	36871.6	12290.5
8590	0.46597	43072.3	8614.46
8591	0.29376	27154.5	5430.9
8592	0.19454	17982.5	5994.17
8593	0.17620	16287	5429.01
8594	0.18803	17380.7	4345.18
8595	0.34348	31750.3	6350.05
8596	0.39288	36316.6	5188.08
8597	0.25275	23363.5	5840.87
8598	0.46488	42971.7	8594.35
8599	0.56330	52069.8	7438.54
8600	0.48087	44449.9	7408.31
