#IID	F_ROH	ROH_length_kB	KBAVG
4551	0.22109	20422.3	5105.58
4552	0.65050	60086.8	12017.4
4553	0.51540	47607.8	9521.57
4554	0.04733	4372.24	4372.24
4555	0.33320	30777.8	15388.9
4556	0.64572	59645.9	9940.98
4557	0.44496	41101.3	8220.25
4558	0.41095	37959.9	12653.3
4559	0.45364	41903.2	13967.7
4560	0.27163	25090.6	8363.52
4561	0.26997	24937.3	8312.43
4562	0.34196	31587.5	10529.2
4563	0.17154	15845.3	5281.78
4564	0.48645	44933.6	11233.4
4565	0.58253	53808.7	13452.2
4566	0.30138	27838.4	4639.74
4567	0.24088	22250.3	5562.57
4568	0.55355	51132.2	8522.04
4569	0.30697	28354.8	5670.96
4570	0.23601	21800.4	5450.11
4571	0.43252	39952.1	9988.03
4572	0.29315	27078.1	6769.54
4573	0.12948	11960.4	3986.81
4574	0.26356	24344.9	6086.23
4575	0.38377	35449.5	5908.25
4576	0.33530	30972	6194.41
4577	0.32522	30040.9	5006.81
4578	0.20358	18804.8	6268.28
4579	0.68528	63300.1	21100
4580	0.36400	33622.9	5603.81
4581	0.34851	32191.7	6438.34
4582	0.50916	47031.9	9406.38
4583	0.47524	43898.7	14632.9
4584	0.55480	51247.3	8541.22
4585	0.28835	26635.4	6658.84
4586	0.52690	48670	9733.99
4587	0.32052	29606.9	5921.37
4588	0.40799	37686.7	9421.68
4589	0.45364	41903.2	13967.7
4590	0.29678	27414.2	5482.85
4591	0.59592	55045.9	9174.31
4592	0.38213	35297.4	7059.48
4593	0.29221	26991.5	4498.59
4594	0.42565	39317.2	7863.44
4595	0.00000	0	0
4596	0.31034	28666.3	5733.25
4597	0.51358	47440	11860
4598	0.21720	20062.6	6687.55
4599	0.58110	53676.4	8946.07
4600	0.34660	32015.7	8003.93
