#IID	F_ROH	ROH_length_kB	KBAVG
20551	0.36229	33494.6	6698.92
20552	0.31176	28822.9	5764.58
20553	0.39620	36629.9	9157.48
20554	0.19935	18430.3	9215.13
20555	0.53317	49293.7	16431.2
20556	0.26512	24511.7	4902.35
20557	0.18934	17505.1	17505.1
20558	0.64527	59657.5	11931.5
20559	0.18702	17291	8645.5
20560	0.45093	41689.9	8337.99
20561	0.47111	43555.4	7259.23
20562	0.16753	15488.3	3872.07
20563	0.19648	18165.2	6055.06
20564	0.39066	36117.6	12039.2
20565	0.33193	30688.4	7672.09
20566	0.20219	18692.8	9346.41
20567	0.38726	35803.3	11934.4
20568	0.36081	33358.4	11119.5
20569	0.14709	13598.9	6799.44
20570	0.29337	27122.7	9040.91
20571	0.18124	16756.4	5585.48
20572	0.26942	24908.7	6227.18
20573	0.20157	18635.5	4658.89
20574	0.08407	7772.89	7772.89
20575	0.36747	33973.7	5662.28
20576	0.11621	10743.7	5371.85
20577	0.26261	24279.6	12139.8
20578	0.35880	33172.6	6634.51
20579	0.29436	27214.8	6803.69
20580	0.34590	31980	7994.99
20581	0.45947	42480.1	7080.02
20582	0.53843	49780.2	16593.4
20583	0.31394	29025	5805
20584	0.19006	17571.3	5857.1
20585	0.25889	23934.9	5983.72
20586	0.39671	36676.9	7335.37
20587	0.43902	40588.9	8117.79
20588	0.28613	26453.7	8817.89
20589	0.37244	34433.8	5738.96
20590	0.13310	12305.3	6152.64
20591	0.34678	32060.7	6412.15
20592	0.25532	23604.8	7868.27
20593	0.36511	33756	6751.2
20594	0.44749	41372	10343
20595	0.22352	20665.5	6888.51
20596	0.19404	17939.3	4484.83
20597	0.55340	51163.4	12790.9
20598	0.22964	21230.8	7076.93
20599	0.76919	71114.2	14222.8
20600	0.40697	37626.1	7525.23
