#IID	F_ROH	ROH_length_kB	KBAVG
2551	0.22787	21061.5	5265.37
2552	0.23222	21463.9	5365.97
2553	0.14245	13166.9	6583.43
2554	0.14850	13725.9	13725.9
2555	0.36560	33791.5	8447.87
2556	0.30627	28308.3	9436.1
2557	0.13275	12269.6	6134.79
2558	0.20459	18910.1	4727.54
2559	0.43283	40005.4	6667.57
2560	0.35776	33067.2	11022.4
2561	0.37210	34392.4	11464.1
2562	0.00000	0	0
2563	0.16772	15501.8	7750.91
2564	0.46827	43281.9	14427.3
2565	0.57860	53479.5	17826.5
2566	0.62923	58159.1	14539.8
2567	0.54839	50686.8	7240.97
2568	0.23798	21996.1	5499.03
2569	0.15751	14558.6	14558.6
2570	0.08055	7444.78	3722.39
2571	0.14679	13567.5	4522.5
2572	0.50950	47092	15697.3
2573	0.40554	37483	7496.6
2574	0.16297	15063.3	5021.11
2575	0.38344	35441	8860.25
2576	0.34245	31651.7	31651.7
2577	0.18039	16673.6	8336.82
2578	0.08406	7769.82	3884.91
2579	0.23967	22152.4	11076.2
2580	0.60080	55531	13882.8
2581	0.32093	29663.4	9887.81
2582	0.27512	25428.9	6357.23
2583	0.19987	18473.3	9236.64
2584	0.52301	48340.7	12085.2
2585	0.24760	22885.7	11442.8
2586	0.15740	14547.9	4849.31
2587	0.06777	6264.16	6264.16
2588	0.21045	19451.8	4862.95
2589	0.44064	40728.1	8145.61
2590	0.19276	17816.9	8908.46
2591	0.19418	17947.8	8973.88
2592	0.12743	11777.9	5888.95
2593	0.03866	3573.36	3573.36
2594	0.26820	24789.4	8263.14
2595	0.34997	32347	8086.76
2596	0.09636	8906.07	4453.04
2597	0.56320	52055.5	17351.8
2598	0.29808	27550.9	6887.71
2599	0.41987	38808.3	19404.2
2600	0.38792	35855.2	11951.7
