#IID	F_ROH	ROH_length_kB	KBAVG
4551	0.31664	29273.7	5854.75
4552	0.13768	12728.4	6364.18
4553	0.14261	13184.3	6592.17
4554	0.45818	42360	8471.99
4555	0.29558	27327.5	6831.88
4556	0.24322	22486.7	5621.68
4557	0.31411	29040.4	5808.08
4558	0.04372	4041.62	4041.62
4559	0.53126	49116.4	12279.1
4560	0.18156	16786.1	4196.52
4561	0.12857	11887	3962.32
4562	0.00000	0	0
4563	0.08615	7964.89	3982.45
4564	0.27328	25265.2	5053.05
4565	0.11721	10835.9	5417.97
4566	0.25087	23193.5	5798.39
4567	0.33636	31097.7	4442.52
4568	0.16068	14855.5	3713.87
4569	0.20192	18668.2	6222.74
4570	0.17538	16214.7	8107.37
4571	0.09192	8498.56	4249.28
4572	0.19428	17961.2	4490.3
4573	0.57289	52964.7	17654.9
4574	0.42222	39035.1	19517.5
4575	0.25607	23674.7	7891.56
4576	0.16914	15637.2	5212.39
4577	0.25744	23801.1	4760.22
4578	0.39142	36187.8	12062.6
4579	0.07011	6482.22	3241.11
4580	0.29722	27478.7	6869.68
4581	0.04928	4556.26	4556.26
4582	0.15143	14000.2	4666.73
4583	0.11438	10575	5287.5
4584	0.20027	18515.5	9257.73
4585	0.14398	13310.9	3327.73
4586	0.15306	14150.8	4716.95
4587	0.23326	21565.3	7188.44
4588	0.23490	21716.7	5429.18
4589	0.35777	33077.1	6615.43
4590	0.17116	15823.8	5274.61
4591	0.44424	41070.6	10267.6
4592	0.19172	17725.3	4431.33
4593	0.14836	13716.2	4572.07
4594	0.12179	11260	3753.34
4595	0.25561	23632.1	11816.1
4596	0.20728	19163.3	4790.81
4597	0.29946	27686.2	5537.25
4598	0.32087	29665.2	7416.3
4599	0.35377	32706.5	10902.2
4600	0.53781	49721.9	12430.5
