#IID	F_ROH	ROH_length_kB	KBAVG
8551	0.33266	30723.1	7680.77
8552	0.21405	19769	4942.25
8553	0.40594	37491.7	4686.47
8554	0.35592	32871.8	8217.96
8555	0.24514	22640.7	7546.92
8556	0.27846	25717.5	4286.26
8557	0.66990	61869.7	12373.9
8558	0.31200	28815.2	9605.07
8559	0.17115	15806.8	5268.95
8560	0.46127	42601.5	10650.4
8561	0.51890	47923.6	7987.26
8562	0.40289	37209.3	9302.33
8563	0.33677	31102.7	5183.78
8564	0.24923	23018.5	7672.84
8565	0.30051	27754	5550.81
8566	0.49695	45896.4	11474.1
8567	0.23266	21487.4	5371.85
8568	0.20512	18943.8	9471.88
8569	0.42690	39427.5	9856.87
8570	0.27584	25476	6369.01
8571	0.44805	41380.8	10345.2
8572	0.35459	32748.6	8187.16
8573	0.85114	78608.6	39304.3
8574	0.22905	21154.5	10577.2
8575	0.37361	34505	17252.5
8576	0.37258	34410.6	8602.66
8577	0.28339	26172.7	4362.12
8578	0.27276	25190.9	8396.97
8579	0.45281	41819.9	6969.98
8580	0.23548	21748.6	5437.15
8581	0.51852	47888.7	15962.9
8582	0.33991	31393.1	7848.28
8583	0.60888	56234.1	9372.36
8584	0.38569	35621.4	8905.36
8585	0.10801	9975.36	4987.68
8586	0.27524	25420.5	6355.12
8587	0.19716	18209.2	6069.75
8588	0.44178	40801	13600.3
8589	0.24115	22271.7	7423.91
8590	0.26258	24251.1	4850.21
8591	0.31053	28679.6	5735.92
8592	0.33871	31282.6	7820.64
8593	0.23714	21901.9	5475.48
8594	0.39388	36377.2	7275.44
8595	0.42411	39169.6	7833.92
8596	0.54858	50665	25332.5
8597	0.34702	32049.3	5341.54
8598	0.34749	32093	6418.6
8599	0.74158	68490.4	9784.34
8600	0.43670	40332.4	8066.48
