#IID	F_ROH	ROH_length_kB	KBAVG
10551	0.27556	25459.7	8486.56
10552	0.43100	39821.8	6636.96
10553	0.03798	3509.52	3509.52
10554	0.41362	38216.4	6369.41
10555	0.21058	19456.8	4864.2
10556	0.32822	30325.9	15162.9
10557	0.22389	20686.5	5171.61
10558	0.23320	21546.6	5386.64
10559	0.20607	19039.9	9519.94
10560	0.22895	21153.5	5288.37
10561	0.05762	5324	5324
10562	0.19554	18066.9	9033.44
10563	0.20947	19354.1	4838.53
10564	0.18867	17431.6	8715.79
10565	0.27866	25746.5	8582.17
10566	0.37032	34215.3	8553.83
10567	0.37156	34330	5721.67
10568	0.58270	53838.4	13459.6
10569	0.34761	32116.8	6423.36
10570	0.45464	42006.3	10501.6
10571	0.37120	34296.8	6859.36
10572	0.27310	25232.7	8410.91
10573	0.22819	21083.6	7027.86
10574	0.33350	30813.7	10271.2
10575	0.21603	19959.9	3991.99
10576	0.29299	27070.4	6767.59
10577	0.33585	31030.2	7757.54
10578	0.71958	66484.6	33242.3
10579	0.25728	23771.2	5942.8
10580	0.34550	31921.9	7980.48
10581	0.20729	19152.7	4788.19
10582	0.38747	35800.2	5966.7
10583	0.24051	22222	11111
10584	0.31153	28783.4	4797.23
10585	0.23966	22143.3	4428.66
10586	0.26360	24355.4	4871.07
10587	0.27300	25223.2	8407.73
10588	0.39060	36089.5	7217.89
10589	0.18189	16805.3	5601.78
10590	0.20482	18923.9	6307.95
10591	0.16820	15540.5	5180.15
10592	0.48976	45251.4	9050.27
10593	0.76857	71011.5	23670.5
10594	0.45015	41591.5	6931.91
10595	0.25371	23441.7	11720.9
10596	0.52808	48791.9	8131.98
10597	0.31257	28879.2	9626.41
10598	0.20181	18645.8	9322.88
10599	0.09381	8667.32	8667.32
10600	0.24520	22655.5	7551.85
