#IID	F_ROH	ROH_length_kB	KBAVG
2551	0.30526	28210.2	9403.4
2552	0.27872	25757.7	6439.43
2553	0.27526	25438.5	8479.49
2554	0.49681	45912.6	9182.52
2555	0.20236	18700.8	6233.6
2556	0.17696	16353.3	8176.64
2557	0.10092	9326.58	4663.29
2558	0.14375	13284.2	4428.07
2559	0.34115	31527.1	15763.5
2560	0.15981	14768.8	4922.95
2561	0.43344	40056.6	13352.2
2562	0.17870	16514.1	5504.7
2563	0.31269	28897.1	4816.19
2564	0.12988	12002.9	4000.97
2565	0.03929	3630.89	3630.89
2566	0.10943	10112.6	5056.32
2567	0.27188	25125.6	6281.41
2568	0.17746	16399.6	8199.8
2569	0.43975	40639.5	5805.64
2570	0.19932	18420.5	9210.24
2571	0.27408	25328.9	8442.97
2572	0.20747	19173.1	6391.03
2573	0.38028	35143.1	17571.5
2574	0.19140	17688.1	5896.02
2575	0.34065	31481	7870.26
2576	0.12152	11230.3	5615.14
2577	0.22897	21160.3	10580.1
2578	0.17675	16334.3	8167.16
2579	0.32664	30186.4	10062.1
2580	0.22403	20703.7	6901.23
2581	0.12740	11773.3	3924.45
2582	0.12554	11602	5801.02
2583	0.25732	23779.8	5944.94
2584	0.23778	21974.7	7324.9
2585	0.21323	19705.4	9852.71
2586	0.13045	12055.3	4018.42
2587	0.15538	14359.4	4786.47
2588	0.05952	5500.3	5500.3
2589	0.27698	25596.6	6399.15
2590	0.23219	21458.2	5364.56
2591	0.29992	27717.1	5543.42
2592	0.06330	5850.11	2925.06
2593	0.10256	9478.16	4739.08
2594	0.20695	19125.5	4781.39
2595	0.40313	37255.5	6209.25
2596	0.26000	24027.7	6006.92
2597	0.26834	24798.6	4959.72
2598	0.18151	16774.1	5591.38
2599	0.14746	13627.5	4542.49
2600	0.10259	9480.39	3160.13
