#IID	F_ROH	ROH_length_kB	KBAVG
2551	0.07945	7339.12	3669.56
2552	0.26764	24722.8	8240.94
2553	0.25294	23364.7	7788.25
2554	0.09027	8338.46	4169.23
2555	0.16264	15023.5	5007.85
2556	0.24454	22588.5	3764.76
2557	0.07582	7003.96	3501.98
2558	0.23092	21330.5	4266.1
2559	0.24539	22667.4	5666.86
2560	0.22822	21081.6	5270.41
2561	0.09773	9027.95	4513.98
2562	0.07929	7324.28	3662.14
2563	0.66776	61682.8	12336.6
2564	0.20547	18979.8	6326.59
2565	0.18256	16863.9	5621.31
2566	0.23559	21762.3	5440.57
2567	0.20250	18705.2	4676.3
2568	0.27546	25445.1	6361.26
2569	0.18307	16910.4	4227.59
2570	0.26864	24815.2	4135.86
2571	0.18241	16850.2	4212.56
2572	0.29671	27407.8	4567.96
2573	0.32254	29793.8	7448.45
2574	0.14022	12952.6	6476.31
2575	0.22604	20879.6	5219.9
2576	0.19694	18191.7	6063.9
2577	0.16989	15693.5	7846.74
2578	0.44221	40848.7	6808.11
2579	0.45586	42109.2	10527.3
2580	0.10942	10107.3	3369.1
2581	0.14228	13142.8	6571.41
2582	0.18145	16761.2	16761.2
2583	0.07017	6481.45	6481.45
2584	0.44070	40708.7	8141.74
2585	0.19081	17626	5875.34
2586	0.63869	58997.9	9832.98
2587	0.37045	34219.6	8554.9
2588	0.20998	19396.5	4849.13
2589	0.15942	14726	4908.67
2590	0.16852	15566.3	3891.58
2591	0.10191	9413.38	3137.79
2592	0.36879	34066.3	5677.72
2593	0.29385	27143.5	5428.69
2594	0.34420	31795.1	7948.77
2595	0.06984	6451.09	3225.55
2596	0.10850	10022.4	5011.18
2597	0.36100	33346.9	6669.37
2598	0.27981	25847.2	5169.44
2599	0.28392	26226.9	8742.3
2600	0.34088	31488.6	6297.73
