#IID	F_ROH	ROH_length_kB	KBAVG
16551	0.27197	25144.8	5028.96
16552	0.44027	40705	5815
16553	0.07972	7370.98	3685.49
16554	0.34238	31655.1	5275.85
16555	0.19916	18413.8	9206.89
16556	0.22106	20437.9	4087.59
16557	0.22588	20883.7	6961.25
16558	0.31790	29391.2	7347.81
16559	0.22386	20696.9	5174.23
16560	0.26075	24107.9	4821.57
16561	0.11451	10586.9	10586.9
16562	0.41382	38259.9	12753.3
16563	0.24949	23066.3	4613.27
16564	0.25268	23361.5	7787.18
16565	0.14703	13593.7	4531.23
16566	0.24145	22323.5	5580.87
16567	0.40238	37202.4	6200.4
16568	0.38831	35901.5	8975.37
16569	0.14367	13283.1	6641.53
16570	0.31648	29260.4	4876.73
16571	0.31314	28951.2	7237.8
16572	0.30311	28024.6	7006.16
16573	0.26754	24735.3	6183.82
16574	0.19761	18269.7	4567.42
16575	0.11137	10296.4	3432.13
16576	0.23080	21338.4	5334.61
16577	0.20115	18597.4	3719.47
16578	0.20828	19256.8	6418.92
16579	0.34432	31834.4	6366.88
16580	0.14574	13474.8	4491.59
16581	0.20891	19314.9	6438.31
16582	0.13456	12440.4	4146.81
16583	0.39260	36297.8	4537.22
16584	0.29929	27671.3	4611.88
16585	0.27457	25385.9	6346.46
16586	0.33363	30846.2	7711.55
16587	0.35046	32401.8	4628.83
16588	0.18135	16766.6	4191.65
16589	0.06896	6376.17	3188.09
16590	0.38337	35445.1	5907.52
16591	0.10612	9811.65	4905.83
16592	0.38025	35155.8	4394.48
16593	0.54258	50164.9	8360.82
16594	0.23742	21950.5	4390.1
16595	0.29620	27385.2	6846.31
16596	0.28384	26243	4373.83
16597	0.18905	17478.9	8739.44
16598	0.18863	17439.6	5813.19
16599	0.32747	30276.7	6055.35
16600	0.18565	17164.5	4291.12
