#IID	F_ROH	ROH_length_kB	KBAVG
2551	0.34506	31693.7	6338.74
2552	0.32390	29749.6	7437.39
2553	0.40585	37277.2	9319.31
2554	0.37540	34480.6	8620.16
2555	0.45624	41905.7	20952.9
2556	0.36876	33870.6	11290.2
2557	0.21334	19595.1	6531.7
2558	0.24876	22848.7	4569.74
2559	0.21369	19627.4	4906.85
2560	0.29311	26922	6730.51
2561	0.09952	9140.72	4570.36
2562	0.42812	39322.7	5617.52
2563	0.30023	27576.1	9192.02
2564	0.42383	38928.9	12976.3
2565	0.17733	16288	8143.99
2566	0.12428	11414.6	5707.3
2567	0.37850	34764.6	6952.93
2568	0.20777	19083.4	6361.12
2569	0.34765	31931.7	6386.34
2570	0.36093	33151	6630.2
2571	0.36724	33730.8	11243.6
2572	0.16292	14964.5	7482.24
2573	0.31274	28724.6	4787.43
2574	0.40820	37492.9	9373.23
2575	0.40674	37358.9	9339.73
2576	0.34616	31794.6	5299.09
2577	0.10069	9248.49	4624.25
2578	0.15102	13871.4	6935.71
2579	0.31227	28681.9	5736.38
2580	0.24614	22608.1	4521.61
2581	0.28666	26329.9	5265.99
2582	0.25007	22969	7656.33
2583	0.22985	21112	4222.39
2584	0.29627	27212.2	6803.05
2585	0.24573	22569.9	5642.46
2586	0.35421	32533.5	6506.71
2587	0.17393	15975.1	5325.03
2588	0.24498	22501.3	11250.6
2589	0.24551	22550.2	7516.72
2590	0.37795	34714.3	11571.4
2591	0.37273	34235.4	5705.89
2592	0.18742	17214.5	8607.27
2593	0.16970	15586.8	3117.36
2594	0.08883	8158.98	8158.98
2595	0.26900	24707.6	4941.51
2596	0.21717	19946.8	4986.7
2597	0.25054	23011.9	5752.97
2598	0.36241	33287.5	11095.8
2599	0.19971	18343	6114.32
2600	0.31489	28922.7	7230.67
