#IID	F_ROH	ROH_length_kB	KBAVG
6551	0.34949	32286.5	10762.2
6552	0.40439	37358.8	7471.76
6553	0.07991	7382.07	3691.03
6554	0.32773	30276.4	30276.4
6555	0.42144	38933.4	7786.68
6556	0.41264	38120.4	7624.09
6557	0.18303	16908.9	4227.22
6558	0.19089	17635.2	4408.81
6559	0.60409	55807.6	18602.5
6560	0.42239	39021.3	9755.32
6561	0.26619	24591.3	6147.83
6562	0.27844	25722.6	6430.66
6563	0.78168	72213.6	24071.2
6564	0.11228	10372.8	3457.59
6565	0.05743	5305.18	5305.18
6566	0.36367	33596.3	5599.39
6567	0.30558	28229.8	7057.45
6568	0.19560	18070.3	6023.43
6569	0.29898	27620.4	9206.81
6570	0.06573	6072.75	6072.75
6571	0.19803	18294.8	6098.27
6572	0.58396	53948	17982.7
6573	0.16511	15253.4	3813.36
6574	0.56398	52101.7	13025.4
6575	0.00000	0	0
6576	0.28581	26403.8	5280.76
6577	0.81876	75639.1	25213
6578	0.27324	25242.9	6310.71
6579	0.13449	12424.8	4141.6
6580	0.22080	20398.4	6799.48
6581	0.15678	14483.6	4827.86
6582	0.24797	22907.8	5726.95
6583	0.29425	27183.8	9061.28
6584	0.08558	7906.2	3953.1
6585	0.40609	37515.9	7503.18
6586	0.55537	51306.7	8551.11
6587	0.12240	11307.5	3769.17
6588	0.37452	34598.6	11532.9
6589	0.07303	6746.6	6746.6
6590	0.23784	21971.9	5492.97
6591	0.21024	19422.5	19422.5
6592	0.33737	31167.5	10389.2
6593	0.33557	31000.8	7750.19
6594	0.38392	35467.7	5911.29
6595	0.51263	47358.4	7893.06
6596	0.08272	7642.31	3821.15
6597	0.12077	11156.8	3718.93
6598	0.25453	23513.8	4702.75
6599	0.35338	32646.2	6529.25
6600	0.08622	7965.6	3982.8
