#IID	F_ROH	ROH_length_kB	KBAVG
20551	0.28017	25895.6	6473.9
20552	0.28648	26478.7	8826.24
20553	0.60595	56005.8	14001.5
20554	0.30067	27790	5558
20555	0.04679	4324.95	4324.95
20556	0.14800	13679.3	6839.65
20557	0.16343	15105.6	5035.21
20558	0.08374	7740.12	3870.06
20559	0.18087	16717.5	16717.5
20560	0.35397	32715.9	10905.3
20561	0.23102	21352.3	7117.43
20562	0.30789	28457.5	5691.51
20563	0.20218	18687.2	4671.8
20564	0.14116	13047	6523.51
20565	0.39267	36293	7258.6
20566	0.12737	11772.3	5886.15
20567	0.50100	46305.6	7717.6
20568	0.59043	54571.8	10914.4
20569	0.46435	42918.2	14306.1
20570	0.38596	35673.2	8918.31
20571	0.31357	28982.4	9660.79
20572	0.43445	40154.7	10038.7
20573	0.29485	27252.5	9084.17
20574	0.18164	16788	8394.01
20575	0.73873	68278.7	34139.4
20576	0.07385	6825.34	6825.34
20577	0.20733	19162.6	4790.64
20578	0.45731	42267.5	10566.9
20579	0.19222	17766.3	5922.09
20580	0.27617	25525.7	8508.57
20581	0.04325	3997.87	3997.87
20582	0.07293	6740.54	6740.54
20583	0.39607	36607.9	6101.31
20584	0.05553	5132.48	5132.48
20585	0.19846	18342.8	6114.27
20586	0.47119	43550.5	14516.8
20587	0.42631	39402.6	9850.64
20588	0.54071	49975.9	16658.6
20589	0.24705	22833.7	5708.43
20590	0.17578	16246.5	5415.5
20591	0.22566	20856.9	5214.22
20592	0.33107	30599.8	7649.96
20593	0.68152	62990.4	12598.1
20594	0.11138	10294.3	10294.3
20595	0.07837	7243.7	7243.7
20596	0.02621	2422.74	2422.74
20597	0.39680	36675	12225
20598	0.11021	10186	5092.98
20599	0.09570	8845.07	8845.07
20600	0.20476	18924.9	6308.28
