#IID	F_ROH	ROH_length_kB	KBAVG
6551	0.23239	21481	5370.24
6552	0.28073	25948.7	6487.18
6553	0.56593	52311.3	6538.91
6554	0.23243	21484.4	7161.47
6555	0.38617	35695.5	7139.09
6556	0.35365	32688.9	6537.79
6557	0.23889	22081.9	5520.48
6558	0.41869	38701.5	6450.25
6559	0.25755	23806.2	4761.24
6560	0.22130	20456	4091.2
6561	0.26458	24456.1	6114.02
6562	0.41371	38240.5	6373.42
6563	0.34151	31567.1	4509.58
6564	0.42819	39579.2	9894.8
6565	0.37294	34472.7	8618.19
6566	0.43142	39877.9	6646.32
6567	0.32862	30376	6075.2
6568	0.38126	35241.7	5034.53
6569	0.44718	41334.7	6889.12
6570	0.53334	49299	7042.72
6571	0.48575	44899.5	7483.24
6572	0.38794	35859.3	5122.76
6573	0.36377	33624.9	6724.97
6574	0.23057	21312.1	4262.43
6575	0.37217	34400.9	5733.49
6576	0.26950	24911.1	4982.22
6577	0.32501	30042.3	6008.46
6578	0.56047	51806.2	8634.36
6579	0.27392	25319.4	6329.85
6580	0.47042	43482.8	7247.14
6581	0.29226	27014.9	5402.98
6582	0.41650	38498.6	6416.44
6583	0.20646	19083.7	6361.25
6584	0.28816	26635.7	6658.92
6585	0.44631	41253.9	8250.78
6586	0.33272	30754.3	6150.86
6587	0.46337	42831.5	10707.9
6588	0.33376	30851	6170.21
6589	0.58571	54139.3	6015.47
6590	0.29499	27266.8	9088.92
6591	0.26656	24638.8	6159.71
6592	0.41088	37978.9	7595.79
6593	0.41715	38559.2	5508.46
6594	0.58973	54511	13627.8
6595	0.36641	33869.1	5644.85
6596	0.59479	54978.6	7854.08
6597	0.48850	45153.9	7525.65
6598	0.37337	34512.5	4930.36
6599	0.37884	35017.6	7003.52
6600	0.82076	75866.1	10838
