#IID	F_ROH	ROH_length_kB	KBAVG
6551	0.16962	15674.8	3918.69
6552	0.38842	35894.1	5982.34
6553	0.43119	39846.6	9961.66
6554	0.16986	15696.6	15696.6
6555	0.24506	22646.2	5661.56
6556	0.19887	18378.2	6126.07
6557	0.26734	24705.4	8235.12
6558	0.35863	33141.6	6628.31
6559	0.24068	22241.1	11120.5
6560	0.25715	23763.5	7921.16
6561	0.43538	40233.5	8046.71
6562	0.37039	34228	11409.3
6563	0.33091	30580	7645
6564	0.59885	55340.2	9223.36
6565	0.49501	45744.7	6534.95
6566	0.30740	28406.9	14203.5
6567	0.29698	27444.4	5488.87
6568	0.43093	39822.3	6637.05
6569	0.44990	41575.6	5939.38
6570	0.10873	10048.1	5024.07
6571	0.15150	14000.2	4666.73
6572	0.36275	33522	8380.5
6573	0.32118	29680.2	7420.06
6574	0.11995	11084.7	5542.36
6575	0.37115	34298.3	5716.38
6576	0.19507	18026.4	6008.79
6577	0.13347	12333.8	6166.92
6578	0.27498	25410.9	4235.15
6579	0.28199	26059.2	6514.81
6580	0.35306	32627	6525.4
6581	0.42149	38950.6	7790.12
6582	0.36646	33865	6773
6583	0.50649	46804.9	15601.6
6584	0.24687	22813.7	4562.75
6585	0.42024	38834.7	9708.68
6586	0.28128	25993.8	8664.6
6587	0.25968	23997.6	4799.53
6588	0.47185	43604.2	14534.7
6589	0.33197	30678.1	7669.52
6590	0.28685	26508	8836
6591	0.37952	35071.8	8767.95
6592	0.19934	18421.4	4605.34
6593	0.26559	24543.7	6135.93
6594	0.33689	31132	5188.67
6595	0.34630	32002.1	6400.42
6596	0.14797	13674.2	4558.07
6597	0.34852	32207.1	5367.85
6598	0.13760	12715.7	6357.86
6599	0.21618	19977	6658.99
6600	0.30566	28246.2	7061.55
