#IID	F_ROH	ROH_length_kB	KBAVG
6551	0.05172	4772.13	4772.13
6552	0.17066	15746.8	7873.38
6553	0.10674	9848.65	4924.32
6554	0.21152	19516.6	4879.15
6555	0.22617	20868.3	5217.08
6556	0.08150	7520.14	3760.07
6557	0.57700	53238.6	53238.6
6558	0.25166	23219.9	11609.9
6559	0.07992	7374.11	7374.11
6560	0.70814	65338.8	21779.6
6561	0.15733	14516.2	7258.1
6562	0.06220	5738.78	5738.78
6563	0.31422	28993	4832.16
6564	0.20762	19156.8	9578.39
6565	0.07697	7101.87	7101.87
6566	0.16275	15016.3	5005.42
6567	0.30630	28262.2	5652.44
6568	0.34738	32052.1	6410.41
6569	0.22757	20997.9	5249.48
6570	0.23448	21635.6	7211.85
6571	0.20941	19322.4	9661.22
6572	0.30847	28461.9	9487.3
6573	0.42297	39027.3	6504.55
6574	0.18363	16943.6	8471.8
6575	0.15454	14259.5	4753.16
6576	0.31378	28952.5	9650.84
6577	0.27750	25604.7	6401.17
6578	0.33426	30842	15421
6579	0.23840	21996.7	7332.24
6580	0.02738	2526.24	2526.24
6581	0.20887	19272.5	9636.24
6582	0.33729	31121.1	7780.27
6583	0.17248	15914.6	3978.65
6584	0.12904	11906.7	5953.36
6585	0.09133	8427.07	4213.53
6586	0.38607	35622.3	11874.1
6587	0.17506	16152.8	5384.28
6588	0.11697	10793	10793
6589	0.07992	7374.11	7374.11
6590	0.25882	23881.4	5970.35
6591	0.49169	45367.7	45367.7
6592	0.41393	38193.2	9548.29
6593	0.06220	5738.78	5738.78
6594	0.28275	26088.8	6522.2
6595	0.20644	19048	9524
6596	0.14549	13424.1	4474.71
6597	0.26733	24666.2	4933.24
6598	0.06467	5966.77	5966.77
6599	0.35747	32983.2	6596.65
6600	0.17954	16565.9	16565.9
