#IID	F_ROH	ROH_length_kB	KBAVG
2551	0.29978	27697.1	6924.28
2552	0.49828	46037.7	7672.96
2553	0.28120	25981	8660.35
2554	0.36430	33658.2	8414.54
2555	0.48771	45060.7	9012.14
2556	0.55864	51613.9	10322.8
2557	0.16132	14904.6	4968.2
2558	0.27956	25829.7	8609.9
2559	0.35518	32816.3	5469.38
2560	0.30362	28052.2	5610.45
2561	0.45562	42095.9	8419.18
2562	0.41470	38315	7663.01
2563	0.34382	31766	6353.19
2564	0.48251	44580	6368.56
2565	0.25731	23773.6	7924.54
2566	0.43589	40272.7	5753.24
2567	0.28088	25951.2	8650.41
2568	0.26782	24744.7	6186.18
2569	0.47889	44245.5	8849.09
2570	0.53189	49142.9	9828.57
2571	0.67841	62679.6	12535.9
2572	0.09020	8333.48	4166.74
2573	0.25790	23828	5956.99
2574	0.13968	12905.5	6452.73
2575	0.41109	37982	6330.33
2576	0.63985	59117.4	14779.3
2577	0.09474	8753.24	2917.75
2578	0.03595	3321.62	3321.62
2579	0.71419	65986	13197.2
2580	0.66375	61325.2	12265
2581	0.45797	42313.2	10578.3
2582	0.31645	29237.7	7309.42
2583	0.44178	40816.7	13605.6
2584	0.32232	29780.4	14890.2
2585	0.52798	48781.3	9756.25
2586	0.67178	62067.2	20689.1
2587	0.35579	32871.9	8217.98
2588	0.42128	38923.4	9730.85
2589	0.37387	34542.9	6908.58
2590	0.39250	36264.1	9066.02
2591	0.37628	34765.8	6953.15
2592	0.29708	27448.3	9149.44
2593	0.34329	31717.2	10572.4
2594	0.57217	52863.8	8810.63
2595	0.08775	8106.98	4053.49
2596	0.36201	33447.1	8361.77
2597	0.20016	18493.2	6164.41
2598	0.14279	13193.1	6596.53
2599	0.11689	10799.6	3599.85
2600	0.27989	25859.3	8619.76
