#IID	F_ROH	ROH_length_kB	KBAVG
4551	0.16558	15307	5102.33
4552	0.29373	27153.2	5430.63
4553	0.31775	29373.7	9791.23
4554	0.21679	20041.1	6680.36
4555	0.16269	15039.9	7519.95
4556	0.20103	18583.8	4645.96
4557	0.18600	17194.4	4298.6
4558	0.24904	23022.6	4604.52
4559	0.25332	23418.1	5854.53
4560	0.19337	17876.1	5958.71
4561	0.19967	18458	9228.98
4562	0.37409	34582	11527.3
4563	0.15554	14378.7	4792.9
4564	0.37927	35061.1	5843.52
4565	0.33483	30953.3	6190.65
4566	0.22312	20626	5156.51
4567	0.18418	17026.8	5675.6
4568	0.12703	11743.1	3914.35
4569	0.12345	11412.3	5706.14
4570	0.33169	30663.1	7665.79
4571	0.24389	22546.2	7515.41
4572	0.25527	23598.4	5899.6
4573	0.22649	20937.5	5234.37
4574	0.33483	30953.3	6190.65
4575	0.36124	33394.4	11131.5
4576	0.08760	8097.72	4048.86
4577	0.75577	69867	34933.5
4578	0.25415	23494.3	7831.44
4579	0.10861	10040.1	5020.05
4580	0.20838	19263.9	3852.77
4581	0.44711	41332.7	13777.6
4582	0.28094	25971.5	6492.88
4583	0.31722	29325	9775.01
4584	0.22003	20340.7	6780.23
4585	0.15896	14694.8	4898.26
4586	0.15354	14193.7	4731.24
4587	0.31161	28806.3	9602.11
4588	0.50058	46275.9	11569
4589	0.52026	48095.3	8015.88
4590	0.35897	33184.7	5530.78
4591	0.04148	3834.58	3834.58
4592	0.42406	39201.7	7840.34
4593	0.19599	18118.1	6039.37
4594	0.24698	22831.5	7610.5
4595	0.08728	8068.92	8068.92
4596	0.32680	30210.4	6042.07
4597	0.25352	23436.2	5859.05
4598	0.14254	13176.6	6588.32
4599	0.26953	24916.6	6229.15
4600	0.24449	22601.6	5650.4
