#IID	F_ROH	ROH_length_kB	KBAVG
14551	0.06321	5837.33	5837.33
14552	0.17930	16559.1	5519.69
14553	0.26793	24744.2	8248.07
14554	0.26670	24630.2	6157.54
14555	0.18937	17489	5829.67
14556	0.30646	28301.9	7075.47
14557	0.55033	50824	16941.3
14558	0.23530	21730.7	5432.68
14559	0.14133	13052.4	6526.22
14560	0.23362	21575.4	7191.8
14561	0.85509	78969	39484.5
14562	0.26670	24630.2	6157.54
14563	0.07006	6470.24	6470.24
14564	0.05382	4970.43	4970.43
14565	0.00000	0	0
14566	0.12944	11954.4	11954.4
14567	0.33108	30575.4	10191.8
14568	0.00000	0	0
14569	0.21629	19974.7	4993.68
14570	0.24699	22810.2	5702.56
14571	0.22129	20436.2	10218.1
14572	0.06155	5684.09	2842.05
14573	0.18085	16701.9	5567.29
14574	0.25627	23666.7	7888.9
14575	0.28750	26550.7	4425.11
14576	0.36084	33324	8330.99
14577	0.38641	35685.3	11895.1
14578	0.95032	87763.9	29254.6
14579	0.30941	28574.5	5714.91
14580	0.32759	30253.2	10084.4
14581	0.17580	16235.5	8117.76
14582	0.11061	10215.3	3405.09
14583	0.48894	45154.7	11288.7
14584	0.37423	34561.1	6912.23
14585	0.00000	0	0
14586	0.03011	2780.86	2780.86
14587	0.23588	21783.5	7261.16
14588	0.31285	28891.9	7222.98
14589	0.07806	7208.75	7208.75
14590	0.03271	3020.61	3020.61
14591	0.26644	24606.6	12303.3
14592	0.27081	25009.9	6252.48
14593	0.30303	27985.6	6996.41
14594	0.19981	18452.8	6150.93
14595	0.14365	13266.5	4422.17
14596	0.54557	50384.6	16794.9
14597	0.35644	32917.6	6583.51
14598	0.29634	27367.4	9122.47
14599	0.13017	12021	12021
14600	0.06103	5635.97	5635.97
