#IID	F_ROH	ROH_length_kB	KBAVG
2551	0.18619	17208.9	4302.23
2552	0.04419	4084.39	4084.39
2553	0.29692	27443.7	13721.8
2554	0.13700	12662.6	6331.28
2555	0.20672	19106.7	6368.9
2556	0.39307	36330.6	7266.12
2557	0.24661	22793.2	11396.6
2558	0.24405	22556.6	5639.14
2559	0.32755	30274.3	10091.4
2560	0.29757	27503.8	6875.94
2561	0.27185	25126.6	5025.33
2562	0.13987	12927.5	6463.73
2563	0.16541	15288.2	7644.11
2564	0.10777	9961.21	4980.6
2565	0.21054	19459.6	4864.91
2566	0.28592	26426.8	5285.35
2567	0.37919	35047.5	8761.88
2568	0.07859	7263.61	3631.81
2569	0.10538	9740.03	3246.68
2570	0.36823	34034.2	8508.55
2571	0.19429	17957.4	4489.36
2572	0.38863	35920.3	11973.4
2573	0.26982	24938.6	6234.66
2574	0.41419	38282.4	12760.8
2575	0.22243	20558.2	5139.56
2576	0.29926	27660.2	5532.04
2577	0.13134	12139.6	4046.54
2578	0.07321	6766.61	3383.3
2579	0.15821	14622.6	7311.31
2580	0.20520	18965.7	4741.42
2581	0.11206	10357.2	3452.4
2582	0.13844	12796	4265.32
2583	0.25531	23597.5	5899.38
2584	0.49015	45303.3	15101.1
2585	0.10645	9838.93	9838.93
2586	0.35165	32502.4	6500.49
2587	0.03737	3454.03	3454.03
2588	0.34733	32102.7	8025.67
2589	0.28259	26119.3	4353.22
2590	0.14028	12965.4	4321.8
2591	0.14722	13607.4	3401.85
2592	0.18875	17446	4361.51
2593	0.23127	21376	21376
2594	0.18332	16944.1	5648.04
2595	0.35302	32628.5	8157.12
2596	0.25954	23988.6	5997.15
2597	0.36990	34188.4	17094.2
2598	0.15654	14468.2	4822.73
2599	0.71954	66505.5	13301.1
2600	0.38640	35714.3	11904.8
