#IID	F_ROH	ROH_length_kB	KBAVG
12551	0.11589	10701.1	5350.54
12552	0.34452	31812	7953
12553	0.24049	22206	7402
12554	0.31681	29253.9	7313.48
12555	0.33313	30760.8	5126.8
12556	0.49481	45689.8	7614.97
12557	0.16434	15175	5058.34
12558	0.22964	21204.6	10602.3
12559	0.49149	45383	6483.29
12560	0.19855	18333.7	6111.23
12561	0.34688	32030.4	5338.4
12562	0.10730	9908.24	9908.24
12563	0.20965	19358.3	6452.76
12564	0.30235	27918	6979.5
12565	0.43137	39832.1	9958.03
12566	0.22120	20425.1	10212.6
12567	0.70467	65067.4	13013.5
12568	0.20917	19314.2	9657.08
12569	0.12366	11418.4	5709.21
12570	0.23799	21975.8	7325.26
12571	0.46104	42571.3	7095.22
12572	0.31746	29313.3	4885.55
12573	0.35237	32536.7	6507.35
12574	0.13411	12383.4	6191.68
12575	0.16646	15370.7	5123.57
12576	0.34582	31932.4	7983.1
12577	0.24787	22888.1	5722.02
12578	0.11139	10285.7	5142.87
12579	0.39281	36271.3	6045.22
12580	0.29931	27637.4	4606.23
12581	0.35581	32855.1	8213.79
12582	0.70382	64989.5	32494.8
12583	0.23041	21275.5	7091.83
12584	0.46354	42801.9	21400.9
12585	0.15515	14326.1	7163.04
12586	0.48831	45089.9	11272.5
12587	0.33218	30672.9	7668.24
12588	0.54597	50414.2	10082.8
12589	0.32055	29598.6	5919.71
12590	0.42926	39636.9	9909.23
12591	0.17982	16604.5	8302.27
12592	0.13672	12624.6	4208.21
12593	0.04618	4264.49	4264.49
12594	0.28908	26692.7	8897.57
12595	0.26880	24820.2	6205.05
12596	0.32862	30343.8	7585.94
12597	0.32703	30197	10065.7
12598	0.52959	48901.2	8150.2
12599	0.64681	59724.7	14931.2
12600	0.15755	14548.2	7274.1
