#IID	F_ROH	ROH_length_kB	KBAVG
12551	0.12693	11734.6	3911.53
12552	0.21503	19880.3	9940.15
12553	0.33462	30936.5	5156.08
12554	0.16100	14884.9	7442.44
12555	0.10321	9541.67	4770.83
12556	0.26568	24562.4	4912.48
12557	0.26360	24370.3	6092.57
12558	0.20030	18518.6	9259.31
12559	0.42361	39163.7	9790.93
12560	0.03230	2985.82	2985.82
12561	0.44801	41419.6	10354.9
12562	0.13438	12423.9	6211.94
12563	0.21732	20091.9	6697.3
12564	0.28209	26079.8	5215.97
12565	0.12648	11693.4	3897.81
12566	0.29378	27160.6	9053.52
12567	0.27373	25306.9	6326.74
12568	0.25180	23279.4	4655.89
12569	0.32474	30023.3	7505.82
12570	0.52801	48815.9	9763.17
12571	0.30052	27783.8	5556.77
12572	0.49841	46079.4	7679.9
12573	0.15020	13886.2	4628.75
12574	0.33938	31376.3	10458.8
12575	0.15338	14180.7	3545.18
12576	0.24474	22626.6	7542.21
12577	0.10959	10131.8	5065.88
12578	0.33147	30645.3	6129.07
12579	0.22528	20827.3	6942.43
12580	0.19779	18285.7	6095.23
12581	0.10126	9361.57	4680.79
12582	0.25124	23227.5	5806.86
12583	0.85014	78597.2	19649.3
12584	0.31306	28943	9647.65
12585	0.94621	87479.6	29159.9
12586	0.34476	31874.2	10624.7
12587	0.27435	25364.7	5072.94
12588	0.31382	29013.5	5802.7
12589	0.15307	14151.5	7075.77
12590	0.33675	31133.4	7783.36
12591	0.25395	23477.8	7825.92
12592	0.23811	22013.6	5503.39
12593	0.33911	31351.2	4478.74
12594	0.31192	28837.8	5767.56
12595	0.13663	12631.6	6315.78
12596	0.25555	23626.6	5906.65
12597	0.17778	16436.6	8218.32
12598	0.40676	37605.9	7521.18
12599	0.18869	17445.2	5815.05
12600	0.10080	9318.79	4659.39
