#IID	F_ROH	ROH_length_kB	KBAVG
2551	0.33273	30728.1	6145.62
2552	0.35974	33222.4	6644.48
2553	0.19884	18362.8	4590.7
2554	0.19030	17574.4	5858.14
2555	0.16806	15520.2	3880.04
2556	0.49060	45307.5	9061.49
2557	0.44246	40861.2	6810.19
2558	0.64006	59110	9851.67
2559	0.26635	24597.6	6149.4
2560	0.17716	16360.6	4090.16
2561	0.16146	14910.7	3727.68
2562	0.53884	49762.4	8293.74
2563	0.50250	46406.1	7734.36
2564	0.43670	40329.4	6721.57
2565	0.37249	34399.9	8599.98
2566	0.11174	10318.9	5159.43
2567	0.28749	26549.5	5309.9
2568	0.22705	20968.2	4193.65
2569	0.51558	47613.8	7935.63
2570	0.58129	53682.5	8947.08
2571	0.36305	33527.9	6705.58
2572	0.54158	50014.8	50014.8
2573	0.19077	17618.1	4404.52
2574	0.13516	12482.1	6241.05
2575	0.16084	14853.7	7426.87
2576	0.54913	50712.2	7244.59
2577	0.34601	31954.4	7988.6
2578	0.12905	11918.1	3972.69
2579	0.30082	27781.3	9260.44
2580	0.35588	32865.5	4695.08
2581	0.46568	43005.4	8601.08
2582	0.55252	51025.6	8504.26
2583	0.47069	43468.9	6209.85
2584	0.43155	39854.3	9963.57
2585	0.35627	32902	4700.29
2586	0.36519	33725.5	3747.27
2587	0.30770	28416.5	7104.14
2588	0.59303	54766.4	13691.6
2589	0.26613	24577	8192.33
2590	0.09663	8923.9	4461.95
2591	0.61317	56626.6	14156.7
2592	0.41142	37995.3	6332.55
2593	0.30411	28084.4	5616.88
2594	0.23892	22064.1	5516.02
2595	0.10846	10016.6	5008.31
2596	0.27105	25031.8	5006.36
2597	0.59856	55277.4	13819.3
2598	0.15239	14072.9	4690.97
2599	0.33382	30828.4	30828.4
2600	0.38016	35107.8	7021.56
