#IID	F_ROH	ROH_length_kB	KBAVG
2551	0.56691	52423.9	17474.6
2552	0.34429	31837.5	7959.38
2553	0.24643	22788.7	5697.17
2554	0.32010	29601	5920.21
2555	0.27668	25585.5	5117.1
2556	0.28371	26235.9	5247.17
2557	0.10575	9779.09	4889.55
2558	0.27014	24981.1	24981.1
2559	0.03542	3275.46	3275.46
2560	0.17228	15931.2	3982.79
2561	0.13904	12857.6	3214.4
2562	0.29019	26835.1	3833.58
2563	0.43975	40664.9	8132.99
2564	0.11892	10996.5	3665.5
2565	0.12172	11255.6	5627.81
2566	0.03128	2893.01	2893.01
2567	0.27652	25570.6	8523.53
2568	0.17192	15898.5	7949.27
2569	0.11994	11091.4	5545.68
2570	0.22363	20680	5169.99
2571	0.14714	13606.9	4535.65
2572	0.32867	30392.9	10131
2573	0.24181	22360.6	5590.14
2574	0.31374	29012.8	9670.94
2575	0.16940	15665.4	5221.82
2576	0.15531	14362.4	7181.19
2577	0.19044	17611.1	5870.36
2578	0.33119	30626.6	5104.44
2579	0.11252	10405.1	5202.54
2580	0.26575	24575.3	4915.06
2581	0.34337	31752.3	10584.1
2582	0.21104	19515.8	6505.28
2583	0.21822	20179.9	6726.63
2584	0.18955	17528.6	5842.86
2585	0.33596	31067.6	7766.89
2586	0.83464	77182.5	77182.5
2587	0.14541	13447	6723.48
2588	0.07086	6552.77	3276.38
2589	0.05208	4815.86	4815.86
2590	0.51559	47678.4	15892.8
2591	0.62996	58254.9	29127.5
2592	0.18463	17073.7	5691.25
2593	0.17163	15870.8	5290.26
2594	0.02855	2640.56	2640.56
2595	0.53197	49192.9	9838.58
2596	0.13604	12580.4	4193.47
2597	0.06506	6016.04	3008.02
2598	0.28325	26192.8	6548.21
2599	0.21207	19610.9	4902.73
2600	0.17547	16225.9	5408.63
