#IID	F_ROH	ROH_length_kB	KBAVG
14551	0.21162	19563	4890.76
14552	0.09371	8663.19	4331.59
14553	0.69466	64216.1	16054
14554	0.34390	31790.9	10597
14555	0.35670	32974.5	6594.89
14556	0.33604	31064	10354.7
14557	0.23572	21790.4	10895.2
14558	0.69359	64117.1	21372.4
14559	0.30800	28471.9	5694.38
14560	0.55699	51490	10298
14561	0.38858	35921.6	5986.93
14562	0.22081	20412.3	10206.1
14563	0.28182	26052.2	4342.04
14564	0.45280	41858.2	8371.63
14565	0.11538	10666.4	10666.4
14566	0.55003	50845.8	12711.4
14567	0.24572	22715.3	11357.6
14568	0.16232	15005.6	5001.86
14569	0.28364	26220.1	5244.03
14570	0.22846	21119.2	10559.6
14571	0.13768	12727.9	4242.63
14572	0.37199	34387.8	11462.6
14573	0.50024	46243.3	11560.8
14574	0.08981	8301.81	4150.9
14575	0.30111	27835.8	6958.94
14576	0.37816	34958.3	5826.38
14577	0.45691	42238	8447.59
14578	0.15376	14214.2	7107.11
14579	0.08957	8279.83	8279.83
14580	0.20994	19407.3	6469.11
14581	0.17365	16052.2	5350.73
14582	0.04977	4601.05	4601.05
14583	0.19095	17651.7	5883.91
14584	0.28080	25957.6	6489.39
14585	0.48910	45213.5	15071.2
14586	0.34305	31712.1	6342.42
14587	0.31018	28673.5	14336.8
14588	0.12929	11951.9	3983.97
14589	0.17244	15940.9	5313.63
14590	0.09418	8706.04	4353.02
14591	0.42489	39277.5	6546.26
14592	0.21210	19606.8	6535.59
14593	0.30171	27890.9	6972.71
14594	0.24378	22535.9	7511.96
14595	0.20919	19337.7	6445.89
14596	0.62399	57683.5	19227.8
14597	0.18919	17489.3	5829.76
14598	0.32969	30477.3	6095.46
14599	0.24016	22200.9	7400.32
14600	0.18936	17504.8	4376.19
