#IID	F_ROH	ROH_length_kB	KBAVG
4551	0.07566	6974.52	6974.52
4552	0.46152	42544.3	7090.72
4553	0.23793	21932.7	7310.9
4554	0.45838	42254.6	7042.43
4555	0.38165	35181.1	7036.22
4556	0.15729	14499.5	3624.87
4557	0.36366	33523.3	6704.66
4558	0.20132	18558.4	6186.14
4559	0.55982	51605.2	12901.3
4560	0.15034	13858.6	4619.54
4561	0.54184	49948.2	7135.45
4562	0.18324	16891.2	5630.39
4563	0.54784	50500.8	12625.2
4564	0.21024	19380.1	9690.05
4565	0.16385	15104.4	7552.19
4566	0.37622	34680.7	8670.18
4567	0.20219	18638.5	9319.27
4568	0.24906	22958.8	5739.7
4569	0.05726	5278.75	5278.75
4570	0.29551	27240.8	27240.8
4571	0.50871	46893.7	9378.75
4572	0.30944	28525.1	9508.38
4573	0.20716	19096.2	3819.25
4574	0.22213	20476.3	5119.06
4575	0.24384	22478	7492.66
4576	0.26512	24439	4887.8
4577	0.32613	30063.1	5010.51
4578	0.52870	48736.8	12184.2
4579	0.16117	14857.3	4952.42
4580	0.20173	18595.5	6198.49
4581	0.12154	11203.9	3734.63
4582	0.31139	28704.3	4100.61
4583	0.28076	25880.9	8626.96
4584	0.27259	25127.9	6281.98
4585	0.35565	32784.7	6556.94
4586	0.25514	23519.4	5879.84
4587	0.36293	33455.8	6691.16
4588	0.30137	27781.4	6945.35
4589	0.07885	7268.95	7268.95
4590	0.30734	28331.4	9443.8
4591	0.19065	17574.8	5858.26
4592	0.28702	26458	8819.34
4593	0.39321	36247.1	7249.42
4594	0.09747	8984.66	4492.33
4595	0.03845	3544.33	3544.33
4596	0.35088	32344.9	8086.23
4597	0.43825	40399	13466.3
4598	0.08255	7609.82	3804.91
4599	0.19981	18418.5	6139.49
4600	0.16223	14954.9	7477.47
