#IID	F_ROH	ROH_length_kB	KBAVG
6551	0.17437	16116.3	4029.06
6552	0.16122	14901.4	4967.13
6553	0.45745	42280.7	10570.2
6554	0.35343	32666.5	5444.42
6555	0.17636	16300.6	4075.14
6556	0.00000	0	0
6557	0.17239	15933.2	3983.29
6558	0.25583	23645.9	5911.47
6559	0.23409	21636	7211.99
6560	0.33088	30582.7	7645.67
6561	0.38631	35706	7141.2
6562	0.16602	15344.4	5114.79
6563	0.20194	18665.1	6221.7
6564	0.23631	21841.2	10920.6
6565	0.12336	11402.3	3800.77
6566	0.14082	13015.8	4338.61
6567	0.21103	19505	6501.67
6568	0.33682	31131	7782.75
6569	0.31331	28958.2	28958.2
6570	0.24982	23089.8	7696.6
6571	0.53357	49316.8	16438.9
6572	0.07793	7203.3	3601.65
6573	0.32642	30170.2	5028.37
6574	0.11055	10217.4	10217.4
6575	0.22163	20484.8	5121.21
6576	0.18559	17153.2	4288.3
6577	0.14190	13115.2	6557.58
6578	0.04645	4293.69	4293.69
6579	0.03095	2860.95	2860.95
6580	0.21945	20282.9	6760.96
6581	0.05329	4925.69	4925.69
6582	0.23307	21542.5	4308.5
6583	0.28070	25944.7	4324.11
6584	0.07436	6873.28	6873.28
6585	0.12477	11531.8	3843.92
6586	0.14560	13457.4	6728.68
6587	0.28805	26623.5	6655.88
6588	0.17372	16056.2	8028.12
6589	0.31403	29025.3	5805.07
6590	0.26102	24125	6031.25
6591	0.25253	23340.8	4668.15
6592	0.18847	17420	8709.99
6593	0.12345	11410.6	5705.31
6594	0.19720	18226.4	6075.48
6595	0.03879	3584.93	3584.93
6596	0.12984	12000.7	4000.25
6597	0.39540	36545.5	9136.38
6598	0.23274	21511.2	7170.39
6599	0.13971	12912.9	6456.47
6600	0.37028	34224.1	8556.03
