#IID	F_ROH	ROH_length_kB	KBAVG
2551	0.12869	11896.3	3965.42
2552	0.08689	8032.13	4016.06
2553	0.27027	24985	8328.34
2554	0.31782	29380.3	29380.3
2555	0.17221	15919.5	7959.76
2556	0.40543	37479.3	6246.54
2557	0.41497	38361.2	12787.1
2558	0.29401	27179.4	6794.84
2559	0.16466	15221.6	3805.4
2560	0.10671	9864.55	4932.28
2561	0.41243	38126.2	7625.23
2562	0.19021	17583.4	5861.12
2563	0.07700	7118.33	3559.16
2564	0.16976	15693	5231.02
2565	0.28364	26220.3	6555.08
2566	0.25140	23240	7746.65
2567	0.38846	35910.1	8977.52
2568	0.15635	14453.2	4817.73
2569	0.40108	37077.6	9269.39
2570	0.22123	20451	4090.2
2571	0.34784	32155.8	6431.16
2572	0.37963	35094.2	35094.2
2573	0.09576	8852.31	8852.31
2574	0.39107	36151.9	9037.97
2575	0.16506	15258.5	3814.63
2576	0.08469	7829.1	3914.55
2577	0.27166	25112.9	8370.96
2578	0.36007	33285.6	11095.2
2579	0.10098	9335.15	9335.15
2580	0.13977	12920.9	6460.46
2581	0.25647	23708.9	5927.24
2582	0.18958	17525.2	5841.72
2583	0.09301	8598.58	8598.58
2584	0.24432	22585.9	7528.64
2585	0.17110	15816.8	7908.41
2586	0.30921	28584.2	7146.04
2587	0.17438	16120.4	5373.47
2588	0.26497	24494.8	6123.7
2589	0.24122	22299.4	5574.84
2590	0.15809	14614.5	4871.5
2591	0.49461	45723	22861.5
2592	0.07199	6654.64	3327.32
2593	0.02834	2619.95	2619.95
2594	0.13229	12229.1	6114.53
2595	0.19215	17762.8	4440.69
2596	0.16476	15230.5	5076.84
2597	0.20916	19335.9	3867.19
2598	0.06533	6039.43	6039.43
2599	0.09512	8793.49	4396.74
2600	0.05211	4817.55	4817.55
