#IID	F_ROH	ROH_length_kB	KBAVG
20551	0.29999	27719.6	5543.93
20552	0.27319	25243.1	8414.36
20553	0.11912	11007.4	5503.69
20554	0.53687	49608.4	9921.69
20555	0.50744	46888.3	7814.72
20556	0.26837	24798.2	8266.07
20557	0.49177	45440.6	9088.13
20558	0.41208	38076.8	7615.35
20559	0.18692	17272	5757.32
20560	0.27933	25810.4	5162.09
20561	0.18578	17166.4	4291.6
20562	0.21289	19671.7	6557.25
20563	0.20049	18525.8	6175.28
20564	0.36453	33683.2	8420.81
20565	0.29148	26933.7	5386.74
20566	0.25697	23744.5	4748.89
20567	0.25617	23670.7	5917.68
20568	0.09670	8935.07	4467.54
20569	0.26356	24353.8	8117.92
20570	0.32250	29799.5	7449.87
20571	0.10867	10041.5	5020.77
20572	0.03434	3173.08	3173.08
20573	0.35351	32665.5	6533.1
20574	0.55665	51435.7	17145.2
20575	0.38051	35160.2	7032.04
20576	0.13730	12687.2	4229.07
20577	0.45284	41843	10460.8
20578	0.13427	12406.8	4135.59
20579	0.19727	18227.9	9113.96
20580	0.12706	11740.8	3913.59
20581	0.26099	24116.1	4823.22
20582	0.32957	30453	6090.6
20583	0.10343	9557.17	4778.59
20584	0.16560	15302	3825.5
20585	0.63213	58410.6	11682.1
20586	0.22661	20939.2	4187.85
20587	0.37178	34353.4	5725.56
20588	0.32158	29714.6	7428.65
20589	0.22746	21017.5	7005.83
20590	0.31670	29263.8	5852.76
20591	0.17660	16318.5	8159.27
20592	0.28074	25941.4	5188.29
20593	0.33962	31381.3	6276.25
20594	0.21111	19506.8	4876.71
20595	0.22982	21235.5	5308.88
20596	0.11886	10982.6	3660.86
20597	0.64543	59639.1	14909.8
20598	0.70265	64926.2	32463.1
20599	0.28487	26323	6580.74
20600	0.40570	37487.7	6247.96
