#IID	F_ROH	ROH_length_kB	KBAVG
8551	0.21857	20101.6	5025.41
8552	0.35295	32460.3	10820.1
8553	0.22863	21027.3	7009.09
8554	0.10372	9538.93	9538.93
8555	0.56528	51989.1	10397.8
8556	0.11962	11001.8	5500.88
8557	0.27396	25195.8	8398.6
8558	0.26592	24456.3	4891.26
8559	0.41004	37711.5	7542.29
8560	0.42011	38637.5	6439.59
8561	0.04643	4269.77	4269.77
8562	0.15400	14163	4720.99
8563	0.37528	34514.1	8628.52
8564	0.19440	17878.5	8939.26
8565	0.04745	4364.01	4364.01
8566	0.10799	9931.78	4965.89
8567	0.16518	15191.4	7595.69
8568	0.14900	13703.8	4567.94
8569	0.29077	26742.4	6685.6
8570	0.24955	22951.1	7650.35
8571	0.35082	32264.8	10754.9
8572	0.31746	29196.3	7299.06
8573	0.42132	38748.6	12916.2
8574	0.40179	36952.2	9238.05
8575	0.34755	31963.7	7990.93
8576	0.38527	35433.2	8858.3
8577	0.53963	49630	12407.5
8578	0.85829	78936.5	39468.3
8579	0.24170	22229.4	4445.87
8580	0.10838	9967.82	4983.91
8581	0.29046	26713.8	8904.61
8582	0.25266	23237	7745.65
8583	0.23377	21500.2	5375.04
8584	0.00000	0	0
8585	0.36096	33197.3	6639.45
8586	0.53255	48978.4	16326.1
8587	0.30124	27704.9	5540.98
8588	0.36814	33858.1	4836.88
8589	0.15770	14503.5	14503.5
8590	0.67109	61720.3	30860.2
8591	0.08761	8057.2	8057.2
8592	0.33100	30442.2	6088.44
8593	0.42077	38697.8	12899.3
8594	0.99675	91671.3	45835.6
8595	0.81572	75022	75022
8596	0.18210	16747.9	4186.97
8597	0.30396	27955.5	6988.87
8598	0.08299	7632.92	3816.46
8599	0.14407	13250.4	6625.21
8600	0.35174	32349.5	10783.2
