#IID	F_ROH	ROH_length_kB	KBAVG
6551	0.19630	18102.3	4525.57
6552	0.43320	39947.7	13315.9
6553	0.48449	44678.2	11169.6
6554	0.30412	28045.1	7011.27
6555	0.13655	12591.9	4197.3
6556	0.16723	15421.7	7710.87
6557	0.46258	42657	8531.39
6558	0.29590	27286.8	9095.6
6559	0.16851	15538.9	7769.43
6560	0.20111	18545.5	9272.73
6561	0.42124	38844.7	7768.95
6562	0.38735	35719.7	8929.94
6563	0.29182	26910.7	5382.13
6564	0.52280	48210.9	12052.7
6565	0.22501	20749.2	6916.41
6566	0.27687	25532	8510.66
6567	0.36991	34111.4	6822.28
6568	0.17830	16441.9	5480.65
6569	0.28114	25925.8	8641.95
6570	0.50906	46943.4	11735.9
6571	0.30612	28229.4	7057.35
6572	0.50145	46242	5780.25
6573	0.37976	35019.8	7003.96
6574	0.43322	39950.2	6658.36
6575	0.30999	28586.4	5717.28
6576	0.26615	24543.6	8181.2
6577	0.41076	37879.1	6313.18
6578	0.34092	31438.2	10479.4
6579	0.46846	43199.9	8639.98
6580	0.39715	36623.9	6103.99
6581	0.55951	51596.1	10319.2
6582	0.36023	33219.3	8304.83
6583	0.28030	25847.9	4307.98
6584	0.16488	15204.8	7602.38
6585	0.50126	46224.5	11556.1
6586	0.39277	36219.5	7243.9
6587	0.31844	29365.6	5873.12
6588	0.59707	55059.1	6882.38
6589	0.49061	45242.6	7540.43
6590	0.30085	27743.7	6935.93
6591	0.33700	31076.5	10358.8
6592	0.70121	64662.5	21554.2
6593	0.25555	23565.6	23565.6
6594	0.36684	33828.6	6765.71
6595	0.42653	39333.4	19666.7
6596	0.15817	14585.6	4861.85
6597	0.47965	44231.2	8846.23
6598	0.19352	17845.6	4461.39
6599	0.33327	30732.9	6146.59
6600	0.16182	14922.5	3730.63
