#IID	F_ROH	ROH_length_kB	KBAVG
4551	0.23423	20088.6	6696.18
4552	0.36464	31272.6	7818.14
4553	0.24057	20632.2	5158.04
4554	0.23376	20047.6	5011.91
4555	0.09016	7732.61	3866.31
4556	0.35741	30652.4	7663.1
4557	0.09473	8124.08	4062.04
4558	0.21864	18751.4	6250.48
4559	0.27561	23637.1	5909.27
4560	0.25743	22077.8	7359.26
4561	0.41151	35292	8823
4562	0.42744	36658.8	18329.4
4563	0.31870	27332.7	27332.7
4564	0.38216	32775.5	10925.2
4565	0.45692	39186.6	13062.2
4566	0.04677	4010.83	4010.83
4567	0.13607	11670	3890.01
4568	0.23757	20374.5	6791.49
4569	0.07694	6598.84	6598.84
4570	0.24865	21324.9	10662.5
4571	0.35671	30592.3	6118.46
4572	0.18488	15855.9	3963.97
4573	0.39667	34019.2	11339.7
4574	0.27385	23485.9	4697.18
4575	0.03651	3131.04	3131.04
4576	0.51575	44232.5	11058.1
4577	0.19866	17037.7	8518.87
4578	0.19121	16399	8199.5
4579	0.25750	22084.2	7361.39
4580	0.41636	35708.1	11902.7
4581	0.23027	19748.6	4937.14
4582	0.35009	30024.4	7506.09
4583	0.31323	26863.2	13431.6
4584	0.74750	64107.9	64107.9
4585	0.09948	8531.36	4265.68
4586	0.11695	10030	10030
4587	0.61858	53050.9	26525.4
4588	0.21508	18445.6	6148.52
4589	0.37411	32084.6	10694.9
4590	0.11216	9619.27	4809.63
4591	0.29945	25681.8	8560.6
4592	0.04653	3990.18	3990.18
4593	0.44353	38038.6	7607.72
4594	0.03380	2898.6	2898.6
4595	0.14011	12016.2	6008.09
4596	0.25648	21996.5	4399.31
4597	0.26471	22702.3	7567.42
4598	0.00000	0	0
4599	0.49855	42756.8	14252.3
4600	0.14992	12857.8	6428.9
