#IID	F_ROH	ROH_length_kB	KBAVG
2551	0.37720	32833.7	4690.53
2552	0.17474	15210	5070.01
2553	0.21807	18981.9	4745.48
2554	0.19639	17094.9	4273.72
2555	0.04080	3551.59	3551.59
2556	0.04778	4159.41	4159.41
2557	0.14070	12247	3061.76
2558	0.35415	30827.6	5137.94
2559	0.32674	28440.9	4740.15
2560	0.28072	24435.3	6108.84
2561	0.26286	22881	7627.02
2562	0.18636	16221.6	4055.41
2563	0.26820	23345.8	5836.44
2564	0.37413	32566.2	6513.25
2565	0.38485	33499.9	6699.98
2566	0.18451	16060.5	5353.51
2567	0.04283	3728.18	3728.18
2568	0.23346	20321.9	6773.96
2569	0.53660	46708.7	15569.6
2570	0.26573	23131	3855.16
2571	0.31188	27148.1	13574
2572	0.28419	24737.3	6184.33
2573	0.28617	24909.5	8303.15
2574	0.23733	20658.5	6886.18
2575	0.36692	31938.9	4562.7
2576	0.25928	22569.1	3761.52
2577	0.33825	29443.1	14721.6
2578	0.21876	19041.9	9520.94
2579	0.25809	22465.3	5616.32
2580	0.00000	0	0
2581	0.16458	14326.2	4775.4
2582	0.15185	13218.1	4406.03
2583	0.50704	44135.4	7355.91
2584	0.35913	31260.6	6252.12
2585	0.49122	42758.6	10689.6
2586	0.19653	17107	5702.34
2587	0.11084	9647.96	4823.98
2588	0.42588	37071.4	7414.28
2589	0.34942	30415.2	7603.81
2590	0.34393	29937.3	7484.34
2591	0.21750	18932.4	3786.49
2592	0.40329	35104.5	8776.13
2593	0.06038	5255.41	5255.41
2594	0.37214	32393.2	6478.64
2595	0.19485	16961.2	5653.72
2596	0.18045	15707.8	5235.93
2597	0.28126	24482.7	8160.92
2598	0.29923	26046.3	5209.25
2599	0.28822	25088.4	5017.68
2600	0.16033	13955.8	4651.93
