#IID	F_ROH	ROH_length_kB	KBAVG
8551	0.21473	19842.6	9921.32
8552	0.33278	30750.8	10250.3
8553	0.25407	23478.2	5869.55
8554	0.22880	21143	7047.65
8555	0.18065	16693.4	5564.47
8556	0.44940	41527.1	6921.18
8557	0.23850	22038.8	5509.7
8558	0.26156	24170.3	6042.58
8559	0.40529	37451.6	5350.23
8560	0.04737	4377.11	4377.11
8561	0.19238	17777.3	5925.75
8562	0.17803	16451	4112.74
8563	0.37681	34819.8	5803.3
8564	0.07582	7006.59	3503.29
8565	0.82305	76055.7	25351.9
8566	0.68021	62855.9	15714
8567	0.16022	14805.3	4935.1
8568	0.38757	35814.3	8953.56
8569	0.25059	23156.2	5789.05
8570	0.11779	10884.8	5442.41
8571	0.32165	29723	7430.75
8572	0.15944	14733.1	14733.1
8573	0.16681	15414.5	7707.24
8574	0.30418	28107.9	4684.64
8575	0.09802	9057.82	4528.91
8576	0.47804	44174.1	8834.81
8577	0.08577	7925.78	3962.89
8578	0.12741	11773.1	5886.57
8579	0.14975	13838.2	4612.72
8580	0.25868	23903.5	4780.7
8581	0.10092	9325.55	4662.77
8582	0.25392	23463.8	5865.96
8583	0.32426	29963.7	5992.73
8584	0.15431	14258.9	4752.96
8585	0.45274	41836.6	5976.66
8586	0.12382	11442.1	11442.1
8587	0.16786	15511.2	7755.59
8588	0.31760	29348.6	5869.73
8589	0.03717	3434.87	3434.87
8590	0.12110	11190.3	5595.13
8591	0.12746	11778.5	5889.27
8592	0.26546	24530.2	4088.37
8593	0.39774	36753.8	7350.75
8594	0.18316	16925.2	4231.29
8595	0.31013	28658.3	7164.57
8596	0.07729	7142.04	7142.04
8597	0.26733	24702.8	6175.71
8598	0.04724	4365.54	4365.54
8599	0.32461	29996.3	4999.38
8600	0.07604	7026.85	3513.42
