#IID	F_ROH	ROH_length_kB	KBAVG
8551	0.20719	19152.6	4788.16
8552	0.42089	38907.8	6484.64
8553	0.39896	36879.8	7375.96
8554	0.25957	23994.8	7998.27
8555	0.33696	31148.6	10382.9
8556	0.42151	38964.8	12988.3
8557	0.40661	37587.6	9396.9
8558	0.29325	27108	6777.01
8559	0.17476	16154.8	4038.69
8560	0.24135	22310.6	7436.85
8561	0.35376	32701.9	10900.6
8562	0.13390	12377.5	4125.84
8563	0.42972	39723.7	9930.92
8564	0.29170	26965.5	5393.09
8565	0.44471	41109.8	10277.4
8566	0.26368	24374.9	6093.71
8567	0.24768	22895.6	7631.87
8568	0.22204	20525.2	5131.31
8569	0.27707	25612.8	6403.2
8570	0.15984	14775.6	3693.91
8571	0.18834	17410.8	8705.4
8572	0.10143	9376.44	4688.22
8573	0.29233	27023.3	6755.83
8574	0.08086	7474.55	3737.28
8575	0.45898	42428.8	8485.76
8576	0.30679	28359.6	7089.89
8577	0.08146	7529.99	3764.99
8578	0.11067	10230.9	5115.43
8579	0.06582	6084.51	6084.51
8580	0.43285	40012.8	8002.56
8581	0.22184	20506.7	5126.68
8582	0.27062	25016	5003.2
8583	0.21661	20024	20024
8584	0.29334	27116.4	9038.8
8585	0.13825	12780.4	4260.12
8586	0.15141	13996.2	4665.39
8587	0.46065	42583.1	14194.4
8588	0.29801	27548.4	6887.1
8589	0.27232	25173.9	5034.78
8590	0.28509	26354.2	13177.1
8591	0.25117	23218.2	7739.39
8592	0.20307	18772.2	6257.41
8593	0.50781	46942.1	5867.76
8594	0.12579	11628.3	5814.14
8595	0.07977	7373.76	7373.76
8596	0.31059	28711.6	7177.9
8597	0.18102	16733.7	5577.91
8598	0.25284	23372.4	4674.49
8599	0.39572	36580.7	7316.13
8600	0.21331	19718.3	4929.58
