#IID	F_ROH	ROH_length_kB	KBAVG
16551	0.38789	35843.5	7168.7
16552	0.00000	0	0
16553	0.30997	28643.2	7160.8
16554	0.13463	12440.7	4146.89
16555	0.40397	37329.3	6221.56
16556	0.43624	40311.2	13437.1
16557	0.05931	5480.17	5480.17
16558	0.25983	24009.5	8003.18
16559	0.25474	23539.7	5884.93
16560	0.56426	52141	17380.3
16561	0.34395	31783.1	5297.19
16562	0.28246	26100.7	8700.25
16563	0.12153	11230.2	3743.4
16564	0.30811	28471	7117.74
16565	0.09633	8901.9	4450.95
16566	0.31665	29260.7	9753.58
16567	0.24572	22705.7	7568.56
16568	0.59016	54534.2	18178.1
16569	0.11169	10320.5	5160.27
16570	0.19124	17671.9	5890.64
16571	0.24232	22391.3	7463.78
16572	0.21972	20303	6767.65
16573	0.12905	11925.1	5962.54
16574	0.07583	7007.47	7007.47
16575	0.19817	18312	6103.99
16576	0.08672	8012.99	8012.99
16577	0.29433	27197.6	6799.4
16578	0.16148	14922.1	7461.06
16579	0.24566	22700.3	5675.06
16580	0.20528	18968.7	4742.18
16581	0.04516	4173.33	4173.33
16582	0.07436	6871.41	3435.71
16583	0.38029	35141	8785.26
16584	0.03391	3133.42	3133.42
16585	0.22192	20506.3	10253.2
16586	0.21909	20245.3	10122.7
16587	0.27030	24976.9	4995.38
16588	0.08528	7880.72	3940.36
16589	0.11885	10982.7	5491.37
16590	0.08257	7630.05	7630.05
16591	0.02842	2626.16	2626.16
16592	0.20105	18578.6	4644.64
16593	0.19515	18033.4	6011.14
16594	0.11049	10210	5105.01
16595	0.19422	17946.9	8973.47
16596	0.14970	13832.9	4610.97
16597	0.32007	29576.4	7394.11
16598	0.26105	24122.1	4824.41
16599	0.53342	49290.9	49290.9
16600	0.13787	12740.2	4246.74
