#IID	F_ROH	ROH_length_kB	KBAVG
2551	0.20438	18884.8	9442.4
2552	0.28591	26418.4	5283.68
2553	0.39757	36735.4	5247.91
2554	0.17321	16005	4001.24
2555	0.18700	17278.9	5759.63
2556	0.13893	12837	6418.5
2557	0.25308	23384.8	4676.96
2558	0.47212	43624.2	14541.4
2559	0.04690	4333.44	4333.44
2560	0.36711	33921.1	5653.51
2561	0.08729	8065.71	4032.85
2562	0.29051	26842.6	6710.65
2563	0.05481	5064.23	5064.23
2564	0.57084	52745.7	8790.95
2565	0.31168	28798.7	9599.56
2566	0.34303	31695.9	5282.65
2567	0.34054	31465.7	5244.28
2568	0.14590	13480.9	4493.65
2569	0.26244	24249.3	6062.33
2570	0.23286	21516.1	5379.01
2571	0.36589	33808	5634.67
2572	0.85462	78966.2	13161
2573	0.02094	1934.81	1934.81
2574	0.24289	22443.1	5610.76
2575	0.21737	20085.1	5021.27
2576	0.28134	25995.9	5199.18
2577	0.26049	24069.6	6017.4
2578	0.52469	48481.4	6925.91
2579	0.13211	12207.1	4069.05
2580	0.32136	29693.3	4948.89
2581	0.18163	16782.9	4195.72
2582	0.22126	20444.4	5111.1
2583	0.30263	27962.5	6990.62
2584	0.11119	10274.3	5137.13
2585	0.45802	42320.7	6045.82
2586	0.24238	22396.3	4479.26
2587	0.26622	24598.8	4919.75
2588	0.19303	17835.7	4458.92
2589	0.42914	39652.4	13217.5
2590	0.20825	19241.8	9620.92
2591	0.26741	24708.9	4941.79
2592	0.37684	34819.7	6963.95
2593	0.08240	7613.9	3806.95
2594	0.41410	38262.4	5466.06
2595	0.03453	3190.12	3190.12
2596	0.16100	14876.5	4958.84
2597	0.29096	26884.8	4480.81
2598	0.60038	55475	11095
2599	0.22036	20361.5	6787.18
2600	0.38144	35245.3	5035.05
