#IID	F_ROH	ROH_length_kB	KBAVG
26551	0.34917	32269.2	5378.2
26552	0.21821	20166.5	5041.64
26553	0.36502	33734.2	5622.37
26554	0.20366	18822	6274
26555	0.23364	21592	5398
26556	0.32739	30256.3	5042.71
26557	0.19598	18112.4	6037.45
26558	0.25401	23474.6	5868.65
26559	0.27354	25279.6	6319.9
26560	0.39410	36422.2	7284.45
26561	0.13471	12449.3	6224.67
26562	0.14315	13229.5	4409.82
26563	0.09801	9058.19	4529.1
26564	0.47075	43505.4	21752.7
26565	0.20395	18848.6	6282.88
26566	0.19562	18078.8	4519.69
26567	0.31204	28838.2	7209.56
26568	0.42086	38895.2	7779.04
26569	0.15998	14785.1	4928.37
26570	0.47023	43457.9	10864.5
26571	0.28631	26460.4	8820.14
26572	0.23972	22154.3	4430.86
26573	0.00000	0	0
26574	0.10614	9809.51	4904.76
26575	0.90462	83602.5	41801.3
26576	0.26011	24038.9	6009.72
26577	0.11385	10522	5260.98
26578	0.20937	19349.8	4837.45
26579	0.60668	56067.7	14016.9
26580	0.11459	10590.5	5295.24
26581	0.24085	22258.5	5564.63
26582	0.35460	32771.1	8192.77
26583	0.27958	25838.5	6459.62
26584	0.03134	2896.8	2896.8
26585	0.41419	38278.1	9569.52
26586	0.03886	3591.34	3591.34
26587	0.32106	29671.9	4945.32
26588	0.45058	41641.1	10410.3
26589	0.80627	74513.8	37256.9
26590	0.11219	10368.4	5184.18
26591	0.17118	15820.4	5273.46
26592	0.22638	20921.5	6973.83
26593	0.52584	48596.8	9719.36
26594	0.21190	19583	4895.74
26595	0.28748	26568	5313.61
26596	0.14497	13398	4466.01
26597	0.32890	30396	7599.01
26598	0.03636	3360.51	3360.51
26599	0.20455	18903.6	4725.91
26600	0.16416	15171.2	5057.08
