#IID	F_ROH	ROH_length_kB	KBAVG
4551	0.29177	26968.9	8989.63
4552	0.35029	32377.5	16188.8
4553	0.06213	5743	5743
4554	0.21145	19544.5	3908.9
4555	0.24870	22987.3	5746.82
4556	0.16162	14938.6	4979.55
4557	0.44291	40938.7	6823.12
4558	0.12269	11340.8	5670.38
4559	0.56785	52487.1	10497.4
4560	0.18338	16950.1	8475.05
4561	0.23480	21703.1	5425.78
4562	0.27394	25320.7	6330.17
4563	0.31641	29246.6	7311.65
4564	0.43576	40277.7	8055.53
4565	0.11379	10517.7	5258.87
4566	0.21993	20328.4	6776.13
4567	0.22379	20685.2	10342.6
4568	0.43268	39993	9998.25
4569	0.22551	20843.9	5210.98
4570	0.30880	28543	5708.6
4571	0.07518	6949.11	3474.55
4572	0.18402	17009.2	5669.74
4573	0.04234	3913.87	3913.87
4574	0.31663	29266.6	9755.54
4575	0.40332	37279.1	9319.77
4576	0.14850	13726.3	4575.45
4577	0.39875	36856.5	4607.07
4578	0.26357	24361.9	6090.47
4579	0.38406	35499.5	8874.88
4580	0.26942	24902.6	4980.52
4581	0.24377	22531.8	5632.96
4582	0.25973	24006.8	6001.71
4583	0.13084	12093.3	6046.63
4584	0.36255	33510.6	8377.65
4585	0.00000	0	0
4586	0.52646	48661.2	16220.4
4587	0.32575	30109.7	10036.6
4588	0.36267	33522.4	8380.6
4589	0.09233	8534.52	4267.26
4590	0.28185	26051.8	6512.95
4591	0.33194	30681.5	5113.59
4592	0.17954	16595.2	5531.75
4593	0.26921	24883	4976.61
4594	0.30726	28400.8	5680.15
4595	0.29853	27593.7	5518.75
4596	0.29552	27315.7	6828.93
4597	0.41692	38536.3	9634.08
4598	0.41476	38337.2	5476.74
4599	0.48515	44843.2	6406.17
4600	0.39202	36234.6	7246.91
