#IID	F_ROH	ROH_length_kB	KBAVG
4551	0.11845	10947.5	5473.77
4552	0.34709	32077.9	16038.9
4553	0.14620	13511.8	4503.94
4554	0.25099	23196.3	11598.1
4555	0.14724	13607.8	6803.91
4556	0.36778	33990.2	6798.03
4557	0.26093	24115.6	6028.89
4558	0.42895	39643.6	7928.72
4559	0.78388	72446.1	24148.7
4560	0.12365	11427.9	5713.94
4561	0.62180	57466.9	11493.4
4562	0.27349	25276.3	8425.43
4563	0.19711	18217.3	6072.43
4564	0.21683	20039.4	4007.88
4565	0.29257	27039.6	5407.92
4566	0.14244	13164.3	6582.13
4567	0.28409	26255.8	6563.96
4568	0.33086	30578.4	6115.69
4569	0.36344	33589.1	6717.83
4570	0.20056	18535.7	3707.15
4571	0.17268	15959.3	7979.65
4572	0.30298	28001.2	4666.87
4573	0.30897	28555.1	4079.3
4574	0.40169	37124.3	12374.8
4575	0.28277	26133.5	6533.38
4576	0.25418	23491.6	4698.32
4577	0.07693	7109.67	7109.67
4578	0.22500	20794.6	4158.91
4579	0.38294	35391.1	7078.21
4580	0.19930	18419.3	6139.76
4581	0.25162	23254.6	7751.55
4582	0.33882	31313.6	4473.38
4583	0.08015	7407.6	3703.8
4584	0.29090	26884.6	5376.93
4585	0.49598	45838.5	7639.74
4586	0.55264	51075	12768.7
4587	0.23924	22110.3	5527.57
4588	0.83475	77147.4	25715.8
4589	0.50852	46997.7	7832.94
4590	0.52131	48179.8	9635.96
4591	0.28331	26183.4	4363.9
4592	0.07226	6678.69	3339.35
4593	0.15803	14605.3	7302.67
4594	0.51622	47709.4	15903.1
4595	0.59233	54743	9123.84
4596	0.52871	48863.7	12215.9
4597	0.36887	34090.7	8522.67
4598	0.30389	28085.6	9361.87
4599	0.12543	11592.7	5796.37
4600	0.14643	13532.9	3383.22
