#IID	F_ROH	ROH_length_kB	KBAVG
30551	0.21565	19905.4	9952.68
30552	0.25289	23342	4668.39
30553	0.37307	34435	6887
30554	0.23918	22076.4	7358.81
30555	0.18196	16795.4	5598.46
30556	0.29242	26990.6	6747.65
30557	0.17704	16341.3	4085.33
30558	0.20830	19226.2	6408.75
30559	0.42470	39201.2	6533.53
30560	0.22404	20679.8	6893.27
30561	0.35741	32989.3	6597.87
30562	0.54119	49952.9	7136.13
30563	0.21860	20177.3	6725.78
30564	0.11779	10872.2	5436.11
30565	0.40625	37497.6	9374.39
30566	0.10935	10093.7	5046.83
30567	0.36520	33709	8427.25
30568	0.22770	21017.3	5254.33
30569	0.29657	27373.7	5474.74
30570	0.21640	19973.9	6657.98
30571	0.33400	30829.3	7707.33
30572	0.19397	17904	5967.99
30573	0.30205	27880	4646.67
30574	0.46197	42641	7106.83
30575	0.15315	14136.4	7068.19
30576	0.28140	25973.5	4328.92
30577	0.27311	25209.1	8403.05
30578	0.62041	57265.2	8180.74
30579	0.04616	4260.64	4260.64
30580	0.17119	15801	5267
30581	0.23392	21591.4	10795.7
30582	0.30324	27989.3	6997.33
30583	0.15889	14666.1	7333.03
30584	0.29478	27208.6	4534.77
30585	0.09983	9214.52	3071.51
30586	0.12855	11865.7	3955.23
30587	0.33467	30890.5	6178.09
30588	0.43950	40567.1	10141.8
30589	0.21316	19675.1	4918.76
30590	0.23100	21321.4	7107.14
30591	0.24587	22694.1	4538.82
30592	0.27377	25269.5	5053.9
30593	0.36210	33422.4	4774.62
30594	0.10607	9790.05	4895.03
30595	0.37502	34615.6	8653.9
30596	0.42086	38846.2	9711.54
30597	0.34364	31718.6	7929.64
30598	0.15992	14761	4920.33
30599	0.17702	16339.3	5446.42
30600	0.25942	23945.3	5986.31
