#IID	F_ROH	ROH_length_kB	KBAVG
4551	0.05680	5237.85	5237.85
4552	0.44944	41444.6	5920.66
4553	0.16588	15296.1	5098.71
4554	0.17936	16539.8	8269.88
4555	0.12105	11162.2	3720.72
4556	0.34776	32068.1	10689.4
4557	0.13633	12571.1	12571.1
4558	0.17780	16395.4	8197.71
4559	0.10540	9719.69	4859.84
4560	0.29022	26762.1	8920.7
4561	0.20851	19227.3	9613.63
4562	0.08593	7923.86	3961.93
4563	0.09848	9081.31	9081.31
4564	0.07320	6749.86	6749.86
4565	0.33954	31310	7827.49
4566	0.36749	33887.7	11295.9
4567	0.27669	25514.5	5102.9
4568	0.26795	24708.7	6177.18
4569	0.19332	17826.7	5942.24
4570	0.12737	11745	5872.49
4571	0.32462	29934.6	7483.66
4572	0.24703	22779.8	4555.95
4573	0.08913	8218.66	4109.33
4574	0.21137	19490.7	6496.89
4575	0.07880	7266.51	3633.25
4576	0.32880	30319.4	10106.5
4577	0.13860	12781	6390.51
4578	0.11346	10462.7	10462.7
4579	0.06636	6118.99	3059.49
4580	0.21137	19490.7	6496.89
4581	0.19168	17675.8	5891.93
4582	0.00000	0	0
4583	0.14902	13741.6	4580.53
4584	0.33126	30546.3	15273.1
4585	0.05086	4690.29	4690.29
4586	0.10528	9708.45	4854.23
4587	0.19146	17655.2	5885.07
4588	0.18936	17461.8	5820.61
4589	0.81568	75216.7	37608.4
4590	0.08421	7765.14	3882.57
4591	0.10488	9671.41	3223.8
4592	0.46632	43000.4	14333.5
4593	0.09211	8494.09	4247.04
4594	0.15057	13884.7	4628.25
4595	0.04117	3796.23	3796.23
4596	0.08701	8023.06	4011.53
4597	0.21280	19622.7	4905.68
4598	0.26485	24422.7	4884.55
4599	0.43489	40102.4	10025.6
4600	0.26820	24731.9	4946.38
