#IID	F_ROH	ROH_length_kB	KBAVG
2551	0.20804	19232.5	6410.82
2552	0.39377	36401.8	9100.45
2553	0.11113	10273.2	5136.58
2554	0.27429	25356.4	6339.09
2555	0.09583	8859.09	4429.54
2556	0.30692	28372.9	9457.62
2557	0.32681	30211.6	10070.5
2558	0.32303	29862.7	5972.54
2559	0.34990	32346.2	8086.54
2560	0.60551	55976.2	13994
2561	0.21692	20053.4	6684.46
2562	0.07366	6809.96	6809.96
2563	0.25999	24035	8011.67
2564	0.05631	5205.58	5205.58
2565	0.13651	12619.8	6309.9
2566	0.25301	23390	11695
2567	0.23860	22057.2	5514.3
2568	0.00000	0	0
2569	0.09820	9077.74	4538.87
2570	0.52314	48361.7	24180.9
2571	0.31503	29123.4	7280.86
2572	0.27609	25523	6380.74
2573	0.31956	29542.1	7385.54
2574	0.30294	28005.3	5601.07
2575	0.35363	32691.8	5448.63
2576	0.09583	8859.09	4429.54
2577	0.29452	27227.4	6806.84
2578	0.25895	23938.7	4787.74
2579	0.39676	36678.1	12226
2580	0.18284	16902.3	8451.13
2581	0.34178	31596.1	7899.02
2582	0.08327	7697.68	7697.68
2583	0.16072	14858	4952.68
2584	0.20411	18869.1	9434.56
2585	0.34651	32033.3	10677.8
2586	0.25732	23787.7	11893.8
2587	0.43589	40295.6	5756.52
2588	0.28292	26154.9	8718.31
2589	0.26168	24190.6	4838.13
2590	0.44280	40934.8	20467.4
2591	0.13986	12929.4	6464.69
2592	0.23074	21331.1	5332.76
2593	0.28924	26738.4	6684.6
2594	0.34930	32291.2	8072.8
2595	0.18530	17130.3	5710.09
2596	0.35158	32501.5	6500.29
2597	0.25111	23214.1	5803.52
2598	0.56567	52293.3	10458.7
2599	0.45282	41861	8372.19
2600	0.64827	59929.1	29964.6
