#IID	F_ROH	ROH_length_kB	KBAVG
8551	0.47536	43873.1	8774.62
8552	0.04385	4046.91	4046.91
8553	0.33583	30995.4	7748.85
8554	0.40213	37114.7	6185.78
8555	0.27008	24927	6231.75
8556	0.31133	28733.8	5746.76
8557	0.30701	28335	5666.99
8558	0.27199	25103.4	6275.86
8559	0.28599	26395.3	6598.83
8560	0.24433	22550.2	5637.54
8561	0.27929	25776.7	5155.34
8562	0.07418	6846.34	3423.17
8563	0.25386	23429.7	5857.43
8564	0.11888	10971.8	3657.28
8565	0.27816	25673	6418.25
8566	0.53114	49021.3	7003.05
8567	0.32164	29686	5937.19
8568	0.15810	14591.7	7295.84
8569	0.22240	20526.6	6842.2
8570	0.27726	25589.7	6397.44
8571	0.29760	27466.7	9155.57
8572	0.36799	33963.9	8490.98
8573	0.28653	26445.6	8815.21
8574	0.15209	14037	7018.48
8575	0.14511	13392.7	3348.16
8576	0.17626	16268	5422.65
8577	0.26154	24138.6	6034.64
8578	0.35227	32512.9	8128.23
8579	0.59370	54795.5	18265.2
8580	0.14827	13684.7	4561.57
8581	0.32758	30234.2	7558.54
8582	0.16304	15047.7	5015.9
8583	0.14105	13018.6	4339.52
8584	0.19810	18283.9	4570.97
8585	0.25370	23415.5	5853.87
8586	0.51421	47458.5	9491.69
8587	0.32259	29773.4	4962.23
8588	0.23915	22072.3	11036.2
8589	0.28804	26584.6	5316.93
8590	0.37098	34239.2	6847.85
8591	0.36983	34133.3	8533.33
8592	0.70507	65074	32537
8593	0.38933	35932.8	7186.55
8594	0.28965	26733.4	8911.15
8595	0.20821	19216.4	9608.18
8596	0.35101	32396.5	6479.3
8597	0.21580	19917.5	3983.5
8598	0.30036	27722	5544.41
8599	0.37004	34152.4	8538.1
8600	0.34766	32087.4	6417.49
