#IID	F_ROH	ROH_length_kB	KBAVG
10551	0.30442	28147.5	7036.87
10552	0.46191	42708.9	8541.79
10553	0.17767	16427.3	5475.77
10554	0.33932	31374.4	7843.59
10555	0.21796	20153	4030.6
10556	0.31697	29307.5	7326.87
10557	0.17547	16224.2	5408.07
10558	0.24256	22427.7	5606.92
10559	0.29929	27672.5	6918.12
10560	0.24484	22638.2	7546.08
10561	0.34349	31759.3	7939.84
10562	0.33852	31299.7	6259.95
10563	0.28016	25904.3	6476.08
10564	0.36824	34048.1	8512.02
10565	0.16803	15536.2	5178.72
10566	0.50628	46811.8	23405.9
10567	0.27556	25478.3	5095.66
10568	0.25961	24003.9	8001.3
10569	0.15652	14472.4	4824.14
10570	0.32876	30397.9	5066.31
10571	0.38085	35213.9	7042.78
10572	0.13312	12308.7	6154.36
10573	0.30838	28513.7	7128.42
10574	0.32352	29913.1	5982.62
10575	0.55934	51717.4	12929.3
10576	0.08033	7427.76	3713.88
10577	0.44535	41177.5	10294.4
10578	0.39494	36516.5	6086.08
10579	0.33780	31233.5	7808.38
10580	0.21035	19449.1	4862.27
10581	0.09217	8521.96	4260.98
10582	0.26271	24290.4	6072.59
10583	0.40420	37373.1	6228.85
10584	0.16863	15591.9	7795.93
10585	0.25168	23270.7	5817.68
10586	0.36942	34157.3	8539.33
10587	0.44381	41035.5	10258.9
10588	0.18301	16921	5640.35
10589	0.30170	27896.1	5579.23
10590	0.44604	41241.7	10310.4
10591	0.70114	64828.8	21609.6
10592	0.12622	11670.2	5835.11
10593	0.18737	17324.9	5774.97
10594	0.22374	20686.9	6895.64
10595	0.27375	25311.8	6327.94
10596	0.48475	44820.4	8964.07
10597	0.41051	37956.6	7591.31
10598	0.65669	60718.7	20239.6
10599	0.16707	15447.4	3861.85
10600	0.21769	20127.7	6709.24
