#IID	F_ROH	ROH_length_kB	KBAVG
4551	0.28301	26147	5229.39
4552	0.53639	49556.3	8259.38
4553	0.35543	32838.2	8209.54
4554	0.50588	46738	9347.6
4555	0.26518	24499.5	4899.91
4556	0.35716	32997.7	6599.55
4557	0.27186	25117	6279.24
4558	0.21405	19776.3	4944.07
4559	0.23773	21963.9	7321.31
4560	0.21701	20049.4	6683.14
4561	0.29050	26839	6709.74
4562	0.13411	12390.2	6195.08
4563	0.43530	40217	6702.83
4564	0.20700	19124.5	6374.83
4565	0.34921	32263.6	8065.89
4566	0.21101	19495.1	4873.77
4567	0.14305	13216.4	6608.22
4568	0.14686	13567.9	4522.65
4569	0.29711	27450	5490
4570	0.16565	15304.4	5101.46
4571	0.37611	34748.2	4343.52
4572	0.44988	41564	8312.79
4573	0.25275	23351.6	7783.88
4574	0.29584	27332.8	6833.19
4575	0.15313	14147.6	7073.79
4576	0.27090	25028.1	4171.36
4577	0.42979	39708.1	9927.02
4578	0.46432	42897.7	10724.4
4579	0.26372	24364.5	8121.5
4580	0.15167	14013	4671.01
4581	0.17939	16573.6	5524.54
4582	0.41818	38635	7726.99
4583	0.29118	26902	8967.33
4584	0.36562	33779.4	5629.9
4585	0.24519	22653.2	7551.07
4586	0.45630	42156.7	8431.34
4587	0.40499	37416.4	7483.27
4588	0.14223	13140.5	4380.17
4589	0.18382	16982.7	8491.33
4590	0.21698	20046.4	4009.28
4591	0.19791	18284.9	6094.98
4592	0.21231	19614.9	4903.72
4593	0.17478	16147.8	5382.61
4594	0.43772	40440.4	8088.07
4595	0.38933	35970.3	7194.05
4596	0.31018	28656.9	9552.31
4597	0.16995	15701.2	5233.73
4598	0.20338	18789.7	3757.94
4599	0.34056	31463.6	10487.9
4600	0.12132	11208.5	5604.27
