#IID	F_ROH	ROH_length_kB	KBAVG
2551	0.12155	11235.3	3745.09
2552	0.09863	9117.16	4558.58
2553	0.36336	33588.1	8397.01
2554	0.55993	51757.8	17252.6
2555	0.76807	70998.1	14199.6
2556	0.20761	19190.8	4797.71
2557	0.22992	21253.4	7084.47
2558	0.37405	34576.5	6915.31
2559	0.18631	17222	5740.67
2560	0.20957	19371.7	6457.23
2561	0.09668	8936.73	4468.37
2562	0.42111	38926	9731.51
2563	0.28658	26490.2	8830.06
2564	0.11926	11023.6	5511.8
2565	0.29809	27554.1	9184.71
2566	0.81313	75163.5	25054.5
2567	0.26146	24168.4	8056.12
2568	0.29421	27195.9	6798.98
2569	0.30853	28519.9	4753.31
2570	0.43153	39889.5	9972.38
2571	0.29213	27003.7	6750.93
2572	0.35869	33155.8	5525.96
2573	0.11693	10808.4	10808.4
2574	0.05341	4936.91	4936.91
2575	0.18702	17287.3	4321.82
2576	0.17355	16042.8	8021.41
2577	0.61154	56528.8	11305.8
2578	0.31496	29113.7	7278.43
2579	0.31053	28704.1	7176.02
2580	0.36792	34009.1	11336.4
2581	0.60486	55911	11182.2
2582	0.34196	31610.2	15805.1
2583	0.31945	29529.1	9843.03
2584	0.30671	28351.5	9450.5
2585	0.25685	23742.7	5935.68
2586	0.73641	68071.1	13614.2
2587	0.24394	22548.8	5637.2
2588	0.03276	3028.29	3028.29
2589	0.36019	33294.5	8323.62
2590	0.31079	28728.6	7182.16
2591	0.28552	26392.6	6598.14
2592	0.26812	24784.2	12392.1
2593	0.23135	21385.3	10692.7
2594	0.34007	31435.2	7858.79
2595	0.22414	20718.5	6906.17
2596	0.20680	19116	6371.98
2597	0.18177	16802	5600.67
2598	0.68619	63429.2	15857.3
2599	0.33719	31168.4	5194.74
2600	0.23519	21740.6	10870.3
