#IID	F_ROH	ROH_length_kB	KBAVG
22551	0.06371	5890.03	5890.03
22552	0.20463	18918.9	6306.29
22553	0.07423	6863.36	3431.68
22554	0.20547	18996.8	6332.26
22555	0.06948	6424.2	6424.2
22556	0.28821	26646.4	6661.6
22557	0.49947	46178.9	15393
22558	0.25199	23297.7	3882.95
22559	0.48644	44973.8	14991.3
22560	0.16581	15329.9	5109.98
22561	0.40948	37858.5	9464.62
22562	0.52286	48340.7	8056.78
22563	0.17589	16262.3	4065.58
22564	0.07616	7041.52	3520.76
22565	0.28333	26195.5	6548.87
22566	0.71552	66153	16538.2
22567	0.30426	28130.2	7032.55
22568	0.32092	29671.1	5934.22
22569	0.38174	35293.4	5882.23
22570	0.29422	27202.2	5440.44
22571	0.15771	14581.4	7290.68
22572	0.11766	10878.3	5439.16
22573	0.14880	13756.9	3439.23
22574	0.13076	12089.1	6044.53
22575	0.25998	24036.7	8012.23
22576	0.35950	33237.8	11079.3
22577	0.31884	29477.9	5895.57
22578	0.12251	11326.6	5663.32
22579	0.32505	30052.4	10017.5
22580	0.27504	25428.6	8476.19
22581	0.03836	3546.77	3546.77
22582	0.16599	15346.4	5115.47
22583	0.67354	62271.9	15568
22584	0.18145	16775.5	4193.88
22585	0.41882	38722.4	9680.61
22586	0.25578	23647.8	11823.9
22587	0.55078	50922.4	16974.1
22588	0.34876	32244.7	6448.95
22589	0.19997	18488.2	4622.04
22590	0.26731	24714.3	4942.86
22591	0.17850	16503.5	5501.17
22592	0.25104	23210.2	11605.1
22593	0.36055	33335.1	6667.01
22594	0.31381	29013.3	7253.33
22595	0.08980	8302.21	4151.1
22596	0.33711	31167.7	7791.93
22597	0.11107	10268.9	10268.9
22598	0.43703	40405.9	10101.5
22599	0.22776	21057.3	10528.6
22600	0.35560	32876.9	6575.38
