#IID	F_ROH	ROH_length_kB	KBAVG
18551	0.38340	35436.5	8859.12
18552	0.18133	16760.1	5586.7
18553	0.37127	34315.7	8578.92
18554	0.72946	67421.8	22473.9
18555	0.14913	13783.5	6891.77
18556	0.58832	54376.3	18125.4
18557	0.30935	28592.2	7148.05
18558	0.52926	48918.1	9783.61
18559	0.11580	10702.8	3567.59
18560	0.37969	35093.7	17546.8
18561	0.76273	70496.9	23499
18562	0.35139	32477.8	16238.9
18563	0.15887	14683.6	7341.8
18564	0.27633	25540.5	6385.14
18565	0.26214	24228.5	6057.12
18566	0.31268	28900.1	5780.02
18567	0.44589	41212.4	8242.49
18568	0.33443	30909.9	10303.3
18569	0.31826	29415.7	9805.22
18570	0.27915	25801.2	8600.39
18571	0.26990	24945.9	6236.47
18572	0.00000	0	0
18573	0.37973	35097.3	7019.45
18574	0.31709	29307.9	5861.58
18575	0.54822	50670.5	16890.2
18576	0.32361	29910.6	9970.21
18577	0.21720	20075.5	4015.1
18578	0.19688	18197.1	6065.69
18579	0.09362	8652.61	4326.3
18580	0.14005	12944.7	6472.35
18581	0.46437	42919.9	8583.98
18582	0.25756	23805.4	7935.15
18583	0.24993	23099.8	7699.94
18584	0.30073	27795.9	9265.29
18585	0.19344	17879	5959.68
18586	0.17129	15831.6	15831.6
18587	0.26170	24188.1	12094
18588	0.24938	23049.1	5762.27
18589	0.37993	35116.1	8779.03
18590	0.28580	26416	6604
18591	0.37858	34991.4	11663.8
18592	0.25251	23338.8	5834.69
18593	0.22004	20338	6779.35
18594	0.26949	24908.1	8302.71
18595	0.39430	36443.6	7288.73
18596	0.18374	16982.3	5660.77
18597	0.19307	17844.9	8922.45
18598	0.17944	16585.2	4146.3
18599	0.09937	9184.09	4592.05
18600	0.32792	30309	7577.25
