#IID	F_ROH	ROH_length_kB	KBAVG
38551	0.32925	30443.7	6088.73
38552	0.34977	32341	5390.16
38553	0.42073	38901.8	6483.63
38554	0.26575	24572.3	6143.07
38555	0.61736	57082.9	11416.6
38556	0.37751	34905.5	11635.2
38557	0.38005	35140.8	7028.17
38558	0.34336	31748	6349.59
38559	0.33752	31207.9	6241.57
38560	0.37313	34500.9	6900.17
38561	0.32997	30510.4	6102.07
38562	0.45183	41777.8	6962.97
38563	0.37505	34677.9	5779.65
38564	0.23243	21491.7	5372.92
38565	0.25921	23967.7	5991.91
38566	0.21808	20164.8	6721.61
38567	0.38101	35229.5	7045.9
38568	0.43103	39854.7	7970.94
38569	0.36213	33483.4	8370.84
38570	0.22020	20360.6	5090.16
38571	0.37048	34255.5	5709.25
38572	0.33885	31331	6266.2
38573	0.39087	36141.4	9035.35
38574	0.41433	38310.7	9577.68
38575	0.35792	33094.9	6618.97
38576	0.38945	36009.8	12003.3
38577	0.25059	23170.6	23170.6
38578	0.19749	18260.6	9130.28
38579	0.21980	20323.7	6774.55
38580	0.30922	28591.3	5718.26
38581	0.44782	41406.5	10351.6
38582	0.33608	31075.4	6215.09
38583	0.23764	21973.3	7324.44
38584	0.40690	37623.2	7524.64
38585	0.41693	38550.4	12850.1
38586	0.21527	19904.5	3980.9
38587	0.61379	56753.2	14188.3
38588	0.43484	40206.8	6701.14
38589	0.09286	8585.94	4292.97
38590	0.35938	33229.1	5538.18
38591	0.17718	16383.1	8191.53
38592	0.23697	21911.1	7303.69
38593	0.47379	43808.6	10952.2
38594	0.31127	28780.7	5756.14
38595	0.43313	40049	10012.3
38596	0.29211	27009.8	6752.44
38597	0.24277	22447	7482.35
38598	0.30418	28125.3	7031.33
38599	0.32183	29757.6	5951.52
38600	0.37650	34812	8702.99
