#IID	F_ROH	ROH_length_kB	KBAVG
6551	0.50455	46611.7	7768.62
6552	0.12467	11517.8	3839.26
6553	0.46432	42895.3	8579.06
6554	0.11620	10735.4	5367.7
6555	0.30253	27948.8	4658.13
6556	0.50244	46416.9	11604.2
6557	0.14284	13196.3	6598.13
6558	0.48882	45158.7	11289.7
6559	0.32861	30357.9	7589.46
6560	0.31660	29248.2	7312.04
6561	0.27292	25213	5042.6
6562	0.28599	26420.4	6605.1
6563	0.13843	12788.3	4262.77
6564	0.25541	23595.9	5898.97
6565	0.28972	26765	4460.84
6566	0.28359	26199	6549.76
6567	0.04027	3720.28	3720.28
6568	0.41186	38048.7	7609.74
6569	0.32088	29644.3	14822.2
6570	0.30324	28014.4	5602.88
6571	0.11152	10302.9	10302.9
6572	0.26966	24912.2	6228.05
6573	0.44258	40887.1	13629
6574	0.40979	37857.7	9464.43
6575	0.13617	12579.7	4193.25
6576	0.07729	7140.35	7140.35
6577	0.14460	13359	4453
6578	0.48170	44501.4	14833.8
6579	0.29254	27025.5	6756.37
6580	0.20776	19193.8	6397.92
6581	0.37334	34490.9	8622.74
6582	0.12669	11703.8	11703.8
6583	0.32769	30272.7	10090.9
6584	0.24140	22301.5	7433.85
6585	0.28893	26692.6	4448.77
6586	0.32530	30052.8	5008.8
6587	0.27785	25668.3	6417.07
6588	0.34865	32209.1	10736.4
6589	0.35510	32805.4	10935.1
6590	0.34708	32064.3	6412.86
6591	0.24576	22704.6	7568.22
6592	0.25825	23858.4	7952.81
6593	0.20257	18713.7	6237.91
6594	0.15813	14608.3	7304.13
6595	0.35918	33182.2	5530.36
6596	0.11097	10252.1	5126.03
6597	0.42047	38844.1	5549.16
6598	0.31326	28939.6	5787.93
6599	0.32300	29840.1	5968.02
6600	0.12217	11286.1	5643.06
