#IID	F_ROH	ROH_length_kB	KBAVG
12551	0.36653	33862.4	11287.5
12552	0.34044	31452.2	5242.03
12553	0.43150	39864.7	9966.16
12554	0.39449	36444.9	9111.24
12555	0.33224	30694.6	5115.76
12556	0.35254	32569.3	8142.33
12557	0.11482	10607.7	5303.84
12558	0.31261	28881	14440.5
12559	0.38379	35456.7	7091.33
12560	0.46516	42974.6	8594.91
12561	0.45084	41650.8	6941.8
12562	0.25963	23986.3	5996.57
12563	0.21876	20210.8	6736.94
12564	0.39510	36501.9	6083.64
12565	0.41869	38681.4	9670.34
12566	0.34840	32187.6	8046.89
12567	0.31656	29245.8	9748.61
12568	0.36246	33486.5	5581.09
12569	0.31629	29220.4	9740.15
12570	0.17269	15953.8	5317.92
12571	0.16445	15193	7596.48
12572	0.22968	21219.4	7073.14
12573	0.33512	30960.8	5160.14
12574	0.09375	8661.11	8661.11
12575	0.12548	11592.9	5796.47
12576	0.46968	43391.4	6198.77
12577	0.66670	61593.7	30796.9
12578	0.30113	27820.6	9273.54
12579	0.88032	81328.7	27109.6
12580	0.31194	28818.7	7204.69
12581	0.51999	48040.1	6862.87
12582	0.40244	37179.9	5311.41
12583	0.28044	25908.4	8636.14
12584	0.45192	41750.8	8350.15
12585	0.22605	20884.2	4176.85
12586	0.43683	40357.3	10089.3
12587	0.47013	43433.5	7238.91
12588	0.36451	33675.3	6735.06
12589	0.15127	13975.4	4658.45
12590	0.19425	17946.2	5982.07
12591	0.27233	25159	8386.34
12592	0.28104	25964.3	6491.08
12593	0.10099	9330.11	4665.05
12594	0.23461	21674.5	10837.3
12595	0.38362	35440.8	5062.97
12596	0.46644	43092.4	8618.47
12597	0.17370	16047.6	4011.89
12598	0.25858	23888.7	11944.3
12599	0.32388	29921.7	5984.33
12600	0.31185	28810.4	9603.46
