#IID	F_ROH	ROH_length_kB	KBAVG
16551	0.30065	27779.4	6944.84
16552	0.39462	36462.3	7292.46
16553	0.07255	6703.85	6703.85
16554	0.22481	20772.1	5193.03
16555	0.30988	28632.4	9544.14
16556	0.65499	60519.8	15130
16557	0.28980	26776.8	5355.36
16558	0.24697	22819.6	7606.52
16559	0.25784	23823.8	3970.64
16560	0.38196	35292.2	8823.06
16561	0.61395	56728.2	11345.6
16562	0.10893	10065.3	5032.67
16563	0.34354	31742.8	6348.57
16564	0.16687	15418.5	5139.51
16565	0.31122	28756.3	9585.44
16566	0.44814	41407.2	10351.8
16567	0.20929	19338.5	4834.61
16568	0.18323	16930.6	8465.31
16569	0.10097	9329.62	4664.81
16570	0.08644	7987.01	7987.01
16571	0.14144	13068.4	6534.22
16572	0.19656	18162.2	3632.44
16573	0.38461	35537.4	7107.48
16574	0.23642	21844.4	7281.46
16575	0.11349	10486.6	5243.28
16576	0.18712	17289.3	5763.12
16577	0.32929	30426	7606.49
16578	0.34882	32230.3	6446.07
16579	0.15374	14205.1	7102.55
16580	0.12055	11138.6	11138.6
16581	0.36584	33802.6	8450.66
16582	0.22944	21199.7	7066.57
16583	0.36736	33943.4	5657.23
16584	0.24612	22741	7580.33
16585	0.26841	24800.8	6200.19
16586	0.15813	14610.5	4870.16
16587	0.24852	22962.9	7654.3
16588	0.35546	32844	8210.99
16589	0.11249	10394.3	5197.17
16590	0.33346	30811.1	7702.77
16591	0.21644	19998.4	4999.61
16592	0.11943	11035.3	3678.44
16593	0.38177	35275	7055
16594	0.59477	54955.6	13738.9
16595	0.17492	16162.4	8081.18
16596	0.05941	5488.99	5488.99
16597	0.27662	25559.1	5111.82
16598	0.15592	14407	7203.48
16599	0.29009	26803.8	8934.6
16600	0.30799	28458.2	9486.05
