#IID	F_ROH	ROH_length_kB	KBAVG
4551	0.16072	14497.1	4832.36
4552	0.20384	18386.2	6128.72
4553	0.30105	27154.2	13577.1
4554	0.29280	26409.9	8803.29
4555	0.24523	22119	7372.99
4556	0.37927	34209.7	8552.43
4557	0.32219	29061.1	9687.02
4558	0.40977	36960.5	6160.09
4559	0.36006	32476.6	6495.32
4560	0.48987	44185.1	6312.16
4561	0.22770	20538.2	6846.07
4562	0.08976	8096.24	4048.12
4563	0.38173	34431.6	4918.8
4564	0.37331	33672.4	6734.49
4565	0.36534	32952.8	8238.2
4566	0.25796	23267.4	5816.84
4567	0.47797	43112.1	8622.42
4568	0.28574	25773.1	25773.1
4569	0.25867	23331.2	5832.81
4570	0.27214	24546.6	6136.64
4571	0.33032	29794.4	7448.6
4572	0.23638	21321.4	5330.36
4573	0.55336	49912.5	49912.5
4574	0.28064	25313.3	6328.32
4575	0.30786	27768.1	4628.01
4576	0.16427	14816.8	4938.94
4577	0.44534	40169	20084.5
4578	0.18063	16292.6	5430.87
4579	0.39045	35218.1	8804.52
4580	0.26442	23850.2	5962.56
4581	0.35213	31761.4	7940.34
4582	0.30312	27341	9113.68
4583	0.35262	31806.2	10602.1
4584	0.26188	23620.9	7873.64
4585	0.24395	22004.3	7334.78
4586	0.12580	11347.4	3782.48
4587	0.25171	22703.4	5675.85
4588	0.23636	21319.3	10659.6
4589	0.60677	54729.6	18243.2
4590	0.24725	22301.4	7433.8
4591	0.12395	11180.2	11180.2
4592	0.22865	20624.1	6874.7
4593	0.31302	28233.7	9411.24
4594	0.20901	18852	4712.99
4595	0.39725	35831.4	8957.84
4596	0.06832	6162.33	6162.33
4597	0.48681	43909.8	14636.6
4598	0.24447	22050.6	5512.65
4599	0.25687	23169.5	5792.37
4600	0.13287	11984.4	3994.82
