#IID	F_ROH	ROH_length_kB	KBAVG
2551	0.34221	31627.8	10542.6
2552	0.22878	21144.2	5286.06
2553	0.17400	16081.9	8040.95
2554	0.69631	64354.2	16088.5
2555	0.37529	34685.2	5780.87
2556	0.24384	22536.6	5634.14
2557	0.39884	36861.4	9215.35
2558	0.10120	9353.18	4676.59
2559	0.86104	79579.8	26526.6
2560	0.44699	41311.9	10328
2561	0.17810	16460.7	8230.33
2562	0.41995	38812.6	5544.65
2563	0.07960	7356.61	3678.31
2564	0.18943	17507.4	4376.86
2565	0.05206	4811.84	4811.84
2566	0.33797	31235.8	7808.95
2567	0.36380	33623.2	8405.81
2568	0.28886	26697.4	5339.48
2569	0.23535	21751.5	4350.3
2570	0.06434	5946.57	5946.57
2571	0.33696	31142.9	6228.57
2572	0.24885	22999.6	4599.92
2573	0.38494	35577.4	5082.49
2574	0.28985	26788.6	5357.71
2575	0.36189	33446.6	6689.32
2576	0.23540	21755.9	5438.99
2577	0.17629	16292.7	5430.9
2578	0.13599	12568.2	6284.12
2579	0.32373	29920.3	7480.07
2580	0.29650	27403.1	4567.18
2581	0.21889	20230.2	5057.56
2582	0.12878	11902	5951
2583	0.32229	29787.2	5957.44
2584	0.27465	25384.1	4230.69
2585	0.29962	27691.3	5538.25
2586	0.34841	32201.1	4600.16
2587	0.15838	14638.2	7319.09
2588	0.49137	45413.8	5676.73
2589	0.08773	8107.8	4053.9
2590	0.43777	40460.1	8092.02
2591	0.25193	23284.3	11642.1
2592	0.32657	30182.1	15091.1
2593	0.38049	35165.5	8791.36
2594	0.15175	14025.1	7012.53
2595	0.16418	15174.1	3793.54
2596	0.61971	57275.3	19091.8
2597	0.13467	12446.1	6223.06
2598	0.29435	27204.5	5440.91
2599	0.24669	22799.9	7599.97
2600	0.26495	24487.4	6121.86
