#IID	F_ROH	ROH_length_kB	KBAVG
4551	0.14273	13190.1	4396.71
4552	0.24208	22371.2	7457.06
4553	0.18184	16804.2	5601.41
4554	0.29604	27357.2	6839.29
4555	0.15251	14093.4	4697.81
4556	0.24697	22822.8	11411.4
4557	0.06361	5877.87	5877.87
4558	0.65564	60588.4	20196.1
4559	0.10441	9648.73	9648.73
4560	0.03463	3200.02	3200.02
4561	0.41983	38796.4	7759.28
4562	0.42576	39345.2	9836.3
4563	0.18487	17083.7	5694.57
4564	0.35963	33233.5	8308.38
4565	0.06209	5737.4	5737.4
4566	0.13336	12324	6162.02
4567	0.32461	29997.7	5999.53
4568	0.22966	21222.9	5305.71
4569	0.26345	24345.3	8115.09
4570	0.16634	15371.8	5123.92
4571	0.04074	3764.86	3764.86
4572	0.22301	20608.4	6869.48
4573	0.33055	30546.6	7636.66
4574	0.32105	29668.8	9889.59
4575	0.46544	43012.1	10753
4576	0.31720	29312.8	7328.2
4577	0.30076	27793.3	9264.45
4578	0.14596	13488.6	4496.19
4579	0.28118	25984	5196.8
4580	0.28855	26665.5	13332.8
4581	0.00000	0	0
4582	0.28684	26507.3	6626.83
4583	0.84290	77893.3	25964.4
4584	0.18312	16921.9	5640.62
4585	0.11449	10580	5289.99
4586	0.20708	19136.2	9568.1
4587	0.35025	32367.1	6473.42
4588	0.28319	26170.2	5234.05
4589	0.39084	36117.7	9029.42
4590	0.25127	23220.3	7740.11
4591	0.29249	27028.9	6757.22
4592	0.16439	15191.6	7595.81
4593	0.25241	23325.1	5831.28
4594	0.32800	30311	7577.75
4595	0.24608	22740.9	7580.3
4596	0.38208	35308.4	7061.68
4597	0.16889	15607.3	5202.44
4598	0.25268	23349.9	11675
4599	0.27644	25546.3	6386.58
4600	0.15869	14664.4	4888.14
