#IID	F_ROH	ROH_length_kB	KBAVG
6551	0.04533	4191.34	4191.34
6552	0.30025	27764.2	9254.72
6553	0.22472	20780.4	10390.2
6554	0.38278	35396.6	8849.14
6555	0.19712	18227.7	6075.92
6556	0.18197	16826.9	4206.72
6557	0.28953	26773.5	6693.37
6558	0.20524	18978.8	6326.25
6559	0.31521	29147.9	7286.98
6560	0.14848	13730.3	4576.76
6561	0.37004	34218	8554.5
6562	0.22998	21266.9	5316.73
6563	0.56734	52462.6	6557.82
6564	0.48369	44727.7	7454.61
6565	0.50970	47132.9	7855.48
6566	0.30062	27799.3	5559.87
6567	0.38144	35272.2	7054.44
6568	0.30353	28068.1	4678.02
6569	0.03274	3027.61	3027.61
6570	0.19196	17750.7	5916.89
6571	0.27840	25743.9	8581.31
6572	0.58953	54514.5	18171.5
6573	0.47457	43884.7	14628.2
6574	0.24713	22852.8	7617.61
6575	0.84526	78163.1	15632.6
6576	0.08728	8071.27	4035.63
6577	0.19267	17816.6	8908.28
6578	0.42390	39198.9	7839.78
6579	0.24647	22791.7	5697.93
6580	0.41180	38080	6346.67
6581	0.25259	23357.5	5839.38
6582	0.23142	21399.7	5349.93
6583	0.19139	17698.2	5899.4
6584	0.10450	9663.66	3221.22
6585	0.18110	16746.2	4186.55
6586	0.22558	20859.7	5214.93
6587	0.14972	13844.5	4614.83
6588	0.28926	26748.3	5349.66
6589	0.18709	17301	4325.24
6590	0.14124	13060.9	6530.46
6591	0.18863	17443.1	5814.38
6592	0.27120	25078.7	4179.79
6593	0.42419	39225.8	7845.17
6594	0.90492	83680	41840
6595	0.24898	23023.2	23023.2
6596	0.13248	12251.1	6125.54
6597	0.21743	20106.6	5026.64
6598	0.40108	37089	9272.25
6599	0.41073	37980.7	7596.13
6600	0.35547	32871	6574.2
