#IID	F_ROH	ROH_length_kB	KBAVG
3331	0.52959	48917.9	6114.74
3332	0.40602	37503.6	7500.73
3333	0.39992	36940	7388
3334	0.46714	43149.4	6164.2
3335	0.39064	36083.2	7216.63
3336	0.39264	36268	6044.67
3337	0.36802	33993.8	8498.44
3338	0.27698	25584.8	5116.97
3339	0.50189	46359.1	7726.52
3340	0.77193	71302.1	10186
3341	0.51386	47464.8	5273.86
3342	0.32178	29722.4	9907.48
3343	0.38389	35459.4	7091.87
3344	0.43768	40428.5	6738.09
3345	0.36723	33920.7	4845.82
3346	0.47991	44328.6	7388.1
3347	0.60237	55640.7	11128.1
3348	0.35580	32865	5477.5
3349	0.33323	30779.9	7694.97
3350	0.49742	45946.6	7657.77
3351	0.35657	32935.9	6587.17
3352	0.44085	40720.8	5817.26
3353	0.66521	61444.5	12288.9
3354	0.48532	44828.6	7471.43
3355	0.66303	61243.1	7655.39
3356	0.47120	43524.8	7254.14
3357	0.45389	41925.5	8385.11
3358	0.41067	37932.8	7586.56
3359	0.31514	29109.3	9703.11
3360	0.34700	32052	6410.4
3361	0.72825	67268.2	9609.75
3362	0.33068	30544.9	7636.22
3363	0.34208	31597.4	6319.49
3364	0.27316	25231.2	4205.2
3365	0.35112	32432.7	8108.19
3366	0.38260	35340.2	7068.04
3367	0.39240	36245.4	7249.08
3368	0.60888	56242	9373.67
3369	0.67969	62782.5	8968.93
3370	0.32817	30312.8	7578.21
3371	0.33257	30719.6	6143.91
3372	0.36613	33819.5	5636.59
3373	0.44102	40736.8	4526.31
3374	0.38137	35227	7045.41
3375	0.38040	35137	7027.39
3376	0.33029	30508.3	6101.65
3377	0.18691	17264.3	5754.75
3378	0.39929	36881.9	7376.38
3379	0.31228	28844.8	7211.2
3380	0.47334	43722.1	6246.02
3381	0.44449	41057	6842.84
3382	0.36708	33907	6781.4
3383	0.71945	66455.4	16613.8
3384	0.22658	20929.1	4185.82
3385	0.35924	33182.8	6636.56
3386	0.47662	44025.3	11006.3
3387	0.48682	44967.6	7494.61
3388	0.32976	30459.5	7614.89
3389	0.25585	23632.6	5908.15
3390	0.44957	41526.7	6921.12
3391	0.38382	35453	8863.25
3392	0.39656	36630	7326
3393	0.54895	50706.1	6338.27
3394	0.33611	31046	6209.2
3395	0.35999	33251.9	5541.98
3396	0.46470	42923.9	7153.98
3397	0.66905	61799.5	20599.8
3398	0.51368	47448.1	11862
3399	0.63754	58888.8	11777.8
3400	0.37470	34610.8	6922.16
