#IID	F_ROH	ROH_length_kB	KBAVG
8931	0.38620	35697.4	7139.47
8932	0.36971	34173.8	8543.44
8933	0.29402	27177.2	5435.45
8934	0.32779	30299.2	7574.81
8935	0.35537	32848.3	6569.65
8936	0.22077	20406.2	10203.1
8937	0.27766	25664.9	6416.22
8938	0.57074	52755.3	7536.48
8939	0.25652	23711.3	5927.83
8940	0.51778	47860.5	11965.1
8941	0.54815	50667.8	5629.76
8942	0.40343	37290.3	6215.05
8943	0.28119	25991.3	5198.27
8944	0.42735	39501	7900.21
8945	0.21590	19956.5	4989.12
8946	0.16519	15269.3	5089.75
8947	0.19057	17615.1	4403.77
8948	0.39444	36459.8	9114.94
8949	0.39186	36221.3	6036.89
8950	0.21596	19961.7	6653.89
8951	0.18096	16727	5575.68
8952	0.34491	31881.3	5313.55
8953	0.07110	6572.13	6572.13
8954	0.45672	42215.9	6030.85
8955	0.24305	22465.7	4493.14
8956	0.34991	32343.1	10781
8957	0.42483	39268.2	6544.7
8958	0.33432	30901.9	7725.47
8959	0.23854	22049.2	7349.72
8960	0.17751	16408.3	5469.42
8961	0.36644	33871.3	11290.4
8962	0.43057	39798.6	6633.11
8963	0.40455	37394.2	7478.85
8964	0.17071	15779	5259.67
8965	0.22562	20855	10427.5
8966	0.27994	25875.5	5175.09
8967	0.26126	24149.6	6037.41
8968	0.32203	29766.7	7441.68
8969	0.16298	15064.6	7532.3
8970	0.46840	43295.5	8659.1
8971	0.36364	33612.7	5602.11
8972	0.23366	21598	7199.32
8973	0.29944	27678.3	5535.66
8974	0.42429	39218.6	6536.44
8975	0.21509	19881.4	4970.36
8976	0.39470	36483.4	9120.85
8977	0.47216	43643.4	21821.7
8978	0.26592	24580.1	8193.36
8979	0.70231	64917.2	21639.1
8980	0.43053	39795	6632.5
8981	0.36786	34002.5	6800.51
8982	0.91988	85027.7	28342.6
8983	0.37672	34821.8	6964.36
8984	0.56912	52606.1	26303
8985	0.41344	38215.5	6369.26
8986	0.36912	34118.6	6823.72
8987	0.32881	30393.4	7598.36
8988	0.24316	22475.7	4495.14
8989	0.48398	44736.3	11184.1
8990	0.32739	30261.9	5043.65
8991	0.17320	16009.1	5336.38
8992	0.21192	19588.3	6529.42
8993	0.34094	31514.4	5252.4
8994	0.50911	47058.9	7843.14
8995	0.50448	46630.5	11657.6
8996	0.23617	21830.3	7276.76
8997	0.38327	35427.3	8856.82
8998	0.19182	17730.6	5910.2
8999	0.35629	32933.3	6586.67
9000	0.26412	24413.4	4882.68
