#IID	F_ROH	ROH_length_kB	KBAVG
17331	0.34702	32071.7	8017.93
17332	0.29445	27213.3	5442.65
17333	0.32187	29747.7	7436.93
17334	0.32881	30389.2	7597.31
17335	0.42016	38831.8	6471.97
17336	0.60516	55929.3	6214.37
17337	0.26378	24379	4063.17
17338	0.07551	6978.28	6978.28
17339	0.43178	39905.1	9976.27
17340	0.41333	38200.4	9550.09
17341	0.49767	45995.1	9199.02
17342	0.24799	22919.9	7639.98
17343	0.26905	24866.2	8288.72
17344	0.26843	24808.5	6202.12
17345	0.40291	37237	5319.57
17346	0.13735	12693.9	4231.29
17347	0.21221	19612.7	6537.55
17348	0.33968	31393.6	6278.73
17349	0.23970	22152.9	5538.23
17350	0.16863	15585.1	5195.03
17351	0.45480	42032.8	8406.55
17352	0.32749	30267.1	6053.42
17353	0.63678	58851.7	11770.3
17354	0.49954	46167.8	11542
17355	0.33173	30658.7	7664.68
17356	0.46043	42553.8	6079.11
17357	0.40661	37578.9	7515.78
17358	0.19411	17939.5	4484.87
17359	0.18180	16801.7	5600.57
17360	0.21959	20295	5073.75
17361	0.29517	27279.6	9093.21
17362	0.15436	14265.7	7132.85
17363	0.38521	35601.6	5933.61
17364	0.32498	30035.2	7508.8
17365	0.35796	33082.9	6616.58
17366	0.24139	22309.7	5577.42
17367	0.30089	27808.7	5561.74
17368	0.30006	27731.5	5546.3
17369	0.31110	28751.8	5750.36
17370	0.60403	55824.6	11164.9
17371	0.09821	9076.62	4538.31
17372	0.49146	45421.1	11355.3
17373	0.48343	44679	7446.49
17374	0.37712	34854	8713.51
17375	0.34555	31936.2	6387.23
17376	0.22128	20450.7	5112.69
17377	0.12173	11250.8	5625.39
17378	0.27814	25705.7	5141.14
17379	0.10956	10125.5	5062.75
17380	0.47297	43712.5	21856.3
17381	0.31791	29381.4	4896.91
17382	0.30449	28141.2	5628.24
17383	0.38070	35184.5	8796.14
17384	0.56632	52339.8	8723.31
17385	0.31524	29134.9	9711.65
17386	0.38183	35288.8	7057.75
17387	0.09082	8393.97	4196.99
17388	0.47417	43823.3	8764.67
17389	0.32162	29724.8	5944.95
17390	0.33065	30558.7	6111.75
17391	0.42158	38962.7	7792.54
17392	0.22323	20631.1	6877.04
17393	0.47784	44162.7	7360.45
17394	0.60604	56010.7	9335.11
17395	0.30763	28431.5	4738.59
17396	0.39627	36623.7	5231.96
17397	0.19014	17572.7	5857.55
17398	0.55630	51414	8568.99
17399	0.44321	40962.2	5120.28
17400	0.59947	55403.4	11080.7
