#IID	F_ROH	ROH_length_kB	KBAVG
3331	0.29453	27228.3	5445.65
3332	0.32350	29906.3	14953.1
3333	0.36573	33810	8452.5
3334	0.13106	12116.2	4038.72
3335	0.32506	30050.2	6010.05
3336	0.08812	8146.47	4073.24
3337	0.23221	21467	4293.4
3338	0.35082	32431.5	4633.07
3339	0.19527	18052.2	6017.41
3340	0.13404	12391.4	6195.7
3341	0.26541	24536.4	4907.29
3342	0.25189	23285.8	5821.45
3343	0.21223	19619.6	4904.9
3344	0.19701	18212.9	9106.44
3345	0.47577	43983.5	10995.9
3346	0.24763	22892.8	5723.21
3347	0.10007	9250.87	4625.44
3348	0.29072	26875.5	5375.1
3349	0.31647	29256.3	7314.08
3350	0.42753	39523.6	9880.9
3351	0.25648	23710.8	5927.71
3352	0.12271	11344.5	3781.49
3353	0.39963	36944.6	6157.44
3354	0.36097	33370.6	11123.5
3355	0.22743	21025.4	5256.34
3356	0.23316	21555.1	7185.04
3357	0.12573	11623.5	5811.75
3358	0.10680	9873.5	4936.75
3359	0.08559	7912.56	3956.28
3360	0.04524	4181.95	4181.95
3361	0.13272	12269.3	6134.65
3362	0.12307	11377.7	5688.85
3363	0.21933	20275.9	4055.18
3364	0.30950	28612.4	7153.11
3365	0.26563	24556.2	8185.38
3366	0.34007	31438.4	6287.67
3367	0.22502	20802.3	6934.09
3368	0.38897	35958.4	8989.61
3369	0.18635	17227.1	5742.37
3370	0.16112	14894.9	4964.96
3371	0.23501	21725.3	5431.33
3372	0.21521	19895.7	6631.91
3373	0.49859	46092.5	11523.1
3374	0.12856	11885.1	11885.1
3375	0.16878	15603	5200.99
3376	0.29083	26886.5	6721.62
3377	0.28511	26357.3	8785.78
3378	0.12902	11927	3975.67
3379	0.91568	84650.7	84650.7
3380	0.07882	7286.59	3643.29
3381	0.30093	27819.6	6954.91
3382	0.81739	75564.3	25188.1
3383	0.49024	45320.9	7553.48
3384	0.14256	13179.4	4393.12
3385	0.46148	42662.1	8532.42
3386	0.03928	3631.45	3631.45
3387	0.12124	11208	5604
3388	0.21356	19743.1	6581.04
3389	0.16251	15023.6	3755.9
3390	0.21308	19698.5	6566.15
3391	0.17505	16182.9	4045.72
3392	0.20728	19161.9	6387.3
3393	0.39824	36815.6	6135.94
3394	0.15140	13996.1	4665.36
3395	0.03864	3572.24	3572.24
3396	0.32526	30068.9	7517.23
3397	0.22111	20440.3	6813.44
3398	0.34453	31850.9	10617
3399	0.33253	30741.3	10247.1
3400	0.41777	38620.9	7724.19
