#IID	F_ROH	ROH_length_kB	KBAVG
8931	0.71886	66423.8	13284.8
8932	0.68327	63135.1	10522.5
8933	0.64007	59143.8	11828.8
8934	0.22759	21029.4	5257.35
8935	0.32471	30004	5000.67
8936	0.43754	40429.1	6738.19
8937	0.41092	37969.6	7593.91
8938	0.17051	15755.4	5251.79
8939	0.42302	39087.4	6514.56
8940	0.41403	38257.1	12752.4
8941	0.10783	9963.45	4981.73
8942	0.29655	27401.7	9133.91
8943	0.35501	32803.8	5467.3
8944	0.35883	33156.8	8289.19
8945	0.20214	18677.8	4669.44
8946	0.32627	30147.9	7536.98
8947	0.32871	30373.6	6074.71
8948	0.28228	26083.3	6520.83
8949	0.17287	15973.4	5324.47
8950	0.65495	60519	15129.8
8951	0.27139	25076.7	8358.91
8952	0.31151	28784.3	9594.77
8953	0.36465	33694.8	4813.54
8954	0.39362	36370.8	7274.17
8955	0.26582	24562.6	4912.52
8956	0.38361	35446.7	7089.34
8957	0.28038	25908.1	8636.03
8958	0.35304	32621.7	8155.43
8959	0.38437	35516.2	8879.05
8960	0.28692	26511.9	6627.98
8961	0.52463	48477.2	8079.53
8962	0.33307	30776.5	10258.8
8963	0.29616	27365.5	9121.83
8964	0.46628	43085.6	8617.12
8965	0.33185	30663.9	6132.79
8966	0.25199	23284.1	5821.03
8967	0.24852	22963.5	5740.87
8968	0.52721	48715.4	9743.08
8969	0.29906	27634	6908.5
8970	0.29596	27346.9	13673.5
8971	0.41052	37933.1	6322.18
8972	0.33323	30790.9	10263.6
8973	0.20516	18957.5	6319.16
8974	0.31873	29450.9	4908.48
8975	0.28393	26235.4	6558.84
8976	0.36896	34092.6	4870.36
8977	0.19796	18292.3	6097.44
8978	0.55858	51613.5	7373.36
8979	0.15174	14021.2	7010.6
8980	0.39142	36167.5	9041.87
8981	0.38415	35496.1	8874.03
8982	0.24366	22515.1	11257.5
8983	0.30700	28367.6	7091.89
8984	0.57121	52781	10556.2
8985	0.16803	15525.9	5175.3
8986	0.36269	33513.3	11171.1
8987	0.34859	32210.6	8052.64
8988	0.16919	15633.8	7816.88
8989	0.28167	26027	8675.66
8990	0.41889	38706.2	5529.46
8991	0.21821	20162.6	6720.87
8992	0.67435	62311.3	31155.6
8993	0.38965	36004.8	7200.97
8994	0.09375	8662.42	4331.21
8995	0.18805	17376.6	5792.21
8996	0.12672	11709.4	5854.69
8997	0.41305	38166.9	7633.38
8998	0.46303	42785	7130.84
8999	0.39999	36960	6160
9000	0.21880	20217.3	5054.32
