#IID	F_ROH	ROH_length_kB	KBAVG
8931	0.31559	29162	9720.67
8932	0.27982	25856.1	12928.1
8933	0.40310	37248.1	12416
8934	0.51814	47878.2	9575.63
8935	0.50198	46384.5	15461.5
8936	0.34662	32028.6	10676.2
8937	0.39146	36172.7	9043.17
8938	0.39284	36299.9	9074.96
8939	0.47402	43801.2	7300.2
8940	0.44864	41456.1	6909.35
8941	0.37634	34775.3	6955.06
8942	0.35059	32396.3	10798.8
8943	0.46171	42663.8	14221.3
8944	0.33626	31071.5	15535.8
8945	0.25554	23613.3	7871.12
8946	0.52876	48859.5	8143.26
8947	0.37077	34260.4	6852.09
8948	0.62242	57513.9	11502.8
8949	0.27691	25587.8	12793.9
8950	0.26190	24200.4	24200.4
8951	0.46942	43375.8	10844
8952	0.31008	28652.7	14326.3
8953	0.43386	40090.7	10022.7
8954	0.37567	34713.4	8678.35
8955	0.56240	51968.2	12992.1
8956	0.57802	53411.3	13352.8
8957	0.30511	28193.6	14096.8
8958	0.23594	21801.6	10900.8
8959	0.41435	38287.8	9571.95
8960	0.45475	42021.1	21010.5
8961	0.66105	61083.5	12216.7
8962	0.40731	37636.8	7527.36
8963	0.32003	29571.7	9857.23
8964	0.43385	40089.1	13363
8965	0.40251	37193.4	9298.35
8966	0.31582	29183.1	9727.71
8967	0.34473	31854.5	10618.2
8968	0.26263	24268.4	8089.47
8969	0.56233	51961.6	8660.26
8970	0.36048	33309.7	11103.2
8971	0.41018	37902.3	9475.56
8972	0.38431	35511.9	7102.37
8973	0.55535	51316.4	12829.1
8974	0.54814	50650.7	7235.82
8975	0.39271	36288.3	12096.1
8976	0.33727	31165.2	15582.6
8977	0.41669	38504.2	9626.04
8978	0.66434	61388	10231.3
8979	0.30995	28640.9	14320.4
8980	0.54733	50575.3	10115.1
8981	0.31251	28877.5	28877.5
8982	0.44698	41303	6883.84
8983	0.45962	42470.8	14156.9
8984	0.41438	38290.2	12763.4
8985	0.36161	33414.4	8353.6
8986	0.49256	45514.8	11378.7
8987	0.43900	40565.7	40565.7
8988	0.37659	34798.4	11599.5
8989	0.50337	46513.5	7752.25
8990	0.60419	55829.1	18609.7
8991	0.52298	48325.5	9665.11
8992	0.36271	33516.2	8379.05
8993	0.87821	81149.6	20287.4
8994	0.40828	37726.9	12575.6
8995	0.37646	34786.4	6957.29
8996	0.42281	39069	9767.26
8997	0.34209	31610.9	10537
8998	0.39798	36775.1	9193.77
8999	0.47662	44041.6	8808.33
9000	0.50149	46339.7	9267.93
