#IID	F_ROH	ROH_length_kB	KBAVG
3331	0.48726	45046.7	7507.79
3332	0.28850	26671.4	5334.28
3333	0.59451	54961.9	18320.6
3334	0.33582	31046.3	6209.26
3335	0.39381	36407.9	12136
3336	0.14227	13152.4	4384.14
3337	0.21713	20073.7	6691.25
3338	0.28879	26698.9	8899.64
3339	0.27576	25493.6	8497.88
3340	0.37004	34210.1	8552.52
3341	0.42119	38939.1	7787.82
3342	0.29818	27566.9	6891.73
3343	0.55814	51599.5	7371.35
3344	0.25534	23606	11803
3345	0.20848	19273.9	6424.64
3346	0.46855	43317	7219.49
3347	0.30819	28491.8	7122.96
3348	0.14854	13732.5	4577.49
3349	0.17605	16275.9	8137.94
3350	0.17572	16244.9	5414.97
3351	0.33442	30917.1	7729.29
3352	0.36814	34034.7	8508.69
3353	0.09863	9118.55	9118.55
3354	0.23993	22181.3	5545.32
3355	0.16682	15422.8	5140.92
3356	0.32651	30185.5	6037.11
3357	0.35188	32531.2	10843.7
3358	0.34335	31742.2	5290.37
3359	0.33398	30876	7719
3360	0.25443	23521.6	11760.8
3361	0.35733	33034.6	8258.65
3362	0.37524	34690.8	17345.4
3363	0.30619	28306.9	5661.38
3364	0.64718	59831.4	11966.3
3365	0.35724	33026.8	8256.7
3366	0.33607	31069.2	10356.4
3367	0.55862	51644	12911
3368	0.27283	25222.6	6305.66
3369	0.62772	58032.7	14508.2
3370	0.15201	14053.1	4684.37
3371	0.18363	16976.9	4244.21
3372	0.17591	16262.9	8131.46
3373	0.40919	37829.2	9457.31
3374	0.36401	33652.4	16826.2
3375	0.19216	17765.1	4441.27
3376	0.40706	37632.6	9408.15
3377	0.42918	39677.6	5668.23
3378	0.32974	30484.6	6096.92
3379	0.10523	9728.14	4864.07
3380	0.28235	26103.2	6525.81
3381	0.25398	23480	7826.68
3382	0.28217	26086.6	8695.54
3383	0.22838	21113.7	5278.42
3384	0.34250	31664.2	6332.83
3385	0.57708	53350.9	13337.7
3386	0.49571	45828.3	6546.9
3387	0.39318	36349.4	7269.89
3388	0.44469	41111.8	8222.37
3389	0.29255	27045.8	9015.25
3390	0.21646	20011.2	6670.41
3391	0.34370	31775	6355
3392	0.62785	58044.7	9674.12
3393	0.15130	13987.2	4662.41
3394	0.46882	43341.8	10835.4
3395	0.28967	26779.7	5355.94
3396	0.32239	29804.8	5960.96
3397	0.40193	37158.5	6193.08
3398	0.23420	21651.3	5412.82
3399	0.30759	28436.5	5687.3
3400	0.42288	39095.4	19547.7
