#IID	F_ROH	ROH_length_kB	KBAVG
6131	0.34546	31929.8	5321.63
6132	0.23127	21376.2	7125.4
6133	0.38818	35878.5	7175.7
6134	0.28670	26498.8	5299.76
6135	0.15013	13876.4	6938.19
6136	0.32498	30036.9	6007.38
6137	0.36079	33347.5	11115.8
6138	0.34142	31556.5	7889.12
6139	0.45681	42222.2	10555.5
6140	0.28500	26342.1	5268.41
6141	0.55991	51751.6	10350.3
6142	0.38259	35361.7	5051.67
6143	0.39911	36888.6	9222.15
6144	0.40773	37685.3	7537.06
6145	0.22853	21122.5	5280.64
6146	0.29654	27408.2	5481.65
6147	0.41067	37957.9	9489.48
6148	0.32005	29581.7	7395.43
6149	0.37290	34466.5	8616.64
6150	0.36797	34011	8502.76
6151	0.49286	45554.3	9110.86
6152	0.43982	40651.5	13550.5
6153	0.20639	19076.3	19076.3
6154	0.35618	32921.1	8230.27
6155	0.34805	32169.3	6433.85
6156	0.30433	28128.8	9376.25
6157	0.37927	35054.9	8763.71
6158	0.55256	51071.8	12767.9
6159	0.52315	48353.5	8058.91
6160	0.42456	39241.3	6540.21
6161	0.11453	10586	5293.02
6162	0.48293	44636.3	6376.61
6163	0.49174	45450.8	7575.13
6164	0.29307	27088.1	6772.02
6165	0.31422	29042.3	7260.57
6166	0.41566	38418.9	9604.73
6167	0.37158	34344	6868.81
6168	0.56736	52440.3	8740.06
6169	0.35461	32775.8	6555.16
6170	0.28971	26777.4	6694.34
6171	0.61689	57018.4	19006.1
6172	0.38824	35884.1	11961.4
6173	0.50332	46520.8	11630.2
6174	0.34861	32221.3	5370.22
6175	0.26746	24721.1	6180.28
6176	0.27696	25598.6	6399.66
6177	0.76086	70324.9	17581.2
6178	0.36442	33682.2	8420.56
6179	0.36230	33486.4	8371.61
6180	0.19853	18349.5	9174.77
6181	0.49716	45952	6564.57
6182	0.31811	29402.3	5880.46
6183	0.27749	25648.1	5129.63
6184	0.37888	35018.7	7003.74
6185	0.34821	32184.3	6436.86
6186	0.23313	21548.1	7182.7
6187	0.58884	54425.1	13606.3
6188	0.25851	23893.6	5973.4
6189	0.31363	28988.3	5797.66
6190	0.29941	27673.5	6918.37
6191	0.29420	27192.8	6798.21
6192	0.48239	44586	8917.21
6193	0.38126	35238.9	8809.72
6194	0.27099	25047.2	8349.08
6195	0.23307	21542.1	5385.54
6196	0.42020	38837.9	9709.47
6197	0.24649	22783	5695.76
6198	0.48868	45167.5	11291.9
6199	0.31042	28691.2	7172.81
6200	0.38301	35400.5	7080.1
