#IID	F_ROH	ROH_length_kB	KBAVG
8931	0.36167	33406.5	6681.29
8932	0.25944	23963.4	5990.84
8933	0.41176	38033.4	5433.34
8934	0.47443	43821.9	6260.27
8935	0.45374	41910.6	10477.7
8936	0.43459	40141.9	10035.5
8937	0.34200	31589.4	5264.91
8938	0.63057	58244.3	14561.1
8939	0.31818	29388.9	14694.4
8940	0.48302	44614.8	11153.7
8941	0.30472	28145.8	4690.97
8942	0.67796	62621.4	8945.92
8943	0.31068	28696.7	7174.18
8944	0.53030	48982.2	8163.7
8945	0.39895	36849.4	9212.34
8946	0.20428	18868.5	6289.49
8947	0.38096	35187.9	7037.57
8948	0.43133	39840.6	5691.51
8949	0.53818	49709.7	8284.95
8950	0.16773	15492.8	7746.38
8951	0.45441	41972.2	20986.1
8952	0.31748	29324.3	7331.08
8953	0.51247	47335.5	6762.22
8954	0.29228	26996.6	5399.33
8955	0.35489	32780.4	6556.08
8956	0.33393	30844.3	5140.72
8957	0.52523	48513.9	8085.65
8958	0.43856	40508.1	6751.35
8959	0.27881	25752.4	5150.48
8960	0.43033	39748.3	6624.72
8961	0.57769	53359.8	10672
8962	0.44189	40815.7	10203.9
8963	0.35067	32389.9	6477.99
8964	0.28370	26204.9	5240.97
8965	0.42069	38857.7	7771.53
8966	0.56759	52426.9	10485.4
8967	0.25562	23610.9	4722.19
8968	0.41275	38124.3	7624.87
8969	0.52897	48859.4	8143.23
8970	0.64625	59692.2	8527.45
8971	0.44902	41475	10368.8
8972	0.39735	36701.6	7340.32
8973	0.57790	53379.1	13344.8
8974	0.47649	44012.2	8802.45
8975	0.56548	52231.3	10446.3
8976	0.43463	40145.3	6690.88
8977	0.35602	32884.2	4697.75
8978	0.41105	37967.4	12655.8
8979	0.43317	40010.8	8002.15
8980	0.35263	32571.2	10857.1
8981	0.25797	23828.2	7942.72
8982	0.56224	51932	8655.33
8983	0.33000	30480.7	5080.12
8984	0.36726	33922.4	4846.06
8985	0.33989	31394.8	10464.9
8986	0.35018	32344.8	6468.96
8987	0.38720	35764.8	5960.8
8988	0.32868	30359.4	6071.89
8989	0.80724	74562.7	14912.5
8990	0.53893	49778.9	12444.7
8991	0.38188	35273.5	5878.92
8992	0.48391	44697.1	11174.3
8993	0.48168	44491.1	44491.1
8994	0.29476	27226.2	6806.54
8995	0.30637	28298.3	14149.2
8996	0.38970	35995.2	7199.04
8997	0.24583	22707	11353.5
8998	0.32143	29689.9	9896.63
8999	0.33587	31022.9	10341
9000	0.23806	21988.9	5497.22
