#IID	F_ROH	ROH_length_kB	KBAVG
14531	0.32183	29744.3	9914.78
14532	0.52159	48206.4	6025.8
14533	0.33485	30947.9	6189.58
14534	0.39754	36741.6	9185.41
14535	0.50809	46958.6	6708.37
14536	0.45414	41972.7	8394.54
14537	0.44446	41077.5	8215.5
14538	0.40197	37151.3	5307.33
14539	0.43628	40321.8	10080.4
14540	0.29920	27652.8	5530.56
14541	0.42201	39003.2	9750.81
14542	0.30526	28213.2	9404.39
14543	0.45867	42391.6	14130.5
14544	0.36522	33754	8438.51
14545	0.34172	31582.1	10527.4
14546	0.38458	35543.5	8885.87
14547	0.29271	27053.2	6763.29
14548	0.61971	57274.7	14318.7
14549	0.56177	51919.6	12979.9
14550	0.47287	43703.4	8740.68
14551	0.64089	59232.4	11846.5
14552	0.43125	39857.4	7971.48
14553	0.35778	33066.5	11022.2
14554	0.63721	58892.1	7361.51
14555	0.28375	26225	8741.65
14556	0.46770	43225.7	10806.4
14557	0.51061	47191.7	11797.9
14558	0.45297	41864.2	6977.36
14559	0.22332	20639.4	6879.79
14560	0.39815	36797.6	7359.51
14561	0.33107	30598	10199.3
14562	0.66517	61476.7	15369.2
14563	0.49069	45350.4	11337.6
14564	0.67291	62191.8	7773.97
14565	0.51598	47687.5	7947.92
14566	0.39734	36723	9180.75
14567	0.43582	40279.4	6713.24
14568	0.62049	57346.6	11469.3
14569	0.45791	42320.7	8464.14
14570	0.30713	28385.6	5677.12
14571	0.41778	38612	7722.4
14572	0.21487	19858.4	6619.48
14573	0.38971	36017.8	6002.97
14574	0.66276	61253.6	10208.9
14575	0.36101	33365	6673
14576	0.37895	35023.7	7004.75
14577	0.45144	41723.2	6953.86
14578	0.37249	34426.3	5737.71
14579	0.54901	50740.2	10148
14580	0.54856	50698.7	10139.7
14581	0.41587	38435.4	9608.86
14582	0.68956	63730.7	12746.1
14583	0.49590	45832.5	5092.5
14584	0.48230	44574.9	7429.15
14585	0.29510	27273.6	5454.72
14586	0.48152	44503.4	7417.23
14587	0.48252	44595.4	22297.7
14588	0.56953	52636.7	10527.3
14589	0.43899	40572.7	10143.2
14590	0.43862	40538.3	8107.66
14591	0.38150	35258.6	8814.66
14592	0.29587	27344.8	9114.95
14593	0.48383	44716.2	6388.02
14594	0.44278	40922.7	5846.09
14595	0.36186	33444.2	5574.04
14596	0.25831	23873.1	11936.5
14597	0.33929	31358.3	15679.1
14598	0.24355	22509.3	11254.6
14599	0.44158	40811.6	6801.93
14600	0.40508	37438.7	9359.68
