#IID	F_ROH	ROH_length_kB	KBAVG
3331	0.17243	15911.3	5303.78
3332	0.40374	37255.9	7451.19
3333	0.49636	45802.7	6543.24
3334	0.31592	29152.1	5830.41
3335	0.41067	37895.4	6315.9
3336	0.34056	31426.3	6285.26
3337	0.49700	45862.5	11465.6
3338	0.34553	31885.2	6377.04
3339	0.26004	23995.8	7998.61
3340	0.52583	48522.5	6065.31
3341	0.37143	34274.7	6854.94
3342	0.20429	18851.7	9425.86
3343	0.13740	12678.8	6339.41
3344	0.27541	25414.7	5082.94
3345	0.55983	51659.9	10332
3346	0.50646	46734.8	11683.7
3347	0.23868	22025.3	5506.32
3348	0.27720	25579.9	6394.98
3349	0.27599	25468.2	6367.05
3350	0.70989	65507.5	10917.9
3351	0.36949	34095.4	6819.08
3352	0.34272	31625.4	7906.35
3353	0.37895	34968.9	6993.78
3354	0.62198	57395	8199.29
3355	0.40107	37009.6	9252.41
3356	0.57554	53110	8851.66
3357	0.38769	35775	8943.75
3358	0.46522	42929.5	10732.4
3359	0.39425	36380.6	6063.43
3360	0.23435	21625.3	5406.32
3361	0.35066	32358.6	6471.73
3362	0.22173	20461.2	6820.39
3363	0.40940	37778.8	9444.69
3364	0.40257	37147.9	6191.31
3365	0.50595	46688	6669.71
3366	0.33020	30470.1	15235
3367	0.43877	40489.1	8097.82
3368	0.38546	35569.9	7113.99
3369	0.38582	35602.7	7120.55
3370	0.15369	14181.9	4727.3
3371	0.24502	22609.8	5652.45
3372	0.26934	24853.8	4142.3
3373	0.37888	34962.3	5827.06
3374	0.32747	30218.4	5036.4
3375	0.39642	36581.3	9145.32
3376	0.54428	50224.9	6278.12
3377	0.52110	48085.8	8014.3
3378	0.35978	33199.5	6639.9
3379	0.31316	28898.2	9632.73
3380	0.43588	40222.1	8044.42
3381	0.19866	18331.8	6110.6
3382	0.55836	51524.4	8587.41
3383	0.36949	34095.7	8523.92
3384	0.72800	67178.7	22392.9
3385	0.35598	32848.8	6569.75
3386	0.57042	52636.8	7519.54
3387	0.19537	18028.7	6009.57
3388	0.52252	48216.8	8036.13
3389	0.31716	29266.8	9755.6
3390	0.34677	31999.3	5333.21
3391	0.31247	28834	7208.49
3392	0.52381	48336.5	9667.3
3393	0.38696	35707.9	5101.13
3394	0.52780	48704.7	6957.82
3395	0.35274	32549.9	10850
3396	0.15835	14611.9	4870.63
3397	0.50335	46447.8	6635.4
3398	0.31065	28666.6	7166.65
3399	0.38063	35124	5017.72
3400	0.30473	28120.1	9373.38
