#IID	F_ROH	ROH_length_kB	KBAVG
6131	0.43626	40323.2	4480.35
6132	0.23969	22154.6	7384.88
6133	0.40182	37139.8	4642.47
6134	0.35173	32510.3	10836.8
6135	0.48960	45253.4	9050.67
6136	0.28012	25891.5	6472.88
6137	0.28201	26066.5	6516.63
6138	0.24383	22537	11268.5
6139	0.32617	30148.1	6029.61
6140	0.33851	31288.3	6257.66
6141	0.36882	34089.7	6817.94
6142	0.48024	44388.2	8877.64
6143	0.35848	33134.3	4733.48
6144	0.36603	33832.4	8458.11
6145	0.50829	46981.1	6711.59
6146	0.33570	31028.5	10342.8
6147	0.25464	23536.2	5884.06
6148	0.25662	23719.6	7906.53
6149	0.48956	45249.6	22624.8
6150	0.27713	25614.9	6403.73
6151	0.46370	42860	14286.7
6152	0.29211	26999.2	8999.74
6153	0.47049	43487.6	5435.95
6154	0.31693	29293.3	9764.43
6155	0.36476	33714.2	5619.03
6156	0.33664	31115.4	10371.8
6157	0.35321	32647.3	4663.9
6158	0.31406	29028.4	7257.1
6159	0.38240	35345	8836.25
6160	0.34474	31864.4	6372.88
6161	0.50307	46498.3	5812.29
6162	0.29130	26924.9	8974.98
6163	0.41136	38021.6	9505.4
6164	0.38330	35428.5	7085.7
6165	0.46447	42930.5	6132.93
6166	0.37633	34784.3	11594.8
6167	0.62056	57358.5	8194.08
6168	0.44134	40792.7	6798.78
6169	0.54037	49946.1	9989.22
6170	0.35582	32887.9	8221.96
6171	0.35616	32919.7	10973.2
6172	0.33027	30527.1	6105.42
6173	0.36946	34149.4	8537.36
6174	0.49762	45995.2	15331.7
6175	0.84975	78541.7	39270.8
6176	0.37422	34588.6	8647.14
6177	0.45825	42355.7	8471.14
6178	0.45634	42179	10544.8
6179	0.35822	33110.2	8277.54
6180	0.45264	41837.2	10459.3
6181	0.31785	29378.7	5875.74
6182	0.43992	40662	8132.39
6183	0.60747	56148.1	7018.51
6184	0.35552	32860.2	6572.04
6185	0.43761	40447.8	8089.56
6186	0.47605	44001.2	5500.16
6187	0.47638	44031.3	8806.26
6188	0.57922	53537	10707.4
6189	0.42576	39352.8	19676.4
6190	0.44685	41302.4	10325.6
6191	0.32025	29600.4	5920.07
6192	0.39290	36315.9	9078.98
6193	0.44779	41389	8277.8
6194	0.45573	42123.1	7020.52
6195	0.28237	26099.1	13049.6
6196	0.35020	32368.7	8092.17
6197	0.27413	25337.8	6334.46
6198	0.41183	38065.5	7613.09
6199	0.41131	38017	5431
6200	0.31927	29509.7	7377.42
