#IID	F_ROH	ROH_length_kB	KBAVG
3331	0.41756	38578.7	6429.79
3332	0.38820	35865.7	5977.61
3333	0.13543	12512.9	4170.98
3334	0.20979	19382.3	6460.75
3335	0.04258	3934.02	3934.02
3336	0.42909	39643.7	9910.93
3337	0.38458	35531.9	7106.39
3338	0.08583	7930.03	3965.01
3339	0.26104	24118	4823.59
3340	0.22854	21114.8	7038.26
3341	0.31595	29190.8	7297.69
3342	0.17033	15737.2	5245.75
3343	0.43384	40083	8016.6
3344	0.15330	14163.6	7081.81
3345	0.63638	58796	29398
3346	0.44470	41085.9	6847.64
3347	0.16643	15376.4	3844.09
3348	0.06810	6292.23	6292.23
3349	0.36168	33415.5	6683.1
3350	0.21235	19619	4904.75
3351	0.34087	31492.8	6298.56
3352	0.11496	10621.3	5310.63
3353	0.27565	25467.7	4244.62
3354	0.05107	4718.03	4718.03
3355	0.31272	28892.1	4815.34
3356	0.36605	33819.5	6763.91
3357	0.49537	45767.3	5720.91
3358	0.06763	6247.94	3123.97
3359	0.25778	23816.7	5954.18
3360	0.32015	29579	7394.74
3361	0.31479	29083.4	7270.85
3362	0.26277	24277.5	4855.49
3363	0.29964	27684	5536.79
3364	0.31210	28835	5766.99
3365	0.30854	28506.1	5701.22
3366	0.27802	25686.3	8562.1
3367	0.29631	27375.9	5475.17
3368	0.52647	48641.3	9728.26
3369	0.29588	27336.2	5467.24
3370	0.26654	24625.5	6156.37
3371	0.17139	15834.8	3958.71
3372	0.36422	33650.9	5608.48
3373	0.53475	49405.9	9881.17
3374	0.33015	30502.5	4357.49
3375	0.13366	12349.1	4116.36
3376	0.27688	25581	5116.2
3377	0.10377	9587.57	4793.79
3378	0.32753	30261.2	7565.29
3379	0.08551	7900.6	3950.3
3380	0.56753	52435	5826.11
3381	0.30644	28312.3	5662.46
3382	0.20609	19040.8	6346.93
3383	0.34284	31675.1	7918.77
3384	0.26901	24854.3	8284.77
3385	0.44131	40773.2	13591.1
3386	0.21087	19482.6	3896.52
3387	0.15520	14339.5	7169.74
3388	0.11523	10646.6	3548.85
3389	0.48885	45165.6	9033.12
3390	0.26253	24254.9	4850.99
3391	0.14048	12979.4	4326.46
3392	0.31633	29226.2	7306.56
3393	0.24067	22235.7	5558.92
3394	0.25435	23499.8	5874.95
3395	0.13802	12751.6	4250.54
3396	0.16819	15539.3	5179.78
3397	0.10994	10157.2	5078.58
3398	0.31036	28674.3	5734.87
3399	0.41680	38508.8	6418.14
3400	0.18974	17530.1	4382.52
