#IID	F_ROH	ROH_length_kB	KBAVG
11731	0.26915	24874	6218.5
11732	0.39017	36057.4	7211.48
11733	0.39108	36142.2	7228.44
11734	0.58162	53750.6	7678.66
11735	0.29457	27222.5	5444.51
11736	0.30414	28106.9	7026.73
11737	0.26124	24142.7	6035.66
11738	0.32603	30130.5	15065.2
11739	0.68217	63043	15760.8
11740	0.51908	47970.6	15990.2
11741	0.34699	32066.8	8016.7
11742	0.22804	21074.4	7024.79
11743	0.31109	28749.1	7187.27
11744	0.24319	22474.3	11237.1
11745	0.47517	43913	8782.6
11746	0.33648	31095.7	7773.93
11747	0.31502	29112.4	5822.47
11748	0.17277	15966.2	3991.56
11749	0.25578	23637.8	7879.27
11750	0.48189	44534.3	11133.6
11751	0.37459	34618.2	17309.1
11752	0.32388	29931.5	5986.3
11753	0.43073	39806.5	6634.41
11754	0.46172	42670	8534.01
11755	0.22227	20541.4	10270.7
11756	0.28597	26428.2	8809.41
11757	0.30307	28008.2	9336.07
11758	0.33866	31297.6	15648.8
11759	0.43351	40062.9	6677.16
11760	0.33610	31061	10353.7
11761	0.37839	34969.5	5828.25
11762	0.55712	51486.6	8581.1
11763	0.26662	24639.8	6159.96
11764	0.60268	55697.2	18565.7
11765	0.15109	13962.8	6981.4
11766	0.47371	43778.4	7296.41
11767	0.41632	38474	7694.8
11768	0.50972	47106.4	11776.6
11769	0.16170	14943.9	4981.31
11770	0.38192	35295.3	8823.83
11771	0.48135	44484.4	11121.1
11772	0.26464	24456.4	6114.11
11773	0.49374	45629.1	11407.3
11774	0.40061	37022.6	9255.64
11775	0.49847	46066.2	7677.69
11776	0.21527	19893.9	9946.97
11777	0.50261	46449.2	11612.3
11778	0.44802	41404.4	6900.74
11779	0.49209	45476.3	9095.26
11780	0.51033	47162.4	7860.4
11781	0.23167	21409.7	10704.9
11782	0.23351	21580.1	10790.1
11783	0.44369	41003.5	10250.9
11784	0.40280	37224.8	7444.96
11785	0.33704	31147.6	7786.9
11786	0.39213	36239	9059.75
11787	0.33110	30599.1	6119.82
11788	0.38369	35459	5909.83
11789	0.22950	21209.3	5302.33
11790	0.38404	35491.4	7098.28
11791	0.23866	22056.3	7352.09
11792	0.59093	54610.9	7801.56
11793	0.26829	24794.5	6198.63
11794	0.42700	39461.7	6576.95
11795	0.19320	17854.4	5951.48
11796	0.18075	16704.3	8352.15
11797	0.32386	29929.9	5985.98
11798	0.47138	43562.4	7260.4
11799	0.20871	19287.6	19287.6
11800	0.15816	14616.6	7308.3
