#IID	F_ROH	ROH_length_kB	KBAVG
22931	0.35050	32406.8	6481.37
22932	0.29177	26976.6	8992.21
22933	0.29811	27562.6	4593.76
22934	0.30724	28406.9	5681.38
22935	0.29285	27076.4	6769.1
22936	0.18655	17248.2	5749.39
22937	0.31611	29227.2	7306.8
22938	0.17247	15946.4	5315.45
22939	0.35265	32605.9	8151.47
22940	0.63558	58765.3	14691.3
22941	0.18272	16894.5	5631.51
22942	0.39432	36458.6	6076.43
22943	0.26055	24090	6022.51
22944	0.33921	31363.3	7840.82
22945	0.29289	27080.7	6770.16
22946	0.06479	5990.33	5990.33
22947	0.44608	41243.7	10310.9
22948	0.30383	28091.4	5618.28
22949	0.48190	44555.7	11138.9
22950	0.11295	10443.5	5221.75
22951	0.16179	14958.8	7479.39
22952	0.27272	25215.3	6303.82
22953	0.37915	35055.7	8763.92
22954	0.21292	19686.2	6562.06
22955	0.33559	31028.1	6205.62
22956	0.35820	33119.1	5519.85
22957	0.25016	23129.7	5782.41
22958	0.32198	29769.8	7442.44
22959	0.29763	27518.9	6879.74
22960	0.38898	35964.9	7192.98
22961	0.21894	20243	5060.76
22962	0.35035	32392.6	8098.15
22963	0.47653	44059.6	7343.27
22964	0.23329	21569.4	7189.8
22965	0.24702	22839.3	4567.87
22966	0.35707	33014.5	11004.8
22967	0.22179	20506.5	5126.62
22968	0.22107	20440	6813.33
22969	0.62986	58236.1	29118
22970	0.16664	15407.5	5135.85
22971	0.27056	25015.5	5003.11
22972	0.28239	26109.2	8703.06
22973	0.36853	34074.1	8518.54
22974	0.25556	23628.4	5907.11
22975	0.10768	9955.58	4977.79
22976	0.28814	26640.9	8880.3
22977	0.30190	27913.6	4652.26
22978	0.37966	35102.6	7020.52
22979	0.60002	55477.4	6934.68
22980	0.41115	38014.3	7602.86
22981	0.40071	37048.9	7409.78
22982	0.33511	30984	10328
22983	0.40989	37897.8	7579.56
22984	0.19996	18488.4	4622.1
22985	0.14178	13108.9	4369.64
22986	0.26293	24310.5	6077.62
22987	0.16778	15513	5170.99
22988	0.51216	47353.7	6764.82
22989	0.36338	33597.9	16799
22990	0.37592	34757.1	5792.86
22991	0.44599	41235.9	10309
22992	0.28840	26665.1	8888.38
22993	0.31036	28695.8	7173.94
22994	0.44135	40806.5	6801.08
22995	0.40283	37244.9	7448.99
22996	0.04550	4207.28	4207.28
22997	0.20625	19069.8	4767.45
22998	0.52557	48593.6	12148.4
22999	0.67533	62440.7	12488.1
23000	0.26737	24721.2	8240.41
