#IID	F_ROH	ROH_length_kB	KBAVG
3331	0.25486	23557.8	7852.59
3332	0.33691	31142.7	5190.45
3333	0.29239	27027	6756.76
3334	0.38886	35944.4	5134.91
3335	0.38992	36042.2	7208.43
3336	0.32138	29706.3	4951.05
3337	0.51921	47992.9	23996.5
3338	0.15158	14011.4	4670.48
3339	0.38320	35420.8	8855.21
3340	0.38832	35894.3	5127.75
3341	0.39233	36264.7	4533.09
3342	0.29518	27285	5457.01
3343	0.45226	41804.5	8360.9
3344	0.22724	21005.2	4201.04
3345	0.29038	26841.6	6710.4
3346	0.34591	31974.4	7993.6
3347	0.43513	40221.6	10055.4
3348	0.23176	21422.4	7140.81
3349	0.39577	36583.1	7316.62
3350	0.49426	45687.2	6526.74
3351	0.78310	72385.9	72385.9
3352	0.23957	22145	11072.5
3353	0.45506	42063.8	10516
3354	0.12926	11947.7	5973.86
3355	0.59789	55266.1	9211.02
3356	0.35962	33241.8	8310.46
3357	0.31349	28977.1	7244.28
3358	0.40520	37454.9	6242.48
3359	0.52640	48658.2	6951.17
3360	0.65016	60097.6	30048.8
3361	0.34304	31708.7	6341.74
3362	0.50155	46361.1	9272.22
3363	0.25300	23386.2	5846.56
3364	0.35090	32435.1	6487.03
3365	0.38870	35929.3	7185.86
3366	0.31226	28863.8	5772.76
3367	0.61206	56575.5	7071.94
3368	0.51610	47705.8	5963.22
3369	0.44385	41027.7	8205.54
3370	0.22406	20711.4	5177.85
3371	0.42468	39255.4	6542.57
3372	0.41608	38459.9	6409.98
3373	0.31836	29427.3	7356.82
3374	0.26511	24505.1	6126.28
3375	0.38856	35916.3	17958.2
3376	0.31642	29248.1	4874.69
3377	0.32191	29755.7	7438.93
3378	0.36326	33577.5	11192.5
3379	0.43997	40668.4	5809.77
3380	0.28665	26496.3	6624.06
3381	0.30309	28016.3	9338.76
3382	0.30258	27969.1	6992.28
3383	0.23258	21498.9	4299.77
3384	0.56976	52666	6583.25
3385	0.27111	25060.1	6265.03
3386	0.24985	23094.6	5773.66
3387	0.32276	29834	4972.33
3388	0.12518	11571.2	5785.61
3389	0.19697	18207.1	6069.02
3390	0.49084	45371	9074.21
3391	0.30017	27746.3	6936.57
3392	0.35809	33100.4	8275.1
3393	0.12611	11657.2	3885.72
3394	0.24295	22457	5614.25
3395	0.26006	24039.1	4807.82
3396	0.33052	30551.7	10183.9
3397	0.38998	36048.1	7209.62
3398	0.48126	44485.6	11121.4
3399	0.57752	53383.3	10676.7
3400	0.28938	26748.9	5349.77
