#IID	F_ROH	ROH_length_kB	KBAVG
11731	0.47539	43930.7	10982.7
11732	0.22516	20807.3	6935.78
11733	0.23581	21791.1	7263.69
11734	0.31227	28857.2	4809.54
11735	0.20294	18753.4	6251.14
11736	0.29389	27158.1	4526.34
11737	0.57796	53408.8	7629.82
11738	0.14252	13170.5	6585.24
11739	0.58344	53915.2	13478.8
11740	0.23142	21385.4	7128.45
11741	0.09559	8833.66	4416.83
11742	0.20211	18676.8	6225.62
11743	0.25790	23832.6	4766.52
11744	0.17437	16113.4	5371.13
11745	0.19905	18394.6	6131.54
11746	0.29839	27574.3	6893.57
11747	0.22720	20995.6	5248.9
11748	0.21818	20162.2	6720.75
11749	0.40345	37283	12427.7
11750	0.25099	23194.2	5798.55
11751	0.11692	10804.6	5402.31
11752	0.16231	14998.9	4999.65
11753	0.15019	13878.6	3469.66
11754	0.19216	17757.1	4439.27
11755	0.35769	33053.7	6610.75
11756	0.27723	25619	6404.75
11757	0.23829	22020.6	5505.15
11758	0.75055	69358.3	34679.2
11759	0.37034	34222.9	11407.6
11760	0.18914	17478	5826
11761	0.32995	30490.7	7622.67
11762	0.09304	8598.26	4299.13
11763	0.14915	13782.9	4594.31
11764	0.29978	27702.7	5540.54
11765	0.27583	25489	3641.29
11766	0.28728	26547.1	6636.77
11767	0.10140	9369.9	4684.95
11768	0.55297	51100	17033.3
11769	0.10474	9678.59	4839.3
11770	0.21458	19829.3	3965.85
11771	0.33855	31285.1	6257.02
11772	0.31064	28706.4	9568.79
11773	0.12137	11215.4	3738.46
11774	0.21983	20314.2	6771.39
11775	0.31152	28787.9	5757.57
11776	0.55256	51062.2	25531.1
11777	0.28117	25983.1	6495.76
11778	0.47642	44025.8	7337.63
11779	0.31085	28725.4	9575.13
11780	0.37872	34997.8	11665.9
11781	0.12834	11859.4	3953.13
11782	0.03855	3562.8	3562.8
11783	0.10965	10132.7	5066.36
11784	0.20806	19226.9	6408.96
11785	0.03095	2860.07	2860.07
11786	0.08316	7684.76	3842.38
11787	0.26674	24649	6162.25
11788	0.18802	17375.3	5791.78
11789	0.23533	21746.8	10873.4
11790	0.14302	13216.2	6608.11
11791	0.20360	18815	4703.76
11792	0.34508	31889.1	5314.86
11793	0.00000	0	0
11794	0.33170	30652.5	5108.74
11795	0.19305	17840	8920.02
11796	0.22398	20697.5	6899.15
11797	0.18482	17078.8	5692.92
11798	0.24445	22589.7	7529.89
11799	0.34864	32217.4	6443.49
11800	0.14902	13770.8	4590.25
