#IID	F_ROH	ROH_length_kB	KBAVG
3331	0.26021	24050.8	12025.4
3332	0.34377	31773.6	6354.72
3333	0.34605	31984.4	7996.09
3334	0.33112	30604.8	6120.95
3335	0.49656	45895.9	9179.19
3336	0.42813	39571.5	9892.87
3337	0.29088	26885.8	6721.45
3338	0.26390	24391.4	8130.45
3339	0.46861	43312.8	10828.2
3340	0.29469	27237.8	13618.9
3341	0.40915	37817.1	6302.85
3342	0.37818	34954	5825.66
3343	0.29740	27488.3	6872.08
3344	0.41642	38488.7	7697.74
3345	0.43021	39763.7	9940.92
3346	0.27750	25649	6412.25
3347	0.34082	31501.2	6300.25
3348	0.31129	28771.5	9590.52
3349	0.38971	36020.2	6003.37
3350	0.34561	31944.1	7986.02
3351	0.44939	41536.3	8307.25
3352	0.31429	29049.2	5809.84
3353	0.31966	29545.5	5909.1
3354	0.30193	27906.4	6976.6
3355	0.35151	32489.1	6497.81
3356	0.27430	25353.1	8451.04
3357	0.34767	32134.7	6426.94
3358	0.41440	38302.5	6383.74
3359	0.51378	47488	9497.59
3360	0.42649	39419.7	7883.95
3361	0.65034	60109.4	10018.2
3362	0.39389	36406.5	18203.3
3363	0.33063	30559.2	7639.8
3364	0.43509	40214.9	10053.7
3365	0.33672	31122.7	7780.68
3366	0.34112	31529.4	7882.34
3367	0.32625	30154.8	10051.6
3368	0.24379	22533	5633.26
3369	0.81191	75042.9	37521.4
3370	0.37763	34903.4	8725.84
3371	0.32786	30303.5	6060.7
3372	0.29143	26936.5	8978.85
3373	0.43792	40476.2	8095.25
3374	0.49141	45420.2	11355.1
3375	0.25568	23632.2	11816.1
3376	0.52817	48817.4	12204.3
3377	0.35112	32452.9	16226.4
3378	0.39124	36161.6	6026.94
3379	0.31923	29505.5	7376.37
3380	0.27415	25338.9	6334.71
3381	0.34878	32236.9	6447.38
3382	0.52038	48097.4	6012.18
3383	0.35570	32876.7	8219.17
3384	0.41234	38112.2	7622.44
3385	0.28217	26080.5	6520.13
3386	0.28810	26628.4	13314.2
3387	0.26039	24067.2	8022.4
3388	0.52075	48132	12033
3389	0.38454	35542	11847.3
3390	0.22674	20957.5	10478.7
3391	0.41792	38627.9	7725.58
3392	0.33681	31131	6226.21
3393	0.32336	29887.7	9962.58
3394	0.25594	23656.5	7885.52
3395	0.39980	36952.8	12317.6
3396	0.35065	32410.2	10803.4
3397	0.23485	21706.5	7235.49
3398	0.41838	38670.4	12890.1
3399	0.37227	34408.6	8602.15
3400	0.31155	28796.3	7199.07
