#IID	F_ROH	ROH_length_kB	KBAVG
20131	0.33402	30881.9	7720.46
20132	0.40151	37121.8	12373.9
20133	0.21569	19941.8	6647.28
20134	0.24847	22972.3	5743.07
20135	0.22302	20619.2	5154.81
20136	0.10283	9507.64	4753.82
20137	0.43662	40368.1	6728.01
20138	0.26280	24297.4	6074.34
20139	0.47197	43636.3	10909.1
20140	0.34868	32237.8	8059.45
20141	0.15752	14563.3	4854.45
20142	0.10328	9548.9	4774.45
20143	0.22377	20688.5	5172.12
20144	0.36483	33731	6746.2
20145	0.49296	45576.6	11394.2
20146	0.35155	32502.8	8125.71
20147	0.14849	13728.8	4576.28
20148	0.27125	25079	25079
20149	0.29493	27268.4	6817.09
20150	0.07861	7267.99	3633.99
20151	0.50336	46538.1	9307.61
20152	0.19636	18154.6	6051.53
20153	0.13560	12537.2	4179.05
20154	0.53056	49053.3	9810.66
20155	0.25996	24034.5	8011.5
20156	0.11864	10969.1	5484.56
20157	0.15797	14605.4	4868.45
20158	0.27945	25836.6	6459.14
20159	0.31615	29229.7	4175.66
20160	0.32097	29675.7	5935.13
20161	0.12723	11762.9	3920.98
20162	0.04746	4388.22	4388.22
20163	0.52347	48397.7	12099.4
20164	0.30528	28224.6	14112.3
20165	0.08805	8140.71	4070.35
20166	0.25284	23376.2	7792.07
20167	0.08298	7671.66	3835.83
20168	0.28316	26179.8	6544.94
20169	0.18517	17119.9	5706.63
20170	0.36783	34007.8	8501.94
20171	0.21538	19913	9956.48
20172	0.33229	30722.5	5120.41
20173	0.03408	3150.78	3150.78
20174	0.13335	12329.3	6164.63
20175	0.15118	13977.4	4659.14
20176	0.10872	10051.9	3350.65
20177	0.14854	13733.4	4577.81
20178	0.27660	25573.2	4262.2
20179	0.15043	13908.2	13908.2
20180	0.22799	21079.1	5269.78
20181	0.62045	57364.6	14341.2
20182	0.55052	50899.1	16966.4
20183	0.51116	47260	15753.3
20184	0.31034	28692.6	9564.19
20185	0.38537	35629.7	8907.43
20186	0.12262	11337	5668.51
20187	0.00000	0	0
20188	0.21543	19917.3	4979.32
20189	0.08034	7428.13	7428.13
20190	0.05836	5395.95	5395.95
20191	0.29953	27693.7	9231.23
20192	0.12933	11957.1	5978.55
20193	0.47507	43923.3	7320.56
20194	0.21622	19990.4	6663.48
20195	0.18646	17239.6	17239.6
20196	0.21812	20166.3	6722.11
20197	0.04160	3845.85	3845.85
20198	0.14205	13133.2	13133.2
20199	0.16022	14813.6	4937.85
20200	0.35351	32684	32684
