#IID	F_ROH	ROH_length_kB	KBAVG
3331	0.45887	42422.5	6060.36
3332	0.28066	25947	8649.01
3333	0.25732	23789.2	4757.84
3334	0.36060	33337.2	6667.45
3335	0.50306	46508.4	9301.68
3336	0.33191	30685.4	7671.35
3337	0.26548	24544	4908.81
3338	0.53756	49697.2	8282.86
3339	0.42955	39712.2	7942.43
3340	0.64893	59993.5	9998.92
3341	0.36682	33912.3	11304.1
3342	0.18982	17548.5	5849.5
3343	0.46542	43027.8	6146.83
3344	0.26060	24092.9	6023.23
3345	0.34760	32135.9	10712
3346	0.45113	41706.8	10426.7
3347	0.83626	77312.5	19328.1
3348	0.34110	31534.9	7883.73
3349	0.40162	37129.6	6188.27
3350	0.37590	34752.5	8688.13
3351	0.43531	40244.1	8048.82
3352	0.44966	41571.3	8314.26
3353	0.32002	29585.5	7396.37
3354	0.31930	29519	9839.67
3355	0.35731	33033.6	6606.72
3356	0.48794	45109.9	6444.28
3357	0.41507	38372.9	7674.57
3358	0.33883	31325.3	6265.06
3359	0.53155	49141.7	8190.28
3360	0.30466	28165.5	5633.09
3361	0.32010	29593.7	5918.74
3362	0.53649	49598.7	12399.7
3363	0.52910	48915.9	8152.64
3364	0.34587	31975.4	7993.84
3365	0.24372	22531.9	4506.37
3366	0.61299	56670.9	14167.7
3367	0.41326	38206.3	6367.72
3368	0.78771	72824.3	10403.5
3369	0.33716	31170.7	6234.14
3370	0.46776	43244.8	7207.47
3371	0.40459	37404.5	6234.08
3372	0.23655	21868.9	21868.9
3373	0.28818	26642.2	8880.73
3374	0.24546	22692.5	5673.12
3375	0.32628	30164.3	7541.08
3376	0.32449	29999	7499.74
3377	0.65984	61002.5	12200.5
3378	0.32470	30018.7	7504.67
3379	0.42574	39360.1	7872.01
3380	0.37244	34432	5738.67
3381	0.33792	31240.5	7810.13
3382	0.45415	41986	6997.67
3383	0.45646	42200.3	7033.39
3384	0.52240	48296.4	8049.41
3385	0.50393	46588.2	9317.64
3386	0.45560	42120.7	7020.12
3387	0.29483	27257.5	27257.5
3388	0.30493	28191.3	9397.09
3389	0.54383	50277.1	10055.4
3390	0.28226	26095.4	6523.84
3391	0.37811	34956.4	6991.27
3392	0.22848	21122.8	7040.92
3393	0.40408	37357.2	12452.4
3394	0.36235	33499	11166.3
3395	0.34551	31942.9	7985.72
3396	0.59962	55435.4	11087.1
3397	0.37465	34636.2	8659.05
3398	0.48330	44681.4	11170.4
3399	0.49411	45680.7	11420.2
3400	0.36711	33939.8	11313.3
