#IID	F_ROH	ROH_length_kB	KBAVG
20131	0.49459	45732.5	9146.5
20132	0.35891	33186.8	6637.37
20133	0.40773	37700.7	5385.81
20134	0.34818	32195	6439
20135	0.40513	37460.4	4682.55
20136	0.38091	35220.6	5031.52
20137	0.33755	31212.1	5202.02
20138	0.38217	35337.8	7067.57
20139	0.18298	16919	5639.68
20140	0.31513	29138.5	5827.69
20141	0.27382	25318.7	4219.78
20142	0.31119	28774	5754.8
20143	0.37126	34328.5	6865.69
20144	0.61402	56775.9	6308.44
20145	0.18300	16921.2	5640.39
20146	0.44386	41041.6	8208.32
20147	0.31660	29274.2	4879.03
20148	0.25904	23952	4790.39
20149	0.29206	27005.3	4500.89
20150	0.19201	17754.4	5918.13
20151	0.17227	15929.4	3982.36
20152	0.23268	21514.8	10757.4
20153	0.23812	22018.3	4403.65
20154	0.40501	37449	6241.51
20155	0.37880	35026.3	5003.76
20156	0.47729	44132.8	22066.4
20157	0.22150	20481.1	6827.03
20158	0.20102	18587.5	4646.88
20159	0.30191	27916.1	4652.69
20160	0.22806	21087.6	4217.52
20161	0.44136	40810.2	8162.04
20162	0.38180	35303.6	4412.95
20163	0.19626	18146.9	4536.72
20164	0.34450	31854.4	5309.07
20165	0.38207	35328.6	7065.72
20166	0.51158	47303.9	15768
20167	0.43711	40417.5	8083.5
20168	0.21697	20062.6	3343.76
20169	0.07336	6783.02	3391.51
20170	0.20566	19016.3	6338.78
20171	0.43461	40186.6	5740.94
20172	0.20621	19067	6355.66
20173	0.49663	45921.4	11480.4
20174	0.22487	20792.7	10396.4
20175	0.37192	34389.7	8597.42
20176	0.21638	20007.4	5001.84
20177	0.28090	25973.8	8657.94
20178	0.45842	42387.8	5298.48
20179	0.46376	42881.7	7146.95
20180	0.32834	30360.5	5060.08
20181	0.21921	20269	4053.79
20182	0.24336	22502.2	4500.45
20183	0.31134	28788.6	4798.11
20184	0.24889	23013.9	5753.49
20185	0.37254	34446.7	6889.35
20186	0.37392	34574.9	6914.99
20187	0.13801	12761.6	6380.79
20188	0.12812	11846.7	3948.89
20189	0.16843	15574	7786.99
20190	0.51551	47666.9	9533.37
20191	0.45278	41866.5	6977.76
20192	0.16578	15328.8	3832.21
20193	0.27547	25471.4	5094.28
20194	0.62772	58042.4	19347.5
20195	0.32766	30297.6	7574.41
20196	0.53109	49107.1	16369
20197	0.39778	36780.7	9195.18
20198	0.53553	49517.9	9903.59
20199	0.36677	33913.6	6782.71
20200	0.33250	30744.8	5124.14
