#IID	F_ROH	ROH_length_kB	KBAVG
6131	0.29375	27121.6	9040.54
6132	0.14915	13771.1	6885.53
6133	0.46988	43383.6	8676.73
6134	0.39047	36051.4	5150.2
6135	0.55184	50950.8	7278.68
6136	0.30602	28253.9	7063.46
6137	0.40183	37100.7	5300.1
6138	0.29495	27232.2	6808.05
6139	0.16590	15317.3	3829.34
6140	0.24251	22390.6	7463.53
6141	0.69199	63890.2	12778
6142	0.21774	20103.5	5025.88
6143	0.37267	34407.6	8601.9
6144	0.28908	26690	8896.67
6145	0.46383	42824.9	10706.2
6146	0.33823	31228	5204.66
6147	0.33155	30611.6	5101.94
6148	0.32734	30222.9	6044.58
6149	0.38758	35784.2	5964.03
6150	0.18522	17101.2	5700.41
6151	0.34967	32284.7	6456.95
6152	0.38038	35119.5	7023.9
6153	0.40653	37533.9	5361.99
6154	0.20876	19274.4	6424.79
6155	0.32270	29794.7	5958.95
6156	0.34766	32098.6	5349.76
6157	0.59943	55344.7	7906.39
6158	0.60908	56235.5	28117.7
6159	0.44487	41073.9	6845.66
6160	0.16659	15380.6	5126.86
6161	0.24881	22972.1	4594.42
6162	0.29213	26972.2	5394.43
6163	0.57131	52748.1	13187
6164	0.23367	21574.3	5393.59
6165	0.30384	28053.2	5610.65
6166	0.17633	16280.4	4070.09
6167	0.45872	42352.7	10588.2
6168	0.40219	37133.2	7426.63
6169	0.24077	22229.7	7409.92
6170	0.41821	38612.5	5516.07
6171	0.45722	42214	8442.8
6172	0.28966	26743.6	8914.53
6173	0.67341	62175.1	10362.5
6174	0.49527	45727.1	9145.43
6175	0.52299	48287	6898.14
6176	0.20436	18868	4716.99
6177	0.20406	18840.6	6280.2
6178	0.27316	25220.7	6305.17
6179	0.24100	22250.9	5562.73
6180	0.40446	37343.5	5334.79
6181	0.20158	18611.9	4652.98
6182	0.54046	49900.1	8316.68
6183	0.30450	28113.9	7028.47
6184	0.22772	21024.7	5256.16
6185	0.48701	44965.2	6423.6
6186	0.37778	34879.8	11626.6
6187	0.23572	21764	5441.01
6188	0.28043	25892.1	12946
6189	0.38829	35850.3	8962.58
6190	0.25721	23748	7916.01
6191	0.52857	48801.6	9760.32
6192	0.54399	50225.3	7175.04
6193	0.26331	24311.3	6077.83
6194	0.37486	34610.1	6922.02
6195	0.37974	35060.4	5843.4
6196	0.21878	20199.3	4039.87
6197	0.51336	47397.3	9479.45
6198	0.28490	26304.6	6576.14
6199	0.43956	40583.7	6763.95
6200	0.28365	26188.6	6547.15
