#IID	F_ROH	ROH_length_kB	KBAVG
8931	0.34739	32076.9	6415.39
8932	0.37449	34579.1	5763.19
8933	0.26333	24315.2	8105.08
8934	0.28178	26018.1	5203.62
8935	0.30315	27991.7	4665.29
8936	0.36382	33593.7	5598.96
8937	0.36052	33288.7	6657.75
8938	0.46182	42642.3	5330.29
8939	0.81254	75026.9	37513.4
8940	0.44714	41287.4	10321.9
8941	0.33753	31166.5	7791.62
8942	0.39926	36866.2	6144.36
8943	0.59975	55378.2	9229.7
8944	0.41669	38475.1	5496.44
8945	0.18534	17113.8	4278.44
8946	0.25176	23246.2	5811.56
8947	0.26139	24135.5	6033.88
8948	0.17183	15866.3	7933.13
8949	0.44932	41488.2	10372
8950	0.34158	31540	10513.3
8951	0.29205	26966.5	6741.62
8952	0.28930	26713	6678.26
8953	0.20359	18798.3	4699.57
8954	0.32796	30282.6	7570.66
8955	0.14675	13550.6	4516.86
8956	0.56934	52570.5	10514.1
8957	0.95343	88035.7	29345.2
8958	0.33982	31377.4	7844.35
8959	0.35316	32609.5	6521.89
8960	0.48149	44458.4	5557.3
8961	0.30741	28384.7	5676.94
8962	0.30765	28406.8	9468.95
8963	0.30487	28150.9	7037.72
8964	0.36571	33768.3	11256.1
8965	0.40688	37569.9	6261.64
8966	0.34402	31765.6	7941.4
8967	0.24943	23031.2	5757.81
8968	0.44960	41514.2	5189.28
8969	0.19985	18453.2	4613.3
8970	0.42576	39313.2	7862.63
8971	0.48019	44339.2	7389.87
8972	0.30400	28069.9	9356.65
8973	0.23333	21544.5	5386.13
8974	0.34407	31770.3	6354.07
8975	0.11010	10166.6	5083.3
8976	0.23008	21244.9	4248.99
8977	0.24528	22647.9	7549.3
8978	0.26126	24123.5	6030.87
8979	0.25764	23789.7	5947.43
8980	0.27759	25631.2	5126.24
8981	0.21210	19584.1	4896.03
8982	0.35823	33077.7	6615.54
8983	0.24462	22587.5	7529.16
8984	0.28415	26237.6	6559.4
8985	0.33768	31179.9	15589.9
8986	0.27602	25486.7	5097.34
8987	0.45106	41649.1	10412.3
8988	0.19773	18257.5	4564.36
8989	0.17192	15874.1	3968.52
8990	0.24373	22504.8	4500.96
8991	0.44561	41145.4	5877.92
8992	0.29943	27648.2	9216.07
8993	0.36455	33660.9	5610.15
8994	0.22473	20750.6	4150.12
8995	0.31459	29047.8	4841.3
8996	0.29973	27675.8	6918.95
8997	0.40529	37422.7	6237.12
8998	0.08400	7756.02	3878.01
8999	0.23848	22020	7339.98
9000	0.37103	34259.8	5709.97
