#IID	F_ROH	ROH_length_kB	KBAVG
11731	0.56671	52396.1	10479.2
11732	0.39717	36720.7	9180.18
11733	0.61565	56920.9	8131.56
11734	0.59501	55012.1	11002.4
11735	0.49515	45779.7	15259.9
11736	0.42248	39061	9765.25
11737	0.46809	43278.1	14426
11738	0.52214	48275.1	12068.8
11739	0.35250	32590.3	16295.2
11740	0.48717	45041.5	15013.8
11741	0.57782	53423.3	13355.8
11742	0.35363	32695.1	6539.03
11743	0.70171	64877	16219.3
11744	0.43891	40579.5	13526.5
11745	0.54088	50007.9	10001.6
11746	0.34583	31974.4	7993.6
11747	0.50360	46560.9	11640.2
11748	0.55910	51691.7	8615.28
11749	0.52760	48780	12195
11750	0.52822	48836.6	9767.31
11751	0.45153	41746.2	8349.23
11752	0.68656	63476.8	7934.6
11753	0.51959	48038.8	16012.9
11754	0.48882	45194.3	9038.86
11755	0.49515	45779.7	15259.9
11756	0.42773	39546.1	9886.53
11757	0.45327	41907.9	8381.57
11758	0.29204	27000.5	9000.16
11759	0.46450	42946	8589.19
11760	0.55900	51682.6	8613.77
11761	0.38287	35398.5	8849.62
11762	0.45309	41890.7	20945.3
11763	0.46948	43406.1	7234.35
11764	0.56199	51959.6	10391.9
11765	0.42511	39304.1	19652.1
11766	0.44042	40719.4	6786.56
11767	0.93132	86106.1	28702
11768	0.53455	49422.6	9884.53
11769	0.34112	31538.5	7884.63
11770	0.47417	43839.9	6262.84
11771	0.44028	40706.4	8141.28
11772	0.48955	45261.6	7543.61
11773	0.38783	35857.4	8964.35
11774	0.48219	44580.9	22290.5
11775	0.54643	50520.7	8420.11
11776	0.38485	35582	11860.7
11777	0.52719	48741.5	8123.58
11778	0.51004	47155.9	9431.18
11779	0.44538	41178.2	13726.1
11780	0.60984	56383.4	11276.7
11781	0.46023	42551	14183.7
11782	0.29716	27473.8	6868.46
11783	0.26753	24734.3	8244.77
11784	0.40760	37684.6	9421.14
11785	0.45282	41866.3	20933.2
11786	0.54577	50460	16820
11787	0.55025	50874	10174.8
11788	0.52760	48779.3	16259.8
11789	0.55009	50859.3	10171.9
11790	0.50412	46609	15536.3
11791	0.39422	36448	12149.3
11792	0.61339	56711.5	18903.8
11793	0.52723	48745.1	9749.03
11794	0.61678	57025.1	11405
11795	0.36818	34040	8510
11796	0.39902	36891.5	12297.2
11797	0.56196	51956.1	10391.2
11798	0.49573	45833.3	9166.66
11799	0.41308	38191.7	9547.94
11800	0.47644	44049.4	8809.88
