Model,H_e,Lower_CI,Upper_CI,Under_Selection
s=0.4,0.10313,0.06054,0.14571,Yes
s=0.6,0.11464,0.06173,0.16754,Yes
s=0.5,0.12662,0.07985,0.17339,Yes
Neutral,0.13325,0.13013,0.13637,No
s=0.7,0.16585,0.0927,0.239,No
s=0.8,0.16846,0.10473,0.23218,No
