Model,H_e_5th_percentile,Lower_CI,Upper_CI
s08_chr3,0.0937,0.08421,0.1032
s06_chr3,0.09403,0.08675,0.1013
s07_chr3,0.10495,0.09484,0.11506
s05_chr3,0.10823,0.10114,0.11532
s04_chr3,0.10836,0.10159,0.11513
Neutral,0.13325,0.13013,0.13637
Empirical,0.15055,NA,NA
