CHR	POS	COUNT	FREQUENCY	Length_kb	Hotspot_interval
3	29300001	186	0.496	200	[29300001,29500000]
3	29800001	188	0.501333	100	[29800001,29900000]
3	29900001	187	0.498667	200	[29900001,30100000]
3	30100001	193	0.514667	200	[30100001,30300000]
3	30300001	195	0.52	100	[30300001,30400000]
3	30400001	194	0.517333	100	[30400001,30500000]
3	30500001	190	0.506667	100	[30500001,30600000]
3	29500000	186	0.496	200	[29300001,29500000]
3	29900000	188	0.501333	100	[29800001,29900000]
3	30100000	187	0.498667	200	[29900001,30100000]
3	30300000	193	0.514667	200	[30100001,30300000]
3	30400000	195	0.52	100	[30300001,30400000]
3	30500000	194	0.517333	100	[30400001,30500000]
3	30600000	190	0.506667	100	[30500001,30600000]
