CHR	POS	COUNT	FREQUENCY	Length_kb	Hotspot_interval
3	24900001	194	0.517333	100	[24900001,25000000]
3	25000001	193	0.514667	100	[25000001,25100000]
3	25100001	194	0.517333	100	[25100001,25200000]
3	25200001	195	0.52	100	[25200001,25300000]
3	25300001	196	0.522667	100	[25300001,25400000]
3	25400001	187	0.498667	200	[25400001,25600000]
3	25600001	179	0.477333	200	[25600001,25800000]
3	44900001	173	0.461333	200	[44900001,45100000]
3	63400001	173	0.461333	100	[63400001,63500000]
3	25000000	194	0.517333	100	[24900001,25000000]
3	25100000	193	0.514667	100	[25000001,25100000]
3	25200000	194	0.517333	100	[25100001,25200000]
3	25300000	195	0.52	100	[25200001,25300000]
3	25400000	196	0.522667	100	[25300001,25400000]
3	25600000	187	0.498667	200	[25400001,25600000]
3	25800000	179	0.477333	200	[25600001,25800000]
3	45100000	173	0.461333	200	[44900001,45100000]
3	63500000	173	0.461333	100	[63400001,63500000]
