CHR	POS	COUNT	FREQUENCY	Length_kb	Hotspot_interval
3	4600001	189	0.504	200	[4600001,4800000]
3	4900001	187	0.498667	100	[4900001,5000000]
3	81800001	190	0.506667	100	[81800001,81900000]
3	81900001	191	0.509333	100	[81900001,82000000]
3	82000001	192	0.512	100	[82000001,82100000]
3	82100001	193	0.514667	100	[82100001,82200000]
3	82200001	202	0.538667	100	[82200001,82300000]
3	82300001	205	0.546667	200	[82300001,82500000]
3	4800000	189	0.504	200	[4600001,4800000]
3	5000000	187	0.498667	100	[4900001,5000000]
3	81900000	190	0.506667	100	[81800001,81900000]
3	82000000	191	0.509333	100	[81900001,82000000]
3	82100000	192	0.512	100	[82000001,82100000]
3	82200000	193	0.514667	100	[82100001,82200000]
3	82300000	202	0.538667	100	[82200001,82300000]
3	82500000	205	0.546667	200	[82300001,82500000]
