CHR	POS	COUNT	FREQUENCY	Length_kb	Hotspot_interval
3	2800001	185	0.493333	300	[2800001,3100000]
3	3100001	186	0.496	100	[3100001,3200000]
3	3200001	188	0.501333	100	[3200001,3300000]
3	3300001	194	0.517333	100	[3300001,3400000]
3	3400001	191	0.509333	100	[3400001,3500000]
3	3500001	192	0.512	200	[3500001,3700000]
3	3700001	183	0.488	100	[3700001,3800000]
3	3100000	185	0.493333	300	[2800001,3100000]
3	3200000	186	0.496	100	[3100001,3200000]
3	3300000	188	0.501333	100	[3200001,3300000]
3	3400000	194	0.517333	100	[3300001,3400000]
3	3500000	191	0.509333	100	[3400001,3500000]
3	3700000	192	0.512	200	[3500001,3700000]
3	3800000	183	0.488	100	[3700001,3800000]
