CHR	POS	COUNT	FREQUENCY	Length_kb	Hotspot_interval
3	24000001	127	0.338667	100	[24000001,24100000]
3	24300001	128	0.341333	100	[24300001,24400000]
3	28900001	136	0.362667	200	[28900001,29100000]
3	29100001	135	0.36	100	[29100001,29200000]
3	29200001	129	0.344	100	[29200001,29300000]
3	29300001	127	0.338667	100	[29300001,29400000]
3	29400001	131	0.349333	100	[29400001,29500000]
3	29500001	129	0.344	100	[29500001,29600000]
3	29600001	127	0.338667	100	[29600001,29700000]
3	24100000	127	0.338667	100	[24000001,24100000]
3	24400000	128	0.341333	100	[24300001,24400000]
3	29100000	136	0.362667	200	[28900001,29100000]
3	29200000	135	0.36	100	[29100001,29200000]
3	29300000	129	0.344	100	[29200001,29300000]
3	29400000	127	0.338667	100	[29300001,29400000]
3	29500000	131	0.349333	100	[29400001,29500000]
3	29600000	129	0.344	100	[29500001,29600000]
3	29700000	127	0.338667	100	[29600001,29700000]
