CHR	POS	COUNT	FREQUENCY	Length_kb	Hotspot_interval
3	34200001	160	0.426667	100	[34200001,34300000]
3	34300001	163	0.434667	100	[34300001,34400000]
3	34400001	151	0.402667	100	[34400001,34500000]
3	34500001	153	0.408	100	[34500001,34600000]
3	35800001	146	0.389333	300	[35800001,36100000]
3	36300001	146	0.389333	100	[36300001,36400000]
3	36600001	146	0.389333	100	[36600001,36700000]
3	36900001	146	0.389333	100	[36900001,37000000]
3	37000001	147	0.392	100	[37000001,37100000]
3	37100001	150	0.4	100	[37100001,37200000]
3	37200001	149	0.397333	100	[37200001,37300000]
3	34300000	160	0.426667	100	[34200001,34300000]
3	34400000	163	0.434667	100	[34300001,34400000]
3	34500000	151	0.402667	100	[34400001,34500000]
3	34600000	153	0.408	100	[34500001,34600000]
3	36100000	146	0.389333	300	[35800001,36100000]
3	36400000	146	0.389333	100	[36300001,36400000]
3	36700000	146	0.389333	100	[36600001,36700000]
3	37000000	146	0.389333	100	[36900001,37000000]
3	37100000	147	0.392	100	[37000001,37100000]
3	37200000	150	0.4	100	[37100001,37200000]
3	37300000	149	0.397333	100	[37200001,37300000]
