CHR	POS	COUNT	FREQUENCY	Length_kb	Hotspot_interval
3	91200001	166	0.442667	100	[91200001,91300000]
3	91300001	193	0.514667	100	[91300001,91400000]
3	91400001	190	0.506667	100	[91400001,91500000]
3	91500001	186	0.496	300	[91500001,91800000]
3	91800001	179	0.477333	200	[91800001,92000000]
3	92000001	176	0.469333	200	[92000001,92200000]
3	91300000	166	0.442667	100	[91200001,91300000]
3	91400000	193	0.514667	100	[91300001,91400000]
3	91500000	190	0.506667	100	[91400001,91500000]
3	91800000	186	0.496	300	[91500001,91800000]
3	92000000	179	0.477333	200	[91800001,92000000]
3	92200000	176	0.469333	200	[92000001,92200000]
