CHR	POS	COUNT	FREQUENCY	Length_kb	Hotspot_interval
3	49100001	179	0.477333	100	[49100001,49200000]
3	49200001	190	0.506667	100	[49200001,49300000]
3	49400001	184	0.490667	100	[49400001,49500000]
3	49500001	183	0.488	100	[49500001,49600000]
3	49700001	180	0.48	100	[49700001,49800000]
3	49800001	182	0.485333	100	[49800001,49900000]
3	49900001	181	0.482667	100	[49900001,50000000]
3	50000001	182	0.485333	100	[50000001,50100000]
3	50100001	180	0.48	100	[50100001,50200000]
3	50200001	183	0.488	100	[50200001,50300000]
3	49200000	179	0.477333	100	[49100001,49200000]
3	49300000	190	0.506667	100	[49200001,49300000]
3	49500000	184	0.490667	100	[49400001,49500000]
3	49600000	183	0.488	100	[49500001,49600000]
3	49800000	180	0.48	100	[49700001,49800000]
3	49900000	182	0.485333	100	[49800001,49900000]
3	50000000	181	0.482667	100	[49900001,50000000]
3	50100000	182	0.485333	100	[50000001,50100000]
3	50200000	180	0.48	100	[50100001,50200000]
3	50300000	183	0.488	100	[50200001,50300000]
