CHR	POS	COUNT	FREQUENCY	Length_kb	Hotspot_interval
3	32800001	123	0.328	300	[32800001,33100000]
3	33100001	127	0.338667	100	[33100001,33200000]
3	33200001	130	0.346667	100	[33200001,33300000]
3	33300001	131	0.349333	100	[33300001,33400000]
3	33400001	141	0.376	100	[33400001,33500000]
3	33500001	142	0.378667	100	[33500001,33600000]
3	33600001	139	0.370667	100	[33600001,33700000]
3	33700001	144	0.384	100	[33700001,33800000]
3	33800001	127	0.338667	100	[33800001,33900000]
3	33100000	123	0.328	300	[32800001,33100000]
3	33200000	127	0.338667	100	[33100001,33200000]
3	33300000	130	0.346667	100	[33200001,33300000]
3	33400000	131	0.349333	100	[33300001,33400000]
3	33500000	141	0.376	100	[33400001,33500000]
3	33600000	142	0.378667	100	[33500001,33600000]
3	33700000	139	0.370667	100	[33600001,33700000]
3	33800000	144	0.384	100	[33700001,33800000]
3	33900000	127	0.338667	100	[33800001,33900000]
