CHR	POS	COUNT	FREQUENCY	Length_kb	Hotspot_interval
3	73000001	199	0.530667	100	[73000001,73100000]
3	73700001	176	0.469333	400	[73700001,74100000]
3	88500001	179	0.477333	100	[88500001,88600000]
3	88600001	178	0.474667	100	[88600001,88700000]
3	88700001	177	0.472	100	[88700001,88800000]
3	88800001	176	0.469333	100	[88800001,88900000]
3	88900001	183	0.488	100	[88900001,89000000]
3	89000001	179	0.477333	100	[89000001,89100000]
3	89200001	176	0.469333	300	[89200001,89500000]
3	89800001	177	0.472	200	[89800001,90000000]
3	73100000	199	0.530667	100	[73000001,73100000]
3	74100000	176	0.469333	400	[73700001,74100000]
3	88600000	179	0.477333	100	[88500001,88600000]
3	88700000	178	0.474667	100	[88600001,88700000]
3	88800000	177	0.472	100	[88700001,88800000]
3	88900000	176	0.469333	100	[88800001,88900000]
3	89000000	183	0.488	100	[88900001,89000000]
3	89100000	179	0.477333	100	[89000001,89100000]
3	89500000	176	0.469333	300	[89200001,89500000]
3	90000000	177	0.472	200	[89800001,90000000]
