CHR	POS	COUNT	FREQUENCY	Length_kb	Hotspot_interval
3	15400001	202	0.538667	100	[15400001,15500000]
3	15500001	199	0.530667	100	[15500001,15600000]
3	15600001	197	0.525333	100	[15600001,15700000]
3	15700001	198	0.528	100	[15700001,15800000]
3	15800001	202	0.538667	100	[15800001,15900000]
3	15900001	203	0.541333	300	[15900001,16200000]
3	16200001	204	0.544	200	[16200001,16400000]
3	15500000	202	0.538667	100	[15400001,15500000]
3	15600000	199	0.530667	100	[15500001,15600000]
3	15700000	197	0.525333	100	[15600001,15700000]
3	15800000	198	0.528	100	[15700001,15800000]
3	15900000	202	0.538667	100	[15800001,15900000]
3	16200000	203	0.541333	300	[15900001,16200000]
3	16400000	204	0.544	200	[16200001,16400000]
