CHR	POS	COUNT	FREQUENCY	Length_kb	Hotspot_interval
3	18900001	174	0.464	200	[18900001,19100000]
3	19100001	169	0.450667	100	[19100001,19200000]
3	19200001	168	0.448	100	[19200001,19300000]
3	20500001	168	0.448	100	[20500001,20600000]
3	20800001	171	0.456	100	[20800001,20900000]
3	20900001	174	0.464	100	[20900001,21000000]
3	21000001	171	0.456	100	[21000001,21100000]
3	21100001	186	0.496	100	[21100001,21200000]
3	21200001	183	0.488	100	[21200001,21300000]
3	19100000	174	0.464	200	[18900001,19100000]
3	19200000	169	0.450667	100	[19100001,19200000]
3	19300000	168	0.448	100	[19200001,19300000]
3	20600000	168	0.448	100	[20500001,20600000]
3	20900000	171	0.456	100	[20800001,20900000]
3	21000000	174	0.464	100	[20900001,21000000]
3	21100000	171	0.456	100	[21000001,21100000]
3	21200000	186	0.496	100	[21100001,21200000]
3	21300000	183	0.488	100	[21200001,21300000]
