CHR	POS	COUNT	FREQUENCY	Length_kb	Hotspot_interval
3	68400001	175	0.466667	100	[68400001,68500000]
3	68500001	174	0.464	100	[68500001,68600000]
3	68600001	173	0.461333	100	[68600001,68700000]
3	68700001	172	0.458667	300	[68700001,69000000]
3	69000001	174	0.464	100	[69000001,69100000]
3	69100001	172	0.458667	100	[69100001,69200000]
3	69200001	176	0.469333	100	[69200001,69300000]
3	69500001	174	0.464	100	[69500001,69600000]
3	69700001	177	0.472	100	[69700001,69800000]
3	68500000	175	0.466667	100	[68400001,68500000]
3	68600000	174	0.464	100	[68500001,68600000]
3	68700000	173	0.461333	100	[68600001,68700000]
3	69000000	172	0.458667	300	[68700001,69000000]
3	69100000	174	0.464	100	[69000001,69100000]
3	69200000	172	0.458667	100	[69100001,69200000]
3	69300000	176	0.469333	100	[69200001,69300000]
3	69600000	174	0.464	100	[69500001,69600000]
3	69800000	177	0.472	100	[69700001,69800000]
