CHR	POS	COUNT	FREQUENCY	Length_kb	Hotspot_interval
3	31000001	134	0.357333	100	[31000001,31100000]
3	31100001	148	0.394667	100	[31100001,31200000]
3	31200001	149	0.397333	100	[31200001,31300000]
3	31300001	132	0.352	100	[31300001,31400000]
3	31400001	131	0.349333	200	[31400001,31600000]
3	46100001	134	0.357333	100	[46100001,46200000]
3	46200001	133	0.354667	100	[46200001,46300000]
3	49200001	132	0.352	200	[49200001,49400000]
3	31100000	134	0.357333	100	[31000001,31100000]
3	31200000	148	0.394667	100	[31100001,31200000]
3	31300000	149	0.397333	100	[31200001,31300000]
3	31400000	132	0.352	100	[31300001,31400000]
3	31600000	131	0.349333	200	[31400001,31600000]
3	46200000	134	0.357333	100	[46100001,46200000]
3	46300000	133	0.354667	100	[46200001,46300000]
3	49400000	132	0.352	200	[49200001,49400000]
