CHR	POS	COUNT	FREQUENCY	Length_kb	Hotspot_interval
3	55300001	157	0.418667	100	[55300001,55400000]
3	55400001	159	0.424	100	[55400001,55500000]
3	60900001	159	0.424	200	[60900001,61100000]
3	82200001	156	0.416	100	[82200001,82300000]
3	82800001	168	0.448	100	[82800001,82900000]
3	90900001	160	0.426667	400	[90900001,91300000]
3	91300001	156	0.416	100	[91300001,91400000]
3	55400000	157	0.418667	100	[55300001,55400000]
3	55500000	159	0.424	100	[55400001,55500000]
3	61100000	159	0.424	200	[60900001,61100000]
3	82300000	156	0.416	100	[82200001,82300000]
3	82900000	168	0.448	100	[82800001,82900000]
3	91300000	160	0.426667	400	[90900001,91300000]
3	91400000	156	0.416	100	[91300001,91400000]
