CHR	POS	COUNT	FREQUENCY	Length_kb	Hotspot_interval
3	39800001	270	0.72	200	[39800001,40000000]
3	40000001	272	0.725333	200	[40000001,40200000]
3	40200001	277	0.738667	100	[40200001,40300000]
3	40300001	280	0.746667	200	[40300001,40500000]
3	40500001	281	0.749333	100	[40500001,40600000]
3	40600001	269	0.717333	300	[40600001,40900000]
3	40000000	270	0.72	200	[39800001,40000000]
3	40200000	272	0.725333	200	[40000001,40200000]
3	40300000	277	0.738667	100	[40200001,40300000]
3	40500000	280	0.746667	200	[40300001,40500000]
3	40600000	281	0.749333	100	[40500001,40600000]
3	40900000	269	0.717333	300	[40600001,40900000]
