CHR	POS	COUNT	FREQUENCY	Length_kb	Hotspot_interval
3	82100001	200	0.533333	100	[82100001,82200000]
3	82200001	226	0.602667	200	[82200001,82400000]
3	82400001	221	0.589333	100	[82400001,82500000]
3	82500001	219	0.584	100	[82500001,82600000]
3	82600001	221	0.589333	100	[82600001,82700000]
3	82700001	223	0.594667	100	[82700001,82800000]
3	82800001	206	0.549333	100	[82800001,82900000]
3	82900001	203	0.541333	100	[82900001,83000000]
3	83000001	207	0.552	100	[83000001,83100000]
3	83100001	200	0.533333	100	[83100001,83200000]
3	82200000	200	0.533333	100	[82100001,82200000]
3	82400000	226	0.602667	200	[82200001,82400000]
3	82500000	221	0.589333	100	[82400001,82500000]
3	82600000	219	0.584	100	[82500001,82600000]
3	82700000	221	0.589333	100	[82600001,82700000]
3	82800000	223	0.594667	100	[82700001,82800000]
3	82900000	206	0.549333	100	[82800001,82900000]
3	83000000	203	0.541333	100	[82900001,83000000]
3	83100000	207	0.552	100	[83000001,83100000]
3	83200000	200	0.533333	100	[83100001,83200000]
