CHR	POS	COUNT	FREQUENCY	Length_kb	Hotspot_interval
3	63800001	212	0.565333	100	[63800001,63900000]
3	64100001	258	0.688	100	[64100001,64200000]
3	64200001	257	0.685333	100	[64200001,64300000]
3	64300001	267	0.712	100	[64300001,64400000]
3	64400001	268	0.714667	100	[64400001,64500000]
3	64500001	214	0.570667	100	[64500001,64600000]
3	64800001	207	0.552	100	[64800001,64900000]
3	64900001	211	0.562667	200	[64900001,65100000]
3	65100001	210	0.56	100	[65100001,65200000]
3	65200001	207	0.552	200	[65200001,65400000]
3	63900000	212	0.565333	100	[63800001,63900000]
3	64200000	258	0.688	100	[64100001,64200000]
3	64300000	257	0.685333	100	[64200001,64300000]
3	64400000	267	0.712	100	[64300001,64400000]
3	64500000	268	0.714667	100	[64400001,64500000]
3	64600000	214	0.570667	100	[64500001,64600000]
3	64900000	207	0.552	100	[64800001,64900000]
3	65100000	211	0.562667	200	[64900001,65100000]
3	65200000	210	0.56	100	[65100001,65200000]
3	65400000	207	0.552	200	[65200001,65400000]
