Fifth_Percentile	Avg_H_e
0.150554327703333	0.316193747412952
