CHR	POS	COUNT	FREQUENCY	Length_kb	Hotspot_interval
3	67000001	412	0.992771	300	[67000001,67300000]
3	67300001	409	0.985542	1200	[67300001,68500000]
3	68800001	410	0.987952	300	[68800001,69100000]
3	67300000	412	0.992771	300	[67000001,67300000]
3	68500000	409	0.985542	1200	[67300001,68500000]
3	69100000	410	0.987952	300	[68800001,69100000]
