CHR	POS	COUNT	FREQUENCY	Length_kb	Hotspot_interval
3	90600001	339	0.816867	100	[90600001,90700000]
3	90700001	338	0.814458	100	[90700001,90800000]
3	90800001	333	0.80241	300	[90800001,91100000]
3	91100001	332	0.8	600	[91100001,91700000]
3	90700000	339	0.816867	100	[90600001,90700000]
3	90800000	338	0.814458	100	[90700001,90800000]
3	91100000	333	0.80241	300	[90800001,91100000]
3	91700000	332	0.8	600	[91100001,91700000]
