CHR	POS	COUNT	FREQUENCY	Length_kb	Hotspot_interval
3	48800001	414	0.99759	800	[48800001,49600000]
3	49600001	412	0.992771	600	[49600001,50200000]
3	49600000	414	0.99759	800	[48800001,49600000]
3	50200000	412	0.992771	600	[49600001,50200000]
