CHR	POS	COUNT	FREQUENCY	Length_kb	Hotspot_interval
3	45500001	407	0.980723	900	[45500001,46400000]
3	46400001	402	0.968675	200	[46400001,46600000]
3	46400000	407	0.980723	900	[45500001,46400000]
3	46600000	402	0.968675	200	[46400001,46600000]
