CHR	POS	COUNT	FREQUENCY	Length_kb	Hotspot_interval
3	59000001	414	0.99759	100	[59000001,59100000]
3	59100001	410	0.987952	800	[59100001,59900000]
3	59900001	409	0.985542	100	[59900001,60000000]
3	59100000	414	0.99759	100	[59000001,59100000]
3	59900000	410	0.987952	800	[59100001,59900000]
3	60000000	409	0.985542	100	[59900001,60000000]
