CHR	POS	COUNT	FREQUENCY	Length_kb	Hotspot_interval
3	12700001	398	0.959036	100	[12700001,12800000]
3	12800001	388	0.93494	100	[12800001,12900000]
3	12900001	387	0.93253	400	[12900001,13300000]
3	13300001	397	0.956627	700	[13300001,14000000]
3	12800000	398	0.959036	100	[12700001,12800000]
3	12900000	388	0.93494	100	[12800001,12900000]
3	13300000	387	0.93253	400	[12900001,13300000]
3	14000000	397	0.956627	700	[13300001,14000000]
