CHR	POS	COUNT	FREQUENCY	Length_kb	Hotspot_interval
3	37800001	324	0.780723	1000	[37800001,38800000]
3	38800000	324	0.780723	1000	[37800001,38800000]
