CHR	POS	COUNT	FREQUENCY	Length_kb	Hotspot_interval
3	73500001	400	0.963855	200	[73500001,73700000]
3	73700001	401	0.966265	900	[73700001,74600000]
3	73700000	400	0.963855	200	[73500001,73700000]
3	74600000	401	0.966265	900	[73700001,74600000]
