CHR	POS	COUNT	FREQUENCY	Length_kb	Hotspot_interval
3	13600001	379	0.913253	400	[13600001,14000000]
3	14000001	382	0.920482	100	[14000001,14100000]
3	14100001	411	0.990361	500	[14100001,14600000]
3	14000000	379	0.913253	400	[13600001,14000000]
3	14100000	382	0.920482	100	[14000001,14100000]
3	14600000	411	0.990361	500	[14100001,14600000]
