CHR	POS	COUNT	FREQUENCY	Length_kb	Hotspot_interval
3	85300001	385	0.927711	200	[85300001,85500000]
3	85500001	395	0.951807	600	[85500001,86100000]
3	86300001	373	0.898795	200	[86300001,86500000]
3	85500000	385	0.927711	200	[85300001,85500000]
3	86100000	395	0.951807	600	[85500001,86100000]
3	86500000	373	0.898795	200	[86300001,86500000]
