CHR	POS	COUNT	FREQUENCY	Length_kb	Hotspot_interval
3	45000001	413	0.995181	800	[45000001,45800000]
3	45800001	406	0.978313	700	[45800001,46500000]
3	45800000	413	0.995181	800	[45000001,45800000]
3	46500000	406	0.978313	700	[45800001,46500000]
