CHR	POS	COUNT	FREQUENCY	Length_kb	Hotspot_interval
3	6400001	414	0.99759	100	[6400001,6500000]
3	6500001	412	0.992771	500	[6500001,7000000]
3	7000001	406	0.978313	500	[7000001,7500000]
3	6500000	414	0.99759	100	[6400001,6500000]
3	7000000	412	0.992771	500	[6500001,7000000]
3	7500000	406	0.978313	500	[7000001,7500000]
