CHR	POS	COUNT	FREQUENCY	Length_kb	Hotspot_interval
3	100001	415	1	900	[100001,1000000]
3	1000001	378	0.910843	100	[1000001,1100000]
3	1000000	415	1	900	[100001,1000000]
3	1100000	378	0.910843	100	[1000001,1100000]
