CHR	POS	COUNT	FREQUENCY	Length_kb	Hotspot_interval
3	81600001	389	0.937349	600	[81600001,82200000]
3	82200001	387	0.93253	100	[82200001,82300000]
3	90600001	384	0.925301	1800	[90600001,92400000]
3	82200000	389	0.937349	600	[81600001,82200000]
3	82300000	387	0.93253	100	[82200001,82300000]
3	92400000	384	0.925301	1800	[90600001,92400000]
