CHR	POS	COUNT	FREQUENCY	Length_kb	Hotspot_interval
3	86000001	405	0.975904	400	[86000001,86400000]
3	86500001	405	0.975904	500	[86500001,87000000]
3	89700001	415	1	700	[89700001,90400000]
3	90400001	414	0.99759	200	[90400001,90600000]
3	86400000	405	0.975904	400	[86000001,86400000]
3	87000000	405	0.975904	500	[86500001,87000000]
3	90400000	415	1	700	[89700001,90400000]
3	90600000	414	0.99759	200	[90400001,90600000]
