CHR	POS	COUNT	FREQUENCY	Length_kb	Hotspot_interval
3	75400001	246	0.592771	800	[75400001,76200000]
3	76200001	202	0.486747	200	[76200001,76400000]
3	76200000	246	0.592771	800	[75400001,76200000]
3	76400000	202	0.486747	200	[76200001,76400000]
