CHR	POS	COUNT	FREQUENCY	Length_kb	Hotspot_interval
3	57900001	281	0.677108	700	[57900001,58600000]
3	91300001	279	0.672289	100	[91300001,91400000]
3	91400001	273	0.657831	400	[91400001,91800000]
3	58600000	281	0.677108	700	[57900001,58600000]
3	91400000	279	0.672289	100	[91300001,91400000]
3	91800000	273	0.657831	400	[91400001,91800000]
