CHR	POS	COUNT	FREQUENCY	Length_kb	Hotspot_interval
3	74000001	375	0.903614	200	[74000001,74200000]
3	75500001	373	0.898795	100	[75500001,75600000]
3	75600001	372	0.896386	300	[75600001,75900000]
3	75900001	371	0.893976	400	[75900001,76300000]
3	74200000	375	0.903614	200	[74000001,74200000]
3	75600000	373	0.898795	100	[75500001,75600000]
3	75900000	372	0.896386	300	[75600001,75900000]
3	76300000	371	0.893976	400	[75900001,76300000]
