CHR	POS	COUNT	FREQUENCY	Length_kb	Hotspot_interval
3	68700001	414	0.99759	700	[68700001,69400000]
3	69400001	407	0.980723	500	[69400001,69900000]
3	69400000	414	0.99759	700	[68700001,69400000]
3	69900000	407	0.980723	500	[69400001,69900000]
