CHR	POS	COUNT	FREQUENCY	Length_kb	Hotspot_interval
3	17500001	408	0.983133	1000	[17500001,18500000]
3	18500000	408	0.983133	1000	[17500001,18500000]
