CHR	POS	COUNT	FREQUENCY	Length_kb	Hotspot_interval
3	28300001	414	0.99759	1000	[28300001,29300000]
3	29300000	414	0.99759	1000	[28300001,29300000]
