CHR	POS	COUNT	FREQUENCY	Length_kb	Hotspot_interval
3	12400001	414	0.99759	800	[12400001,13200000]
3	13200001	399	0.961446	300	[13200001,13500000]
3	13200000	414	0.99759	800	[12400001,13200000]
3	13500000	399	0.961446	300	[13200001,13500000]
