CHR	POS	COUNT	FREQUENCY	Length_kb	Hotspot_interval
3	83000001	415	1	900	[83000001,83900000]
3	84200001	414	0.99759	800	[84200001,85000000]
3	83900000	415	1	900	[83000001,83900000]
3	85000000	414	0.99759	800	[84200001,85000000]
