CHR	POS	COUNT	FREQUENCY	Length_kb	Hotspot_interval
3	79900001	391	0.942169	100	[79900001,80000000]
3	80300001	391	0.942169	500	[80300001,80800000]
3	80800001	398	0.959036	400	[80800001,81200000]
3	81200001	396	0.954217	100	[81200001,81300000]
3	80000000	391	0.942169	100	[79900001,80000000]
3	80800000	391	0.942169	500	[80300001,80800000]
3	81200000	398	0.959036	400	[80800001,81200000]
3	81300000	396	0.954217	100	[81200001,81300000]
