CHR	POS	COUNT	FREQUENCY	Length_kb	Hotspot_interval
3	59500001	414	0.99759	800	[59500001,60300000]
3	60300001	373	0.898795	400	[60300001,60700000]
3	60300000	414	0.99759	800	[59500001,60300000]
3	60700000	373	0.898795	400	[60300001,60700000]
