CHR	POS	COUNT	FREQUENCY	Length_kb	Hotspot_interval
3	34800001	375	0.903614	300	[34800001,35100000]
3	35100001	389	0.937349	900	[35100001,36000000]
3	35100000	375	0.903614	300	[34800001,35100000]
3	36000000	389	0.937349	900	[35100001,36000000]
