CHR	POS	COUNT	FREQUENCY	Length_kb	Hotspot_interval
3	80500001	357	0.860241	400	[80500001,80900000]
3	80900001	378	0.910843	200	[80900001,81100000]
3	81100001	389	0.937349	200	[81100001,81300000]
3	81300001	391	0.942169	500	[81300001,81800000]
3	80900000	357	0.860241	400	[80500001,80900000]
3	81100000	378	0.910843	200	[80900001,81100000]
3	81300000	389	0.937349	200	[81100001,81300000]
3	81800000	391	0.942169	500	[81300001,81800000]
