CHR	POS	COUNT	FREQUENCY	Length_kb	Hotspot_interval
3	76400001	396	0.954217	100	[76400001,76500000]
3	76500001	401	0.966265	900	[76500001,77400000]
3	76500000	396	0.954217	100	[76400001,76500000]
3	77400000	401	0.966265	900	[76500001,77400000]
