CHR	POS	COUNT	FREQUENCY	Length_kb	Hotspot_interval
3	88800001	411	0.990361	300	[88800001,89100000]
3	89100001	414	0.99759	800	[89100001,89900000]
3	89100000	411	0.990361	300	[88800001,89100000]
3	89900000	414	0.99759	800	[89100001,89900000]
