CHR	POS	COUNT	FREQUENCY	Length_kb	Hotspot_interval
3	47900001	319	0.768675	200	[47900001,48100000]
3	48100001	392	0.944578	600	[48100001,48700000]
3	48700001	331	0.79759	300	[48700001,49000000]
3	48100000	319	0.768675	200	[47900001,48100000]
3	48700000	392	0.944578	600	[48100001,48700000]
3	49000000	331	0.79759	300	[48700001,49000000]
