Model,H_e,Lower_CI,Upper_CI,Under_Selection
s=0.4,0.17373,0.11716,0.23029,Yes
Neutral,0.18256,0.17907,0.18606,No
s=0.5,0.19083,0.13651,0.24514,No
s=0.6,0.19938,0.13978,0.25899,No
s=0.8,0.24925,0.17405,0.32444,No
s=0.7,0.28219,0.20202,0.36235,No
