CHR	POS	COUNT	FREQUENCY	Length_kb	Hotspot_interval
6	23600001	147	0.662162	800	[23600001,24400000]
6	24400001	146	0.657658	400	[24400001,24800000]
6	24800001	154	0.693694	100	[24800001,24900000]
6	24900001	124	0.558559	100	[24900001,25000000]
6	24400000	147	0.662162	800	[23600001,24400000]
6	24800000	146	0.657658	400	[24400001,24800000]
6	24900000	154	0.693694	100	[24800001,24900000]
6	25000000	124	0.558559	100	[24900001,25000000]
