CHR	POS	COUNT	FREQUENCY	Length_kb	Hotspot_interval
24	24600001	143	0.644144	300	[24600001,24900000]
24	24900001	145	0.653153	100	[24900001,25000000]
24	25000001	146	0.657658	500	[25000001,25500000]
24	25500001	145	0.653153	400	[25500001,25900000]
24	24900000	143	0.644144	300	[24600001,24900000]
24	25000000	145	0.653153	100	[24900001,25000000]
24	25500000	146	0.657658	500	[25000001,25500000]
24	25900000	145	0.653153	400	[25500001,25900000]
