#IID	F_ROH	ROH_length_kB	KBAVG
3331	0.11487	10617.3	3539.09
3332	0.13724	12685.4	6342.72
3333	0.19608	18123.7	4530.93
3334	0.53743	49674.6	12418.7
3335	0.38992	36040.2	7208.05
3336	0.27828	25721.4	6430.36
3337	0.13694	12657.6	4219.21
3338	0.44363	41004.7	13668.2
3339	0.15587	14407.2	4802.41
3340	0.21617	19980.3	6660.1
3341	0.34407	31802	6360.4
3342	0.26981	24938	4987.6
3343	0.31220	28856.3	7214.08
3344	0.12266	11337.7	5668.85
3345	0.19417	17947.2	5982.41
3346	0.23381	21610.7	7203.55
3347	0.14303	13220.1	6610.04
3348	0.28530	26370.2	5274.04
3349	0.48643	44960.4	5620.04
3350	0.15463	14292	4764
3351	0.08891	8217.98	4108.99
3352	0.25011	23117.4	7705.81
3353	0.13789	12745	6372.5
3354	0.08695	8036.59	4018.3
3355	0.18043	16676.6	4169.14
3356	0.18658	17245.9	5748.65
3357	0.08046	7437.03	3718.52
3358	0.37034	34230.7	8557.67
3359	0.09962	9207.46	4603.73
3360	0.28262	26122.7	5224.53
3361	0.10725	9912.97	4956.49
3362	0.25884	23924.7	3987.45
3363	0.18933	17500.1	4375.02
3364	0.17487	16162.8	5387.59
3365	0.09195	8498.43	4249.22
3366	0.24866	22983.9	11491.9
3367	0.18336	16947.4	5649.13
3368	0.12637	11680.4	3893.47
3369	0.08488	7845.17	3922.59
3370	0.29221	27009.1	5401.82
3371	0.54032	49941.6	9988.32
3372	0.30993	28646.9	9548.96
3373	0.17931	16573.9	8286.93
3374	0.10694	9884.12	3294.71
3375	0.29619	27377	9125.68
3376	0.17156	15857.5	3964.36
3377	0.34737	32107	16053.5
3378	0.20309	18771.6	4692.9
3379	0.14783	13663.7	4554.56
3380	0.12430	11489.2	3829.72
3381	0.36794	34008.1	6801.61
3382	0.54894	50737.8	5637.54
3383	0.38375	35469.5	7093.9
3384	0.14589	13484.4	4494.8
3385	0.29700	27451.1	6862.77
3386	0.13351	12340.4	6170.18
3387	0.16104	14885.2	4961.74
3388	0.27810	25704.4	8568.15
3389	0.19190	17737.5	5912.51
3390	0.16088	14869.7	4956.57
3391	0.14064	12998.9	4332.97
3392	0.26830	24799	6199.74
3393	0.15664	14477.8	4825.94
3394	0.19313	17850.6	8925.28
3395	0.23561	21777.7	7259.25
3396	0.17213	15910.2	5303.4
3397	0.45903	42427.7	14142.6
3398	0.11065	10227.7	5113.86
3399	0.24529	22671.9	7557.3
3400	0.32828	30342.9	6068.58
