Simulation	Fifth_Percentile
Simulation 3	0.12797740244
Simulation 1	0.133189753763333
Simulation 2	0.13362572097
Simulation 4	0.14331242468
Simulation 5	0.148500101205
