Simulation	Fifth_Percentile
Simulation 2	0.11460301728
Simulation 1	0.1147511358
Simulation 4	0.124411511715
Simulation 3	0.1244502222
Simulation 5	0.1340085432
