Simulation	Fifth_Percentile
Simulation 5	0.1147511358
Simulation 2	0.12299535924
Simulation 3	0.1244502222
Simulation 1	0.13257479505
Simulation 4	0.1340085432
