Simulation	Fifth_Percentile
Simulation 2	0.1244502222
Simulation 3	0.125055974055
Simulation 1	0.1340085432
Simulation 4	0.1434605432
Simulation 5	0.145817653065
