CHR	POS	COUNT	FREQUENCY	Length_kb	Hotspot_interval
3	23100001	369	0.997297	600	[23100001,23700000]
3	23700001	368	0.994595	200	[23700001,23900000]
3	23900001	369	0.997297	300	[23900001,24200000]
3	23700000	369	0.997297	600	[23100001,23700000]
3	23900000	368	0.994595	200	[23700001,23900000]
3	24200000	369	0.997297	300	[23900001,24200000]
