CHR	POS	COUNT	FREQUENCY	Length_kb	Hotspot_interval
3	86500001	214	0.578378	100	[86500001,86600000]
3	86800001	214	0.578378	100	[86800001,86900000]
3	87300001	260	0.702703	100	[87300001,87400000]
3	87600001	218	0.589189	100	[87600001,87700000]
3	87700001	226	0.610811	100	[87700001,87800000]
3	87800001	225	0.608108	200	[87800001,88000000]
3	88200001	218	0.589189	100	[88200001,88300000]
3	88300001	219	0.591892	100	[88300001,88400000]
3	88400001	223	0.602703	100	[88400001,88500000]
3	88500001	216	0.583784	100	[88500001,88600000]
3	86600000	214	0.578378	100	[86500001,86600000]
3	86900000	214	0.578378	100	[86800001,86900000]
3	87400000	260	0.702703	100	[87300001,87400000]
3	87700000	218	0.589189	100	[87600001,87700000]
3	87800000	226	0.610811	100	[87700001,87800000]
3	88000000	225	0.608108	200	[87800001,88000000]
3	88300000	218	0.589189	100	[88200001,88300000]
3	88400000	219	0.591892	100	[88300001,88400000]
3	88500000	223	0.602703	100	[88400001,88500000]
3	88600000	216	0.583784	100	[88500001,88600000]
