CHR	POS	COUNT	FREQUENCY	Length_kb	Hotspot_interval
3	47000001	271	0.732432	200	[47000001,47200000]
3	47700001	271	0.732432	100	[47700001,47800000]
3	47900001	287	0.775676	100	[47900001,48000000]
3	48000001	274	0.740541	300	[48000001,48300000]
3	91400001	276	0.745946	100	[91400001,91500000]
3	91500001	284	0.767568	100	[91500001,91600000]
3	91600001	275	0.743243	100	[91600001,91700000]
3	91700001	274	0.740541	200	[91700001,91900000]
3	47200000	271	0.732432	200	[47000001,47200000]
3	47800000	271	0.732432	100	[47700001,47800000]
3	48000000	287	0.775676	100	[47900001,48000000]
3	48300000	274	0.740541	300	[48000001,48300000]
3	91500000	276	0.745946	100	[91400001,91500000]
3	91600000	284	0.767568	100	[91500001,91600000]
3	91700000	275	0.743243	100	[91600001,91700000]
3	91900000	274	0.740541	200	[91700001,91900000]
