CHR	POS	COUNT	FREQUENCY	Length_kb	Hotspot_interval
3	67400001	271	0.732432	200	[67400001,67600000]
3	67600001	270	0.72973	100	[67600001,67700000]
3	67700001	286	0.772973	200	[67700001,67900000]
3	73500001	250	0.675676	200	[73500001,73700000]
3	73700001	256	0.691892	100	[73700001,73800000]
3	73800001	250	0.675676	100	[73800001,73900000]
3	74500001	254	0.686486	100	[74500001,74600000]
3	67600000	271	0.732432	200	[67400001,67600000]
3	67700000	270	0.72973	100	[67600001,67700000]
3	67900000	286	0.772973	200	[67700001,67900000]
3	73700000	250	0.675676	200	[73500001,73700000]
3	73800000	256	0.691892	100	[73700001,73800000]
3	73900000	250	0.675676	100	[73800001,73900000]
3	74600000	254	0.686486	100	[74500001,74600000]
