CHR	POS	COUNT	FREQUENCY	Length_kb	Hotspot_interval
3	10500001	356	0.962162	1100	[10500001,11600000]
3	11600000	356	0.962162	1100	[10500001,11600000]
