CHR	POS	COUNT	FREQUENCY	Length_kb	Hotspot_interval
3	2900001	342	0.924324	400	[2900001,3300000]
3	3400001	346	0.935135	200	[3400001,3600000]
3	5600001	351	0.948649	600	[5600001,6200000]
3	8700001	342	0.924324	200	[8700001,8900000]
3	3300000	342	0.924324	400	[2900001,3300000]
3	3600000	346	0.935135	200	[3400001,3600000]
3	6200000	351	0.948649	600	[5600001,6200000]
3	8900000	342	0.924324	200	[8700001,8900000]
