CHR	POS	COUNT	FREQUENCY	Length_kb	Hotspot_interval
3	64700001	233	0.62973	200	[64700001,64900000]
3	65100001	225	0.608108	300	[65100001,65400000]
3	77600001	225	0.608108	100	[77600001,77700000]
3	77700001	232	0.627027	100	[77700001,77800000]
3	77800001	241	0.651351	100	[77800001,77900000]
3	77900001	243	0.656757	100	[77900001,78000000]
3	78400001	250	0.675676	200	[78400001,78600000]
3	78600001	246	0.664865	100	[78600001,78700000]
3	78700001	229	0.618919	100	[78700001,78800000]
3	64900000	233	0.62973	200	[64700001,64900000]
3	65400000	225	0.608108	300	[65100001,65400000]
3	77700000	225	0.608108	100	[77600001,77700000]
3	77800000	232	0.627027	100	[77700001,77800000]
3	77900000	241	0.651351	100	[77800001,77900000]
3	78000000	243	0.656757	100	[77900001,78000000]
3	78600000	250	0.675676	200	[78400001,78600000]
3	78700000	246	0.664865	100	[78600001,78700000]
3	78800000	229	0.618919	100	[78700001,78800000]
