CHR	POS	COUNT	FREQUENCY	Length_kb	Hotspot_interval
3	45000001	327	0.883784	200	[45000001,45200000]
3	45200001	342	0.924324	800	[45200001,46000000]
3	45200000	327	0.883784	200	[45000001,45200000]
3	46000000	342	0.924324	800	[45200001,46000000]
