CHR	POS	COUNT	FREQUENCY	Length_kb	Hotspot_interval
3	20000001	304	0.821622	200	[20000001,20200000]
3	21300001	305	0.824324	200	[21300001,21500000]
3	78300001	315	0.851351	100	[78300001,78400000]
3	78400001	309	0.835135	200	[78400001,78600000]
3	78600001	312	0.843243	100	[78600001,78700000]
3	78700001	313	0.845946	100	[78700001,78800000]
3	78800001	311	0.840541	100	[78800001,78900000]
3	78900001	314	0.848649	100	[78900001,79000000]
3	20200000	304	0.821622	200	[20000001,20200000]
3	21500000	305	0.824324	200	[21300001,21500000]
3	78400000	315	0.851351	100	[78300001,78400000]
3	78600000	309	0.835135	200	[78400001,78600000]
3	78700000	312	0.843243	100	[78600001,78700000]
3	78800000	313	0.845946	100	[78700001,78800000]
3	78900000	311	0.840541	100	[78800001,78900000]
3	79000000	314	0.848649	100	[78900001,79000000]
