CHR	POS	COUNT	FREQUENCY	Length_kb	Hotspot_interval
3	74800001	197	0.532432	100	[74800001,74900000]
3	75500001	189	0.510811	300	[75500001,75800000]
3	75800001	194	0.524324	200	[75800001,76000000]
3	76000001	195	0.527027	100	[76000001,76100000]
3	76100001	202	0.545946	200	[76100001,76300000]
3	76300001	193	0.521622	100	[76300001,76400000]
3	76800001	192	0.518919	100	[76800001,76900000]
3	76900001	195	0.527027	100	[76900001,77000000]
3	74900000	197	0.532432	100	[74800001,74900000]
3	75800000	189	0.510811	300	[75500001,75800000]
3	76000000	194	0.524324	200	[75800001,76000000]
3	76100000	195	0.527027	100	[76000001,76100000]
3	76300000	202	0.545946	200	[76100001,76300000]
3	76400000	193	0.521622	100	[76300001,76400000]
3	76900000	192	0.518919	100	[76800001,76900000]
3	77000000	195	0.527027	100	[76900001,77000000]
