CHR	POS	COUNT	FREQUENCY	Length_kb	Hotspot_interval
3	25600001	369	0.997297	1000	[25600001,26600000]
3	26600000	369	0.997297	1000	[25600001,26600000]
