CHR	POS	COUNT	FREQUENCY	Length_kb	Hotspot_interval
3	61600001	367	0.991892	700	[61600001,62300000]
3	62700001	364	0.983784	700	[62700001,63400000]
3	62300000	367	0.991892	700	[61600001,62300000]
3	63400000	364	0.983784	700	[62700001,63400000]
