CHR	POS	COUNT	FREQUENCY	Length_kb	Hotspot_interval
3	52400001	183	0.494595	100	[52400001,52500000]
3	64400001	185	0.5	100	[64400001,64500000]
3	64500001	189	0.510811	100	[64500001,64600000]
3	64600001	188	0.508108	100	[64600001,64700000]
3	64700001	193	0.521622	300	[64700001,65000000]
3	82700001	196	0.52973	100	[82700001,82800000]
3	82800001	199	0.537838	100	[82800001,82900000]
3	83800001	186	0.502703	100	[83800001,83900000]
3	52500000	183	0.494595	100	[52400001,52500000]
3	64500000	185	0.5	100	[64400001,64500000]
3	64600000	189	0.510811	100	[64500001,64600000]
3	64700000	188	0.508108	100	[64600001,64700000]
3	65000000	193	0.521622	300	[64700001,65000000]
3	82800000	196	0.52973	100	[82700001,82800000]
3	82900000	199	0.537838	100	[82800001,82900000]
3	83900000	186	0.502703	100	[83800001,83900000]
