CHR	POS	COUNT	FREQUENCY	Length_kb	Hotspot_interval
3	78700001	350	0.945946	700	[78700001,79400000]
3	79400001	349	0.943243	200	[79400001,79600000]
3	79600001	330	0.891892	100	[79600001,79700000]
3	79400000	350	0.945946	700	[78700001,79400000]
3	79600000	349	0.943243	200	[79400001,79600000]
3	79700000	330	0.891892	100	[79600001,79700000]
