CHR	POS	COUNT	FREQUENCY	Length_kb	Hotspot_interval
3	58200001	335	0.905405	500	[58200001,58700000]
3	58700001	333	0.9	100	[58700001,58800000]
3	58800001	332	0.897297	100	[58800001,58900000]
3	58900001	331	0.894595	100	[58900001,59000000]
3	59100001	331	0.894595	100	[59100001,59200000]
3	59200001	332	0.897297	200	[59200001,59400000]
3	58700000	335	0.905405	500	[58200001,58700000]
3	58800000	333	0.9	100	[58700001,58800000]
3	58900000	332	0.897297	100	[58800001,58900000]
3	59000000	331	0.894595	100	[58900001,59000000]
3	59200000	331	0.894595	100	[59100001,59200000]
3	59400000	332	0.897297	200	[59200001,59400000]
