CHR	POS	COUNT	FREQUENCY	Length_kb	Hotspot_interval
3	32700001	358	0.967568	200	[32700001,32900000]
3	32900001	359	0.97027	400	[32900001,33300000]
3	33300001	357	0.964865	500	[33300001,33800000]
3	32900000	358	0.967568	200	[32700001,32900000]
3	33300000	359	0.97027	400	[32900001,33300000]
3	33800000	357	0.964865	500	[33300001,33800000]
