CHR	POS	COUNT	FREQUENCY	Length_kb	Hotspot_interval
3	57600001	350	0.945946	200	[57600001,57800000]
3	57800001	332	0.897297	100	[57800001,57900000]
3	57900001	325	0.878378	200	[57900001,58100000]
3	58100001	332	0.897297	100	[58100001,58200000]
3	58200001	330	0.891892	100	[58200001,58300000]
3	58300001	329	0.889189	200	[58300001,58500000]
3	58800001	331	0.894595	100	[58800001,58900000]
3	57800000	350	0.945946	200	[57600001,57800000]
3	57900000	332	0.897297	100	[57800001,57900000]
3	58100000	325	0.878378	200	[57900001,58100000]
3	58200000	332	0.897297	100	[58100001,58200000]
3	58300000	330	0.891892	100	[58200001,58300000]
3	58500000	329	0.889189	200	[58300001,58500000]
3	58900000	331	0.894595	100	[58800001,58900000]
