CHR	POS	COUNT	FREQUENCY	Length_kb	Hotspot_interval
3	27900001	335	0.905405	500	[27900001,28400000]
3	28400001	318	0.859459	200	[28400001,28600000]
3	28600001	315	0.851351	300	[28600001,28900000]
3	28400000	335	0.905405	500	[27900001,28400000]
3	28600000	318	0.859459	200	[28400001,28600000]
3	28900000	315	0.851351	300	[28600001,28900000]
