CHR	POS	COUNT	FREQUENCY	Length_kb	Hotspot_interval
3	11100001	367	0.991892	800	[11100001,11900000]
3	13500001	368	0.994595	600	[13500001,14100000]
3	11900000	367	0.991892	800	[11100001,11900000]
3	14100000	368	0.994595	600	[13500001,14100000]
