CHR	POS	COUNT	FREQUENCY	Length_kb	Hotspot_interval
3	66400001	241	0.651351	100	[66400001,66500000]
3	66500001	267	0.721622	200	[66500001,66700000]
3	66700001	265	0.716216	100	[66700001,66800000]
3	67100001	239	0.645946	100	[67100001,67200000]
3	67200001	237	0.640541	100	[67200001,67300000]
3	67300001	249	0.672973	100	[67300001,67400000]
3	67400001	246	0.664865	100	[67400001,67500000]
3	67500001	268	0.724324	200	[67500001,67700000]
3	66500000	241	0.651351	100	[66400001,66500000]
3	66700000	267	0.721622	200	[66500001,66700000]
3	66800000	265	0.716216	100	[66700001,66800000]
3	67200000	239	0.645946	100	[67100001,67200000]
3	67300000	237	0.640541	100	[67200001,67300000]
3	67400000	249	0.672973	100	[67300001,67400000]
3	67500000	246	0.664865	100	[67400001,67500000]
3	67700000	268	0.724324	200	[67500001,67700000]
