CHR	POS	COUNT	FREQUENCY	Length_kb	Hotspot_interval
3	73800001	325	0.878378	300	[73800001,74100000]
3	74400001	328	0.886486	100	[74400001,74500000]
3	74500001	340	0.918919	800	[74500001,75300000]
3	74100000	325	0.878378	300	[73800001,74100000]
3	74500000	328	0.886486	100	[74400001,74500000]
3	75300000	340	0.918919	800	[74500001,75300000]
