CHR	POS	COUNT	FREQUENCY	Length_kb	Hotspot_interval
3	32800001	366	0.989189	300	[32800001,33100000]
3	33100001	370	1	700	[33100001,33800000]
3	33100000	366	0.989189	300	[32800001,33100000]
3	33800000	370	1	700	[33100001,33800000]
