CHR	POS	COUNT	FREQUENCY	Length_kb	Hotspot_interval
3	39500001	303	0.818919	100	[39500001,39600000]
3	39600001	297	0.802703	100	[39600001,39700000]
3	39900001	287	0.775676	100	[39900001,40000000]
3	40000001	288	0.778378	300	[40000001,40300000]
3	40300001	285	0.77027	200	[40300001,40500000]
3	40500001	336	0.908108	300	[40500001,40800000]
3	39600000	303	0.818919	100	[39500001,39600000]
3	39700000	297	0.802703	100	[39600001,39700000]
3	40000000	287	0.775676	100	[39900001,40000000]
3	40300000	288	0.778378	300	[40000001,40300000]
3	40500000	285	0.77027	200	[40300001,40500000]
3	40800000	336	0.908108	300	[40500001,40800000]
