CHR	POS	COUNT	FREQUENCY	Length_kb	Hotspot_interval
3	81600001	369	0.997297	100	[81600001,81700000]
3	81700001	370	1	300	[81700001,82000000]
3	82400001	366	0.989189	600	[82400001,83000000]
3	81700000	369	0.997297	100	[81600001,81700000]
3	82000000	370	1	300	[81700001,82000000]
3	83000000	366	0.989189	600	[82400001,83000000]
