CHR	POS	COUNT	FREQUENCY	Length_kb	Hotspot_interval
3	5200001	239	0.645946	300	[5200001,5500000]
3	13700001	258	0.697297	400	[13700001,14100000]
3	14100001	237	0.640541	200	[14100001,14300000]
3	15100001	238	0.643243	100	[15100001,15200000]
3	5500000	239	0.645946	300	[5200001,5500000]
3	14100000	258	0.697297	400	[13700001,14100000]
3	14300000	237	0.640541	200	[14100001,14300000]
3	15200000	238	0.643243	100	[15100001,15200000]
