CHR	POS	COUNT	FREQUENCY	Length_kb	Hotspot_interval
3	19700001	291	0.786486	100	[19700001,19800000]
3	19800001	292	0.789189	400	[19800001,20200000]
3	20200001	290	0.783784	200	[20200001,20400000]
3	20400001	331	0.894595	400	[20400001,20800000]
3	19800000	291	0.786486	100	[19700001,19800000]
3	20200000	292	0.789189	400	[19800001,20200000]
3	20400000	290	0.783784	200	[20200001,20400000]
3	20800000	331	0.894595	400	[20400001,20800000]
