CHR	POS	COUNT	FREQUENCY	Length_kb	Hotspot_interval
3	13100001	335	0.905405	200	[13100001,13300000]
3	13300001	361	0.975676	600	[13300001,13900000]
3	13900001	352	0.951351	100	[13900001,14000000]
3	14000001	322	0.87027	100	[14000001,14100000]
3	13300000	335	0.905405	200	[13100001,13300000]
3	13900000	361	0.975676	600	[13300001,13900000]
3	14000000	352	0.951351	100	[13900001,14000000]
3	14100000	322	0.87027	100	[14000001,14100000]
