CHR	POS	COUNT	FREQUENCY	Length_kb	Hotspot_interval
3	90000001	350	0.945946	800	[90000001,90800000]
3	90800001	353	0.954054	700	[90800001,91500000]
3	90800000	350	0.945946	800	[90000001,90800000]
3	91500000	353	0.954054	700	[90800001,91500000]
