CHR	POS	COUNT	FREQUENCY	Length_kb	Hotspot_interval
3	400001	284	0.767568	200	[400001,600000]
3	600001	286	0.772973	100	[600001,700000]
3	700001	290	0.783784	100	[700001,800000]
3	800001	296	0.8	500	[800001,1300000]
3	1300001	295	0.797297	100	[1300001,1400000]
3	600000	284	0.767568	200	[400001,600000]
3	700000	286	0.772973	100	[600001,700000]
3	800000	290	0.783784	100	[700001,800000]
3	1300000	296	0.8	500	[800001,1300000]
3	1400000	295	0.797297	100	[1300001,1400000]
