CHR	POS	COUNT	FREQUENCY	Length_kb	Hotspot_interval
3	29500001	354	0.956757	500	[29500001,30000000]
3	37500001	363	0.981081	600	[37500001,38100000]
3	30000000	354	0.956757	500	[29500001,30000000]
3	38100000	363	0.981081	600	[37500001,38100000]
