CHR	POS	COUNT	FREQUENCY	Length_kb	Hotspot_interval
3	88900001	333	0.9	800	[88900001,89700000]
3	91300001	331	0.894595	100	[91300001,91400000]
3	91400001	335	0.905405	100	[91400001,91500000]
3	89700000	333	0.9	800	[88900001,89700000]
3	91400000	331	0.894595	100	[91300001,91400000]
3	91500000	335	0.905405	100	[91400001,91500000]
