CHR	POS	COUNT	FREQUENCY	Length_kb	Hotspot_interval
3	19100001	347	0.937838	200	[19100001,19300000]
3	19300001	343	0.927027	100	[19300001,19400000]
3	19600001	360	0.972973	700	[19600001,20300000]
3	19300000	347	0.937838	200	[19100001,19300000]
3	19400000	343	0.927027	100	[19300001,19400000]
3	20300000	360	0.972973	700	[19600001,20300000]
