CHR	POS	COUNT	FREQUENCY	Length_kb	Hotspot_interval
3	70800001	221	0.597297	200	[70800001,71000000]
3	71000001	220	0.594595	100	[71000001,71100000]
3	71100001	217	0.586486	100	[71100001,71200000]
3	71200001	218	0.589189	300	[71200001,71500000]
3	72100001	217	0.586486	100	[72100001,72200000]
3	75600001	225	0.608108	100	[75600001,75700000]
3	75700001	221	0.597297	100	[75700001,75800000]
3	71000000	221	0.597297	200	[70800001,71000000]
3	71100000	220	0.594595	100	[71000001,71100000]
3	71200000	217	0.586486	100	[71100001,71200000]
3	71500000	218	0.589189	300	[71200001,71500000]
3	72200000	217	0.586486	100	[72100001,72200000]
3	75700000	225	0.608108	100	[75600001,75700000]
3	75800000	221	0.597297	100	[75700001,75800000]
