CHR	POS	COUNT	FREQUENCY	Length_kb	Hotspot_interval
3	18000001	341	0.921622	400	[18000001,18400000]
3	18800001	347	0.937838	200	[18800001,19000000]
3	19000001	343	0.927027	100	[19000001,19100000]
3	19100001	341	0.921622	400	[19100001,19500000]
3	19500001	345	0.932432	100	[19500001,19600000]
3	19600001	342	0.924324	100	[19600001,19700000]
3	18400000	341	0.921622	400	[18000001,18400000]
3	19000000	347	0.937838	200	[18800001,19000000]
3	19100000	343	0.927027	100	[19000001,19100000]
3	19500000	341	0.921622	400	[19100001,19500000]
3	19600000	345	0.932432	100	[19500001,19600000]
3	19700000	342	0.924324	100	[19600001,19700000]
