CHR	POS	COUNT	FREQUENCY	Length_kb	Hotspot_interval
3	27100001	342	0.924324	400	[27100001,27500000]
3	27500001	360	0.972973	800	[27500001,28300000]
3	27500000	342	0.924324	400	[27100001,27500000]
3	28300000	360	0.972973	800	[27500001,28300000]
