CHR	POS	COUNT	FREQUENCY	Length_kb	Hotspot_interval
3	15100001	367	0.991892	800	[15100001,15900000]
3	15900001	362	0.978378	200	[15900001,16100000]
3	15900000	367	0.991892	800	[15100001,15900000]
3	16100000	362	0.978378	200	[15900001,16100000]
