CHR	POS	COUNT	FREQUENCY	Length_kb	Hotspot_interval
3	18100001	187	0.505405	100	[18100001,18200000]
3	18300001	193	0.521622	100	[18300001,18400000]
3	18400001	200	0.540541	100	[18400001,18500000]
3	18500001	187	0.505405	100	[18500001,18600000]
3	18700001	189	0.510811	100	[18700001,18800000]
3	18800001	194	0.524324	300	[18800001,19100000]
3	19100001	192	0.518919	100	[19100001,19200000]
3	19200001	187	0.505405	100	[19200001,19300000]
3	52700001	190	0.513514	200	[52700001,52900000]
3	18200000	187	0.505405	100	[18100001,18200000]
3	18400000	193	0.521622	100	[18300001,18400000]
3	18500000	200	0.540541	100	[18400001,18500000]
3	18600000	187	0.505405	100	[18500001,18600000]
3	18800000	189	0.510811	100	[18700001,18800000]
3	19100000	194	0.524324	300	[18800001,19100000]
3	19200000	192	0.518919	100	[19100001,19200000]
3	19300000	187	0.505405	100	[19200001,19300000]
3	52900000	190	0.513514	200	[52700001,52900000]
