CHR	POS	COUNT	FREQUENCY	Length_kb	Hotspot_interval
3	15600001	215	0.581081	200	[15600001,15800000]
3	15900001	215	0.581081	100	[15900001,16000000]
3	16100001	217	0.586486	100	[16100001,16200000]
3	88700001	229	0.618919	100	[88700001,88800000]
3	88800001	220	0.594595	200	[88800001,89000000]
3	89900001	223	0.602703	100	[89900001,90000000]
3	90000001	216	0.583784	100	[90000001,90100000]
3	90200001	217	0.586486	100	[90200001,90300000]
3	90300001	220	0.594595	100	[90300001,90400000]
3	15800000	215	0.581081	200	[15600001,15800000]
3	16000000	215	0.581081	100	[15900001,16000000]
3	16200000	217	0.586486	100	[16100001,16200000]
3	88800000	229	0.618919	100	[88700001,88800000]
3	89000000	220	0.594595	200	[88800001,89000000]
3	90000000	223	0.602703	100	[89900001,90000000]
3	90100000	216	0.583784	100	[90000001,90100000]
3	90300000	217	0.586486	100	[90200001,90300000]
3	90400000	220	0.594595	100	[90300001,90400000]
