CHR	POS	COUNT	FREQUENCY	Length_kb	Hotspot_interval
3	38200001	168	0.454054	100	[38200001,38300000]
3	42400001	171	0.462162	100	[42400001,42500000]
3	42500001	172	0.464865	200	[42500001,42700000]
3	43100001	168	0.454054	100	[43100001,43200000]
3	43300001	177	0.478378	300	[43300001,43600000]
3	43600001	171	0.462162	100	[43600001,43700000]
3	43700001	172	0.464865	100	[43700001,43800000]
3	44000001	170	0.459459	100	[44000001,44100000]
3	38300000	168	0.454054	100	[38200001,38300000]
3	42500000	171	0.462162	100	[42400001,42500000]
3	42700000	172	0.464865	200	[42500001,42700000]
3	43200000	168	0.454054	100	[43100001,43200000]
3	43600000	177	0.478378	300	[43300001,43600000]
3	43700000	171	0.462162	100	[43600001,43700000]
3	43800000	172	0.464865	100	[43700001,43800000]
3	44100000	170	0.459459	100	[44000001,44100000]
