CHR	POS	COUNT	FREQUENCY	Length_kb	Hotspot_interval
3	14900001	370	1	800	[14900001,15700000]
3	16100001	369	0.997297	800	[16100001,16900000]
3	15700000	370	1	800	[14900001,15700000]
3	16900000	369	0.997297	800	[16100001,16900000]
