CHR	POS	COUNT	FREQUENCY	Length_kb	Hotspot_interval
3	69200001	241	0.567059	100	[69200001,69300000]
3	69300001	238	0.56	100	[69300001,69400000]
3	69400001	239	0.562353	200	[69400001,69600000]
3	69600001	236	0.555294	100	[69600001,69700000]
3	69700001	235	0.552941	100	[69700001,69800000]
3	69800001	228	0.536471	100	[69800001,69900000]
3	69900001	227	0.534118	100	[69900001,70000000]
3	70000001	204	0.48	100	[70000001,70100000]
3	70100001	205	0.482353	100	[70100001,70200000]
3	69300000	241	0.567059	100	[69200001,69300000]
3	69400000	238	0.56	100	[69300001,69400000]
3	69600000	239	0.562353	200	[69400001,69600000]
3	69700000	236	0.555294	100	[69600001,69700000]
3	69800000	235	0.552941	100	[69700001,69800000]
3	69900000	228	0.536471	100	[69800001,69900000]
3	70000000	227	0.534118	100	[69900001,70000000]
3	70100000	204	0.48	100	[70000001,70100000]
3	70200000	205	0.482353	100	[70100001,70200000]
