CHR	POS	COUNT	FREQUENCY	Length_kb	Hotspot_interval
3	51800001	129	0.303529	200	[51800001,52000000]
3	52000001	130	0.305882	100	[52000001,52100000]
3	52100001	163	0.383529	100	[52100001,52200000]
3	52200001	165	0.388235	100	[52200001,52300000]
3	52300001	162	0.381176	100	[52300001,52400000]
3	52400001	161	0.378824	100	[52400001,52500000]
3	52500001	160	0.376471	100	[52500001,52600000]
3	52600001	136	0.32	100	[52600001,52700000]
3	52700001	134	0.315294	200	[52700001,52900000]
3	52900001	129	0.303529	100	[52900001,53000000]
3	52000000	129	0.303529	200	[51800001,52000000]
3	52100000	130	0.305882	100	[52000001,52100000]
3	52200000	163	0.383529	100	[52100001,52200000]
3	52300000	165	0.388235	100	[52200001,52300000]
3	52400000	162	0.381176	100	[52300001,52400000]
3	52500000	161	0.378824	100	[52400001,52500000]
3	52600000	160	0.376471	100	[52500001,52600000]
3	52700000	136	0.32	100	[52600001,52700000]
3	52900000	134	0.315294	200	[52700001,52900000]
3	53000000	129	0.303529	100	[52900001,53000000]
