CHR	POS	COUNT	FREQUENCY	Length_kb	Hotspot_interval
3	36800001	367	0.863529	100	[36800001,36900000]
3	37200001	347	0.816471	200	[37200001,37400000]
3	37400001	352	0.828235	500	[37400001,37900000]
3	38400001	364	0.856471	100	[38400001,38500000]
3	38500001	361	0.849412	100	[38500001,38600000]
3	36900000	367	0.863529	100	[36800001,36900000]
3	37400000	347	0.816471	200	[37200001,37400000]
3	37900000	352	0.828235	500	[37400001,37900000]
3	38500000	364	0.856471	100	[38400001,38500000]
3	38600000	361	0.849412	100	[38500001,38600000]
