CHR	POS	COUNT	FREQUENCY	Length_kb	Hotspot_interval
3	27200001	267	0.628235	500	[27200001,27700000]
3	27700001	265	0.623529	100	[27700001,27800000]
3	27900001	265	0.623529	100	[27900001,28000000]
3	28000001	276	0.649412	300	[28000001,28300000]
3	27700000	267	0.628235	500	[27200001,27700000]
3	27800000	265	0.623529	100	[27700001,27800000]
3	28000000	265	0.623529	100	[27900001,28000000]
3	28300000	276	0.649412	300	[28000001,28300000]
