CHR	POS	COUNT	FREQUENCY	Length_kb	Hotspot_interval
3	22500001	231	0.543529	100	[22500001,22600000]
3	22700001	233	0.548235	100	[22700001,22800000]
3	22800001	232	0.545882	300	[22800001,23100000]
3	23100001	233	0.548235	100	[23100001,23200000]
3	23200001	231	0.543529	100	[23200001,23300000]
3	23300001	233	0.548235	100	[23300001,23400000]
3	23400001	243	0.571765	100	[23400001,23500000]
3	23500001	242	0.569412	100	[23500001,23600000]
3	23600001	241	0.567059	100	[23600001,23700000]
3	22600000	231	0.543529	100	[22500001,22600000]
3	22800000	233	0.548235	100	[22700001,22800000]
3	23100000	232	0.545882	300	[22800001,23100000]
3	23200000	233	0.548235	100	[23100001,23200000]
3	23300000	231	0.543529	100	[23200001,23300000]
3	23400000	233	0.548235	100	[23300001,23400000]
3	23500000	243	0.571765	100	[23400001,23500000]
3	23600000	242	0.569412	100	[23500001,23600000]
3	23700000	241	0.567059	100	[23600001,23700000]
