CHR	POS	COUNT	FREQUENCY	Length_kb	Hotspot_interval
3	14400001	176	0.414118	100	[14400001,14500000]
3	72400001	175	0.411765	100	[72400001,72500000]
3	72500001	174	0.409412	100	[72500001,72600000]
3	83600001	174	0.409412	200	[83600001,83800000]
3	83800001	178	0.418824	100	[83800001,83900000]
3	83900001	176	0.414118	100	[83900001,84000000]
3	84100001	178	0.418824	100	[84100001,84200000]
3	84200001	173	0.407059	100	[84200001,84300000]
3	84400001	175	0.411765	100	[84400001,84500000]
3	14500000	176	0.414118	100	[14400001,14500000]
3	72500000	175	0.411765	100	[72400001,72500000]
3	72600000	174	0.409412	100	[72500001,72600000]
3	83800000	174	0.409412	200	[83600001,83800000]
3	83900000	178	0.418824	100	[83800001,83900000]
3	84000000	176	0.414118	100	[83900001,84000000]
3	84200000	178	0.418824	100	[84100001,84200000]
3	84300000	173	0.407059	100	[84200001,84300000]
3	84500000	175	0.411765	100	[84400001,84500000]
