CHR	POS	COUNT	FREQUENCY	Length_kb	Hotspot_interval
3	51700001	218	0.512941	200	[51700001,51900000]
3	51900001	219	0.515294	100	[51900001,52000000]
3	52000001	245	0.576471	100	[52000001,52100000]
3	52100001	244	0.574118	100	[52100001,52200000]
3	52200001	246	0.578824	100	[52200001,52300000]
3	52300001	250	0.588235	100	[52300001,52400000]
3	52400001	248	0.583529	300	[52400001,52700000]
3	51900000	218	0.512941	200	[51700001,51900000]
3	52000000	219	0.515294	100	[51900001,52000000]
3	52100000	245	0.576471	100	[52000001,52100000]
3	52200000	244	0.574118	100	[52100001,52200000]
3	52300000	246	0.578824	100	[52200001,52300000]
3	52400000	250	0.588235	100	[52300001,52400000]
3	52700000	248	0.583529	300	[52400001,52700000]
