CHR	POS	COUNT	FREQUENCY	Length_kb	Hotspot_interval
3	82100001	292	0.687059	200	[82100001,82300000]
3	82300001	316	0.743529	100	[82300001,82400000]
3	82400001	308	0.724706	100	[82400001,82500000]
3	82500001	311	0.731765	100	[82500001,82600000]
3	82600001	313	0.736471	300	[82600001,82900000]
3	82900001	317	0.745882	100	[82900001,83000000]
3	83000001	319	0.750588	200	[83000001,83200000]
3	82300000	292	0.687059	200	[82100001,82300000]
3	82400000	316	0.743529	100	[82300001,82400000]
3	82500000	308	0.724706	100	[82400001,82500000]
3	82600000	311	0.731765	100	[82500001,82600000]
3	82900000	313	0.736471	300	[82600001,82900000]
3	83000000	317	0.745882	100	[82900001,83000000]
3	83200000	319	0.750588	200	[83000001,83200000]
