CHR	POS	COUNT	FREQUENCY	Length_kb	Hotspot_interval
3	1100001	186	0.437647	100	[1100001,1200000]
3	1200001	187	0.44	100	[1200001,1300000]
3	1300001	194	0.456471	100	[1300001,1400000]
3	1400001	192	0.451765	100	[1400001,1500000]
3	2000001	206	0.484706	100	[2000001,2100000]
3	2100001	195	0.458824	200	[2100001,2300000]
3	78200001	193	0.454118	100	[78200001,78300000]
3	78300001	196	0.461176	100	[78300001,78400000]
3	78400001	195	0.458824	100	[78400001,78500000]
3	1200000	186	0.437647	100	[1100001,1200000]
3	1300000	187	0.44	100	[1200001,1300000]
3	1400000	194	0.456471	100	[1300001,1400000]
3	1500000	192	0.451765	100	[1400001,1500000]
3	2100000	206	0.484706	100	[2000001,2100000]
3	2300000	195	0.458824	200	[2100001,2300000]
3	78300000	193	0.454118	100	[78200001,78300000]
3	78400000	196	0.461176	100	[78300001,78400000]
3	78500000	195	0.458824	100	[78400001,78500000]
