CHR	POS	COUNT	FREQUENCY	Length_kb	Hotspot_interval
3	64700001	297	0.698824	200	[64700001,64900000]
3	64900001	298	0.701176	200	[64900001,65100000]
3	65100001	299	0.703529	100	[65100001,65200000]
3	65400001	298	0.701176	200	[65400001,65600000]
3	65600001	309	0.727059	100	[65600001,65700000]
3	65700001	321	0.755294	100	[65700001,65800000]
3	65800001	325	0.764706	100	[65800001,65900000]
3	65900001	304	0.715294	100	[65900001,66000000]
3	64900000	297	0.698824	200	[64700001,64900000]
3	65100000	298	0.701176	200	[64900001,65100000]
3	65200000	299	0.703529	100	[65100001,65200000]
3	65600000	298	0.701176	200	[65400001,65600000]
3	65700000	309	0.727059	100	[65600001,65700000]
3	65800000	321	0.755294	100	[65700001,65800000]
3	65900000	325	0.764706	100	[65800001,65900000]
3	66000000	304	0.715294	100	[65900001,66000000]
