CHR	POS	COUNT	FREQUENCY	Length_kb	Hotspot_interval
3	47800001	179	0.421176	100	[47800001,47900000]
3	47900001	178	0.418824	100	[47900001,48000000]
3	48100001	184	0.432941	200	[48100001,48300000]
3	48300001	185	0.435294	100	[48300001,48400000]
3	48400001	187	0.44	100	[48400001,48500000]
3	48500001	184	0.432941	100	[48500001,48600000]
3	48600001	185	0.435294	100	[48600001,48700000]
3	48700001	184	0.432941	100	[48700001,48800000]
3	48800001	185	0.435294	100	[48800001,48900000]
3	47900000	179	0.421176	100	[47800001,47900000]
3	48000000	178	0.418824	100	[47900001,48000000]
3	48300000	184	0.432941	200	[48100001,48300000]
3	48400000	185	0.435294	100	[48300001,48400000]
3	48500000	187	0.44	100	[48400001,48500000]
3	48600000	184	0.432941	100	[48500001,48600000]
3	48700000	185	0.435294	100	[48600001,48700000]
3	48800000	184	0.432941	100	[48700001,48800000]
3	48900000	185	0.435294	100	[48800001,48900000]
