CHR	POS	COUNT	FREQUENCY	Length_kb	Hotspot_interval
3	64300001	268	0.630588	100	[64300001,64400000]
3	64400001	269	0.632941	100	[64400001,64500000]
3	64500001	265	0.623529	100	[64500001,64600000]
3	64600001	266	0.625882	100	[64600001,64700000]
3	64700001	264	0.621176	100	[64700001,64800000]
3	64800001	271	0.637647	200	[64800001,65000000]
3	65000001	262	0.616471	200	[65000001,65200000]
3	65200001	260	0.611765	100	[65200001,65300000]
3	64400000	268	0.630588	100	[64300001,64400000]
3	64500000	269	0.632941	100	[64400001,64500000]
3	64600000	265	0.623529	100	[64500001,64600000]
3	64700000	266	0.625882	100	[64600001,64700000]
3	64800000	264	0.621176	100	[64700001,64800000]
3	65000000	271	0.637647	200	[64800001,65000000]
3	65200000	262	0.616471	200	[65000001,65200000]
3	65300000	260	0.611765	100	[65200001,65300000]
