CHR	POS	COUNT	FREQUENCY	Length_kb	Hotspot_interval
3	11700001	224	0.527059	100	[11700001,11800000]
3	11800001	238	0.56	100	[11800001,11900000]
3	11900001	236	0.555294	100	[11900001,12000000]
3	12000001	216	0.508235	100	[12000001,12100000]
3	12100001	208	0.489412	100	[12100001,12200000]
3	70800001	204	0.48	100	[70800001,70900000]
3	71200001	204	0.48	200	[71200001,71400000]
3	71400001	203	0.477647	200	[71400001,71600000]
3	11800000	224	0.527059	100	[11700001,11800000]
3	11900000	238	0.56	100	[11800001,11900000]
3	12000000	236	0.555294	100	[11900001,12000000]
3	12100000	216	0.508235	100	[12000001,12100000]
3	12200000	208	0.489412	100	[12100001,12200000]
3	70900000	204	0.48	100	[70800001,70900000]
3	71400000	204	0.48	200	[71200001,71400000]
3	71600000	203	0.477647	200	[71400001,71600000]
