CHR	POS	COUNT	FREQUENCY	Length_kb	Hotspot_interval
3	4100001	160	0.376471	100	[4100001,4200000]
3	4200001	156	0.367059	100	[4200001,4300000]
3	4400001	159	0.374118	100	[4400001,4500000]
3	4500001	158	0.371765	100	[4500001,4600000]
3	4600001	162	0.381176	100	[4600001,4700000]
3	4700001	171	0.402353	100	[4700001,4800000]
3	4800001	165	0.388235	100	[4800001,4900000]
3	5000001	154	0.362353	100	[5000001,5100000]
3	5100001	156	0.367059	100	[5100001,5200000]
3	11500001	154	0.362353	100	[11500001,11600000]
3	4200000	160	0.376471	100	[4100001,4200000]
3	4300000	156	0.367059	100	[4200001,4300000]
3	4500000	159	0.374118	100	[4400001,4500000]
3	4600000	158	0.371765	100	[4500001,4600000]
3	4700000	162	0.381176	100	[4600001,4700000]
3	4800000	171	0.402353	100	[4700001,4800000]
3	4900000	165	0.388235	100	[4800001,4900000]
3	5100000	154	0.362353	100	[5000001,5100000]
3	5200000	156	0.367059	100	[5100001,5200000]
3	11600000	154	0.362353	100	[11500001,11600000]
