CHR	POS	COUNT	FREQUENCY	Length_kb	Hotspot_interval
3	73300001	363	0.854118	300	[73300001,73600000]
3	73600001	361	0.849412	200	[73600001,73800000]
3	73800001	382	0.898824	400	[73800001,74200000]
3	74200001	378	0.889412	100	[74200001,74300000]
3	73600000	363	0.854118	300	[73300001,73600000]
3	73800000	361	0.849412	200	[73600001,73800000]
3	74200000	382	0.898824	400	[73800001,74200000]
3	74300000	378	0.889412	100	[74200001,74300000]
