Simulation	Fifth_Percentile
Simulation 4	0.1203135918
Simulation 1	0.122427410873333
Simulation 3	0.1447935102
Simulation 2	0.15221125917
Simulation 5	0.17769480816
