#IID	F_ROH	ROH_length_kB	KBAVG
2551	0.44834	41387.8	10346.9
2552	0.20780	19182.8	6394.26
2553	0.15650	14446.6	4815.54
2554	0.05965	5506.8	5506.8
2555	0.35235	32526.6	10842.2
2556	0.40704	37574.7	6262.44
2557	0.28526	26333.3	6583.32
2558	0.14281	13183.3	4394.44
2559	0.34922	32237.8	6447.56
2560	0.17940	16561	8280.52
2561	0.40750	37617.7	7523.53
2562	0.27118	25033.5	5006.71
2563	0.27850	25708.9	6427.23
2564	0.22748	20999.6	10499.8
2565	0.33810	31210.6	7802.65
2566	0.23779	21951.4	7317.14
2567	0.28516	26324	5264.8
2568	0.05885	5432.82	5432.82
2569	0.20009	18470.5	4617.62
2570	0.19007	17545.7	4386.42
2571	0.23652	21833.8	7277.94
2572	0.12917	11923.8	5961.91
2573	0.25311	23365.4	7788.48
2574	0.19622	18113.4	4528.34
2575	0.20589	19006.4	9503.22
2576	0.22941	21177.5	4235.51
2577	0.41738	38529.5	7705.9
2578	0.22318	20602.6	5150.65
2579	0.31129	28735.8	5747.15
2580	0.18216	16816.1	5605.37
2581	0.61609	56872.9	9478.82
2582	0.43361	40027.4	8005.49
2583	0.27740	25607.9	6401.98
2584	0.38659	35687.3	8921.83
2585	0.13761	12703.1	6351.57
2586	0.48737	44990.6	8998.12
2587	0.11720	10819.1	5409.54
2588	0.46233	42679.2	7113.2
2589	0.25792	23809.7	5952.41
2590	0.28953	26727.6	8909.21
2591	0.28959	26732.4	4455.4
2592	0.33849	31246.6	6249.31
2593	0.27955	25806.2	5161.23
2594	0.18688	17251.5	4312.88
2595	0.34117	31494	7873.51
2596	0.12198	11260.5	3753.49
2597	0.43698	40338.9	5042.36
2598	0.58488	53991.5	8998.59
2599	0.27636	25511.7	6377.93
2600	0.38991	35993.2	7198.64
