#IID	F_ROH	ROH_length_kB	KBAVG
2551	0.28838	26645.5	6661.37
2552	0.59395	54879.3	10975.9
2553	0.42816	39560.8	13186.9
2554	0.36661	33873.6	5645.61
2555	0.32663	30179.5	7544.88
2556	0.45425	41971.2	8394.24
2557	0.29061	26851.8	6712.95
2558	0.36048	33307.1	6661.42
2559	0.28922	26722.5	5344.49
2560	0.24465	22604.6	7534.88
2561	0.42805	39550.7	5650.1
2562	0.22782	21049.8	7016.6
2563	0.16796	15518.5	5172.85
2564	0.24122	22288.2	7429.4
2565	0.26212	24218.9	12109.4
2566	0.27971	25843.8	8614.6
2567	0.00000	0	0
2568	0.20072	18546	6181.99
2569	0.37767	34895.6	6979.11
2570	0.60582	55976	11195.2
2571	0.00000	0	0
2572	0.30430	28116.1	5623.21
2573	0.38934	35973.8	11991.3
2574	0.25210	23293.4	5823.34
2575	0.70577	65210.6	10868.4
2576	0.36734	33940.6	5656.77
2577	0.30775	28434.8	7108.7
2578	0.10557	9754.08	4877.04
2579	0.33649	31090.4	7772.59
2580	0.25630	23681.3	4736.27
2581	0.14538	13432.4	6716.19
2582	0.17467	16139.3	5379.78
2583	0.39371	36377.1	12125.7
2584	0.20296	18752.8	4688.2
2585	0.28635	26458	8819.33
2586	0.41151	38021.8	9505.44
2587	0.40641	37550.9	6258.49
2588	0.33545	30994.7	4427.81
2589	0.24749	22866.9	5716.73
2590	0.44772	41367.3	6894.54
2591	0.20796	19214.6	4803.65
2592	0.45088	41659.3	10414.8
2593	0.47079	43499.6	8699.92
2594	0.22450	20743.2	20743.2
2595	0.56318	52035.8	17345.3
2596	0.36230	33475.5	11158.5
2597	0.42630	39388.4	6564.73
2598	0.27437	25350.4	5070.08
2599	0.39852	36821.7	6136.95
2600	0.28509	26341.5	6585.38
