#IID	F_ROH	ROH_length_kB	KBAVG
2551	0.59101	54647.4	6830.93
2552	0.58796	54364.9	7766.42
2553	0.69749	64492.3	16123.1
2554	0.75961	70236.7	17559.2
2555	0.31074	28732.7	4788.78
2556	0.37203	34399.8	8599.94
2557	0.40675	37609.4	7521.88
2558	0.42493	39291	6548.51
2559	0.08514	7872.38	7872.38
2560	0.38219	35339.1	8834.77
2561	0.56448	52194.3	13048.6
2562	0.28635	26477.5	8825.82
2563	0.29261	27055.5	13527.8
2564	0.39346	36381	6063.51
2565	0.35909	33203.1	8300.77
2566	0.25451	23533.2	7844.41
2567	0.36239	33508.1	6701.62
2568	0.31826	29428	5885.59
2569	0.43569	40286	10071.5
2570	0.31049	28709.4	5741.88
2571	0.07851	7259.35	3629.68
2572	0.46771	43245.9	6177.98
2573	0.36411	33666.9	5611.15
2574	0.41453	38329.2	12776.4
2575	0.33883	31329.8	5221.63
2576	0.51022	47177.2	6739.6
2577	0.36461	33712.9	6742.58
2578	0.42922	39687.6	7937.53
2579	0.33683	31144.2	6228.84
2580	0.59835	55326.2	6915.78
2581	0.41697	38555	7711
2582	0.39148	36198.1	6033.02
2583	0.48362	44717.3	5589.67
2584	0.27282	25226.4	6306.59
2585	0.34148	31574.2	10524.7
2586	0.28097	25979.6	6494.89
2587	0.39534	36554.7	9138.68
2588	0.32581	30125.8	7531.44
2589	0.59194	54733.6	7819.08
2590	0.27473	25403	8467.68
2591	0.31755	29361.9	7340.47
2592	0.35278	32619.7	8154.93
2593	0.34188	31611.9	6322.38
2594	0.65935	60966.5	12193.3
2595	0.38282	35397.1	8849.28
2596	0.12326	11397.1	3799.05
2597	0.22491	20796	5199
2598	0.43807	40505.4	10126.3
2599	0.64301	59455.7	14863.9
2600	0.59550	55062.5	11012.5
