#IID	F_ROH	ROH_length_kB	KBAVG
2551	0.51262	47372.7	7895.44
2552	0.17757	16409.3	4102.32
2553	0.43774	40452.7	10113.2
2554	0.31660	29257.7	7314.43
2555	0.14488	13388.6	4462.88
2556	0.53103	49074	7010.57
2557	0.43329	40041.7	10010.4
2558	0.38222	35321.9	5045.98
2559	0.36218	33469.9	6693.98
2560	0.38911	35958.6	5993.1
2561	0.38443	35526.2	5921.03
2562	0.34287	31685.6	7921.41
2563	0.67538	62413.3	15603.3
2564	0.31917	29495.6	9831.87
2565	0.39925	36895.2	7379.04
2566	0.32000	29572	5914.39
2567	0.64966	60036.3	15009.1
2568	0.39151	36179.9	9044.99
2569	0.13617	12583.8	6291.88
2570	0.49851	46068.7	11517.2
2571	0.42494	39269.9	7853.98
2572	0.47458	43857.4	7309.57
2573	0.42094	38899.8	7779.95
2574	0.37514	34667.9	6933.57
2575	0.19984	18467.7	3693.55
2576	0.27492	25405.6	5081.12
2577	0.36257	33506.3	5584.39
2578	0.29736	27479.4	6869.86
2579	0.35758	33044.5	4720.64
2580	0.07856	7259.94	3629.97
2581	0.24963	23068.6	23068.6
2582	0.46653	43113.3	8622.66
2583	0.51198	47312.8	7885.46
2584	0.35014	32356.9	10785.6
2585	0.41063	37947.2	7589.44
2586	0.28917	26723.3	6680.82
2587	0.53870	49782.5	7111.79
2588	0.27917	25799.1	5159.82
2589	0.37251	34424.5	6884.9
2590	0.22606	20890.9	4178.19
2591	0.35674	32967	5494.5
2592	0.38961	36004.7	5143.53
2593	0.45594	42134.1	7022.35
2594	0.33070	30561.2	6112.25
2595	0.20392	18844.7	4711.19
2596	0.26439	24432.9	6108.22
2597	0.66846	61774	10295.7
2598	0.60439	55853.4	6205.93
2599	0.07178	6633.75	3316.87
2600	0.36785	33994.3	8498.58
