#IID	F_ROH	ROH_length_kB	KBAVG
2551	0.24374	22524.9	5631.24
2552	0.42203	39001.8	7800.35
2553	0.33940	31365.9	5227.65
2554	0.14658	13546.5	13546.5
2555	0.34010	31430.3	7857.57
2556	0.32446	29985	7496.24
2557	0.35855	33135.3	6627.07
2558	0.31080	28723.1	7180.77
2559	0.44892	41487.2	13829.1
2560	0.37473	34630.9	8657.73
2561	0.38862	35914.2	8978.55
2562	0.32988	30485.8	10161.9
2563	0.24725	22850	7616.66
2564	0.51143	47264.1	7877.35
2565	0.43621	40312.9	6718.82
2566	0.35253	32578.8	6515.76
2567	0.27917	25799.9	5159.99
2568	0.24669	22797.8	4559.57
2569	0.25313	23393.4	7797.8
2570	0.33357	30826.8	5137.79
2571	0.35146	32480.8	8120.19
2572	0.33539	30994.8	15497.4
2573	0.51964	48022.9	8003.81
2574	0.30089	27806.9	5561.38
2575	0.36555	33782.6	11260.9
2576	0.49103	45379.2	7563.19
2577	0.35255	32581.2	8145.31
2578	0.34195	31601.9	7900.46
2579	0.36932	34130.8	6826.16
2580	0.35579	32880.4	8220.1
2581	0.39524	36526.4	9131.6
2582	0.71148	65752.1	13150.4
2583	0.35133	32468.4	8117.11
2584	0.58898	54430.6	13607.7
2585	0.44354	40989.9	10247.5
2586	0.50388	46566.5	9313.31
2587	0.40331	37272.1	9318.02
2588	0.71477	66056	9436.58
2589	0.40621	37540.5	7508.1
2590	0.35864	33144.2	5524.04
2591	0.55520	51309.2	8551.53
2592	0.60378	55798.4	7971.2
2593	0.23974	22155.6	7385.21
2594	0.28610	26439.8	5287.97
2595	0.19776	18276.2	6092.07
2596	0.38700	35764.5	4470.56
2597	0.57503	53142.1	10628.4
2598	0.50211	46403	9280.61
2599	0.49027	45308.1	15102.7
2600	0.37594	34742.5	8685.62
