#IID	F_ROH	ROH_length_kB	KBAVG
2551	0.34080	31497.2	5249.54
2552	0.44215	40864.8	6810.79
2553	0.21520	19889.2	6629.73
2554	0.24588	22725	5681.25
2555	0.14977	13842.3	6921.14
2556	0.27442	25362.2	6340.55
2557	0.23819	22013.7	5503.42
2558	0.38038	35155.5	4394.44
2559	0.33420	30887.3	6177.45
2560	0.33669	31117.6	5186.27
2561	0.18600	17190.7	4297.67
2562	0.56106	51854.6	12963.7
2563	0.37567	34719.8	6943.97
2564	0.55236	51050.7	12762.7
2565	0.42145	38951.5	7790.29
2566	0.21563	19929.3	6643.1
2567	0.38400	35489.8	7097.96
2568	0.48349	44684.7	8936.93
2569	0.59266	54775.2	9129.2
2570	0.40993	37886.8	9471.7
2571	0.58093	53690.9	6711.36
2572	0.54257	50145.7	12536.4
2573	0.20421	18873.9	9436.97
2574	0.26223	24236.1	4847.22
2575	0.38630	35702.2	7140.44
2576	0.26796	24765.8	6191.44
2577	0.37980	35102.2	8775.55
2578	0.25700	23752.1	7917.37
2579	0.26058	24083.2	6020.79
2580	0.25068	23168.1	11584
2581	0.19514	18035.3	4508.82
2582	0.23903	22091.4	4418.28
2583	0.19452	17977.8	5992.59
2584	0.17666	16326.9	8163.47
2585	0.29660	27412.8	6853.21
2586	0.16405	15161.8	7580.91
2587	0.31104	28746.7	9582.23
2588	0.83187	76883	25627.7
2589	0.31516	29127.5	5825.5
2590	0.27324	25253.2	8417.75
2591	0.36308	33556.5	5592.75
2592	0.57308	52965.1	13241.3
2593	0.40981	37875.8	7575.16
2594	0.40799	37707.4	7541.49
2595	0.37772	34910.1	6982.03
2596	0.44117	40773.7	10193.4
2597	0.27863	25751.2	8583.72
2598	0.19843	18339.7	6113.23
2599	0.18457	17058.2	4264.56
2600	0.26111	24132.3	6033.08
