#IID	F_ROH	ROH_length_kB	KBAVG
2551	0.32777	30295.1	6059.01
2552	0.56287	52023.8	13005.9
2553	0.28942	26750.2	6687.56
2554	0.10936	10108.1	5054.05
2555	0.11387	10524.9	10524.9
2556	0.23865	22057.6	4411.51
2557	0.51588	47680.7	7946.78
2558	0.56538	52256.6	13064.1
2559	0.26738	24713.4	6178.34
2560	0.26577	24564.2	6141.05
2561	0.31514	29127.3	5825.46
2562	0.56988	52672.1	13168
2563	0.27311	25243	8414.33
2564	0.32249	29806.5	4967.76
2565	0.28399	26247.9	5249.59
2566	0.32863	30374.3	6074.87
2567	0.14944	13812.7	4604.22
2568	0.47916	44287.2	6326.74
2569	0.24669	22801.1	5700.26
2570	0.35841	33127.1	6625.43
2571	0.15442	14272.8	4757.59
2572	0.30058	27781.5	5556.3
2573	0.19572	18090	6030.01
2574	0.25665	23721.3	23721.3
2575	0.44802	41408.7	13802.9
2576	0.22097	20423.4	5105.85
2577	0.27975	25856.8	8618.94
2578	0.32823	30337.1	6067.41
2579	0.39507	36515.4	9128.85
2580	0.34187	31598.1	5266.34
2581	0.45187	41764.5	6960.75
2582	0.27126	25071.3	5014.25
2583	0.07859	7263.91	3631.96
2584	0.20372	18829.1	6276.37
2585	0.37331	34503.6	6900.72
2586	0.24731	22858.4	4571.67
2587	0.29787	27530.9	5506.17
2588	0.33859	31295.1	6259.02
2589	0.22170	20491.1	4098.22
2590	0.19980	18466.9	3693.38
2591	0.37842	34975.7	6995.15
2592	0.41845	38675.7	7735.14
2593	0.26056	24082.3	8027.42
2594	0.36973	34173	5695.5
2595	0.42359	39150.9	9787.73
2596	0.24755	22880.6	7626.85
2597	0.37208	34390	34390
2598	0.23423	21648.8	5412.21
2599	0.54641	50503.1	16834.4
2600	0.35589	32893.3	6578.66
