#IID	F_ROH	ROH_length_kB	KBAVG
2551	0.29291	27073.5	6768.38
2552	0.20827	19250.3	4812.57
2553	0.26621	24606.2	6151.54
2554	0.19173	17721.4	5907.13
2555	0.47960	44329.4	14776.5
2556	0.40211	37167.4	7433.48
2557	0.20522	18968.3	4742.09
2558	0.37014	34211.8	5701.97
2559	0.47253	43675.8	21837.9
2560	0.54394	50276.5	6284.56
2561	0.33290	30769.7	4395.66
2562	0.38911	35965.5	8991.37
2563	0.42814	39572.6	7914.51
2564	0.49230	45503	9100.59
2565	0.19823	18322.6	4580.66
2566	0.30000	27729.2	6932.29
2567	0.46637	43106.2	14368.7
2568	0.42054	38870.3	9717.58
2569	0.23527	21745.9	10872.9
2570	0.10700	9889.62	4944.81
2571	0.76935	71110.9	11851.8
2572	0.48154	44508.7	8901.75
2573	0.18777	17355.8	5785.25
2574	0.44387	41027	8205.4
2575	0.33130	30622.4	10207.5
2576	0.00000	0	0
2577	0.33277	30758.1	7689.52
2578	0.13272	12267.2	4089.07
2579	0.55132	50958.5	10191.7
2580	0.55221	51040.7	8506.78
2581	0.05173	4781.68	4781.68
2582	0.18145	16771.8	5590.6
2583	0.18062	16694.3	5564.75
2584	0.16217	14989.4	4996.46
2585	0.26446	24444.2	4888.84
2586	0.23983	22167.2	4433.44
2587	0.22117	20442.7	5110.68
2588	0.41379	38247.1	7649.43
2589	0.32229	29789.4	9929.8
2590	0.40654	37576.7	12525.6
2591	0.36425	33667.8	6733.56
2592	0.35097	32440.1	10813.4
2593	0.29293	27075.3	9025.11
2594	0.31909	29493.5	7373.39
2595	0.30326	28030	7007.49
2596	0.42094	38907.6	7781.53
2597	0.16846	15571.2	5190.4
2598	0.15707	14517.8	7258.91
2599	0.37625	34776.5	8694.12
2600	0.23094	21346.2	7115.41
