#IID	F_ROH	ROH_length_kB	KBAVG
2551	0.42248	39056.1	13018.7
2552	0.29412	27189.7	4531.62
2553	0.30756	28432.1	14216.1
2554	0.18093	16725.8	8362.91
2555	0.23564	21783.3	7261.1
2556	0.20447	18902	6300.66
2557	0.26541	24535.5	4907.11
2558	0.35929	33214.4	11071.5
2559	0.16834	15562.1	5187.37
2560	0.19904	18400.2	6133.41
2561	0.09048	8364.06	8364.06
2562	0.24435	22588.6	11294.3
2563	0.13805	12761.7	6380.84
2564	0.18812	17390.4	8695.18
2565	0.19207	17756.1	4439.02
2566	0.04846	4479.78	4479.78
2567	0.12456	11514.6	5757.31
2568	0.19523	18047.7	6015.89
2569	0.35378	32704.8	8176.21
2570	0.49606	45857.6	9171.53
2571	0.09308	8604.37	8604.37
2572	0.25217	23311.8	7770.59
2573	0.04429	4094.16	4094.16
2574	0.15506	14334.7	4778.24
2575	0.29740	27492.7	6873.17
2576	0.04193	3876.47	3876.47
2577	0.35541	32855.9	6571.18
2578	0.25197	23292.7	5823.17
2579	0.16370	15133.2	5044.41
2580	0.73148	67620.6	9660.09
2581	0.26939	24903.6	8301.2
2582	0.39649	36652.8	18326.4
2583	0.08741	8080.38	8080.38
2584	0.29026	26832.5	8944.16
2585	0.28624	26461.6	6615.4
2586	0.17390	16075.6	8037.79
2587	0.20929	19347.9	4836.99
2588	0.17114	15820.8	5273.59
2589	0.31184	28828.1	14414.1
2590	0.40299	37254.4	9313.61
2591	0.18913	17484.2	4371.05
2592	0.33023	30527.7	4361.11
2593	0.30921	28585	5717
2594	0.18174	16800.7	8400.35
2595	0.20123	18602.2	6200.72
2596	0.23533	21754.7	7251.57
2597	0.53460	49420.4	8236.73
2598	0.33409	30884.8	7721.19
2599	0.18717	17303	8651.5
2600	0.48088	44454.5	14818.2
