Simulation	Fifth_Percentile
Simulation 17	0.1302
Simulation 10	0.1383
Simulation 19	0.1472
Simulation 3	0.148784761904762
Simulation 6	0.154224
Simulation 1	0.1638
Simulation 2	0.1638
Simulation 7	0.1638
Simulation 11	0.1638
Simulation 12	0.1638
Simulation 13	0.1638
Simulation 15	0.1638
Simulation 16	0.1638
Simulation 18	0.1638
Simulation 5	0.167256666666667
Simulation 20	0.1761875
Simulation 4	0.18
Simulation 8	0.1958
Simulation 14	0.1958
Simulation 9	0.219502142857143
