Simulation	Fifth_Percentile
Simulation 3	0.123366204055
Simulation 5	0.1326555102
Simulation 4	0.1338693102
Simulation 1	0.1381176102
Simulation 2	0.1447935102
