Simulation	Fifth_Percentile
Simulation 1	0.12710164692
Simulation 4	0.1326555102
Simulation 5	0.1326555102
Simulation 2	0.1447935102
Simulation 3	0.1447935102
