Simulation	Fifth_Percentile
Simulation 2	0.1203135918
Simulation 5	0.1203135918
Simulation 3	0.13129716734
Simulation 4	0.1326555102
Simulation 1	0.14837373468
