Fifth_Percentile	Avg_H_e
0.0742349978534722	0.244588241178689
