CHR	POS	COUNT	FREQUENCY	Length_kb	Hotspot_interval
1	21900001	138	0.621622	100	[21900001,22000000]
1	22000001	137	0.617117	100	[22000001,22100000]
1	22000000	138	0.621622	100	[21900001,22000000]
1	22100000	137	0.617117	100	[22000001,22100000]
