CHR	POS	COUNT	FREQUENCY	Length_kb	Hotspot_interval
17	3200001	250	0.771605	100	[3200001,3300000]
17	3300001	248	0.765432	200	[3300001,3500000]
17	3500001	247	0.762346	1000	[3500001,4500000]
17	4500001	248	0.765432	100	[4500001,4600000]
17	4600001	249	0.768519	700	[4600001,5300000]
17	5300001	248	0.765432	100	[5300001,5400000]
17	42400001	248	0.765432	100	[42400001,42500000]
17	42500001	247	0.762346	300	[42500001,42800000]
17	42800001	246	0.759259	100	[42800001,42900000]
17	42900001	247	0.762346	300	[42900001,43200000]
17	3300000	250	0.771605	100	[3200001,3300000]
17	3500000	248	0.765432	200	[3300001,3500000]
17	4500000	247	0.762346	1000	[3500001,4500000]
17	4600000	248	0.765432	100	[4500001,4600000]
17	5300000	249	0.768519	700	[4600001,5300000]
17	5400000	248	0.765432	100	[5300001,5400000]
17	42500000	248	0.765432	100	[42400001,42500000]
17	42800000	247	0.762346	300	[42500001,42800000]
17	42900000	246	0.759259	100	[42800001,42900000]
17	43200000	247	0.762346	300	[42900001,43200000]
