CHR	POS	COUNT	FREQUENCY	Length_kb	Hotspot_interval
3	2800001	273	0.737838	200	[2800001,3000000]
3	3200001	268	0.724324	100	[3200001,3300000]
3	3300001	269	0.727027	200	[3300001,3500000]
3	3600001	268	0.724324	100	[3600001,3700000]
3	3700001	269	0.727027	100	[3700001,3800000]
3	30200001	280	0.756757	300	[30200001,30500000]
3	3000000	273	0.737838	200	[2800001,3000000]
3	3300000	268	0.724324	100	[3200001,3300000]
3	3500000	269	0.727027	200	[3300001,3500000]
3	3700000	268	0.724324	100	[3600001,3700000]
3	3800000	269	0.727027	100	[3700001,3800000]
3	30500000	280	0.756757	300	[30200001,30500000]
