CHR	POS	COUNT	FREQUENCY	Length_kb	Hotspot_interval
3	11300001	211	0.57027	100	[11300001,11400000]
3	11400001	207	0.559459	200	[11400001,11600000]
3	13400001	210	0.567568	200	[13400001,13600000]
3	13600001	214	0.578378	300	[13600001,13900000]
3	13900001	208	0.562162	100	[13900001,14000000]
3	14000001	209	0.564865	100	[14000001,14100000]
3	11400000	211	0.57027	100	[11300001,11400000]
3	11600000	207	0.559459	200	[11400001,11600000]
3	13600000	210	0.567568	200	[13400001,13600000]
3	13900000	214	0.578378	300	[13600001,13900000]
3	14000000	208	0.562162	100	[13900001,14000000]
3	14100000	209	0.564865	100	[14000001,14100000]
