CHR	POS	COUNT	FREQUENCY	Length_kb	Hotspot_interval
3	18000001	267	0.721622	100	[18000001,18100000]
3	18200001	270	0.72973	100	[18200001,18300000]
3	18300001	271	0.732432	100	[18300001,18400000]
3	18400001	294	0.794595	100	[18400001,18500000]
3	18500001	269	0.727027	100	[18500001,18600000]
3	18600001	268	0.724324	100	[18600001,18700000]
3	18700001	267	0.721622	100	[18700001,18800000]
3	18800001	269	0.727027	200	[18800001,19000000]
3	20800001	277	0.748649	100	[20800001,20900000]
3	20900001	269	0.727027	100	[20900001,21000000]
3	18100000	267	0.721622	100	[18000001,18100000]
3	18300000	270	0.72973	100	[18200001,18300000]
3	18400000	271	0.732432	100	[18300001,18400000]
3	18500000	294	0.794595	100	[18400001,18500000]
3	18600000	269	0.727027	100	[18500001,18600000]
3	18700000	268	0.724324	100	[18600001,18700000]
3	18800000	267	0.721622	100	[18700001,18800000]
3	19000000	269	0.727027	200	[18800001,19000000]
3	20900000	277	0.748649	100	[20800001,20900000]
3	21000000	269	0.727027	100	[20900001,21000000]
