CHR	POS	COUNT	FREQUENCY	Length_kb	Hotspot_interval
3	25000001	176	0.475676	100	[25000001,25100000]
3	25100001	185	0.5	100	[25100001,25200000]
3	25200001	188	0.508108	100	[25200001,25300000]
3	25300001	191	0.516216	100	[25300001,25400000]
3	25400001	187	0.505405	200	[25400001,25600000]
3	25600001	190	0.513514	100	[25600001,25700000]
3	25700001	183	0.494595	200	[25700001,25900000]
3	25900001	182	0.491892	100	[25900001,26000000]
3	25100000	176	0.475676	100	[25000001,25100000]
3	25200000	185	0.5	100	[25100001,25200000]
3	25300000	188	0.508108	100	[25200001,25300000]
3	25400000	191	0.516216	100	[25300001,25400000]
3	25600000	187	0.505405	200	[25400001,25600000]
3	25700000	190	0.513514	100	[25600001,25700000]
3	25900000	183	0.494595	200	[25700001,25900000]
3	26000000	182	0.491892	100	[25900001,26000000]
