CHR	POS	COUNT	FREQUENCY	Length_kb	Hotspot_interval
3	15100001	222	0.6	100	[15100001,15200000]
3	15200001	217	0.586486	100	[15200001,15300000]
3	81900001	234	0.632432	100	[81900001,82000000]
3	82000001	243	0.656757	100	[82000001,82100000]
3	82100001	239	0.645946	100	[82100001,82200000]
3	82200001	243	0.656757	100	[82200001,82300000]
3	82300001	232	0.627027	100	[82300001,82400000]
3	82500001	226	0.610811	100	[82500001,82600000]
3	82600001	215	0.581081	200	[82600001,82800000]
3	15200000	222	0.6	100	[15100001,15200000]
3	15300000	217	0.586486	100	[15200001,15300000]
3	82000000	234	0.632432	100	[81900001,82000000]
3	82100000	243	0.656757	100	[82000001,82100000]
3	82200000	239	0.645946	100	[82100001,82200000]
3	82300000	243	0.656757	100	[82200001,82300000]
3	82400000	232	0.627027	100	[82300001,82400000]
3	82600000	226	0.610811	100	[82500001,82600000]
3	82800000	215	0.581081	200	[82600001,82800000]
