CHR	POS	COUNT	FREQUENCY	Length_kb	Hotspot_interval
3	59700001	183	0.494595	100	[59700001,59800000]
3	75000001	185	0.5	100	[75000001,75100000]
3	75100001	195	0.527027	100	[75100001,75200000]
3	75200001	196	0.52973	200	[75200001,75400000]
3	75400001	198	0.535135	200	[75400001,75600000]
3	75600001	188	0.508108	200	[75600001,75800000]
3	75800001	182	0.491892	200	[75800001,76000000]
3	59800000	183	0.494595	100	[59700001,59800000]
3	75100000	185	0.5	100	[75000001,75100000]
3	75200000	195	0.527027	100	[75100001,75200000]
3	75400000	196	0.52973	200	[75200001,75400000]
3	75600000	198	0.535135	200	[75400001,75600000]
3	75800000	188	0.508108	200	[75600001,75800000]
3	76000000	182	0.491892	200	[75800001,76000000]
