#IID	F_ROH	ROH_length_kB	KBAVG
2551	0.07641	7179.22	3589.61
2552	0.26816	25193.8	6298.46
2553	0.35434	33291.3	5548.55
2554	0.16662	15654	7826.98
2555	0.27477	25815.3	12907.6
2556	0.22199	20856.4	5214.09
2557	0.29234	27465.7	5493.13
2558	0.28363	26647.7	6661.93
2559	0.23148	21747.7	5436.92
2560	0.41155	38665.8	19332.9
2561	0.26091	24513.3	8171.09
2562	0.15137	14221.8	7110.88
2563	0.13990	13144.2	6572.08
2564	0.00000	0	0
2565	0.26954	25324.1	6331.01
2566	0.50247	47208.3	11802.1
2567	0.27026	25391.6	6347.91
2568	0.70468	66206.2	11034.4
2569	0.37386	35124.7	5017.82
2570	0.12003	11276.7	5638.33
2571	0.87821	82509.4	16501.9
2572	0.33034	31036.5	10345.5
2573	0.78228	73497	36748.5
2574	0.67333	63261.3	21087.1
2575	0.36417	34214.8	11404.9
2576	0.33817	31772.1	6354.43
2577	0.29136	27374.2	9124.73
2578	0.35605	33451.3	6690.26
2579	0.19776	18580	4644.99
2580	0.14085	13233.5	6616.74
2581	0.44832	42120.6	5265.08
2582	0.46989	44147.5	8829.51
2583	0.61794	58056.8	14514.2
2584	0.40079	37655.5	7531.09
2585	0.20284	19057.6	4764.39
2586	0.16955	15929.4	7964.69
2587	0.47216	44360.3	8872.07
2588	0.08695	8169.28	8169.28
2589	0.11814	11099.4	3699.78
2590	0.32529	30561.5	6112.31
2591	0.26916	25288	6322.01
2592	0.13913	13071.7	6535.87
2593	0.20927	19661.8	4915.46
2594	0.25527	23983	5995.76
2595	0.57562	54081.2	10816.2
2596	0.18266	17160.9	4290.23
2597	0.29519	27734.2	5546.85
2598	0.06705	6299.63	6299.63
2599	0.19243	18079.6	9039.8
2600	0.64761	60844.1	12168.8
