#IID	F_ROH	ROH_length_kB	KBAVG
2551	0.15220	14299.7	7149.85
2552	0.10038	9430.74	4715.37
2553	0.34246	32175.7	6435.15
2554	0.21092	19816.6	6605.54
2555	0.26279	24689.9	6172.48
2556	0.13531	12712.6	6356.3
2557	0.48876	45920.6	11480.2
2558	0.04782	4493.01	4493.01
2559	0.18926	17781.8	5927.28
2560	0.23348	21936.2	7312.08
2561	0.25785	24225.8	4845.16
2562	0.33452	31429.3	5238.22
2563	0.10778	10126.1	5063.06
2564	0.31468	29565.4	7391.35
2565	0.21545	20242.1	6747.38
2566	0.24071	22615.4	7538.48
2567	0.26568	24961.2	6240.31
2568	0.11195	10518.5	5259.27
2569	0.17638	16571.4	8285.68
2570	0.36066	33885.7	8471.43
2571	0.26548	24942.7	6235.68
2572	0.16629	15623.5	3905.89
2573	0.27597	25928	4321.33
2574	0.23646	22216.4	4443.27
2575	0.26351	24757.7	4126.29
2576	0.18369	17258.4	5752.8
2577	0.18193	17093.3	17093.3
2578	0.21894	20570.4	6856.8
2579	0.08422	7912.32	2637.44
2580	0.14760	13868	4622.67
2581	0.15759	14806.6	4935.54
2582	0.24230	22765	7588.32
2583	0.38120	35814.7	7162.94
2584	0.18388	17276.5	4319.13
2585	0.15688	14739.6	3684.89
2586	0.17930	16846.2	5615.4
2587	0.13086	12294.5	6147.23
2588	0.43433	40807.2	10201.8
2589	0.11916	11195.7	3731.89
2590	0.50247	47208.8	9441.76
2591	0.50017	46993.1	11748.3
2592	0.22369	21016.9	5254.22
2593	0.27103	25464.6	5092.92
2594	0.28317	26605	6651.25
2595	0.44557	41862.9	13954.3
2596	0.26840	25216.8	6304.21
2597	0.04782	4493.01	4493.01
2598	0.13645	12819.7	6409.87
2599	0.68633	64483.2	8060.4
2600	0.29249	27480.3	6870.08
