#IID	F_ROH	ROH_length_kB	KBAVG
2551	0.42684	40097.8	6682.97
2552	0.09864	9266.69	4633.35
2553	0.22658	21285	7095.01
2554	0.21426	20128	6709.32
2555	0.32360	30400	7599.99
2556	0.14274	13409.3	4469.75
2557	0.19533	18349.9	6116.63
2558	0.44508	41811.2	8362.23
2559	0.31515	29606	7401.51
2560	0.38597	36258.4	7251.69
2561	0.47362	44492.5	8898.51
2562	0.57093	53633.7	26816.8
2563	0.42570	39991.3	9997.83
2564	0.10246	9625.07	4812.54
2565	0.12204	11464.7	3821.55
2566	0.30282	28447.7	7111.93
2567	0.19365	18191.6	4547.91
2568	0.31358	29457.9	5891.57
2569	0.44581	41879.8	10469.9
2570	0.19142	17982.2	8991.1
2571	0.26201	24613.6	6153.41
2572	0.36946	34707.6	11569.2
2573	0.37712	35427.1	7085.42
2574	0.78689	73921.8	36960.9
2575	0.30103	28279.3	7069.84
2576	0.46533	43713.8	5464.23
2577	0.23608	22177.4	7392.45
2578	0.21828	20505.9	5126.47
2579	0.16692	15680.3	5226.75
2580	0.38899	36542.1	7308.41
2581	0.62426	58643.8	14660.9
2582	0.57372	53895.8	17965.3
2583	0.31147	29259.9	5851.98
2584	0.17066	16032.3	8016.15
2585	0.19950	18741.4	4685.34
2586	0.40811	38338.6	7667.73
2587	0.51023	47931.9	23965.9
2588	0.35021	32899.6	8224.91
2589	0.31467	29561.1	5912.22
2590	0.34527	32435	6486.99
2591	0.10246	9624.98	3208.33
2592	0.60260	56608.9	18869.6
2593	0.24312	22838.9	5709.72
2594	0.17080	16045.2	8022.59
2595	0.08544	8026.08	4013.04
2596	0.62130	58366.1	11673.2
2597	0.31483	29576	5915.19
2598	0.29917	28104.2	7026.04
2599	0.46305	43499.9	7249.99
2600	0.30627	28771.5	5754.3
