#IID	F_ROH	ROH_length_kB	KBAVG
2551	0.20324	19101.2	4775.3
2552	0.31048	29180.8	5836.16
2553	0.24517	23041.9	7680.65
2554	0.15755	14807.7	4935.89
2555	0.11416	10729.5	5364.75
2556	0.29746	27956.5	6989.14
2557	0.28843	27108	9035.99
2558	0.12422	11674.7	3891.57
2559	0.19398	18230.9	9115.44
2560	0.37987	35702.1	8925.52
2561	0.23944	22503.4	4500.68
2562	0.29025	27279	6819.76
2563	0.14482	13610.9	4536.96
2564	0.11097	10429.3	10429.3
2565	0.13952	13112.8	6556.41
2566	0.13168	12376.4	4125.47
2567	0.23228	21830.5	5457.62
2568	0.37172	34935.6	6987.13
2569	0.13190	12396.5	6198.24
2570	0.28951	27209.6	6802.41
2571	0.49171	46213.3	7702.22
2572	0.43570	40949	10237.2
2573	0.32899	30919.7	7729.94
2574	0.17121	16091.5	5363.84
2575	0.16363	15378.5	3844.64
2576	0.35340	33214.6	5535.76
2577	0.12533	11779.2	3926.4
2578	0.35231	33111.4	8277.85
2579	0.43856	41218	8243.6
2580	0.55377	52046.3	5782.92
2581	0.37199	34961.6	5826.94
2582	0.20965	19704	6568
2583	0.12740	11974.1	3991.35
2584	0.45368	42639.2	7106.53
2585	0.27198	25561.6	6390.4
2586	0.22590	21231.5	5307.87
2587	0.28143	26450.4	8816.81
2588	0.44972	42266.7	10566.7
2589	0.42722	40152.4	10038.1
2590	0.32684	30717.8	10239.3
2591	0.16468	15477	3869.25
2592	0.43207	40608.4	10152.1
2593	0.34359	32291.9	5381.99
2594	0.36581	34381	17190.5
2595	0.18762	17633.3	8816.64
2596	0.19376	18210.6	4552.64
2597	0.29184	27428.9	4571.48
2598	0.18719	17592.6	5864.2
2599	0.13601	12782.5	6391.26
2600	0.16911	15894	5297.99
