#IID	F_ROH	ROH_length_kB	KBAVG
2551	0.29146	27378.5	13689.3
2552	0.29148	27380.2	9126.75
2553	0.30126	28299	9433
2554	0.15462	14524.2	4841.39
2555	0.12883	12102	6051
2556	0.12370	11619.4	5809.72
2557	0.34138	32067.1	6413.43
2558	0.56067	52666.8	8777.81
2559	0.40669	38202.9	9550.73
2560	0.10695	10046.7	5023.34
2561	0.14795	13897.5	4632.51
2562	0.31641	29721.8	7430.45
2563	0.11484	10787.9	5393.94
2564	0.36013	33828.7	6765.75
2565	0.18318	17206.9	5735.64
2566	0.05803	5451.19	5451.19
2567	0.11891	11169.4	5584.71
2568	0.31004	29123.4	5824.68
2569	0.21593	20283.5	6761.16
2570	0.34392	32306.3	10768.8
2571	0.37068	34820.3	11606.8
2572	0.29356	27575.9	13787.9
2573	0.12449	11694.4	11694.4
2574	0.25261	23729.3	7909.78
2575	0.00000	0	0
2576	0.30798	28930.2	14465.1
2577	0.52704	49507.8	8251.29
2578	0.34297	32216.6	10738.9
2579	0.45112	42375.8	7062.64
2580	0.22187	20841.6	6947.21
2581	0.27001	25363.3	6340.82
2582	0.23801	22357.8	5589.44
2583	0.29336	27557.2	6889.3
2584	0.36396	34188.9	8547.22
2585	0.61370	57647.6	14411.9
2586	0.14873	13971.1	6985.56
2587	0.34654	32552	10850.7
2588	0.18152	17050.7	5683.58
2589	0.33490	31459	7864.75
2590	0.39675	37268.7	9317.18
2591	0.26792	25167.4	8389.14
2592	0.24139	22675.1	11337.5
2593	0.43282	40657.4	10164.4
2594	0.06599	6198.95	3099.48
2595	0.14421	13546.1	6773.05
2596	0.10673	10025.7	5012.83
2597	0.25084	23562.4	3927.07
2598	0.34442	32353	8088.25
2599	0.12387	11635.5	3878.5
2600	0.44667	41957.9	20978.9
