#IID	F_ROH	ROH_length_kB	KBAVG
2551	0.24677	22807.5	4561.49
2552	0.06692	6185.06	3092.53
2553	0.12386	11447.4	11447.4
2554	0.15774	14578.7	14578.7
2555	0.29006	26808	5361.6
2556	0.46732	43191.2	7198.53
2557	0.11515	10642	3547.35
2558	0.37834	34967.1	4995.3
2559	0.27961	25842.7	5168.54
2560	0.22478	20775.1	5193.78
2561	0.19663	18172.7	4543.18
2562	0.26064	24089.4	6022.36
2563	0.22843	21111.8	10555.9
2564	0.10719	9906.58	9906.58
2565	0.50488	46662.2	11665.6
2566	0.17354	16038.9	5346.31
2567	0.08996	8314.34	4157.17
2568	0.25844	23885.6	5971.4
2569	0.22601	20888.2	20888.2
2570	0.06144	5678.55	5678.55
2571	0.27691	25593.1	6398.28
2572	0.16349	15110.3	5036.77
2573	0.22986	21244	5311.01
2574	0.22754	21030.1	7010.02
2575	0.39640	36636.3	9159.07
2576	0.20129	18603.6	9301.82
2577	0.44174	40827.1	10206.8
2578	0.00000	0	0
2579	0.16474	15225.3	7612.63
2580	0.26308	24314.7	8104.89
2581	0.00000	0	0
2582	0.22886	21152.2	4230.44
2583	0.20773	19198.6	4799.65
2584	0.15753	14559.6	4853.19
2585	0.20877	19295.2	6431.72
2586	0.21045	19450.5	9725.23
2587	0.44813	41417.6	5916.81
2588	0.65794	60808.3	30404.2
2589	0.32876	30384.4	10128.1
2590	0.14367	13278.7	4426.25
2591	0.16086	14867.1	4955.7
2592	0.14559	13455.8	4485.25
2593	0.29013	26814.8	6703.7
2594	0.36176	33435.1	6687.03
2595	0.35812	33098.4	8274.61
2596	0.38631	35703.3	8925.83
2597	0.17780	16432.4	5477.45
2598	0.40411	37349	7469.81
2599	0.31152	28791	7197.75
2600	0.23780	21978.3	10989.2
