#IID	F_ROH	ROH_length_kB	KBAVG
2551	0.15291	14133	3533.24
2552	0.15819	14620.4	7310.18
2553	0.33108	30599.9	5099.98
2554	0.20913	19328.3	4832.08
2555	0.34895	32251	16125.5
2556	0.17591	16258.3	4064.56
2557	0.34859	32217.9	10739.3
2558	0.06245	5772.26	5772.26
2559	0.29055	26854.2	13427.1
2560	0.16061	14844.1	7422.04
2561	0.33560	31017.5	6203.49
2562	0.05709	5276.73	2638.36
2563	0.18279	16894	4223.51
2564	0.33972	31398	6279.59
2565	0.34778	32143.5	5357.24
2566	0.23331	21563.6	7187.87
2567	0.00000	0	0
2568	0.17922	16564.3	8282.14
2569	0.16800	15527.2	3881.8
2570	0.04418	4082.96	4082.96
2571	0.52215	48259	16086.3
2572	0.47581	43976.1	14658.7
2573	0.14304	13220.1	6610.07
2574	0.32559	30092.2	5015.37
2575	0.08921	8244.96	8244.96
2576	0.28205	26068.4	5213.68
2577	0.34126	31540.8	6308.15
2578	0.05244	4846.35	4846.35
2579	0.30735	28406.9	7101.72
2580	0.28322	26176.1	4362.68
2581	0.19125	17676.2	17676.2
2582	0.24133	22304.8	5576.19
2583	0.38532	35613	11871
2584	0.23309	21543.2	5385.81
2585	0.06814	6297.96	6297.96
2586	0.41707	38547	6424.51
2587	0.15050	13909.4	6954.7
2588	0.36341	33588.3	11196.1
2589	0.06071	5611.24	5611.24
2590	0.23429	21654.5	5413.62
2591	0.21803	20151	6717.01
2592	0.42599	39371.7	13123.9
2593	0.15795	14598	14598
2594	0.34044	31464.7	7866.18
2595	0.18468	17069.2	8534.62
2596	0.17619	16283.8	8141.9
2597	0.26795	24765	8254.99
2598	0.15948	14739.8	7369.89
2599	0.13909	12855	4285.01
2600	0.29967	27696.3	6924.08
