#IID	F_ROH	ROH_length_kB	KBAVG
2551	0.26845	25211.9	6302.97
2552	0.56294	52870.4	13217.6
2553	0.32447	30473.2	15236.6
2554	0.25600	24043.4	12021.7
2555	0.30402	28552.6	7138.14
2556	0.25671	24110	6027.49
2557	0.41164	38660.5	7732.1
2558	0.00000	0	0
2559	0.18354	17237.5	5745.82
2560	0.35461	33303.8	5550.64
2561	0.50954	47854.8	9570.95
2562	0.35135	32997.9	6599.58
2563	0.08746	8214.39	4107.19
2564	0.23257	21842.5	7280.85
2565	0.18762	17621.1	4405.26
2566	0.19881	18671.6	9335.78
2567	0.08352	7843.69	3921.84
2568	0.21235	19943.6	9971.81
2569	0.12450	11693.2	5846.58
2570	0.26960	25320.3	12660.1
2571	0.30561	28702.1	14351
2572	0.06230	5850.91	2925.45
2573	0.27482	25810.9	12905.5
2574	0.20814	19548.4	6516.13
2575	0.42953	40340.4	10085.1
2576	0.20356	19118	9559
2577	0.27307	25646.5	6411.61
2578	0.21802	20475.6	5118.91
2579	0.70109	65844.7	9406.39
2580	0.19587	18395.5	9197.73
2581	0.33450	31415.9	7853.97
2582	0.42732	40133.1	6688.85
2583	0.38885	36520.3	9130.07
2584	0.21715	20393.8	6797.94
2585	0.22455	21088.8	5272.2
2586	0.12293	11545.4	3848.45
2587	0.24127	22659.7	5664.91
2588	0.14737	13840.4	4613.47
2589	0.00000	0	0
2590	0.31317	29411.9	7352.97
2591	0.31674	29747.1	7436.78
2592	0.40584	38116	38116
2593	0.30754	28883.7	7220.93
2594	0.03946	3706.41	3706.41
2595	0.20844	19576.3	4894.06
2596	0.37577	35291.2	11763.7
2597	0.50452	47383.6	7897.27
2598	0.21343	20045.1	10022.5
2599	0.12870	12087.6	4029.18
2600	0.39955	37524.4	6254.07
