#IID	F_ROH	ROH_length_kB	KBAVG
2551	0.27289	25601.1	12800.5
2552	0.18217	17090	8544.98
2553	0.28198	26454	5290.8
2554	0.52571	49319.1	16439.7
2555	0.06829	6406.68	6406.68
2556	0.28653	26880.5	8960.15
2557	0.38098	35741.6	8935.4
2558	0.15884	14901.8	7450.9
2559	0.29875	28027.4	9342.46
2560	0.25604	24020.4	8006.8
2561	0.18063	16946	5648.66
2562	0.19941	18707.7	6235.9
2563	0.26168	24549.7	6137.43
2564	0.20697	19416.5	6472.15
2565	0.21381	20058.1	5014.51
2566	0.09004	8446.71	8446.71
2567	0.44805	42033.8	10508.5
2568	0.51262	48091.2	24045.6
2569	0.14971	14044.9	4681.63
2570	0.07477	7014.57	7014.57
2571	0.19122	17939.5	5979.84
2572	0.29776	27934.6	9311.54
2573	0.50106	47007.3	9401.46
2574	0.30409	28528.3	14264.1
2575	0.26481	24843.4	4968.68
2576	0.19515	18308.1	9154.07
2577	0.49353	46300.8	11575.2
2578	0.24445	22933.1	7644.36
2579	0.36367	34117.5	11372.5
2580	0.08220	7711.78	7711.78
2581	0.25671	24082.9	8027.63
2582	0.46036	43188.5	8637.7
2583	0.18795	17632.5	8816.26
2584	0.14053	13184	4394.66
2585	0.38650	36259.5	12086.5
2586	0.21972	20613.1	6871.04
2587	0.20682	19402.5	6467.5
2588	0.25295	23730.5	5932.63
2589	0.14631	13726.3	4575.42
2590	0.25477	23900.8	7966.93
2591	0.08869	8320.38	8320.38
2592	0.31367	29427.2	9809.06
2593	0.24071	22582	11291
2594	0.43856	41143	10285.7
2595	0.42360	39739.8	9934.94
2596	0.21790	20441.9	6813.98
2597	0.13841	12984.5	4328.17
2598	0.19828	18601.7	9300.83
2599	0.28258	26509.8	26509.8
2600	0.30228	28358.3	7089.58
