#IID	F_ROH	ROH_length_kB	KBAVG
2551	0.51787	47850.2	7975.03
2552	0.51815	47876.6	9575.33
2553	0.38998	36033.7	9008.43
2554	0.63760	58913.8	9818.96
2555	0.26739	24706.6	12353.3
2556	0.53840	49747	8291.16
2557	0.47180	43593.3	7265.54
2558	0.17134	15832	5277.35
2559	0.32352	29892.5	7473.11
2560	0.36790	33993.9	33993.9
2561	0.37977	35089.9	7017.98
2562	0.34223	31621.6	10540.5
2563	0.62060	57342.3	7167.78
2564	0.49766	45982.9	9196.58
2565	0.37976	35089.5	7017.91
2566	0.30556	28232.9	7058.23
2567	0.36444	33673.9	6734.78
2568	0.71084	65680.5	13136.1
2569	0.37664	34801.4	11600.5
2570	0.45804	42322.6	8464.52
2571	0.53105	49068.5	9813.69
2572	0.35123	32453.6	10817.9
2573	0.36619	33835.8	6767.17
2574	0.65414	60441.2	12088.2
2575	0.53856	49762.1	8293.68
2576	0.43473	40168.6	8033.72
2577	0.42266	39053	13017.7
2578	0.35026	32363.2	8090.79
2579	0.43237	39950.8	7990.17
2580	0.32128	29686.1	5937.22
2581	0.15263	14102.4	4700.8
2582	0.71511	66075.5	22025.2
2583	0.35314	32629.5	6525.89
2584	0.46391	42864.2	10716
2585	0.42286	39071.9	13024
2586	0.51827	47887.7	7981.29
2587	0.45888	42399.5	7066.59
2588	0.41807	38628.8	9657.2
2589	0.67543	62408.9	7801.11
2590	0.30698	28364.5	5672.9
2591	0.30206	27910.1	4651.69
2592	0.47468	43859.8	6265.68
2593	0.33957	31376.1	6275.22
2594	0.51644	47718	7953.01
2595	0.43532	40223.4	13407.8
2596	0.46425	42896.1	7149.35
2597	0.43219	39934.1	7986.82
2598	0.21981	20309.9	5077.48
2599	0.28078	25944.1	6486.02
2600	0.21165	19555.9	6518.64
