#IID	F_ROH	ROH_length_kB	KBAVG
2551	0.23312	21886.4	4377.28
2552	0.21002	19717.5	4929.39
2553	0.53056	49812.2	12453.1
2554	0.17252	16196.9	5398.97
2555	0.35616	33438	8359.49
2556	0.44300	41591.5	8318.31
2557	0.46057	43240.9	8648.18
2558	0.41048	38538.3	6423.05
2559	0.51952	48775.8	8129.3
2560	0.37684	35379.7	7075.94
2561	0.15770	14805.5	4935.17
2562	0.33457	31411.4	4487.35
2563	0.34565	32451.8	10817.3
2564	0.55953	52531.9	7504.56
2565	0.33735	31672.1	6334.42
2566	0.24791	23274.8	5818.7
2567	0.41408	38876	9718.99
2568	0.25437	23882	4776.39
2569	0.48009	45073.8	7512.29
2570	0.14006	13149.9	4383.28
2571	0.36816	34564.9	5760.81
2572	0.33994	31915	7978.75
2573	0.26192	24590.9	4918.17
2574	0.49843	46795.5	6685.07
2575	0.28142	26421.5	5284.3
2576	0.42511	39911.3	9977.83
2577	0.25917	24332.5	12166.2
2578	0.15572	14619.4	4873.12
2579	0.33106	31082.2	5180.36
2580	0.28997	27223.8	6805.94
2581	0.37631	35330.1	7066.03
2582	0.25972	24384	4876.81
2583	0.42391	39799.2	7959.84
2584	0.37309	35027.7	5837.94
2585	0.46612	43761.8	10940.5
2586	0.39117	36725.2	7345.05
2587	0.55720	52312.6	13078.1
2588	0.56665	53199.9	13300
2589	0.20126	18895.4	6298.47
2590	0.43816	41137.3	6856.22
2591	0.23451	22017	5504.26
2592	0.28084	26366.6	6591.64
2593	0.33155	31128.2	6225.63
2594	0.32826	30818.9	5136.48
2595	0.33669	31610.4	5268.39
2596	0.35822	33631.9	8407.96
2597	0.53404	50138.4	16712.8
2598	0.24503	23004.9	5751.23
2599	0.34010	31930.8	6386.17
2600	0.44957	42207.8	10552
