#IID	F_ROH	ROH_length_kB	KBAVG
2551	0.38717	36319.7	6053.28
2552	0.22278	20898.6	6966.21
2553	0.11735	11008.3	5504.13
2554	0.39870	37402.1	7480.42
2555	0.24639	23113.8	5778.45
2556	0.62658	58779.5	14694.9
2557	0.42212	39598.7	5656.96
2558	0.36906	34620.9	8655.23
2559	0.50051	46952.6	6707.52
2560	0.40407	37905.1	7581.02
2561	0.25504	23924.7	7974.9
2562	0.24063	22573.7	7524.58
2563	0.32344	30341.5	7585.37
2564	0.27405	25708.2	5141.63
2565	0.40632	38116.3	6352.71
2566	0.13757	12905.7	6452.83
2567	0.17053	15997.6	5332.53
2568	0.13150	12336.1	6168.06
2569	0.04746	4452.56	4452.56
2570	0.25547	23965.7	4793.14
2571	0.39349	36912.8	6152.14
2572	0.50789	47645.1	7940.85
2573	0.23830	22354.8	4470.97
2574	0.60918	57146.6	9524.43
2575	0.38413	36035.2	6005.86
2576	0.14190	13311.1	4437.05
2577	0.22852	21437.6	5359.4
2578	0.38963	36551.1	9137.77
2579	0.27123	25444.2	8481.39
2580	0.25535	23953.9	5988.47
2581	0.41776	39190.1	6531.69
2582	0.18774	17611.9	5870.64
2583	0.31475	29526.1	4218.02
2584	0.36500	34240.4	6848.09
2585	0.51167	47999.1	9599.81
2586	0.23735	22265.4	4453.09
2587	0.35366	33176.2	6635.23
2588	0.24023	22536.2	4507.24
2589	0.24253	22751.9	5687.98
2590	0.09309	8732.44	4366.22
2591	0.26975	25305.2	5061.04
2592	0.30992	29073.1	7268.27
2593	0.21012	19710.8	4927.69
2594	0.15436	14480.1	7240.06
2595	0.26450	24813	6203.24
2596	0.38743	36344.7	7268.95
2597	0.23371	21924.6	4384.93
2598	0.29640	27805.1	4634.18
2599	0.09127	8561.55	4280.78
2600	0.23270	21829	4365.81
