#IID	F_ROH	ROH_length_kB	KBAVG
2551	0.31661	29234.1	7308.53
2552	0.37919	35011.8	5835.3
2553	0.08810	8134.52	4067.26
2554	0.25187	23256	5814
2555	0.27155	25073	6268.24
2556	0.20312	18754.4	6251.48
2557	0.00000	0	0
2558	0.09909	9149.08	9149.08
2559	0.31866	29422.8	4903.81
2560	0.00000	0	0
2561	0.34225	31601.1	6320.22
2562	0.22300	20590.3	6863.43
2563	0.27991	25845.1	8615.03
2564	0.14957	13810.1	3452.52
2565	0.13771	12715.2	4238.38
2566	0.30091	27784.2	6946.05
2567	0.56573	52236.4	17412.1
2568	0.09009	8318.8	2772.93
2569	0.15235	14066.7	4688.89
2570	0.21777	20107.1	6702.38
2571	0.29612	27341.5	4556.92
2572	0.35962	33205.2	6641.04
2573	0.16057	14825.8	4941.94
2574	0.05645	5212.02	5212.02
2575	0.06891	6362.73	3181.36
2576	0.18307	16903.8	5634.61
2577	0.14493	13381.9	3345.47
2578	0.16171	14931.1	4977.04
2579	0.00000	0	0
2580	0.40581	37469.7	37469.7
2581	0.34482	31838.7	5306.45
2582	0.36137	33366.9	6673.39
2583	0.04881	4506.75	4506.75
2584	0.15071	13915.5	6957.77
2585	0.56775	52422.3	8737.04
2586	0.14741	13611.1	4537.03
2587	0.22100	20406	5101.51
2588	0.26899	24837.3	12418.7
2589	0.31721	29289.1	5857.81
2590	0.21433	19789.6	4947.4
2591	0.18321	16916.9	5638.95
2592	0.48697	44963.4	6423.34
2593	0.27271	25180	5036
2594	0.20803	19208.4	4802.09
2595	0.10416	9617.2	4808.6
2596	0.19419	17930	4482.49
2597	0.43870	40506.5	8101.3
2598	0.45117	41658.2	8331.64
2599	0.13980	12908.3	6454.15
2600	0.15870	14653.4	4884.46
