#IID	F_ROH	ROH_length_kB	KBAVG
2551	0.19190	18024	6008
2552	0.03259	3061.05	3061.05
2553	0.17019	15984.7	5328.22
2554	0.44054	41378	20689
2555	0.04260	4001.13	4001.13
2556	0.16161	15178.8	15178.8
2557	0.10001	9393.64	4696.82
2558	0.19802	18599.4	6199.81
2559	0.24852	23341.9	5835.48
2560	0.13219	12416.1	4138.68
2561	0.24296	22819.9	4563.99
2562	0.13854	13012.7	6506.34
2563	0.20334	19099.1	19099.1
2564	0.37728	35436.3	8859.09
2565	0.17625	16554.7	4138.68
2566	0.26624	25006.6	12503.3
2567	0.24570	23077.6	4615.51
2568	0.33083	31073.6	7768.41
2569	0.23206	21796.3	5449.08
2570	0.37043	34792.4	8698.1
2571	0.20900	19630	4907.5
2572	0.47952	45038.5	6434.08
2573	0.39928	37502.3	12500.8
2574	0.19828	18623.4	9311.72
2575	0.18052	16955.7	5651.9
2576	0.14821	13920.7	4640.24
2577	0.38907	36543.3	9135.82
2578	0.46921	44070.5	22035.2
2579	0.11069	10396.1	3465.37
2580	0.42800	40199.4	13399.8
2581	0.13108	12311.9	4103.95
2582	0.28562	26826.9	8942.3
2583	0.15847	14883.9	7441.93
2584	0.19531	18344.2	4586.06
2585	0.40878	38394.5	12798.2
2586	0.17511	16447.5	8223.76
2587	0.41725	39190.5	6531.75
2588	0.44436	41736.3	8347.25
2589	0.27950	26251.9	6562.97
2590	0.28191	26478	6619.49
2591	0.17992	16898.8	5632.95
2592	0.29954	28134.2	7033.56
2593	0.42950	40340.6	10085.1
2594	0.18638	17506	5835.32
2595	0.43637	40985.8	8197.17
2596	0.10475	9838.35	4919.18
2597	0.16334	15341.6	5113.86
2598	0.28951	27192.6	5438.51
2599	0.44876	42149.6	7024.94
2600	0.46784	43941.7	8788.34
