#IID	F_ROH	ROH_length_kB	KBAVG
2551	0.21190	19912.1	9956.03
2552	0.31304	29416.3	5883.25
2553	0.25072	23560.6	5890.15
2554	0.28113	26418.1	8806.02
2555	0.17853	16776.2	5592.06
2556	0.16204	15226.9	5075.65
2557	0.21264	19982.2	4995.56
2558	0.43255	40646.5	10161.6
2559	0.20817	19561.6	19561.6
2560	0.14612	13731.2	6865.58
2561	0.25822	24264.7	6066.17
2562	0.10440	9810.76	9810.76
2563	0.45263	42534.1	10633.5
2564	0.10060	9453.46	4726.73
2565	0.16879	15861.1	5287.02
2566	0.31167	29287.9	5857.58
2567	0.03906	3670.14	3670.14
2568	0.36639	34429.6	8607.4
2569	0.07659	7197.23	7197.23
2570	0.24916	23413.2	5853.29
2571	0.37474	35214.4	11738.1
2572	0.21424	20131.8	6710.6
2573	0.18003	16917.2	5639.06
2574	0.07579	7122.22	7122.22
2575	0.21915	20593.9	10297
2576	0.17539	16481.3	4120.31
2577	0.15449	14517.7	3629.44
2578	0.32219	30276.4	7569.1
2579	0.28899	27156.4	6789.11
2580	0.47550	44683.3	7447.21
2581	0.07548	7093.05	7093.05
2582	0.15966	15003.1	7501.56
2583	0.15518	14582.4	4860.81
2584	0.17078	16048.4	4012.09
2585	0.46317	43524.1	8704.82
2586	0.31710	29798	5959.6
2587	0.33986	31936.3	10645.4
2588	0.13577	12758.2	4252.74
2589	0.20434	19201.6	4800.41
2590	0.45598	42848.6	14282.9
2591	0.39200	36836.7	9209.16
2592	0.20391	19161.8	6387.25
2593	0.46050	43273.2	8654.64
2594	0.25901	24338.8	6084.69
2595	0.23650	22223.7	5555.93
2596	0.17233	16193.5	4048.37
2597	0.26323	24735.4	4122.57
2598	0.22202	20863.5	6954.48
2599	0.30091	28276.6	4039.52
2600	0.23128	21733	5433.24
