#IID	F_ROH	ROH_length_kB	KBAVG
2551	0.63656	58819.5	14704.9
2552	0.32893	30393.5	7598.38
2553	0.03203	2959.57	2959.57
2554	0.53689	49609.7	9921.93
2555	0.46475	42943.2	6134.74
2556	0.32979	30473.2	7618.31
2557	0.28415	26256	4376
2558	0.15489	14312.4	4770.8
2559	0.24407	22552.1	7517.36
2560	0.27643	25542.3	6385.57
2561	0.50087	46281.5	11570.4
2562	0.16690	15421.4	5140.47
2563	0.29643	27390.5	6847.61
2564	0.22359	20660.2	6886.74
2565	0.33265	30737.3	10245.8
2566	0.27465	25378.2	6344.56
2567	0.35898	33170.7	11056.9
2568	0.14912	13778.5	6889.24
2569	0.50456	46621.9	7770.32
2570	0.20728	19153.2	4788.29
2571	0.30599	28274	9424.65
2572	0.32077	29639.8	7409.96
2573	0.17648	16306.7	5435.58
2574	0.22213	20525.6	10262.8
2575	0.46023	42526.3	6075.19
2576	0.26845	24805.2	6201.29
2577	0.33074	30561	7640.25
2578	0.32579	30103.2	10034.4
2579	0.20838	19254.4	6418.14
2580	0.28166	26026	5205.21
2581	0.29212	26992.6	6748.15
2582	0.32866	30368.4	6073.69
2583	0.24605	22735.7	7578.56
2584	0.27248	25177.8	6294.46
2585	0.65430	60458.6	10076.4
2586	0.35070	32405.7	10801.9
2587	0.36884	34081.2	8520.3
2588	0.25933	23962.3	7987.43
2589	0.39626	36614.6	6102.43
2590	0.19323	17854.6	4463.64
2591	0.20088	18561.7	9280.86
2592	0.32410	29947.8	7486.94
2593	0.33805	31236.2	6247.25
2594	0.29117	26904.9	6726.22
2595	0.24254	22410.7	7470.24
2596	0.20072	18547.3	6182.45
2597	0.21893	20229.1	10114.5
2598	0.46680	43133.3	10783.3
2599	0.32671	30188.4	10062.8
2600	0.45732	42257	7042.84
