#IID	F_ROH	ROH_length_kB	KBAVG
2551	0.08951	8408.33	8408.33
2552	0.28569	26835.6	6708.9
2553	0.15128	14210.5	7105.27
2554	0.05117	4806.18	4806.18
2555	0.06855	6438.71	3219.36
2556	0.25174	23646.2	5911.56
2557	0.25366	23827	7942.32
2558	0.08604	8081.73	4040.86
2559	0.36972	34728.7	8682.19
2560	0.30400	28556	7139.01
2561	0.03289	3089.03	3089.03
2562	0.31635	29715.3	9905.1
2563	0.24073	22612.6	4522.51
2564	0.14857	13955.3	6977.67
2565	0.10545	9905.44	4952.72
2566	0.07857	7380.08	3690.04
2567	0.19702	18506.6	9253.31
2568	0.06602	6201.49	3100.75
2569	0.31327	29426.7	5885.35
2570	0.09385	8815.72	4407.86
2571	0.17484	16423	5474.33
2572	0.27540	25869.2	4311.54
2573	0.12646	11879.1	3959.69
2574	0.08327	7821.41	3910.71
2575	0.11647	10940.4	5470.2
2576	0.22075	20736.1	5184.03
2577	0.12845	12065.5	4021.82
2578	0.28074	26370.3	6592.57
2579	0.32115	30166.5	6033.29
2580	0.15543	14599.6	4866.54
2581	0.08933	8391.04	4195.52
2582	0.17635	16564.6	5521.52
2583	0.37747	35456.5	8864.12
2584	0.16909	15882.7	5294.24
2585	0.03146	2954.91	2954.91
2586	0.20620	19369	9684.48
2587	0.28071	26367.5	6591.87
2588	0.40329	37881.9	7576.37
2589	0.31259	29362.6	5872.52
2590	0.09182	8624.57	4312.28
2591	0.35952	33771	5628.5
2592	0.34792	32681.4	10893.8
2593	0.29343	27562.3	4593.72
2594	0.26148	24561.2	4912.23
2595	0.12433	11678.6	5839.29
2596	0.11653	10946.2	5473.09
2597	0.32418	30450.8	10150.3
2598	0.27701	26020.3	5204.05
2599	0.16912	15885.8	5295.28
2600	0.27810	26122.5	5224.5
