#IID	F_ROH	ROH_length_kB	KBAVG
2551	0.20433	19188	4797
2552	0.19507	18318.9	9159.45
2553	0.37082	34823.5	6964.7
2554	0.04374	4107.34	4107.34
2555	0.40265	37812.8	9453.2
2556	0.00000	0	0
2557	0.30074	28241.9	5648.39
2558	0.05748	5398.08	5398.08
2559	0.35420	33262.3	11087.4
2560	0.19488	18300.6	4575.16
2561	0.09127	8571.46	4285.73
2562	0.12638	11868	3955.99
2563	0.15585	14635.8	4878.6
2564	0.49963	46919.6	9383.91
2565	0.20268	19033.5	3806.69
2566	0.23680	22237.5	4447.49
2567	0.37561	35273.3	7054.66
2568	0.34153	32072.8	6414.57
2569	0.08843	8304.66	4152.33
2570	0.22286	20928.5	10464.2
2571	0.31383	29471.2	5894.24
2572	0.03000	2816.84	2816.84
2573	0.12586	11819.7	3939.89
2574	0.29525	27726.7	5545.34
2575	0.24678	23175.2	5793.81
2576	0.25050	23524.3	7841.43
2577	0.27176	25521	8507.01
2578	0.08850	8311.28	8311.28
2579	0.26713	25086	6271.5
2580	0.12807	12027.3	4009.09
2581	0.11457	10758.7	5379.37
2582	0.40782	38297.6	9574.4
2583	0.34110	32032.5	8008.12
2584	0.04010	3766.1	3766.1
2585	0.34207	32123.8	8030.94
2586	0.07806	7330.45	3665.22
2587	0.56896	53430.3	10686.1
2588	0.26103	24513.3	8171.11
2589	0.05222	4903.73	4903.73
2590	0.07974	7488.59	3744.29
2591	0.16974	15940	7970.02
2592	0.16564	15555.2	7777.62
2593	0.28355	26627.7	13313.8
2594	0.32707	30715.2	10238.4
2595	0.17535	16466.8	4116.71
2596	0.27442	25770.5	6442.62
2597	0.35377	33222.5	5537.09
2598	0.06702	6293.67	6293.67
2599	0.38042	35725.3	5954.22
2600	0.49114	46122	9224.4
