#IID	F_ROH	ROH_length_kB	KBAVG
2551	0.42575	39347.1	5621.01
2552	0.14573	13467.8	4489.27
2553	0.28526	26363.6	6590.89
2554	0.46242	42735.9	10684
2555	0.20939	19351.2	6450.4
2556	0.38898	35948.6	8987.14
2557	0.36593	33818.6	11272.9
2558	0.22471	20767.6	6922.53
2559	0.35396	32712.1	6542.42
2560	0.28712	26535.4	4422.56
2561	0.32614	30141.4	10047.1
2562	0.36879	34082.7	8520.69
2563	0.20278	18740.7	4685.18
2564	0.52381	48409.9	16136.6
2565	0.07794	7203.49	3601.75
2566	0.27749	25644.9	5128.98
2567	0.42706	39468.4	7893.69
2568	0.32259	29813.3	7453.31
2569	0.37611	34759.3	6951.86
2570	0.48938	45227.3	11306.8
2571	0.14072	13005	6502.51
2572	0.22952	21211.7	4242.33
2573	0.33475	30936.8	6187.36
2574	0.16777	15504.7	5168.25
2575	0.18447	17048.2	8524.1
2576	0.53359	49313.3	12328.3
2577	0.30769	28436.4	9478.78
2578	0.14692	13578.4	4526.12
2579	0.26028	24054.5	8018.18
2580	0.20894	19309.4	4827.34
2581	0.53005	48986.6	16328.9
2582	0.29064	26860.4	8953.46
2583	0.20313	18772.6	6257.53
2584	0.45539	42085.8	21042.9
2585	0.43173	39899.6	9974.9
2586	0.21004	19411.9	4852.97
2587	0.35242	32570.1	10856.7
2588	0.33974	31397.8	6279.55
2589	0.36166	33423.6	8355.91
2590	0.31879	29462	5892.39
2591	0.28685	26510.1	6627.52
2592	0.39102	36137.6	6022.93
2593	0.17030	15738.5	5246.15
2594	0.46549	43019.7	10754.9
2595	0.41848	38674.9	12891.6
2596	0.20300	18760.6	6253.54
2597	0.21575	19939.6	9969.78
2598	0.38259	35357.8	7071.55
2599	0.17883	16527.2	8263.62
2600	0.15795	14597.5	7298.73
