#IID	F_ROH	ROH_length_kB	KBAVG
2551	0.53876	50509	8418.17
2552	0.29529	27683.9	9227.97
2553	0.23543	22071.8	7357.27
2554	0.22269	20876.8	10438.4
2555	0.17798	16685.3	4171.31
2556	0.18423	17271.7	4317.93
2557	0.45964	43091.5	8618.3
2558	0.55055	51614	8602.33
2559	0.11384	10672.5	3557.5
2560	0.12403	11627.4	3875.79
2561	0.34699	32530.2	10843.4
2562	0.18956	17771.6	4442.91
2563	0.12087	11331.7	5665.84
2564	0.28207	26444.3	5288.85
2565	0.26550	24890.4	8296.81
2566	0.15152	14204.6	4734.87
2567	0.17642	16539	4134.75
2568	0.15617	14640.8	3660.2
2569	0.07289	6833.11	6833.11
2570	0.19992	18742.1	6247.36
2571	0.18433	17281.3	5760.43
2572	0.22512	21105	7035
2573	0.30625	28710.9	5742.18
2574	0.26158	24522.7	8174.23
2575	0.35746	33511.5	6702.29
2576	0.04459	4180.67	4180.67
2577	0.37265	34935.8	17467.9
2578	0.05008	4694.95	4694.95
2579	0.06434	6032.03	3016.02
2580	0.20748	19451.1	9725.53
2581	0.16601	15563.1	5187.69
2582	0.09592	8992.23	4496.12
2583	0.46960	44025	8805
2584	0.10182	9545.64	4772.82
2585	0.12314	11544.6	5772.31
2586	0.33631	31529.4	6305.87
2587	0.15701	14720.1	7360.03
2588	0.40224	37710.4	6285.07
2589	0.36970	34659	8664.76
2590	0.08455	7926.55	3963.27
2591	0.11705	10973.9	5486.95
2592	0.51419	48205.3	12051.3
2593	0.26383	24734.2	4946.85
2594	0.18830	17652.9	5884.3
2595	0.22002	20626.8	5156.7
2596	0.25333	23750	4750
2597	0.18175	17039.2	8519.59
2598	0.34731	32559.9	6511.98
2599	0.53409	50070.7	10014.1
2600	0.15108	14163.4	7081.7
