#IID	F_ROH	ROH_length_kB	KBAVG
2551	0.29651	27861.8	4643.64
2552	0.00000	0	0
2553	0.23168	21769.5	7256.51
2554	0.39545	37158.3	6193.05
2555	0.16839	15823.2	7911.61
2556	0.08180	7686.03	3843.01
2557	0.27661	25992.1	6498.02
2558	0.40564	38116.1	12705.4
2559	0.16867	15849.2	5283.06
2560	0.24604	23119.1	7706.36
2561	0.25904	24340.4	6085.1
2562	0.23136	21740.1	10870.1
2563	0.22503	21145.2	7048.41
2564	0.26446	24850	8283.35
2565	0.09327	8764.43	4382.21
2566	0.12487	11733.8	5866.9
2567	0.36239	34052	8513
2568	0.20212	18992.7	9496.37
2569	0.12207	11470.5	3823.51
2570	0.20887	19626.4	6542.13
2571	0.07339	6895.83	3447.92
2572	0.09929	9329.58	4664.79
2573	0.15696	14748.8	4916.25
2574	0.19246	18084.2	6028.08
2575	0.24540	23059.3	7686.44
2576	0.05743	5396.34	5396.34
2577	0.15269	14347.7	7173.83
2578	0.08790	8260	4130
2579	0.15189	14272.3	14272.3
2580	0.44124	41461.2	10365.3
2581	0.11366	10679.7	5339.87
2582	0.22481	21124.7	5281.18
2583	0.19768	18575.2	6191.74
2584	0.16566	15566.1	5188.69
2585	0.10044	9437.95	9437.95
2586	0.38419	36100.1	9025.01
2587	0.15582	14641.9	4880.64
2588	0.13935	13094.4	13094.4
2589	0.15189	14272.3	14272.3
2590	0.14327	13462.1	4487.37
2591	0.16212	15234.1	5078.04
2592	0.20921	19658.7	4914.67
2593	0.22097	20763.3	10381.6
2594	0.14318	13453.6	6726.78
2595	0.32231	30286	6057.21
2596	0.34236	32169.9	10723.3
2597	0.00000	0	0
2598	0.21541	20240.7	6746.9
2599	0.35582	33434.4	6686.88
2600	0.23658	22230.4	5557.61
