#IID	F_ROH	ROH_length_kB	KBAVG
2551	0.34233	32168.2	8042.05
2552	0.32548	30585.3	7646.33
2553	0.44532	41846.5	6974.41
2554	0.18251	17150.6	4287.65
2555	0.20222	19002	6334.01
2556	0.28803	27066.2	5413.24
2557	0.43434	40814.7	10203.7
2558	0.33124	31126.6	7781.64
2559	0.46547	43739.8	8747.95
2560	0.32921	30935.3	10311.8
2561	0.46888	44060.1	8812.03
2562	0.30271	28445.3	9481.77
2563	0.61038	57357	9559.5
2564	0.72833	68440.6	17110.2
2565	0.33323	31313.5	10437.8
2566	0.35955	33786.2	8446.54
2567	0.25562	24019.8	4803.96
2568	0.50399	47358.9	7893.15
2569	0.15353	14426.9	3606.74
2570	0.33516	31494.5	6298.89
2571	0.22493	21136	5284.01
2572	0.64607	60710.7	8672.95
2573	0.37651	35380	5896.67
2574	0.34914	32808.3	5468.05
2575	0.50581	47530.3	9506.06
2576	0.36233	34047.4	8511.85
2577	0.09350	8786.08	4393.04
2578	0.32607	30640.3	7660.07
2579	0.26597	24993.2	6248.29
2580	0.11380	10693.2	3564.4
2581	0.31824	29904.5	5980.89
2582	0.36342	34150.2	5691.71
2583	0.12057	11329.9	5664.94
2584	0.16204	15226.3	7613.15
2585	0.37206	34962.4	11654.1
2586	0.19335	18169.1	6056.36
2587	0.20765	19512.6	4878.16
2588	0.14160	13306.1	6653.03
2589	0.21646	20340.6	6780.19
2590	0.17789	16716.4	8358.2
2591	0.27206	25565.3	6391.32
2592	0.31720	29807.3	4967.88
2593	0.18335	17229.3	4307.32
2594	0.72256	67898	16974.5
2595	0.44918	42209.2	10552.3
2596	0.56290	52895	13223.8
2597	0.21562	20261.9	4052.38
2598	0.54529	51239.9	17080
2599	0.27029	25398.8	12699.4
2600	0.38040	35746.1	8936.52
