#IID	F_ROH	ROH_length_kB	KBAVG
2551	0.28656	26920.4	8973.48
2552	0.26521	24915.2	6228.8
2553	0.06572	6173.59	3086.8
2554	0.23038	21642.5	7214.16
2555	0.24658	23164.5	7721.49
2556	0.11366	10678	3559.32
2557	0.22441	21082.2	7027.38
2558	0.31554	29643.4	4940.57
2559	0.15646	14698.8	14698.8
2560	0.62298	58525.5	14631.4
2561	0.22731	21354.3	7118.1
2562	0.06888	6471.06	6471.06
2563	0.25589	24039.7	8013.24
2564	0.46126	43333	8666.6
2565	0.21285	19996.2	9998.08
2566	0.09317	8752.49	4376.24
2567	0.29515	27727.5	6931.88
2568	0.19076	17920.9	8960.44
2569	0.22805	21424	7141.32
2570	0.29913	28102	7025.5
2571	0.26768	25147.5	5029.49
2572	0.08863	8325.91	4162.96
2573	0.11698	10989.2	5494.59
2574	0.22448	21089.1	5272.28
2575	0.16371	15380	5126.67
2576	0.11956	11232.3	5616.17
2577	0.05929	5570	5570
2578	0.23700	22264.8	5566.2
2579	0.31274	29379.8	9793.28
2580	0.22671	21298.3	10649.1
2581	0.23175	21771.4	7257.12
2582	0.16388	15395.5	7697.75
2583	0.31094	29210.9	9736.97
2584	0.17605	16538.5	5512.82
2585	0.10115	9502.6	4751.3
2586	0.30426	28583.1	7145.77
2587	0.10333	9707.44	4853.72
2588	0.20517	19275	4818.75
2589	0.04614	4334.99	4334.99
2590	0.14107	13252.6	4417.53
2591	0.26595	24985	4996.99
2592	0.21988	20656.7	4131.34
2593	0.13657	12830.4	6415.2
2594	0.07209	6772.69	6772.69
2595	0.08533	8016.73	4008.36
2596	0.44579	41879.2	6979.87
2597	0.09830	9234.39	4617.19
2598	0.57045	53590.8	8931.8
2599	0.52316	49148.1	8191.34
2600	0.22546	21180.3	5295.07
