#IID	F_ROH	ROH_length_kB	KBAVG
2551	0.27545	25876.5	6469.12
2552	0.40118	37688.5	4711.06
2553	0.27986	26290.8	8763.61
2554	0.15397	14464.9	4821.63
2555	0.15097	14182.6	4727.53
2556	0.17777	16700.3	5566.77
2557	0.39565	37169.1	18584.5
2558	0.35468	33319.8	8329.95
2559	0.34665	32565.4	10855.1
2560	0.32465	30498.4	5083.07
2561	0.17123	16085.8	4021.44
2562	0.36787	34558.9	5759.82
2563	0.12128	11393.2	5696.61
2564	0.15841	14881.4	4960.48
2565	0.28855	27107.1	5421.43
2566	0.16600	15594.7	3898.68
2567	0.18409	17293.8	5764.59
2568	0.09659	9074.35	4537.18
2569	0.30633	28778.1	5755.61
2570	0.36280	34083.2	17041.6
2571	0.22458	21098.2	4219.63
2572	0.26131	24548	6136.99
2573	0.54636	51327.1	12831.8
2574	0.08484	7970.14	3985.07
2575	0.27065	25426	5085.19
2576	0.29772	27968.9	6992.23
2577	0.26443	24841.6	4968.32
2578	0.38531	36197.3	9049.32
2579	0.30923	29050.1	5810.01
2580	0.66842	62794	20931.3
2581	0.23957	22506	7502
2582	0.10088	9477.02	4738.51
2583	0.15703	14752.3	7376.16
2584	0.07910	7431.29	7431.29
2585	0.42076	39527.4	6587.89
2586	0.00000	0	0
2587	0.40011	37587.5	7517.49
2588	0.29006	27249.1	5449.82
2589	0.21510	20207	5051.75
2590	0.27835	26149.3	5229.86
2591	0.27696	26019	8672.99
2592	0.07708	7240.89	3620.45
2593	0.13025	12236.3	6118.14
2594	0.25776	24215.2	4843.03
2595	0.31782	29857.2	4265.32
2596	0.16035	15064	7531.98
2597	0.22351	20997.5	10498.7
2598	0.13180	12382.2	12382.2
2599	0.09106	8554.5	8554.5
2600	0.41580	39062	5580.29
