#IID	F_ROH	ROH_length_kB	KBAVG
2551	0.40313	37872.3	5410.33
2552	0.44082	41413.6	10353.4
2553	0.12294	11550.2	5775.11
2554	0.24381	22905	4581
2555	0.13990	13142.7	4380.91
2556	0.22857	21473	5368.25
2557	0.48075	45164.5	11291.1
2558	0.32039	30099.3	7524.83
2559	0.17492	16432.7	5477.56
2560	0.36695	34474.1	6894.83
2561	0.33944	31889.5	10629.8
2562	0.39385	37000.6	9250.15
2563	0.09724	9135.3	4567.65
2564	0.24865	23359.4	5839.85
2565	0.29756	27954.3	6988.58
2566	0.00000	0	0
2567	0.20576	19330.4	4832.59
2568	0.02955	2776.55	2776.55
2569	0.25155	23632.4	4726.49
2570	0.50428	47375	9475
2571	0.28409	26689.3	13344.6
2572	0.85782	80589.4	20147.3
2573	0.25462	23920.7	5980.18
2574	0.27033	25396.1	5079.23
2575	0.33079	31076.7	7769.18
2576	0.25475	23932.6	11966.3
2577	0.17732	16658.4	8329.18
2578	0.43645	41002.5	8200.49
2579	0.11025	10358	5178.99
2580	0.32848	30859.9	6171.99
2581	0.20925	19657.9	6552.62
2582	0.22848	21465.2	5366.31
2583	0.30450	28606.4	7151.59
2584	0.25041	23525.5	4705.1
2585	0.07744	7275.58	7275.58
2586	0.29020	27263.3	9087.75
2587	0.05147	4835.01	4835.01
2588	0.33285	31270.1	6254.02
2589	0.32830	30843	7710.75
2590	0.21566	20260.1	5065.02
2591	0.06387	6000.74	3000.37
2592	0.17479	16420.7	8210.36
2593	0.18410	17295.2	4323.79
2594	0.58352	54819.3	18273.1
2595	0.26338	24743.7	6185.93
2596	0.08585	8065.67	8065.67
2597	0.28341	26625.4	8875.13
2598	0.23783	22343.1	7447.71
2599	0.25997	24423.3	6105.82
2600	0.39065	36699.9	7339.99
