#IID	F_ROH	ROH_length_kB	KBAVG
2551	0.22082	20395.1	6798.38
2552	0.33694	31120.8	7780.19
2553	0.07003	6468.56	3234.28
2554	0.51980	48010.4	9602.08
2555	0.21483	19841.8	6613.95
2556	0.12125	11199.4	3733.14
2557	0.33904	31314.7	10438.2
2558	0.13475	12445.8	4148.6
2559	0.13831	12774.3	4258.09
2560	0.04520	4174.81	4174.81
2561	0.27771	25650.1	6412.53
2562	0.12643	11677.7	5838.84
2563	0.25776	23807.4	11903.7
2564	0.37366	34512	5751.99
2565	0.20837	19245.9	6415.3
2566	0.16706	15430.4	5143.45
2567	0.11046	10202.8	3400.95
2568	0.13522	12488.8	6244.41
2569	0.34363	31738.5	10579.5
2570	0.40404	37317.8	9329.45
2571	0.09587	8854.56	4427.28
2572	0.16677	15403.1	5134.38
2573	0.16274	15030.9	5010.3
2574	0.08616	7957.57	7957.57
2575	0.21696	20038.5	6679.51
2576	0.08722	8055.9	4027.95
2577	0.26984	24922.9	6230.72
2578	0.24097	22256.5	5564.13
2579	0.00000	0	0
2580	0.09349	8634.68	4317.34
2581	0.05136	4743.61	4743.61
2582	0.15633	14438.7	3609.68
2583	0.55253	51032.8	12758.2
2584	0.49774	45972.7	15324.2
2585	0.43918	40563.8	6760.64
2586	0.31627	29211.5	7302.87
2587	0.10406	9611.31	3203.77
2588	0.40501	37407.8	7481.56
2589	0.16181	14945.4	4981.79
2590	0.24031	22195.4	5548.84
2591	0.24810	22915.5	5728.88
2592	0.22573	20848.7	4169.74
2593	0.22190	20495.4	6831.78
2594	0.25487	23540.7	7846.91
2595	0.34888	32223.1	8055.77
2596	0.41746	38557.5	9639.38
2597	0.22274	20572.6	6857.54
2598	0.41181	38035.9	9508.97
2599	0.24204	22355	7451.68
2600	0.62175	57426.5	14356.6
