#IID	F_ROH	ROH_length_kB	KBAVG
2551	0.28238	26533.4	8844.47
2552	0.20364	19134.5	6378.16
2553	0.43699	41061.1	10265.3
2554	0.25671	24121.1	6030.28
2555	0.19504	18326.9	6108.97
2556	0.14505	13629.3	4543.1
2557	0.39152	36788.2	7357.64
2558	0.19222	18061.3	6020.44
2559	0.17873	16794.3	5598.1
2560	0.40133	37710	6285
2561	0.05707	5362.28	5362.28
2562	0.25092	23577	7858.99
2563	0.33628	31597.7	31597.7
2564	0.24613	23126.9	5781.73
2565	0.20907	19644.8	4911.19
2566	0.30572	28726.6	5745.32
2567	0.22648	21280.5	10640.3
2568	0.38439	36118.8	9029.71
2569	0.40514	38067.8	9516.95
2570	0.18787	17652.5	5884.16
2571	0.24218	22756.2	7585.4
2572	0.07406	6959.31	6959.31
2573	0.42403	39842.6	6640.44
2574	0.19814	18617.5	6205.82
2575	0.41196	38709.3	6451.55
2576	0.43893	41243.3	6873.88
2577	0.28403	26688.5	13344.2
2578	0.21078	19805.6	9902.78
2579	0.29102	27345.5	6836.38
2580	0.40001	37586.4	12528.8
2581	0.54495	51204.7	12801.2
2582	0.36619	34407.8	11469.3
2583	0.40132	37708.9	7541.77
2584	0.23110	21715.2	10857.6
2585	0.26843	25222.6	6305.66
2586	0.36060	33882.8	5647.13
2587	0.40448	38005.8	5429.39
2588	0.07580	7122.55	7122.55
2589	0.43207	40598.1	13532.7
2590	0.30626	28776.9	9592.31
2591	0.31412	29515.4	9838.45
2592	0.38279	35968.3	8992.07
2593	0.25012	23502.4	5875.59
2594	0.34960	32849.5	6569.9
2595	0.20219	18998.5	4749.62
2596	0.15814	14859.2	3714.8
2597	0.32297	30347.3	7586.82
2598	0.16323	15337.6	5112.52
2599	0.07571	7113.81	3556.91
2600	0.12315	11571.5	5785.77
