#IID	F_ROH	ROH_length_kB	KBAVG
2551	0.09902	9140.32	4570.16
2552	0.54554	50359.6	7194.22
2553	0.83377	76966.3	38483.2
2554	0.49627	45811.5	9162.3
2555	0.14644	13517.6	4505.86
2556	0.29006	26775.5	5355.1
2557	0.17276	15947.6	5315.86
2558	0.21768	20094.2	5023.56
2559	0.34650	31986.2	10662.1
2560	0.50538	46651.9	9330.38
2561	0.32251	29771.3	5954.25
2562	0.21472	19821	6606.99
2563	0.37622	34729.4	11576.5
2564	0.30473	28130.2	7032.55
2565	0.40499	37384.7	7476.93
2566	0.17562	16211.3	8105.65
2567	0.16955	15650.9	5216.96
2568	0.23098	21321.9	7107.29
2569	0.39367	36339.7	12113.2
2570	0.21972	20282.2	10141.1
2571	0.30812	28442.7	9480.9
2572	0.13762	12703.8	6351.88
2573	0.22116	20415.3	6805.11
2574	0.33092	30547.7	6109.54
2575	0.30707	28346.1	5669.23
2576	0.11921	11004	3668
2577	0.16103	14864.4	4954.78
2578	0.22989	21221.1	7073.7
2579	0.08556	7898.33	3949.17
2580	0.37075	34224.3	6844.87
2581	0.23282	21492.1	5373.03
2582	0.18911	17457.3	5819.1
2583	0.28950	26724	13362
2584	0.21148	19521.7	19521.7
2585	0.20111	18564.5	6188.18
2586	0.42844	39549.5	7909.9
2587	0.33700	31109.2	10369.7
2588	0.43449	40108.5	13369.5
2589	0.12117	11185.4	3728.47
2590	0.28850	26632.1	6658.02
2591	0.38926	35932.7	5988.78
2592	0.21424	19776.3	4944.08
2593	0.21086	19464.6	9732.28
2594	0.17278	15949.4	5316.47
2595	0.38807	35823.2	8955.79
2596	0.15728	14518.3	7259.17
2597	0.27575	25454.9	6363.73
2598	0.19166	17692.5	4423.13
2599	0.21141	19515.7	6505.23
2600	0.13669	12618.2	4206.08
