#IID	F_ROH	ROH_length_kB	KBAVG
2551	0.30234	28374.1	9458.03
2552	0.00000	0	0
2553	0.18282	17157.5	3431.5
2554	0.07196	6752.93	3376.47
2555	0.12176	11427.2	5713.59
2556	0.16538	15520.3	7760.17
2557	0.31501	29563.1	9854.36
2558	0.49551	46503.3	5812.91
2559	0.10370	9731.74	4865.87
2560	0.21277	19967.9	19967.9
2561	0.23773	22310.3	11155.2
2562	0.19405	18210.9	6070.29
2563	0.43095	40444	10111
2564	0.19200	18018.7	6006.23
2565	0.29966	28123.1	5624.62
2566	0.42493	39879.5	7975.9
2567	0.32432	30437.3	7609.32
2568	0.42868	40230.7	8046.13
2569	0.45628	42821.1	8564.21
2570	0.17944	16840.3	8420.16
2571	0.24050	22571	7523.66
2572	0.48978	45964.8	9192.96
2573	0.31453	29518.4	5903.68
2574	0.12943	12146.9	4048.98
2575	0.13866	13013.4	6506.69
2576	0.43927	41225	8245
2577	0.24808	23281.7	11640.9
2578	0.00000	0	0
2579	0.00000	0	0
2580	0.20912	19625.2	6541.74
2581	0.21650	20318.2	4063.63
2582	0.42787	40155.2	10038.8
2583	0.09663	9068.97	4534.49
2584	0.00000	0	0
2585	0.03585	3364.22	3364.22
2586	0.15493	14540.1	7270.07
2587	0.44553	41812.5	10453.1
2588	0.54840	51466.8	51466.8
2589	0.15539	14582.9	7291.46
2590	0.35512	33328	16664
2591	0.66295	62216.6	62216.6
2592	0.51393	48232	16077.3
2593	0.29378	27570.5	4595.08
2594	0.12287	11531.5	5765.74
2595	0.05020	4711.02	4711.02
2596	0.21453	20133.4	5033.34
2597	0.31598	29654.5	14827.2
2598	0.11574	10861.7	5430.86
2599	0.21100	19802.3	9901.15
2600	0.22364	20988.3	6996.09
