#IID	F_ROH	ROH_length_kB	KBAVG
2551	0.45908	43117.1	7186.18
2552	0.31791	29857.8	7464.44
2553	0.50974	47874.7	7979.12
2554	0.34579	32476.9	6495.39
2555	0.45672	42895	7149.17
2556	0.26089	24502.8	8167.6
2557	0.24153	22684.4	4536.89
2558	0.21813	20486.6	10243.3
2559	0.37172	34912	8728
2560	0.16036	15060.7	5020.23
2561	0.26006	24425	8141.65
2562	0.20522	19274.2	6424.74
2563	0.14800	13900.2	6950.12
2564	0.15516	14572.3	7286.13
2565	0.30079	28250.7	9416.91
2566	0.10639	9992.38	4996.19
2567	0.68566	64397.2	12879.4
2568	0.41385	38869.2	9717.3
2569	0.29570	27772.1	9257.38
2570	0.16369	15373.7	5124.56
2571	0.27431	25763.1	5152.63
2572	0.28572	26834.8	6708.69
2573	0.47877	44966.5	7494.41
2574	0.22622	21246.3	10623.1
2575	0.20483	19237.3	6412.43
2576	0.41813	39270.9	5610.13
2577	0.07872	7393.72	3696.86
2578	0.09942	9337.32	3112.44
2579	0.27945	26246.2	6561.55
2580	0.29772	27962	3994.57
2581	0.23615	22179.6	11089.8
2582	0.40586	38118.8	6353.14
2583	0.09547	8966.45	8966.45
2584	0.21918	20585.6	6861.85
2585	0.28232	26515.2	5303.04
2586	0.25854	24282.5	4047.08
2587	0.28352	26628	6656.99
2588	0.12916	12130.8	4043.61
2589	0.26049	24465.6	4893.12
2590	0.37312	35043.7	7008.75
2591	0.20187	18959.4	9479.71
2592	0.18961	17808.6	3561.73
2593	0.22060	20719.2	5179.8
2594	0.37110	34853.5	17426.8
2595	0.39884	37459.2	6243.2
2596	0.36574	34350.7	6870.13
2597	0.34812	32695.1	8173.76
2598	0.19847	18640.7	3728.14
2599	0.46386	43565.7	8713.13
2600	0.13673	12841.3	4280.42
