#IID	F_ROH	ROH_length_kB	KBAVG
2551	0.03093	2906.32	2906.32
2552	0.23391	21979.5	7326.51
2553	0.35245	33118	11039.3
2554	0.26576	24971.8	4994.36
2555	0.27685	26013.7	6503.42
2556	0.20155	18938.7	6312.91
2557	0.10159	9545.97	4772.98
2558	0.24233	22769.9	5692.47
2559	0.37300	35048.8	5841.47
2560	0.28238	26533.6	8844.52
2561	0.54661	51361.6	8560.26
2562	0.38859	36513.1	12171
2563	0.29468	27689.8	6922.46
2564	0.17011	15984.7	5328.25
2565	0.16108	15136.2	5045.4
2566	0.15300	14376.9	4792.3
2567	0.15717	14768.6	4922.88
2568	0.26718	25105.6	8368.55
2569	0.10834	10180.5	5090.26
2570	0.18517	17399.2	4349.81
2571	0.18794	17659.6	8829.8
2572	0.18362	17253.9	5751.32
2573	0.34388	32312.7	4616.1
2574	0.37517	35252.8	35252.8
2575	0.04311	4050.89	4050.89
2576	0.22199	20859.3	6953.1
2577	0.12765	11994.6	5997.3
2578	0.24839	23339.3	7779.76
2579	0.19818	18621.6	4655.41
2580	0.14364	13496.9	6748.46
2581	0.18546	17426.4	5808.8
2582	0.27468	25810.2	8603.39
2583	0.50923	47849.8	15949.9
2584	0.16068	15098.1	3774.51
2585	0.19256	18093.4	9046.68
2586	0.14218	13359.6	4453.19
2587	0.19076	17925	4481.26
2588	0.72965	68561.4	34280.7
2589	0.40556	38107.8	9526.95
2590	0.13483	12669.1	12669.1
2591	0.23863	22422.8	7474.28
2592	0.30831	28969.7	7242.43
2593	0.52425	49260.8	12315.2
2594	0.34436	32357.4	6471.48
2595	0.40732	38273.6	6378.93
2596	0.13602	12780.7	4260.22
2597	0.17881	16801.4	4200.35
2598	0.23756	22322.4	5580.61
2599	0.25263	23738.2	5934.55
2600	0.21822	20504.5	5126.13
