#IID	F_ROH	ROH_length_kB	KBAVG
2551	0.22488	20775	5193.75
2552	0.30635	28301.5	5660.3
2553	0.28941	26736.6	5347.33
2554	0.27298	25218.9	6304.72
2555	0.30676	28339.8	5667.95
2556	0.14990	13848.3	4616.11
2557	0.19110	17654.5	5884.82
2558	0.46402	42867.6	10716.9
2559	0.13671	12629.5	3157.38
2560	0.02554	2359	2359
2561	0.30121	27826.4	6956.6
2562	0.15118	13966.3	3491.57
2563	0.35317	32626.5	6525.3
2564	0.36866	34058	11352.7
2565	0.28088	25948.5	5189.69
2566	0.14743	13619.7	3404.93
2567	0.12798	11822.8	3940.93
2568	0.13096	12098.9	12098.9
2569	0.24733	22849.3	4569.86
2570	0.40924	37806.9	9451.71
2571	0.10574	9768.71	4884.35
2572	0.20308	18761.4	9380.71
2573	0.43896	40552.7	10138.2
2574	0.21454	19819.4	6606.45
2575	0.20389	18836.2	6278.74
2576	0.29406	27166	9055.33
2577	0.52847	48821.3	8136.88
2578	0.23494	21704.7	7234.9
2579	0.50746	46880.9	7813.48
2580	0.16800	15520	5173.33
2581	0.28690	26505	13252.5
2582	0.04703	4345.15	4345.15
2583	0.35185	32504.7	8126.19
2584	0.10565	9760.47	4880.24
2585	0.13905	12845.5	4281.84
2586	0.19016	17567.8	4391.96
2587	0.11751	10855.5	5427.75
2588	0.26954	24901.1	8300.36
2589	0.48654	44948.1	6421.15
2590	0.41531	38368	5481.14
2591	0.21201	19586	4896.5
2592	0.41137	38003.9	12668
2593	0.32296	29836.3	29836.3
2594	0.10092	9323.02	9323.02
2595	0.36249	33487.6	8371.91
2596	0.06609	6106.04	3053.02
2597	0.34817	32164.9	16082.5
2598	0.05850	5404.79	5404.79
2599	0.29829	27557.3	5511.46
2600	0.27978	25847.3	12923.6
