#IID	F_ROH	ROH_length_kB	KBAVG
2551	0.06249	5770.22	5770.22
2552	0.21019	19408.7	3881.74
2553	0.20129	18586.4	6195.46
2554	0.12034	11112.1	11112.1
2555	0.33091	30556	4365.14
2556	0.16966	15665.9	5221.97
2557	0.17124	15812	3953
2558	0.27576	25463.5	8487.83
2559	0.41210	38052.5	12684.2
2560	0.36337	33552.8	8388.2
2561	0.38517	35566.4	7113.27
2562	0.18864	17418.9	5806.29
2563	0.34727	32066.1	6413.22
2564	0.40537	37431.3	7486.26
2565	0.16378	15123.1	5041.03
2566	0.40180	37102	6183.66
2567	0.48938	45188.5	22594.2
2568	0.23458	21661.2	3610.2
2569	0.13871	12808.3	6404.14
2570	0.03930	3628.66	3628.66
2571	0.34624	31971.7	4567.38
2572	0.36059	33296.5	5549.41
2573	0.13651	12605.4	4201.8
2574	0.37771	34877.1	4359.63
2575	0.21023	19412.7	6470.91
2576	0.07280	6722.69	6722.69
2577	0.21461	19816.8	4954.19
2578	0.26909	24846.9	8282.29
2579	0.14800	13666.5	4555.51
2580	0.07563	6983.72	3491.86
2581	0.22547	20819.7	6939.91
2582	0.22985	21224	7074.66
2583	0.18765	17327.2	4331.8
2584	0.25644	23679.4	4735.88
2585	0.27748	25621.6	5124.32
2586	0.20624	19043.8	4760.96
2587	0.48190	44497.5	6356.78
2588	0.13214	12201.4	4067.15
2589	0.03715	3430.12	3430.12
2590	0.24091	22245.1	5561.26
2591	0.63541	58673.1	8381.88
2592	0.09199	8493.77	4246.89
2593	0.11664	10770.1	3590.03
2594	0.16274	15027.4	3756.85
2595	0.17108	15797	3949.25
2596	0.15894	14676.2	4892.06
2597	0.29487	27227.5	3889.64
2598	0.19127	17661.8	17661.8
2599	0.19086	17623.5	4405.88
2600	0.27866	25731.3	4288.56
