#IID	F_ROH	ROH_length_kB	KBAVG
2551	0.13797	12965	4321.67
2552	0.13206	12409.4	4136.48
2553	0.05295	4975.65	4975.65
2554	0.44185	41519.5	8303.89
2555	0.10820	10167.2	5083.59
2556	0.29053	27300	9100
2557	0.27825	26146.7	8715.58
2558	0.32611	30643.3	6128.66
2559	0.21719	20408.8	6802.93
2560	0.29494	27714.5	6928.62
2561	0.32882	30898.3	6179.67
2562	0.28268	26562.3	8854.1
2563	0.25979	24411.3	6102.82
2564	0.20506	19268.4	6422.79
2565	0.03940	3702.41	3702.41
2566	0.18489	17373.1	5791.05
2567	0.38476	36154.4	7230.88
2568	0.26415	24820.9	6205.22
2569	0.05807	5456.3	5456.3
2570	0.00000	0	0
2571	0.12273	11533	5766.5
2572	0.16498	15502.6	7751.31
2573	0.12151	11417.8	11417.8
2574	0.28485	26766.1	6691.53
2575	0.39724	37327.2	9331.79
2576	0.24632	23145.9	5786.48
2577	0.00000	0	0
2578	0.38619	36289	9072.24
2579	0.45415	42675.5	21337.7
2580	0.15089	14178.4	4726.14
2581	0.21588	20285.4	10142.7
2582	0.11440	10749.5	5374.75
2583	0.17113	16080.7	5360.23
2584	0.22229	20887.7	6962.57
2585	0.34909	32802.7	6560.54
2586	0.31244	29359.4	5871.87
2587	0.19721	18531.4	9265.72
2588	0.42599	40028.8	40028.8
2589	0.25328	23800.2	7933.41
2590	0.36153	33971.5	11323.8
2591	0.09228	8671.29	4335.64
2592	0.10863	10207.6	3402.54
2593	0.32436	30478.9	7619.72
2594	0.23597	22173.1	5543.28
2595	0.22152	20815.5	6938.49
2596	0.26120	24544.1	8181.37
2597	0.28121	26424.5	6606.13
2598	0.25670	24121.7	8040.57
2599	0.19372	18202.8	6067.6
2600	0.28416	26701.7	6675.43
