#IID	F_ROH	ROH_length_kB	KBAVG
2551	0.16564	15566.6	5188.86
2552	0.14487	13614.8	6807.4
2553	0.40532	38090.2	7618.04
2554	0.36234	34051	8512.74
2555	0.22767	21395.7	10697.9
2556	0.24655	23169.7	5792.42
2557	0.12843	12069.3	4023.11
2558	0.20242	19022.7	6340.91
2559	0.09667	9084.99	4542.49
2560	0.19747	18557.5	6185.83
2561	0.14350	13485.6	6742.78
2562	0.07906	7429.77	3714.89
2563	0.18039	16952.7	8476.33
2564	0.31102	29228.5	4871.42
2565	0.10865	10210.8	10210.8
2566	0.31754	29841.3	9947.11
2567	0.05382	5057.6	5057.6
2568	0.12539	11784.1	5892.07
2569	0.05038	4734.68	4734.68
2570	0.17888	16810.7	5603.55
2571	0.16107	15137.1	3784.28
2572	0.33447	31431.9	6286.38
2573	0.19232	18073.6	6024.52
2574	0.07687	7223.72	7223.72
2575	0.39328	36959	9239.76
2576	0.24529	23051.4	5762.85
2577	0.47786	44907.6	8981.51
2578	0.45676	42924.7	14308.2
2579	0.24154	22698.7	7566.25
2580	0.40201	37779.1	6296.52
2581	0.28762	27029.6	9009.87
2582	0.38745	36410.9	12137
2583	0.18972	17828.8	5942.94
2584	0.28129	26434.3	5286.85
2585	0.12308	11566.3	5783.16
2586	0.22261	20920.4	6973.47
2587	0.26117	24543.5	24543.5
2588	0.36436	34241.2	6848.24
2589	0.57728	54250.8	27125.4
2590	0.27777	26103.5	6525.88
2591	0.23565	22145.2	5536.29
2592	0.13826	12993.6	4331.2
2593	0.09423	8855.74	4427.87
2594	0.21508	20212.3	6737.42
2595	0.28453	26739.5	5347.9
2596	0.11068	10401.2	5200.62
2597	0.08200	7706.05	3853.02
2598	0.36449	34253.4	11417.8
2599	0.39256	36891.2	7378.25
2600	0.27574	25912.6	5182.53
