#IID	F_ROH	ROH_length_kB	KBAVG
2551	0.41843	38666.2	7733.24
2552	0.11556	10678.8	5339.39
2553	0.16815	15538.1	5179.37
2554	0.10451	9657.21	4828.6
2555	0.13166	12166.5	4055.5
2556	0.40774	37678.2	7535.64
2557	0.17248	15938.8	7969.39
2558	0.11440	10571.6	5285.79
2559	0.26760	24728.2	4121.36
2560	0.05297	4894.84	4894.84
2561	0.03268	3019.59	3019.59
2562	0.29706	27451.2	5490.23
2563	0.32401	29941.2	9980.4
2564	0.10205	9430.42	4715.21
2565	0.18568	17158.1	8579.03
2566	0.15216	14060.8	4686.93
2567	0.17753	16405.3	5468.43
2568	0.23179	21419.6	5354.91
2569	0.26356	24355.1	8118.36
2570	0.19306	17840.4	8920.2
2571	0.28723	26542.5	6635.62
2572	0.30719	28386.8	9462.28
2573	0.49470	45714.6	9142.91
2574	0.23322	21551	5387.75
2575	0.12274	11341.9	5670.96
2576	0.24432	22577.4	5644.36
2577	0.24834	22948.9	5737.21
2578	0.57210	52867	8811.17
2579	0.33933	31356.7	7839.17
2580	0.24134	22301.4	7433.81
2581	0.65241	60288.4	20096.1
2582	0.15905	14697.1	7348.54
2583	0.29720	27463.7	5492.75
2584	0.26824	24787.2	8262.39
2585	0.37367	34530.5	8632.61
2586	0.12986	12000	5999.99
2587	0.29083	26874.7	13437.4
2588	0.28921	26725	6681.25
2589	0.23425	21646.6	7215.53
2590	0.42472	39247.4	7849.47
2591	0.12300	11366.3	5683.13
2592	0.14192	13114.3	6557.17
2593	0.32537	30067	7516.76
2594	0.04359	4028.47	4028.47
2595	0.17233	15924.6	7962.31
2596	0.16517	15263.1	3815.77
2597	0.22360	20662.6	5165.65
2598	0.25601	23657.8	7885.94
2599	0.24504	22643.8	7547.95
2600	0.13729	12686.4	6343.22
