#IID	F_ROH	ROH_length_kB	KBAVG
2551	0.34204	32123.3	5353.88
2552	0.21828	20500.6	5125.15
2553	0.68882	64692.6	10782.1
2554	0.10960	10293.1	3431.02
2555	0.26620	25001.3	4166.89
2556	0.17142	16099.6	5366.52
2557	0.53787	50515.4	12628.9
2558	0.25054	23530.3	4706.07
2559	0.27202	25547.3	5109.45
2560	0.20780	19516.1	4879.02
2561	0.21543	20232.5	10116.3
2562	0.47506	44616.9	8923.38
2563	0.36129	33931.9	6786.37
2564	0.36388	34174.8	6834.97
2565	0.11086	10412.1	5206.07
2566	0.40706	38229.7	7645.94
2567	0.35378	33226.6	5537.77
2568	0.38485	36143.8	9035.94
2569	0.38837	36475.2	7295.05
2570	0.17934	16843	5614.35
2571	0.30564	28705.2	7176.3
2572	0.42588	39997.5	4999.68
2573	0.26564	24947.9	6236.99
2574	0.21617	20302.4	6767.47
2575	0.24565	23070.9	4614.17
2576	0.34593	32488.5	6497.7
2577	0.09057	8506.58	4253.29
2578	0.39622	37212.2	7442.44
2579	0.27616	25936.4	5187.28
2580	0.54677	51351.4	25675.7
2581	0.72885	68451.6	34225.8
2582	0.26463	24853.5	6213.37
2583	0.28951	27190.4	5438.08
2584	0.12792	12014.2	4004.74
2585	0.15175	14251.7	4750.56
2586	0.50827	47735.4	7955.91
2587	0.44834	42106.7	7017.78
2588	0.65265	61295.1	12259
2589	0.38465	36125.3	7225.05
2590	0.73963	69464.8	69464.8
2591	0.37366	35093.7	8773.42
2592	0.51138	48027.4	8004.56
2593	0.18219	17110.9	4277.72
2594	0.20165	18938.2	4734.55
2595	0.32828	30831.6	7707.89
2596	0.28579	26840.5	13420.3
2597	0.38854	36491.2	7298.23
2598	0.23054	21651.4	5412.84
2599	0.38072	35756	5959.33
2600	0.60380	56707.9	11341.6
