#IID	F_ROH	ROH_length_kB	KBAVG
2551	0.00000	0	0
2552	0.22002	20649.5	6883.17
2553	0.14218	13344.2	4448.06
2554	0.23052	21635.4	5408.86
2555	0.14418	13531.6	4510.52
2556	0.31813	29857.3	14928.6
2557	0.00000	0	0
2558	0.26090	24486.3	8162.1
2559	0.16829	15794.8	7897.41
2560	0.29519	27704.9	9234.95
2561	0.15849	14874.4	7437.2
2562	0.15110	14181.4	14181.4
2563	0.10929	10257.6	5128.8
2564	0.24496	22990.1	7663.36
2565	0.25339	23781.9	7927.31
2566	0.24999	23462.7	7820.9
2567	0.31677	29729.6	5945.91
2568	0.25099	23555.9	11777.9
2569	0.22986	21572.7	5393.18
2570	0.00000	0	0
2571	0.27971	26251.5	8750.49
2572	0.04639	4353.98	4353.98
2573	0.29218	27421.7	13710.9
2574	0.06661	6251.76	6251.76
2575	0.13636	12798	6399.01
2576	0.46120	43285.4	8657.08
2577	0.30355	28488.8	9496.28
2578	0.15766	14796.6	14796.6
2579	0.25456	23891.7	7963.89
2580	0.48494	45513.3	15171.1
2581	0.15168	14236	7117.98
2582	0.26229	24616.3	8205.43
2583	0.24174	22687.7	5671.94
2584	0.38163	35816.7	17908.3
2585	0.15274	14335.3	7167.66
2586	0.28237	26501.2	6625.29
2587	0.25439	23875.4	7958.45
2588	0.24163	22677.4	11338.7
2589	0.07785	7306.61	3653.3
2590	0.27682	25980.2	5196.03
2591	0.21644	20313.7	5078.43
2592	0.14846	13933	4644.34
2593	0.13062	12259.1	6129.54
2594	0.30918	29017.5	5803.49
2595	0.26908	25254.1	6313.54
2596	0.11765	11042	5521.01
2597	0.29980	28137.5	5627.5
2598	0.07927	7439.76	3719.88
2599	0.81005	76025.3	25341.8
2600	0.39790	37344	9336.01
