#IID	F_ROH	ROH_length_kB	KBAVG
2551	0.17504	16449.7	5483.23
2552	0.48164	45264.2	7544.03
2553	0.78976	74221.3	24740.4
2554	0.28280	26577.4	6644.35
2555	0.22206	20869.1	4173.82
2556	0.39652	37264.3	7452.85
2557	0.33782	31747.9	5291.32
2558	0.22740	21370.5	5342.63
2559	0.29118	27364.5	5472.9
2560	0.19707	18520.1	6173.36
2561	0.48944	45997	7666.16
2562	0.49514	46533	23266.5
2563	0.27603	25941.2	3705.89
2564	0.14758	13869.6	4623.21
2565	0.09288	8728.81	8728.81
2566	0.19540	18363.9	4590.98
2567	0.17296	16254.3	5418.11
2568	0.21415	20125.2	5031.31
2569	0.11267	10589	3529.67
2570	0.23610	22188.7	7396.23
2571	0.16610	15610.1	7805.07
2572	0.10398	9772.02	4886.01
2573	0.30162	28346.3	7086.57
2574	0.11039	10374.5	3458.18
2575	0.28310	26605.4	6651.34
2576	0.10088	9480.36	4740.18
2577	0.44908	42203.7	6029.11
2578	0.28497	26781.1	6695.28
2579	0.60437	56797.8	9466.3
2580	0.35414	33282.2	6656.43
2581	0.38672	36344	6057.33
2582	0.16653	15650	3912.5
2583	0.28615	26891.9	13446
2584	0.30334	28507.9	7126.98
2585	0.16555	15558	5186.01
2586	0.09553	8978.22	4489.11
2587	0.04262	4005	4005
2588	0.38610	36285.6	9071.39
2589	0.30150	28335	7083.76
2590	0.18333	17229.3	5743.1
2591	0.06833	6421.77	3210.88
2592	0.12311	11569.5	5784.77
2593	0.16912	15894.1	5298.04
2594	0.34432	32359.2	10786.4
2595	0.43152	40554.2	5793.46
2596	0.34494	32417.2	4052.14
2597	0.04478	4208.23	4208.23
2598	0.28422	26710.5	6677.63
2599	0.35284	33159.3	8289.83
2600	0.21003	19738.1	3947.61
