#IID	F_ROH	ROH_length_kB	KBAVG
2551	0.23775	21974.6	10987.3
2552	0.30584	28268.2	9422.73
2553	0.10443	9652.24	4826.12
2554	0.27598	25508.1	6377.03
2555	0.12835	11863.5	3954.51
2556	0.23463	21686.1	4337.22
2557	0.10814	9995.25	4997.63
2558	0.21014	19422.9	4855.72
2559	0.43058	39797.7	9949.44
2560	0.21753	20105.5	5026.37
2561	0.15599	14417.9	7208.96
2562	0.31779	29372.4	7343.1
2563	0.18819	17394.4	8697.21
2564	0.27852	25743.6	8581.21
2565	0.11829	10933.4	5466.7
2566	0.23458	21681.9	5420.47
2567	0.21982	20317.8	6772.6
2568	0.31186	28825.1	7206.26
2569	0.29364	27140.4	6785.1
2570	0.28605	26439.1	6609.77
2571	0.37967	35092.3	5848.72
2572	0.39536	36542.1	9135.52
2573	0.14428	13335.6	4445.19
2574	0.06565	6067.64	3033.82
2575	0.33781	31223.2	7805.8
2576	0.42905	39656.7	6609.46
2577	0.41096	37984.7	12661.6
2578	0.21360	19742.4	6580.79
2579	0.23096	21347	4269.4
2580	0.17516	16189.9	8094.94
2581	0.30857	28520.9	7130.23
2582	0.10519	9722.09	9722.09
2583	0.46984	43426.5	7237.75
2584	0.24876	22992.1	5748.02
2585	0.42938	39687.2	6614.53
2586	0.07916	7316.98	3658.49
2587	0.05825	5384.08	5384.08
2588	0.32238	29796.9	7449.22
2589	0.04276	3951.93	3951.93
2590	0.00000	0	0
2591	0.47025	43464	8692.79
2592	0.25699	23753.6	7917.86
2593	0.12530	11581.1	5790.56
2594	0.30563	28248.8	14124.4
2595	0.24397	22550	4509.99
2596	0.05306	4903.98	4903.98
2597	0.39124	36161.8	7232.35
2598	0.24862	22979.3	4595.86
2599	0.16621	15362.2	5120.73
2600	0.13887	12835.2	4278.39
