#IID	F_ROH	ROH_length_kB	KBAVG
2551	0.54654	51335.1	12833.8
2552	0.16831	15809	5269.66
2553	0.28522	26789.5	6697.36
2554	0.20097	18876.9	9438.47
2555	0.23054	21654.2	4330.84
2556	0.24074	22612	7537.34
2557	0.24771	23266.9	5816.73
2558	0.18144	17041.8	5680.61
2559	0.29340	27558.6	6889.65
2560	0.18507	17382.8	5794.27
2561	0.31826	29892.9	7473.22
2562	0.00000	0	0
2563	0.20574	19324.5	4831.12
2564	0.07785	7312.4	3656.2
2565	0.13238	12434.2	6217.08
2566	0.13342	12532.2	6266.12
2567	0.15915	14948.1	7474.07
2568	0.46867	44021.1	8804.21
2569	0.44142	41461.4	10365.3
2570	0.23678	22240.2	4448.04
2571	0.11294	10607.9	5303.97
2572	0.44116	41436.5	13812.2
2573	0.43098	40480.6	8096.12
2574	0.25640	24082.8	8027.6
2575	0.34799	32686.1	8171.53
2576	0.12452	11695.8	11695.8
2577	0.20745	19485.4	6495.13
2578	0.28764	27017.1	9005.7
2579	0.13925	13079.4	4359.79
2580	0.35300	33156.4	5526.06
2581	0.31827	29893.9	5978.77
2582	0.30249	28411.9	5682.38
2583	0.19988	18774	6258
2584	0.43599	40950.9	10237.7
2585	0.31760	29831.3	9943.76
2586	0.25819	24251	6062.76
2587	0.26610	24994.2	4998.84
2588	0.09386	8815.9	4407.95
2589	0.36103	33910.5	5651.75
2590	0.06969	6545.77	6545.77
2591	0.38749	36396.3	7279.25
2592	0.58737	55170.5	18390.2
2593	0.15610	14662.5	4887.51
2594	0.17643	16571.3	5523.78
2595	0.23481	22055	7351.66
2596	0.29334	27552.9	5510.58
2597	0.33983	31919.3	6383.86
2598	0.21072	19792.4	4948.09
2599	0.21189	19901.8	4975.46
2600	0.21002	19726.8	6575.6
