#IID	F_ROH	ROH_length_kB	KBAVG
2551	0.35237	33104.9	16552.4
2552	0.40269	37832.1	18916.1
2553	0.12699	11930.6	5965.29
2554	0.35785	33619.3	8404.82
2555	0.14623	13738.1	4579.36
2556	0.23542	22117	7372.34
2557	0.29479	27694.7	6923.68
2558	0.31223	29333.8	5866.75
2559	0.24009	22556.3	5639.09
2560	0.25351	23817.1	4763.43
2561	0.21159	19878.1	6626.05
2562	0.34781	32676.5	8169.12
2563	0.17353	16302.8	8151.39
2564	0.16027	15057.3	5019.1
2565	0.05986	5624	5624
2566	0.17399	16346.3	4086.58
2567	0.22534	21169.9	5292.47
2568	0.10473	9839.27	9839.27
2569	0.07777	7306.61	7306.61
2570	0.10815	10160.4	5080.22
2571	0.28735	26996.1	6749.03
2572	0.39047	36683.9	12228
2573	0.34002	31944.6	6388.91
2574	0.64510	60605.8	20201.9
2575	0.32684	30705.8	7676.44
2576	0.19638	18449.6	6149.86
2577	0.25687	24132.3	8044.09
2578	0.20907	19641.7	6547.23
2579	0.39852	37440.5	9360.12
2580	0.22867	21483.1	7161.04
2581	0.19003	17853	5951
2582	0.39484	37094.3	18547.2
2583	0.40571	38115.6	7623.12
2584	0.10520	9883.73	4941.87
2585	0.29995	28180.2	9393.39
2586	0.10583	9942.15	3314.05
2587	0.20780	19522.1	6507.38
2588	0.18693	17561.8	5853.93
2589	0.07060	6633.21	3316.6
2590	0.12075	11343.8	11343.8
2591	0.41733	39207.3	9801.82
2592	0.22175	20833.2	6944.38
2593	0.21730	20414.7	6804.9
2594	0.54144	50867.1	12716.8
2595	0.31105	29222.2	7305.54
2596	0.13174	12376.8	4125.59
2597	0.20852	19589.9	6529.98
2598	0.22633	21263.7	5315.93
2599	0.42066	39520	9880.01
2600	0.14321	13454.4	4484.8
