#IID	F_ROH	ROH_length_kB	KBAVG
2551	0.26090	24079.2	8026.41
2552	0.31820	29367.5	7341.89
2553	0.20616	19026.9	4756.72
2554	0.16153	14908.6	4969.52
2555	0.25973	23971.1	7990.38
2556	0.19744	18222.4	4555.6
2557	0.12143	11207.2	2801.81
2558	0.47714	44036.8	22018.4
2559	0.06401	5907.58	2953.79
2560	0.08626	7961.3	3980.65
2561	0.07820	7217.12	3608.56
2562	1.00000	92293.5	92293.5
2563	0.34729	32052.3	10684.1
2564	0.34519	31858.4	6371.67
2565	0.18034	16644.6	4161.16
2566	0.31721	29276.2	5855.24
2567	0.42416	39146.8	7829.36
2568	0.33314	30747	7686.76
2569	0.26397	24362.7	24362.7
2570	0.34132	31501.2	6300.24
2571	0.23052	21275.6	5318.89
2572	0.13090	12080.9	6040.45
2573	0.27720	25583.5	8527.84
2574	0.48784	45024.1	11256
2575	0.15899	14674	4891.34
2576	0.04646	4287.76	4287.76
2577	0.16842	15544.3	3886.07
2578	0.23970	22122.5	4424.51
2579	0.34265	31624.6	5270.76
2580	0.24484	22597.3	5649.34
2581	0.13198	12181.1	4060.35
2582	0.45116	41639	6939.83
2583	0.17989	16602.5	4150.63
2584	0.19157	17680.7	4420.17
2585	0.33987	31367.4	6273.48
2586	0.21646	19977.8	3995.56
2587	0.18311	16899.9	4224.97
2588	0.21971	20277.7	5069.43
2589	0.86811	80120.6	16024.1
2590	0.30137	27814.1	4635.68
2591	0.21007	19388.5	6462.82
2592	0.42093	38849.2	9712.31
2593	0.21643	19975.4	3995.08
2594	0.22840	21079.4	7026.46
2595	0.17763	16393.7	8196.87
2596	0.12008	11082.6	5541.28
2597	0.19620	18107.7	4526.92
2598	0.25196	23254.6	11627.3
2599	0.11417	10537.3	5268.65
2600	0.15529	14332.4	3583.09
