#IID	F_ROH	ROH_length_kB	KBAVG
2551	0.24594	23110.4	5777.61
2552	0.05128	4818.76	4818.76
2553	0.24827	23329.4	7776.48
2554	0.45695	42938.4	7156.39
2555	0.24357	22888	5721.99
2556	0.08615	8095.2	4047.6
2557	0.04179	3927.23	3927.23
2558	0.24413	22940.7	7646.91
2559	0.30755	28900.1	9633.38
2560	0.14591	13710.5	6855.24
2561	0.12540	11783.9	5891.95
2562	0.14488	13614.2	6807.09
2563	0.16769	15757.4	15757.4
2564	0.04220	3965.74	3965.74
2565	0.18556	17436.6	4359.16
2566	0.48485	45560.2	7593.37
2567	0.10969	10307.6	3435.86
2568	0.17274	16232	5410.66
2569	0.29952	28144.7	9381.58
2570	0.17874	16796.2	8398.12
2571	0.17660	16594.4	5531.45
2572	0.18742	17611.5	5870.52
2573	0.38116	35816.3	7163.27
2574	0.23613	22188.2	4437.64
2575	0.47424	44563	11140.7
2576	0.12737	11968.6	3989.53
2577	0.35056	32941	5490.17
2578	0.38780	36440.7	36440.7
2579	0.06055	5690.05	5690.05
2580	0.29183	27422.9	5484.59
2581	0.24442	22967.3	3827.89
2582	0.23320	21912.8	5478.19
2583	0.26460	24864.2	6216.06
2584	0.47920	45028.8	22514.4
2585	0.06766	6357.93	6357.93
2586	0.34511	32429.3	10809.8
2587	0.26742	25128.9	6282.23
2588	0.45569	42820.4	10705.1
2589	0.28360	26648.8	8882.93
2590	0.30978	29109.5	29109.5
2591	0.13291	12488.9	3122.24
2592	0.30060	28246.3	7061.58
2593	0.50233	47202.3	15734.1
2594	0.35367	33233.2	16616.6
2595	0.24148	22691.1	5672.77
2596	0.12009	11284.6	3761.54
2597	0.35660	33508.9	4786.99
2598	0.29582	27797.5	6949.37
2599	0.19156	18000.8	4500.2
2600	0.44899	42190	14063.3
