#IID	F_ROH	ROH_length_kB	KBAVG
2551	0.46833	44018.8	8803.76
2552	0.30580	28742.7	9580.89
2553	0.13647	12826.5	6413.27
2554	0.38155	35862.2	5977.03
2555	0.42182	39647.5	7929.5
2556	0.07371	6928.1	3464.05
2557	0.21204	19930.2	4982.54
2558	0.20025	18821.5	9410.74
2559	0.26983	25361.4	8453.81
2560	0.39653	37269.9	5324.27
2561	0.33785	31754.9	5292.48
2562	0.22164	20832.1	4166.41
2563	0.50370	47342.9	6763.28
2564	0.22664	21302.2	5325.56
2565	0.29102	27352.8	3907.55
2566	0.30506	28673.3	5734.66
2567	0.23404	21997.7	7332.56
2568	0.19583	18406.3	4601.58
2569	0.49618	46636.8	23318.4
2570	0.16426	15439.3	3859.81
2571	0.20197	18983	4745.74
2572	0.42545	39988.6	7997.73
2573	0.12306	11566.7	5783.33
2574	0.28177	26484	5296.8
2575	0.13102	12314.7	6157.34
2576	0.10727	10082.3	3360.78
2577	0.16919	15902.1	5300.7
2578	0.21074	19807.3	19807.3
2579	0.17579	16522.2	4130.56
2580	0.23228	21832.3	5458.08
2581	0.27624	25963.9	5192.79
2582	0.18502	17390.2	5796.74
2583	0.34793	32702.4	10900.8
2584	0.25730	24184.3	6046.08
2585	0.16443	15455.3	5151.76
2586	0.12600	11843	5921.48
2587	0.25535	24000.8	6000.21
2588	0.38339	36034.8	7206.97
2589	0.25097	23588.8	7862.93
2590	0.29128	27377.8	5475.56
2591	0.10099	9492.14	4746.07
2592	0.13813	12983	4327.68
2593	0.15334	14412.2	4804.05
2594	0.27182	25548.3	5109.66
2595	0.04955	4657.49	4657.49
2596	0.12973	12193.4	6096.68
2597	0.26592	24994.3	6248.56
2598	0.36977	34754.7	8688.67
2599	0.33602	31583	6316.6
2600	0.13576	12760	6380
