#IID	F_ROH	ROH_length_kB	KBAVG
2551	0.27674	25996	8665.33
2552	0.16175	15194	5064.67
2553	0.27672	25993.7	6498.41
2554	0.28278	26563.3	4427.21
2555	0.17896	16811.2	8405.6
2556	0.11969	11243.1	3747.69
2557	0.24233	22763.9	5690.97
2558	0.09723	9133.86	4566.93
2559	0.11820	11103.4	5551.69
2560	0.39915	37494.8	12498.3
2561	0.35386	33240.7	11080.2
2562	0.26516	24908.3	8302.77
2563	0.20577	19329.2	9664.61
2564	0.30964	29086.9	7271.72
2565	0.36696	34470.7	8617.69
2566	0.45190	42449.6	10612.4
2567	0.17282	16234.3	5411.42
2568	0.51957	48807.1	12201.8
2569	0.22725	21347.2	7115.74
2570	0.17240	16194.3	8097.15
2571	0.13200	12400	6199.98
2572	0.17459	16400.7	5466.9
2573	0.18921	17773.9	5924.64
2574	0.55185	51839.3	17279.8
2575	0.34825	32713.7	8178.42
2576	0.23537	22109.4	5527.35
2577	0.54617	51305.3	12826.3
2578	0.40018	37591.4	18795.7
2579	0.23553	22124.5	11062.2
2580	0.46293	43486	14495.3
2581	0.40137	37702.9	12567.6
2582	0.62162	58392.6	9732.1
2583	0.34771	32662.8	8165.69
2584	0.34665	32563.5	8140.88
2585	0.23577	22147.1	7382.36
2586	0.18205	17101	8550.5
2587	0.35837	33664.2	8416.05
2588	0.29535	27744.1	5548.82
2589	0.24091	22630.4	5657.6
2590	0.21570	20262	6754.01
2591	0.22118	20776.7	6925.56
2592	0.20763	19504	6501.32
2593	0.85468	80286.1	40143.1
2594	0.19158	17996.4	4499.1
2595	0.13287	12481.2	6240.59
2596	0.10285	9661.74	4830.87
2597	0.13200	12400	6199.98
2598	0.25493	23946.9	7982.32
2599	0.14795	13897.6	3474.39
2600	0.50674	47601.1	7933.52
