#IID	F_ROH	ROH_length_kB	KBAVG
2551	0.10819	10152	5075.99
2552	0.21969	20615.3	10307.7
2553	0.50923	47784.7	9556.94
2554	0.17084	16030.8	5343.59
2555	0.14101	13232.1	13232.1
2556	0.19165	17984	5994.67
2557	0.35521	33331.7	4166.47
2558	0.24849	23317.6	11658.8
2559	0.24023	22542.4	7514.15
2560	0.37368	35065.4	7013.08
2561	0.18725	17571	5857.01
2562	0.31474	29534.4	9844.79
2563	0.22039	20681.3	5170.33
2564	0.05335	5006.31	5006.31
2565	0.11292	10596.2	3532.08
2566	0.32562	30555.4	7638.86
2567	0.41201	38661.8	7732.35
2568	0.22653	21256.9	10628.5
2569	0.19796	18576.3	9288.15
2570	0.31234	29308.8	14654.4
2571	0.31375	29441.7	7360.41
2572	0.54858	51477.5	12869.4
2573	0.03687	3459.43	3459.43
2574	0.40696	38187.8	6364.63
2575	0.14385	13498.9	6749.46
2576	0.63413	59505.5	9917.58
2577	0.21789	20446.6	5111.64
2578	0.52411	49181.3	16393.8
2579	0.17273	16208.6	8104.31
2580	0.38674	36291.1	9072.78
2581	0.13656	12814.3	4271.45
2582	0.19020	17848.3	4462.06
2583	0.24146	22658.3	5664.57
2584	0.25935	24336.8	6084.2
2585	0.39814	37360.2	9340.04
2586	0.24757	23231.1	11615.6
2587	0.31953	29983.9	7495.98
2588	0.19079	17903.1	8951.57
2589	0.17582	16498.9	5499.62
2590	0.20795	19513.9	9756.96
2591	0.65284	61261.1	12252.2
2592	0.26308	24687	8229
2593	0.18118	17001.9	4250.49
2594	0.04281	4017.24	4017.24
2595	0.25588	24010.7	4001.79
2596	0.30097	28242.3	9414.11
2597	0.05765	5409.9	5409.9
2598	0.07172	6730.13	6730.13
2599	0.28148	26413.7	5282.73
2600	0.34856	32708.4	10902.8
