#IID	F_ROH	ROH_length_kB	KBAVG
2551	0.13352	12535.8	6267.89
2552	0.24870	23349.4	5837.35
2553	0.28884	27117.8	9039.28
2554	0.72098	67688.9	33844.5
2555	0.36975	34713.7	4959.1
2556	0.47798	44874.6	11218.7
2557	0.23635	22189.9	5547.47
2558	0.35913	33717.1	6743.42
2559	0.34889	32755	8188.75
2560	0.80781	75841.2	25280.4
2561	0.38785	36413.6	6068.93
2562	0.42634	40027.1	8005.42
2563	0.23650	22203.5	4440.69
2564	0.09144	8584.63	4292.31
2565	0.41584	39041.4	6506.9
2566	0.08463	7945.38	3972.69
2567	0.51990	48810.9	12202.7
2568	0.10107	9489.32	4744.66
2569	0.26056	24462.2	4892.43
2570	0.12340	11584.9	5792.47
2571	0.23217	21797.3	7265.77
2572	0.07049	6617.62	3308.81
2573	0.11088	10410.3	5205.14
2574	0.23162	21745.1	7248.36
2575	1.00000	93884.6	93884.6
2576	0.26274	24667.4	8222.47
2577	0.15223	14292.4	4764.13
2578	0.42653	40044.6	6674.1
2579	0.33158	31130.2	6226.04
2580	0.21435	20124.4	6708.13
2581	0.03639	3416.72	3416.72
2582	0.40203	37744.4	6290.74
2583	0.30530	28663.4	7165.86
2584	0.15074	14152.1	4717.37
2585	0.19937	18717.6	6239.2
2586	0.19083	17916.4	5972.14
2587	0.27015	25362.9	12681.4
2588	0.26186	24584.9	8194.96
2589	0.46488	43645.2	7274.21
2590	0.47643	44729.1	8945.83
2591	0.27283	25614.1	5122.81
2592	0.29445	27644.2	6911.05
2593	0.17488	16418.8	5472.92
2594	0.48595	45623.2	15207.7
2595	0.21139	19846.3	4961.58
2596	0.29055	27278.4	27278.4
2597	0.14622	13727.5	13727.5
2598	0.11987	11254.4	5627.21
2599	0.33797	31730	10576.7
2600	0.49780	46735.7	9347.14
