#IID	F_ROH	ROH_length_kB	KBAVG
2551	0.15132	14199.8	7099.88
2552	0.33036	31001.5	6200.29
2553	0.31866	29903.9	9967.97
2554	0.13051	12247.8	4082.59
2555	0.37999	35659.2	7131.84
2556	0.03964	3719.75	3719.75
2557	0.26614	24975.3	12487.7
2558	0.21563	20234.9	6744.96
2559	0.25584	24008.4	6002.1
2560	0.27030	25365.2	6341.31
2561	0.18383	17250.8	5750.28
2562	0.23455	22010.6	11005.3
2563	0.20924	19635.4	6545.12
2564	0.20991	19698.1	6566.02
2565	0.39871	37416.3	12472.1
2566	0.05266	4941.56	4941.56
2567	0.23833	22365.7	22365.7
2568	0.06623	6215.49	6215.49
2569	0.06243	5858.5	2929.25
2570	0.05244	4920.73	4920.73
2571	0.16680	15652.9	3913.24
2572	0.25333	23772.7	7924.23
2573	0.24115	22630.5	11315.2
2574	0.39870	37415.2	12471.7
2575	0.38781	36392.6	12130.9
2576	0.37022	34742.2	17371.1
2577	0.16683	15655.5	5218.51
2578	0.77888	73092.3	24364.1
2579	0.59405	55747.5	13936.9
2580	0.40189	37714.3	12571.4
2581	0.19196	18013.7	9006.85
2582	0.08595	8065.47	4032.74
2583	0.20681	19407.2	3881.44
2584	0.14208	13332.8	4444.26
2585	0.17067	16016.2	5338.72
2586	0.42262	39659.4	19829.7
2587	0.49525	46475.6	15491.9
2588	0.25760	24173.8	8057.93
2589	0.50742	47617.9	11904.5
2590	0.25190	23639	11819.5
2591	0.38045	35702.8	17851.4
2592	0.17592	16508.9	16508.9
2593	0.10371	9732.44	9732.44
2594	0.50048	46966.7	6709.53
2595	0.17764	16670	5556.66
2596	0.12705	11922.7	5961.34
2597	0.30926	29021.6	9673.87
2598	0.00000	0	0
2599	0.22752	21350.6	10675.3
2600	0.12919	12123.9	12123.9
