CHR	POS	COUNT	FREQUENCY	Length_Mb	Hotspot_interval
3	72400001	136	0.367568	1.5	[72400001,73900000]
3	72500001	134	0.362162	1.5	[72400001,73900000]
3	72600001	143	0.386486	1.5	[72400001,73900000]
3	72700001	143	0.386486	1.5	[72400001,73900000]
3	72800001	151	0.408108	1.5	[72400001,73900000]
3	72900001	168	0.454054	1.5	[72400001,73900000]
3	73000001	168	0.454054	1.5	[72400001,73900000]
3	73100001	149	0.402703	1.5	[72400001,73900000]
3	73200001	149	0.402703	1.5	[72400001,73900000]
3	73300001	165	0.445946	1.5	[72400001,73900000]
3	73400001	159	0.42973	1.5	[72400001,73900000]
3	73500001	157	0.424324	1.5	[72400001,73900000]
3	73600001	138	0.372973	1.5	[72400001,73900000]
3	73700001	150	0.405405	1.5	[72400001,73900000]
3	73800001	151	0.408108	1.5	[72400001,73900000]
3	72500000	136	0.367568	1.5	[72400001,73900000]
3	72600000	134	0.362162	1.5	[72400001,73900000]
3	72700000	143	0.386486	1.5	[72400001,73900000]
3	72800000	143	0.386486	1.5	[72400001,73900000]
3	72900000	151	0.408108	1.5	[72400001,73900000]
3	73000000	168	0.454054	1.5	[72400001,73900000]
3	73100000	168	0.454054	1.5	[72400001,73900000]
3	73200000	149	0.402703	1.5	[72400001,73900000]
3	73300000	149	0.402703	1.5	[72400001,73900000]
3	73400000	165	0.445946	1.5	[72400001,73900000]
3	73500000	159	0.42973	1.5	[72400001,73900000]
3	73600000	157	0.424324	1.5	[72400001,73900000]
3	73700000	138	0.372973	1.5	[72400001,73900000]
3	73800000	150	0.405405	1.5	[72400001,73900000]
3	73900000	151	0.408108	1.5	[72400001,73900000]
