CHR	POS	COUNT	FREQUENCY	Length_Mb	Hotspot_interval
3	3500001	278	0.751351	1	[3500001,4500000]
3	3600001	279	0.754054	1	[3500001,4500000]
3	3700001	279	0.754054	1	[3500001,4500000]
3	3800001	282	0.762162	1	[3500001,4500000]
3	3900001	283	0.764865	1	[3500001,4500000]
3	4000001	283	0.764865	1	[3500001,4500000]
3	4100001	281	0.759459	1	[3500001,4500000]
3	4200001	276	0.745946	1	[3500001,4500000]
3	4300001	238	0.643243	1	[3500001,4500000]
3	4400001	242	0.654054	1	[3500001,4500000]
3	3600000	278	0.751351	1	[3500001,4500000]
3	3700000	279	0.754054	1	[3500001,4500000]
3	3800000	279	0.754054	1	[3500001,4500000]
3	3900000	282	0.762162	1	[3500001,4500000]
3	4000000	283	0.764865	1	[3500001,4500000]
3	4100000	283	0.764865	1	[3500001,4500000]
3	4200000	281	0.759459	1	[3500001,4500000]
3	4300000	276	0.745946	1	[3500001,4500000]
3	4400000	238	0.643243	1	[3500001,4500000]
3	4500000	242	0.654054	1	[3500001,4500000]
