CHR	POS	COUNT	FREQUENCY	Length_Mb	Hotspot_interval
3	24900001	200	0.540541	1.2	[24900001,26100000]
3	25000001	218	0.589189	1.2	[24900001,26100000]
3	25100001	218	0.589189	1.2	[24900001,26100000]
3	25200001	223	0.602703	1.2	[24900001,26100000]
3	25300001	203	0.548649	1.2	[24900001,26100000]
3	25400001	205	0.554054	1.2	[24900001,26100000]
3	25500001	195	0.527027	1.2	[24900001,26100000]
3	25600001	191	0.516216	1.2	[24900001,26100000]
3	25700001	192	0.518919	1.2	[24900001,26100000]
3	25800001	191	0.516216	1.2	[24900001,26100000]
3	25900001	191	0.516216	1.2	[24900001,26100000]
3	26000001	194	0.524324	1.2	[24900001,26100000]
3	46500001	213	0.575676	0.8	[46500001,47300000]
3	46600001	210	0.567568	0.8	[46500001,47300000]
3	46700001	210	0.567568	0.8	[46500001,47300000]
3	46800001	210	0.567568	0.8	[46500001,47300000]
3	46900001	209	0.564865	0.8	[46500001,47300000]
3	47000001	204	0.551351	0.8	[46500001,47300000]
3	47100001	216	0.583784	0.8	[46500001,47300000]
3	47200001	212	0.572973	0.8	[46500001,47300000]
3	25000000	200	0.540541	1.2	[24900001,26100000]
3	25100000	218	0.589189	1.2	[24900001,26100000]
3	25200000	218	0.589189	1.2	[24900001,26100000]
3	25300000	223	0.602703	1.2	[24900001,26100000]
3	25400000	203	0.548649	1.2	[24900001,26100000]
3	25500000	205	0.554054	1.2	[24900001,26100000]
3	25600000	195	0.527027	1.2	[24900001,26100000]
3	25700000	191	0.516216	1.2	[24900001,26100000]
3	25800000	192	0.518919	1.2	[24900001,26100000]
3	25900000	191	0.516216	1.2	[24900001,26100000]
3	26000000	191	0.516216	1.2	[24900001,26100000]
3	26100000	194	0.524324	1.2	[24900001,26100000]
3	46600000	213	0.575676	0.8	[46500001,47300000]
3	46700000	210	0.567568	0.8	[46500001,47300000]
3	46800000	210	0.567568	0.8	[46500001,47300000]
3	46900000	210	0.567568	0.8	[46500001,47300000]
3	47000000	209	0.564865	0.8	[46500001,47300000]
3	47100000	204	0.551351	0.8	[46500001,47300000]
3	47200000	216	0.583784	0.8	[46500001,47300000]
3	47300000	212	0.572973	0.8	[46500001,47300000]
