CHR	POS	COUNT	FREQUENCY	Length_Mb	Hotspot_interval
3	44000001	234	0.632432	1.8	[44000001,45800000]
3	44100001	235	0.635135	1.8	[44000001,45800000]
3	44200001	232	0.627027	1.8	[44000001,45800000]
3	44300001	232	0.627027	1.8	[44000001,45800000]
3	44400001	231	0.624324	1.8	[44000001,45800000]
3	44500001	230	0.621622	1.8	[44000001,45800000]
3	44600001	247	0.667568	1.8	[44000001,45800000]
3	44700001	240	0.648649	1.8	[44000001,45800000]
3	44800001	239	0.645946	1.8	[44000001,45800000]
3	44900001	239	0.645946	1.8	[44000001,45800000]
3	45000001	240	0.648649	1.8	[44000001,45800000]
3	45100001	240	0.648649	1.8	[44000001,45800000]
3	45200001	240	0.648649	1.8	[44000001,45800000]
3	45300001	240	0.648649	1.8	[44000001,45800000]
3	45400001	238	0.643243	1.8	[44000001,45800000]
3	45500001	238	0.643243	1.8	[44000001,45800000]
3	45600001	250	0.675676	1.8	[44000001,45800000]
3	45700001	249	0.672973	1.8	[44000001,45800000]
3	44100000	234	0.632432	1.8	[44000001,45800000]
3	44200000	235	0.635135	1.8	[44000001,45800000]
3	44300000	232	0.627027	1.8	[44000001,45800000]
3	44400000	232	0.627027	1.8	[44000001,45800000]
3	44500000	231	0.624324	1.8	[44000001,45800000]
3	44600000	230	0.621622	1.8	[44000001,45800000]
3	44700000	247	0.667568	1.8	[44000001,45800000]
3	44800000	240	0.648649	1.8	[44000001,45800000]
3	44900000	239	0.645946	1.8	[44000001,45800000]
3	45000000	239	0.645946	1.8	[44000001,45800000]
3	45100000	240	0.648649	1.8	[44000001,45800000]
3	45200000	240	0.648649	1.8	[44000001,45800000]
3	45300000	240	0.648649	1.8	[44000001,45800000]
3	45400000	240	0.648649	1.8	[44000001,45800000]
3	45500000	238	0.643243	1.8	[44000001,45800000]
3	45600000	238	0.643243	1.8	[44000001,45800000]
3	45700000	250	0.675676	1.8	[44000001,45800000]
3	45800000	249	0.672973	1.8	[44000001,45800000]
