CHR	POS	COUNT	FREQUENCY	Length_Mb	Hotspot_interval
3	3800001	290	0.783784	1.2	[3800001,5000000]
3	3900001	289	0.781081	1.2	[3800001,5000000]
3	4000001	289	0.781081	1.2	[3800001,5000000]
3	4100001	289	0.781081	1.2	[3800001,5000000]
3	4200001	289	0.781081	1.2	[3800001,5000000]
3	4300001	287	0.775676	1.2	[3800001,5000000]
3	4400001	286	0.772973	1.2	[3800001,5000000]
3	4500001	286	0.772973	1.2	[3800001,5000000]
3	4600001	286	0.772973	1.2	[3800001,5000000]
3	4700001	286	0.772973	1.2	[3800001,5000000]
3	4800001	287	0.775676	1.2	[3800001,5000000]
3	4900001	287	0.775676	1.2	[3800001,5000000]
3	3900000	290	0.783784	1.2	[3800001,5000000]
3	4000000	289	0.781081	1.2	[3800001,5000000]
3	4100000	289	0.781081	1.2	[3800001,5000000]
3	4200000	289	0.781081	1.2	[3800001,5000000]
3	4300000	289	0.781081	1.2	[3800001,5000000]
3	4400000	287	0.775676	1.2	[3800001,5000000]
3	4500000	286	0.772973	1.2	[3800001,5000000]
3	4600000	286	0.772973	1.2	[3800001,5000000]
3	4700000	286	0.772973	1.2	[3800001,5000000]
3	4800000	286	0.772973	1.2	[3800001,5000000]
3	4900000	287	0.775676	1.2	[3800001,5000000]
3	5000000	287	0.775676	1.2	[3800001,5000000]
