CHR	POS	COUNT	FREQUENCY	Length_Mb	Hotspot_interval
3	45600001	157	0.424324	1.5	[45600001,47100000]
3	45700001	155	0.418919	1.5	[45600001,47100000]
3	45800001	152	0.410811	1.5	[45600001,47100000]
3	45900001	152	0.410811	1.5	[45600001,47100000]
3	46000001	161	0.435135	1.5	[45600001,47100000]
3	46100001	157	0.424324	1.5	[45600001,47100000]
3	46200001	160	0.432432	1.5	[45600001,47100000]
3	46300001	161	0.435135	1.5	[45600001,47100000]
3	46400001	159	0.42973	1.5	[45600001,47100000]
3	46500001	159	0.42973	1.5	[45600001,47100000]
3	46600001	159	0.42973	1.5	[45600001,47100000]
3	46700001	142	0.383784	1.5	[45600001,47100000]
3	46800001	125	0.337838	1.5	[45600001,47100000]
3	46900001	126	0.340541	1.5	[45600001,47100000]
3	47000001	126	0.340541	1.5	[45600001,47100000]
3	76800001	137	0.37027	0.8	[76800001,77600000]
3	76900001	155	0.418919	0.8	[76800001,77600000]
3	77000001	155	0.418919	0.8	[76800001,77600000]
3	77100001	155	0.418919	0.8	[76800001,77600000]
3	77200001	158	0.427027	0.8	[76800001,77600000]
3	77300001	160	0.432432	0.8	[76800001,77600000]
3	77400001	160	0.432432	0.8	[76800001,77600000]
3	77500001	160	0.432432	0.8	[76800001,77600000]
3	45700000	157	0.424324	1.5	[45600001,47100000]
3	45800000	155	0.418919	1.5	[45600001,47100000]
3	45900000	152	0.410811	1.5	[45600001,47100000]
3	46000000	152	0.410811	1.5	[45600001,47100000]
3	46100000	161	0.435135	1.5	[45600001,47100000]
3	46200000	157	0.424324	1.5	[45600001,47100000]
3	46300000	160	0.432432	1.5	[45600001,47100000]
3	46400000	161	0.435135	1.5	[45600001,47100000]
3	46500000	159	0.42973	1.5	[45600001,47100000]
3	46600000	159	0.42973	1.5	[45600001,47100000]
3	46700000	159	0.42973	1.5	[45600001,47100000]
3	46800000	142	0.383784	1.5	[45600001,47100000]
3	46900000	125	0.337838	1.5	[45600001,47100000]
3	47000000	126	0.340541	1.5	[45600001,47100000]
3	47100000	126	0.340541	1.5	[45600001,47100000]
3	76900000	137	0.37027	0.8	[76800001,77600000]
3	77000000	155	0.418919	0.8	[76800001,77600000]
3	77100000	155	0.418919	0.8	[76800001,77600000]
3	77200000	155	0.418919	0.8	[76800001,77600000]
3	77300000	158	0.427027	0.8	[76800001,77600000]
3	77400000	160	0.432432	0.8	[76800001,77600000]
3	77500000	160	0.432432	0.8	[76800001,77600000]
3	77600000	160	0.432432	0.8	[76800001,77600000]
