CHR	POS	COUNT	FREQUENCY	Length_Mb	Hotspot_interval
3	83700001	216	0.583784	1.2	[83700001,84900000]
3	83800001	225	0.608108	1.2	[83700001,84900000]
3	83900001	228	0.616216	1.2	[83700001,84900000]
3	84000001	216	0.583784	1.2	[83700001,84900000]
3	84100001	218	0.589189	1.2	[83700001,84900000]
3	84200001	233	0.62973	1.2	[83700001,84900000]
3	84300001	213	0.575676	1.2	[83700001,84900000]
3	84400001	213	0.575676	1.2	[83700001,84900000]
3	84500001	213	0.575676	1.2	[83700001,84900000]
3	84600001	214	0.578378	1.2	[83700001,84900000]
3	84700001	210	0.567568	1.2	[83700001,84900000]
3	84800001	236	0.637838	1.2	[83700001,84900000]
3	83800000	216	0.583784	1.2	[83700001,84900000]
3	83900000	225	0.608108	1.2	[83700001,84900000]
3	84000000	228	0.616216	1.2	[83700001,84900000]
3	84100000	216	0.583784	1.2	[83700001,84900000]
3	84200000	218	0.589189	1.2	[83700001,84900000]
3	84300000	233	0.62973	1.2	[83700001,84900000]
3	84400000	213	0.575676	1.2	[83700001,84900000]
3	84500000	213	0.575676	1.2	[83700001,84900000]
3	84600000	213	0.575676	1.2	[83700001,84900000]
3	84700000	214	0.578378	1.2	[83700001,84900000]
3	84800000	210	0.567568	1.2	[83700001,84900000]
3	84900000	236	0.637838	1.2	[83700001,84900000]
