CHR	POS	COUNT	FREQUENCY	Length_Mb	Hotspot_interval
3	35500001	157	0.424324	1.2	[35500001,36700000]
3	35600001	157	0.424324	1.2	[35500001,36700000]
3	35700001	166	0.448649	1.2	[35500001,36700000]
3	35800001	166	0.448649	1.2	[35500001,36700000]
3	35900001	166	0.448649	1.2	[35500001,36700000]
3	36000001	173	0.467568	1.2	[35500001,36700000]
3	36100001	174	0.47027	1.2	[35500001,36700000]
3	36200001	172	0.464865	1.2	[35500001,36700000]
3	36300001	177	0.478378	1.2	[35500001,36700000]
3	36400001	178	0.481081	1.2	[35500001,36700000]
3	36500001	175	0.472973	1.2	[35500001,36700000]
3	36600001	169	0.456757	1.2	[35500001,36700000]
3	35600000	157	0.424324	1.2	[35500001,36700000]
3	35700000	157	0.424324	1.2	[35500001,36700000]
3	35800000	166	0.448649	1.2	[35500001,36700000]
3	35900000	166	0.448649	1.2	[35500001,36700000]
3	36000000	166	0.448649	1.2	[35500001,36700000]
3	36100000	173	0.467568	1.2	[35500001,36700000]
3	36200000	174	0.47027	1.2	[35500001,36700000]
3	36300000	172	0.464865	1.2	[35500001,36700000]
3	36400000	177	0.478378	1.2	[35500001,36700000]
3	36500000	178	0.481081	1.2	[35500001,36700000]
3	36600000	175	0.472973	1.2	[35500001,36700000]
3	36700000	169	0.456757	1.2	[35500001,36700000]
