Model,H_e,Lower_CI,Upper_CI,Under_Selection
Neutral,0.07252,0.06438,0.08065,No
s=0.2,0.21536,0.17455,0.25618,No
s=0.4,0.22137,0.16473,0.27802,No
s=0.1,0.2252,0.18444,0.26595,No
s=0.8,0.22754,0.16063,0.29445,No
s=0.3,0.23444,0.19007,0.27881,No
s=0.7,0.23498,0.16327,0.30669,No
s=0.5,0.24143,0.17308,0.30977,No
s=0.6,0.27426,0.20698,0.34154,No
