#IID	F_ROH	ROH_length_kB	KBAVG
2551	0.33620	31083.8	15541.9
2552	0.15739	14551.7	4850.57
2553	0.24766	22897.9	5724.46
2554	0.18492	17097.1	5699.02
2555	0.38327	35436	8859
2556	0.37298	34484.3	8621.07
2557	0.59243	54774.2	13693.5
2558	0.33810	31259.4	7814.85
2559	0.24784	22914.7	7638.22
2560	0.15041	13906.5	4635.49
2561	0.17382	16070.6	5356.87
2562	0.44035	40712.7	5816.1
2563	0.22168	20495.7	10247.9
2564	0.22879	21152.9	7050.96
2565	0.31875	29470.7	9823.57
2566	0.32725	30256.7	7564.17
2567	0.29849	27597.5	5519.5
2568	0.36899	34115.1	5685.84
2569	0.35618	32930.6	10976.9
2570	0.24572	22718.6	11359.3
2571	0.19222	17771.6	5923.88
2572	0.40051	37029.4	7405.88
2573	0.22002	20341.9	5085.48
2574	0.23561	21783.7	5445.93
2575	0.23750	21958.8	7319.58
2576	0.26203	24226.7	6056.66
2577	0.24766	22897.9	5724.46
2578	0.28228	26098.9	6524.72
2579	0.48068	44441.5	7406.91
2580	0.15722	14536.2	4845.41
2581	0.22728	21013.2	5253.31
2582	0.28393	26250.7	5250.14
2583	0.63796	58983.2	19661.1
2584	0.15410	14247.1	7123.55
2585	0.11581	10707.7	5353.83
2586	0.15993	14786.2	7393.11
2587	0.16110	14895.1	4965.04
2588	0.35600	32914.4	8228.6
2589	0.24288	22455.3	5613.82
2590	0.55785	51577.1	10315.4
2591	0.29926	27668.7	5533.74
2592	0.63282	58508.4	19502.8
2593	0.27467	25395.4	6348.86
2594	0.36430	33681.5	6736.29
2595	0.16129	14912.6	4970.87
2596	0.46044	42570.8	8514.15
2597	0.18690	17279.9	5759.98
2598	0.41558	38422.5	7684.5
2599	0.35691	32998.7	6599.74
2600	0.53975	49903.3	9980.66
