#IID	F_ROH	ROH_length_kB	KBAVG
4551	0.31040	28695.9	5739.19
4552	0.20164	18641.6	6213.85
4553	0.10885	10062.8	5031.41
4554	0.15752	14562.6	7281.28
4555	0.12892	11918.1	5959.03
4556	0.02910	2690.29	2690.29
4557	0.18137	16767.5	8383.76
4558	0.30032	27763.8	4627.3
4559	0.14568	13468	6734.02
4560	0.25577	23645.8	4729.16
4561	0.47530	43940.6	10985.2
4562	0.17778	16435.2	5478.41
4563	0.40098	37070.1	4633.76
4564	0.24440	22594.7	5648.69
4565	0.16854	15581.2	5193.74
4566	0.11241	10392.4	5196.18
4567	0.25643	23706.1	7902.03
4568	0.16157	14937.2	4979.07
4569	0.17210	15910.7	5303.57
4570	0.34454	31851.6	7962.89
4571	0.31492	29113.7	9704.55
4572	0.13267	12265.5	4088.5
4573	0.25235	23329.5	7776.5
4574	0.24246	22414.8	7471.59
4575	0.16951	15670.7	5223.58
4576	0.31441	29066.3	7266.56
4577	0.21808	20161.3	6720.43
4578	0.29077	26881.5	6720.38
4579	0.17308	16000.9	5333.62
4580	0.29561	27328.2	5465.64
4581	0.27110	25062.4	6265.6
4582	0.00000	0	0
4583	0.32474	30021.4	5003.57
4584	0.10348	9566.3	3188.77
4585	0.51699	47794.4	6827.78
4586	0.13801	12758.8	4252.93
4587	0.23171	21421.3	7140.45
4588	0.49539	45798	9159.6
4589	0.29481	27254.9	6813.71
4590	0.12328	11396.7	5698.33
4591	0.30555	28247.9	7061.97
4592	0.27598	25513.4	6378.36
4593	0.38211	35325.1	17662.6
4594	0.19112	17668.4	5889.47
4595	0.25464	23540.6	5885.16
4596	0.09807	9066.33	4533.16
4597	0.33213	30705.1	10235
4598	0.30041	27772.3	13886.1
4599	0.15462	14293.9	4764.64
4600	0.26691	24675.7	4935.13
