#IID	F_ROH	ROH_length_kB	KBAVG
2551	0.38028	35139.7	8784.93
2552	0.39956	36921.2	7384.24
2553	0.26676	24650.1	6162.54
2554	0.27567	25473.1	8491.03
2555	0.48183	44523.3	8904.66
2556	0.29597	27349.4	9116.48
2557	0.49546	45782.6	9156.52
2558	0.21936	20269.6	6756.53
2559	0.27962	25838.5	6459.63
2560	0.31916	29492	9830.65
2561	0.29250	27028	6756.99
2562	0.21646	20001.9	6667.31
2563	0.17359	16040.1	8020.03
2564	0.51018	47142.8	15714.3
2565	0.33731	31168.6	7792.15
2566	0.22826	21091.9	7030.65
2567	0.14948	13812.4	4604.14
2568	0.19582	18094.3	4523.57
2569	0.22513	20803.1	4160.62
2570	0.31701	29293.6	7323.39
2571	0.36020	33284	16642
2572	0.04804	4438.73	4438.73
2573	0.10809	9988.15	9988.15
2574	0.24146	22312.4	5578.1
2575	0.34444	31827.6	7956.91
2576	0.39074	36105.9	7221.17
2577	0.28569	26399.2	5279.84
2578	0.34319	31711.9	7927.97
2579	0.37108	34289.5	17144.8
2580	0.39289	36305.1	7261.03
2581	0.30149	27858.8	5571.77
2582	0.22098	20419.4	10209.7
2583	0.26105	24122.2	4824.43
2584	0.16137	14911.2	4970.39
2585	0.16508	15253.7	5084.57
2586	0.40100	37054.6	9263.64
2587	0.18759	17333.8	8666.9
2588	0.09713	8975.42	8975.42
2589	0.34439	31823.1	6364.62
2590	0.18270	16882.7	16882.7
2591	0.29612	27362.7	9120.89
2592	0.17179	15874.3	7937.15
2593	0.00000	0	0
2594	0.40844	37742.1	18871
2595	0.36889	34086.9	8521.71
2596	0.14471	13372	6685.98
2597	0.16175	14946	7473.02
2598	0.18297	16907.2	8453.59
2599	0.21430	19802.1	6600.7
2600	0.32679	30196.7	10065.6
