#IID	F_ROH	ROH_length_kB	KBAVG
2551	0.04379	4113.94	4113.94
2552	0.77653	72953.7	24317.9
2553	0.25125	23604.4	7868.13
2554	0.13482	12666.5	6333.26
2555	0.26446	24845.2	8281.73
2556	0.69659	65443.4	21814.5
2557	0.20373	19139.6	4784.9
2558	0.16271	15286.3	5095.43
2559	0.31593	29680.8	5936.16
2560	0.26657	25043.6	5008.73
2561	0.03222	3026.67	3026.67
2562	0.34575	32482.6	16241.3
2563	0.04697	4412.28	4412.28
2564	0.25874	24308.1	6077.03
2565	0.05207	4891.65	4891.65
2566	0.21481	20181.3	10090.7
2567	0.56771	53335.5	10667.1
2568	0.37084	34839.8	8709.96
2569	0.39036	36673.5	6112.25
2570	0.45095	42365.7	10591.4
2571	0.24143	22682.2	11341.1
2572	0.00000	0	0
2573	0.10450	9817.17	4908.59
2574	0.30287	28453.9	7113.46
2575	0.23993	22541	5635.24
2576	0.15945	14979.8	4993.25
2577	0.10620	9976.84	4988.42
2578	0.16562	15559.8	5186.6
2579	0.08958	8415.55	4207.78
2580	0.22989	21597.6	7199.22
2581	0.06968	6546.07	6546.07
2582	0.04972	4670.95	4670.95
2583	0.18357	17246.2	5748.75
2584	0.25668	24114.9	6028.73
2585	0.20068	18853.4	6284.47
2586	0.28235	26526.7	6631.67
2587	0.14823	13925.8	6962.92
2588	0.46568	43750.2	14583.4
2589	0.14768	13874.7	6937.34
2590	0.10989	10324.3	5162.17
2591	0.34880	32768.8	6553.76
2592	0.04475	4204.56	4204.56
2593	0.28833	27087.9	9029.29
2594	0.09070	8520.71	4260.35
2595	0.13022	12233.6	4077.85
2596	0.32430	30467	10155.7
2597	0.56144	52746.1	10549.2
2598	0.17690	16619.8	5539.92
2599	0.11243	10562.5	5281.23
2600	0.14951	14046.6	7023.28
