#IID	F_ROH	ROH_length_kB	KBAVG
2551	0.43898	40586.2	6764.37
2552	0.19437	17970.9	5990.29
2553	0.27984	25873.3	5174.65
2554	0.32835	30357.6	7589.41
2555	0.28932	26749.7	5349.95
2556	0.23393	21627.9	5406.98
2557	0.25651	23715.8	5928.95
2558	0.35455	32780.8	4682.98
2559	0.37637	34797.5	4971.08
2560	0.33143	30642.7	7660.67
2561	0.17190	15893.1	7946.54
2562	0.60873	56280.8	11256.2
2563	0.12250	11325.9	3775.29
2564	0.20465	18921.1	3784.22
2565	0.35613	32926.2	6585.24
2566	0.42455	39252.7	19626.3
2567	0.40656	37589	12529.7
2568	0.46720	43195.8	8639.17
2569	0.27175	25124.9	4187.48
2570	0.14158	13089.5	4363.15
2571	0.66487	61471.1	10245.2
2572	0.27719	25627.5	5125.5
2573	0.76207	70457.8	17614.4
2574	0.33556	31024.4	5170.74
2575	0.37534	34702.3	5783.71
2576	0.19373	17911.2	4477.79
2577	0.39355	36385.7	6064.28
2578	0.43938	40623	4513.67
2579	0.24906	23027.4	7675.79
2580	0.55737	51531.9	8588.65
2581	0.17297	15992.4	5330.8
2582	0.28239	26108.8	5221.76
2583	0.29249	27042.8	6760.7
2584	0.46270	42779.3	10694.8
2585	0.21602	19972.7	4993.18
2586	0.40805	37726.6	6287.76
2587	0.35404	32732.8	5455.47
2588	0.23633	21850.1	5462.52
2589	0.61314	56688.7	8098.38
2590	0.19393	17929.8	5976.61
2591	0.23360	21597.8	7199.26
2592	0.14937	13810.4	4603.47
2593	0.43402	40127.7	6687.94
2594	0.43067	39818.2	4977.28
2595	0.29220	27015.7	6753.93
2596	0.16288	15059	5019.68
2597	0.24287	22454.8	4490.97
2598	0.48615	44947.9	14982.6
2599	0.23818	22021	7340.32
2600	0.45399	41973.9	6995.65
