#IID	F_ROH	ROH_length_kB	KBAVG
2551	0.31490	29386.1	4897.69
2552	0.30554	28512.7	7128.18
2553	0.20291	18935.4	6311.78
2554	0.24265	22644.3	7548.1
2555	0.09801	9146.26	9146.26
2556	0.38183	35632.5	11877.5
2557	0.04244	3960.38	3960.38
2558	0.28338	26444.9	5288.98
2559	0.13863	12936.5	4312.17
2560	0.13471	12570.7	12570.7
2561	0.21761	20307.2	4061.45
2562	0.16156	15076.3	7538.16
2563	0.27375	25546.7	8515.58
2564	0.13237	12352.9	4117.64
2565	0.25126	23447.7	5861.93
2566	0.11847	11055.7	3685.22
2567	0.36927	34460.3	8615.08
2568	0.13631	12720.2	4240.08
2569	0.87574	81724.3	27241.4
2570	0.36636	34188.3	5698.05
2571	0.18486	17250.8	5750.27
2572	0.24504	22867	7622.32
2573	0.19010	17739.7	8869.83
2574	0.12739	11887.8	3962.59
2575	0.17348	16189	8094.5
2576	0.16216	15132.4	7566.2
2577	0.57069	53256.3	8876.05
2578	0.30296	28272.1	14136.1
2579	0.17684	16502.4	8251.21
2580	0.23517	21945.6	10972.8
2581	0.17884	16689.2	5563.07
2582	0.23435	21869.9	7289.97
2583	0.09341	8716.59	4358.29
2584	0.44865	41867.9	6977.99
2585	0.35457	33088.3	11029.4
2586	0.81098	75680.3	18920.1
2587	0.58366	54466.6	18155.5
2588	0.12697	11848.5	3949.51
2589	0.21591	20148.9	6716.31
2590	0.13350	12458.3	4152.76
2591	0.16902	15772.7	5257.57
2592	0.00000	0	0
2593	0.28917	26985	6746.26
2594	0.03178	2966.08	2966.08
2595	0.27027	25221.4	8407.13
2596	0.28779	26856.8	5371.37
2597	0.38185	35634.4	7126.87
2598	0.37451	34949.5	8737.37
2599	0.44493	41521	10380.3
2600	0.16727	15609.5	5203.17
