#IID	F_ROH	ROH_length_kB	KBAVG
4551	0.07245	6695.26	6695.26
4552	0.19453	17976.3	8988.16
4553	0.32972	30468.8	15234.4
4554	0.16118	14894.7	7447.33
4555	0.22627	20908.9	5227.22
4556	0.10489	9692.68	4846.34
4557	0.09491	8770.04	4385.02
4558	0.39922	36891.2	12297.1
4559	0.00000	0	0
4560	0.14368	13277.1	4425.69
4561	0.32980	30476.6	6095.32
4562	0.45397	41950.6	13983.5
4563	0.24334	22486.6	5621.65
4564	0.21741	20090.2	5022.55
4565	0.04493	4151.8	4151.8
4566	0.14771	13649.9	6824.93
4567	0.07422	6858.31	6858.31
4568	0.13738	12694.8	6347.42
4569	0.25084	23179.3	4635.87
4570	0.21134	19529.6	9764.81
4571	0.12057	11141.5	3713.82
4572	0.15232	14075.6	4691.86
4573	0.00000	0	0
4574	0.12267	11335.9	3778.65
4575	0.05711	5277.49	5277.49
4576	0.35572	32871.4	8217.86
4577	0.07209	6662.01	6662.01
4578	0.12473	11526	5762.98
4579	0.39737	36720	12240
4580	0.16315	15076.8	15076.8
4581	0.22066	20390.5	5097.63
4582	0.21659	20014.4	5003.59
4583	0.23911	22095.8	4419.17
4584	0.08515	7868.17	3934.08
4585	0.28620	26447.3	6611.83
4586	0.37771	34903.4	11634.5
4587	0.38373	35459.5	8864.89
4588	0.16809	15533.2	3883.29
4589	0.15109	13962	13962
4590	0.00000	0	0
4591	0.35968	33237.3	11079.1
4592	0.19796	18293.6	6097.87
4593	0.12653	11692.5	3897.49
4594	0.96576	89244.4	44622.2
4595	0.41224	38094.5	7618.91
4596	0.75786	70032.8	14006.6
4597	0.19104	17654	4413.49
4598	0.35374	32688.4	10896.1
4599	0.13633	12598.1	4199.38
4600	0.47694	44073.2	7345.53
