#IID	F_ROH	ROH_length_kB	KBAVG
4551	0.22124	20757.7	6919.23
4552	0.26462	24827.2	12413.6
4553	0.11529	10816.8	5408.38
4554	0.24662	23138.5	7712.83
4555	0.12060	11315.4	3771.81
4556	0.18726	17569.5	8784.74
4557	0.65358	61321	30660.5
4558	0.47474	44541.7	14847.2
4559	0.22118	20751.8	10375.9
4560	0.22326	20946.6	10473.3
4561	0.15819	14842.2	7421.1
4562	0.37255	34953.9	11651.3
4563	0.00000	0	0
4564	0.33951	31853.4	7963.36
4565	0.24628	23107	4621.41
4566	0.25269	23708	11854
4567	0.33923	31827.4	15913.7
4568	0.24344	22840.2	7613.42
4569	0.26733	25081.3	12540.7
4570	0.00000	0	0
4571	0.14725	13815.1	4605.04
4572	0.18939	17769.4	5923.14
4573	0.12957	12156.6	4052.19
4574	0.05926	5560.32	5560.32
4575	0.21980	20622	10311
4576	0.07825	7341.23	7341.23
4577	0.14846	13928.6	6964.28
4578	0.39117	36700.6	12233.5
4579	0.28213	26470.7	8823.57
4580	0.30532	28646	7161.49
4581	0.40850	38326.7	12775.6
4582	0.00000	0	0
4583	0.07631	7159.92	7159.92
4584	0.40566	38060.7	7612.14
4585	0.26070	24459.2	6114.81
4586	0.30636	28743.6	7185.89
4587	0.13371	12545	6272.51
4588	0.00000	0	0
4589	0.20617	19343.2	9671.6
4590	0.37502	35185.1	7037.01
4591	0.32177	30189	10063
4592	0.31458	29514.4	9838.14
4593	0.09568	8977.25	4488.62
4594	0.00000	0	0
4595	0.16384	15372.2	5124.06
4596	0.35027	32863.4	8215.84
4597	0.35728	33520.7	11173.6
4598	0.12656	11874.2	5937.11
4599	0.27641	25934	6483.51
4600	0.42958	40304.9	10076.2
