#IID	F_ROH	ROH_length_kB	KBAVG
4551	0.30603	28281.9	7070.48
4552	0.30404	28097.8	7024.44
4553	0.04111	3799.58	3799.58
4554	0.29272	27051.9	4508.64
4555	0.41287	38155.5	12718.5
4556	0.21787	20134.2	5033.54
4557	0.27809	25699.7	6424.93
4558	0.22762	21035.5	7011.82
4559	0.36040	33306.5	16653.2
4560	0.17109	15811.3	7905.64
4561	0.24547	22684.8	7561.59
4562	0.22756	21030.2	7010.07
4563	0.17194	15890.2	3972.54
4564	0.38009	35126.1	5854.34
4565	0.16695	15428.9	5142.98
4566	0.40622	37540.8	7508.15
4567	0.34616	31990.6	15995.3
4568	0.71192	65792.3	32896.2
4569	0.21927	20263.4	6754.46
4570	0.41532	38381.5	9595.36
4571	0.26690	24666	8221.99
4572	0.71123	65728	21909.3
4573	0.19919	18408.5	6136.17
4574	0.39390	36401.9	9100.47
4575	0.39209	36234.6	18117.3
4576	0.42534	39307.7	9826.93
4577	0.10143	9373.82	4686.91
4578	0.48832	45127.9	9025.58
4579	0.31132	28770.4	7192.6
4580	0.52444	48465.8	9693.16
4581	0.23309	21541.1	7180.36
4582	0.24237	22398.9	7466.31
4583	0.20187	18656.2	6218.73
4584	0.20857	19275.2	6425.05
4585	0.00000	0	0
4586	0.44728	41335.2	8267.03
4587	0.19363	17894.6	5964.86
4588	0.41081	37965.3	7593.07
4589	0.37728	34866.3	8716.58
4590	0.22674	20954.5	5238.62
4591	0.18208	16827.1	8413.57
4592	0.10378	9590.87	4795.43
4593	0.67446	62330.6	10388.4
4594	0.15961	14750.6	7375.28
4595	0.34770	32132.3	6426.46
4596	0.19347	17880	8940.01
4597	0.17475	16149.6	5383.19
4598	0.19255	17794.2	8897.09
4599	0.25240	23325.7	5831.43
4600	0.40198	37148.6	9287.14
