#IID	F_ROH	ROH_length_kB	KBAVG
2551	0.39095	36733.7	12244.6
2552	0.13338	12532	4177.34
2553	0.40269	37836.8	7567.37
2554	0.52069	48923.3	16307.8
2555	0.48654	45714.7	11428.7
2556	0.84255	79165	39582.5
2557	0.25396	23862.3	7954.11
2558	0.34074	32015.7	4573.66
2559	0.52978	49777.8	9955.55
2560	0.22452	21096	5274
2561	0.37011	34774.9	8693.74
2562	0.43345	40726.7	8145.34
2563	0.22883	21501.1	4300.23
2564	0.31221	29335.2	7333.79
2565	0.30763	28904.8	7226.21
2566	0.64753	60841.6	20280.5
2567	0.48147	45238.3	9047.66
2568	0.30303	28472.6	5694.51
2569	0.11918	11198.2	5599.12
2570	0.19056	17904.7	5968.24
2571	0.41217	38727.2	7745.43
2572	0.66424	62411.6	15602.9
2573	0.28174	26472	6618.01
2574	0.43002	40404.3	20202.1
2575	0.27891	26206.4	5241.28
2576	0.28775	27036.9	6759.22
2577	0.09501	8926.84	4463.42
2578	0.26548	24944	4988.81
2579	0.67344	63275.6	31637.8
2580	0.13618	12795.1	4265.03
2581	0.36264	34073.1	8518.28
2582	0.44725	42022.8	8404.56
2583	0.29905	28098.1	5619.62
2584	0.51771	48643.6	12160.9
2585	0.22959	21571.6	5392.9
2586	0.18415	17302.5	5767.49
2587	0.38374	36055.8	5150.82
2588	0.37791	35507.7	7101.54
2589	0.46725	43902.6	8780.51
2590	0.51221	48126.9	6875.27
2591	0.38347	36030.5	6005.08
2592	0.33095	31095.8	5182.64
2593	0.42270	39716.2	7943.25
2594	0.11120	10448.1	5224.03
2595	0.34017	31961.7	7990.42
2596	0.34858	32751.9	5458.65
2597	0.53796	50545.8	16848.6
2598	0.29424	27646.6	5529.32
2599	0.31458	29558	4926.34
2600	0.30017	28203.5	7050.87
