#IID	F_ROH	ROH_length_kB	KBAVG
8551	0.03023	2838.15	2838.15
8552	0.08843	8303.67	4151.84
8553	0.24639	23134.6	11567.3
8554	0.20142	18913	9456.48
8555	0.31646	29713.9	5942.78
8556	0.19265	18089.4	6029.81
8557	0.17085	16042.5	5347.49
8558	0.31575	29647.5	9882.48
8559	0.16086	15104.1	5034.7
8560	0.23273	21852.4	7284.12
8561	0.15962	14987.5	4995.85
8562	0.13253	12444.1	6222.05
8563	0.21149	19857.9	4964.47
8564	0.20448	19199.8	9599.89
8565	0.20494	19243	6414.34
8566	0.19360	18178.3	6059.42
8567	0.30152	28311.5	9437.18
8568	0.05266	4944.22	4944.22
8569	0.14141	13278.3	6639.13
8570	0.22389	21022.6	10511.3
8571	0.21880	20544.3	6848.1
8572	0.25410	23859	5964.76
8573	0.31345	29431.9	4905.32
8574	0.27540	25858.8	6464.7
8575	0.22991	21588.1	5397.01
8576	0.21279	19979.8	6659.93
8577	0.23198	21781.8	7260.61
8578	0.16121	15137.3	7568.65
8579	0.29793	27974.8	5594.95
8580	0.13221	12414.3	6207.13
8581	0.39115	36727.6	9181.89
8582	0.14816	13911.4	4637.14
8583	0.34404	32304.4	16152.2
8584	0.21156	19864.5	4966.12
8585	0.31342	29428.6	5885.71
8586	0.30576	28709.6	5741.92
8587	0.14993	14078	4692.67
8588	0.12214	11468.7	5734.33
8589	0.49125	46126.6	23063.3
8590	0.09203	8640.79	4320.4
8591	0.04850	4553.61	4553.61
8592	0.26924	25280.2	6320.05
8593	0.10058	9444.06	4722.03
8594	0.20646	19385.6	6461.87
8595	0.43445	40793.3	8158.67
8596	0.11706	10991.3	5495.64
8597	0.09779	9182.5	4591.25
8598	0.29826	28005.3	5601.07
8599	0.41224	38707.5	9676.88
8600	0.34673	32556.8	32556.8
