#IID	F_ROH	ROH_length_kB	KBAVG
4551	0.25075	23563.9	11782
4552	0.11710	11004.1	5502.04
4553	0.17260	16220.2	8110.12
4554	0.35409	33275.4	8318.84
4555	0.24964	23460.4	7820.14
4556	0.27870	26190.5	5238.1
4557	0.23724	22294.8	5573.7
4558	0.27481	25825.5	6456.36
4559	0.20582	19341.9	9670.97
4560	0.15118	14206.9	4735.64
4561	0.26811	25195.3	5039.06
4562	0.37445	35188.6	5864.76
4563	0.70195	65965.8	13193.2
4564	0.21173	19897.6	9948.82
4565	0.24211	22752.1	7584.02
4566	0.29167	27409.5	27409.5
4567	0.19943	18741.4	4685.34
4568	0.28628	26903.4	6725.85
4569	0.10095	9487.22	4743.61
4570	0.24395	22925.7	11462.8
4571	0.53265	50056.1	7150.87
4572	0.18600	17479.8	5826.59
4573	0.05043	4739.19	4739.19
4574	0.27458	25804.1	6451.03
4575	0.29913	28110.4	9370.15
4576	0.21625	20321.9	4064.39
4577	0.13287	12486.2	4162.08
4578	0.31198	29318	9772.67
4579	0.19483	18309.4	6103.12
4580	0.27104	25471.2	6367.8
4581	0.26190	24612	6153.01
4582	0.45372	42638.4	14212.8
4583	0.29044	27293.8	6823.44
4584	0.08382	7877.17	7877.17
4585	0.00000	0	0
4586	0.21922	20600.8	5150.2
4587	0.15243	14324.2	4774.73
4588	0.36568	34365.3	11455.1
4589	0.04926	4629.45	4629.45
4590	0.30509	28670.9	5734.17
4591	0.19226	18067.9	6022.63
4592	0.24479	23004.1	5751.02
4593	0.24875	23376.7	5844.18
4594	0.16245	15266.3	5088.76
4595	0.24553	23073.5	5768.37
4596	0.49375	46400.4	11600.1
4597	0.24712	23222.8	5805.69
4598	0.19652	18468.3	6156.1
4599	0.59882	56273.9	14068.5
4600	0.13250	12451.8	6225.91
