#IID	F_ROH	ROH_length_kB	KBAVG
2551	0.22965	21580.2	5395.04
2552	0.35477	33338.1	8334.54
2553	0.21760	20447.7	5111.93
2554	0.16160	15185.5	7592.76
2555	0.16806	15792.7	5264.22
2556	0.38731	36396.4	12132.1
2557	0.21923	20601.5	6867.15
2558	0.34868	32766.3	8191.58
2559	0.23676	22249	5562.25
2560	0.33523	31502	6300.41
2561	0.20426	19194.4	4798.6
2562	0.27326	25678.2	5135.63
2563	0.30948	29082.6	5816.51
2564	0.25075	23563.7	5890.92
2565	0.39936	37528.1	6254.68
2566	0.16972	15949.1	5316.37
2567	0.48299	45387.2	9077.45
2568	0.26476	24879.4	24879.4
2569	0.40408	37971.6	7594.33
2570	0.40588	38140.6	5448.66
2571	0.28616	26890.6	4481.76
2572	0.32617	30650.9	10217
2573	0.19869	18670.7	3734.15
2574	0.08369	7864.39	3932.2
2575	0.32429	30473.5	10157.8
2576	0.27796	26120.1	6530.03
2577	0.37286	35037.7	8759.42
2578	0.44829	42126.8	10531.7
2579	0.36828	34607.4	8651.85
2580	0.43498	40875.8	10218.9
2581	0.23397	21986.3	5496.57
2582	0.27462	25806.3	8602.1
2583	0.13929	13089.2	6544.6
2584	0.46501	43697.8	14565.9
2585	0.78380	73654.3	73654.3
2586	0.40987	38515.9	7703.18
2587	0.57380	53920.4	10784.1
2588	0.43260	40651.7	13550.6
2589	0.09689	9105	4552.5
2590	0.35500	33360	11120
2591	0.19588	18407.3	9203.67
2592	0.15047	14139.6	4713.19
2593	0.19837	18640.8	6213.6
2594	0.50709	47652.2	11913
2595	0.55247	51915.8	8652.64
2596	0.20036	18828.3	6276.1
2597	0.22591	21228.7	5307.17
2598	0.43369	40754.6	6792.44
2599	0.34935	32828.9	8207.24
2600	0.27337	25688.5	5137.7
