#IID	F_ROH	ROH_length_kB	KBAVG
2551	0.18841	17700.3	5900.11
2552	0.02946	2768.09	2768.09
2553	0.33740	31697.8	6339.56
2554	0.35700	33539.2	6707.84
2555	0.23513	22089.4	4417.88
2556	0.26695	25078.9	6269.72
2557	0.46245	43445.7	6206.53
2558	0.21468	20168.6	6722.85
2559	0.32500	30532.3	7633.06
2560	0.24159	22696.6	5674.16
2561	0.29937	28124.9	5624.97
2562	0.17336	16286.6	3257.32
2563	0.34456	32369.9	5394.99
2564	0.26186	24600.4	4920.07
2565	0.31016	29138.5	9712.82
2566	0.29336	27559.7	6889.91
2567	0.18329	17219.2	8609.58
2568	0.18113	17016.9	5672.3
2569	0.30256	28423.9	7105.99
2570	0.45944	43162.4	8632.48
2571	0.21939	20610.5	4122.1
2572	0.34749	32645.3	6529.06
2573	0.52865	49664.4	12416.1
2574	0.19180	18018.9	4504.72
2575	0.48852	45894.1	11473.5
2576	0.40043	37619.3	5374.19
2577	0.13751	12918.9	4306.32
2578	0.17388	16335.2	5445.07
2579	0.25221	23693.9	5923.49
2580	0.43495	40862.2	13620.7
2581	0.58381	54846.7	13711.7
2582	0.96175	90352.3	90352.3
2583	0.25703	24147.2	4829.45
2584	0.22593	21225.3	5306.34
2585	0.30733	28872.8	9624.28
2586	0.50220	47179.6	6739.94
2587	1.00000	93946.1	93946.1
2588	0.32070	30128.4	6025.69
2589	0.39246	36870.5	4608.81
2590	0.18869	17726.5	5908.84
2591	0.16763	15748.4	3937.09
2592	0.29915	28104	9368.01
2593	0.14573	13690.9	4563.63
2594	0.23627	22196.6	5549.14
2595	0.27756	26075.3	5215.06
2596	0.35863	33692	5615.34
2597	0.26345	24750	8249.99
2598	0.18794	17656.1	5885.38
2599	0.23384	21968.6	5492.14
2600	0.31538	29628.6	5925.71
