#IID	F_ROH	ROH_length_kB	KBAVG
2551	0.33594	31527.4	7881.86
2552	0.49773	46711.4	6673.05
2553	0.28714	26947.7	4491.28
2554	0.36327	34092.4	8523.09
2555	0.52957	49699.5	6212.43
2556	0.38031	35691.8	5948.64
2557	0.26595	24958.6	8319.52
2558	0.47114	44216.1	14738.7
2559	0.24326	22829.1	22829.1
2560	0.54714	51348.1	10269.6
2561	0.34735	32598.3	8149.58
2562	0.51662	48483.8	8080.63
2563	0.23237	21807.3	5451.83
2564	0.57469	53933.5	13483.4
2565	0.57914	54351.1	9058.52
2566	0.42501	39886.5	7977.3
2567	0.37586	35274	8818.49
2568	0.45203	42421.9	8484.39
2569	0.49632	46578.5	9315.69
2570	0.30579	28698.1	7174.51
2571	0.52898	49643.7	8273.95
2572	0.46385	43532	10883
2573	0.53996	50674.3	12668.6
2574	0.35523	33337.8	6667.55
2575	0.34893	32746.8	5457.8
2576	0.34305	32194.4	8048.59
2577	0.37738	35416.6	11805.5
2578	0.48854	45848.4	11462.1
2579	0.33166	31125.4	10375.1
2580	0.25396	23834	5958.49
2581	0.48060	45103.6	15034.5
2582	0.52478	49249.5	9849.91
2583	0.45207	42426.4	8485.28
2584	0.46519	43657.6	8731.51
2585	0.48456	45474.8	9094.96
2586	0.51183	48034.3	6862.05
2587	0.48919	45909.5	11477.4
2588	0.50844	47716.7	6816.68
2589	0.61248	57480.7	11496.1
2590	0.50965	47830.1	11957.5
2591	0.41737	39169.8	9792.46
2592	0.35234	33066.7	11022.2
2593	0.51609	48433.9	12108.5
2594	0.68076	63888.5	21296.2
2595	0.38991	36592.3	7318.47
2596	0.50432	47329.6	9465.93
2597	0.38302	35945.7	11981.9
2598	0.43219	40560.8	8112.16
2599	0.36638	34384.3	5730.72
2600	0.27777	26068.2	8689.4
