#IID	F_ROH	ROH_length_kB	KBAVG
6551	0.24654	23171.4	5792.86
6552	0.27507	25853.2	6463.3
6553	0.41865	39347.5	9836.87
6554	0.13662	12840.2	4280.06
6555	0.29628	27846.7	6961.66
6556	0.28276	26575.6	5315.12
6557	0.29991	28187.9	7046.97
6558	0.62387	58635.9	14659
6559	0.24413	22945.1	11472.6
6560	0.35001	32896	6579.2
6561	0.44109	41456.4	10364.1
6562	0.18134	17043.7	4260.93
6563	0.10840	10187.9	5093.95
6564	0.16149	15178.3	7589.17
6565	0.26082	24513.5	4902.69
6566	0.35626	33483.6	4783.38
6567	0.20541	19305.4	9652.71
6568	0.32981	30998	7749.51
6569	0.32906	30927.3	7731.83
6570	0.29983	28180.3	7045.08
6571	0.35091	32981.2	8245.31
6572	0.28463	26751.9	5350.38
6573	0.28830	27096.4	6774.09
6574	0.65517	61577	12315.4
6575	0.54364	51094.7	6386.84
6576	0.29965	28162.8	5632.56
6577	0.14546	13671.7	4557.24
6578	0.30183	28367.6	5673.51
6579	0.44073	41422.9	10355.7
6580	0.30640	28797.6	9599.21
6581	0.48900	45959.9	6565.7
6582	0.16694	15690.5	5230.18
6583	0.10785	10136.6	5068.3
6584	0.46847	44030	8806.01
6585	0.22912	21534.4	7178.13
6586	0.17793	16723	4180.76
6587	0.22884	21508	5376.99
6588	0.23132	21741.1	5435.29
6589	0.07355	6912.5	6912.5
6590	0.26301	24719.9	6179.97
6591	0.25244	23725.7	7908.57
6592	0.17733	16666.4	5555.45
6593	0.41523	39026.5	6504.41
6594	0.21209	19933.6	6644.53
6595	0.31609	29708.7	9902.91
6596	0.26251	24672.3	4934.45
6597	0.20297	19076.8	3815.35
6598	0.05834	5483.12	5483.12
6599	0.34723	32634.8	6526.95
6600	0.25510	23976.2	5994.04
