#IID	F_ROH	ROH_length_kB	KBAVG
24551	0.49834	46782.2	9356.44
24552	0.38365	36015	9003.74
24553	0.28373	26635.3	5327.07
24554	0.39804	37365.9	4670.73
24555	0.22643	21256.1	10628
24556	0.21167	19870.9	4967.73
24557	0.08927	8380.02	4190.01
24558	0.19513	18318.4	4579.6
24559	0.46750	43886.9	10971.7
24560	0.25042	23508	7836.01
24561	0.09614	9025.15	4512.57
24562	0.21316	20010.1	6670.02
24563	0.33090	31063.3	6212.66
24564	0.54858	51498.1	10299.6
24565	0.30349	28490.2	7122.55
24566	0.24948	23419.9	5854.97
24567	0.39637	37209.2	12403.1
24568	0.09811	9209.93	4604.97
24569	0.18037	16932	5644
24570	0.38086	35753.6	17876.8
24571	0.03100	2910.52	2910.52
24572	0.50893	47776	11944
24573	0.20529	19271.5	6423.85
24574	0.07562	7098.66	7098.66
24575	0.44927	42175.6	6025.09
24576	0.10758	10099.5	5049.73
24577	0.31214	29301.9	7325.48
24578	0.21575	20254	6751.32
24579	0.33974	31892.9	6378.59
24580	0.23042	21630.7	4326.14
24581	0.16153	15163.7	5054.56
24582	0.08113	7616.13	3808.07
24583	0.42983	40350.8	10087.7
24584	0.46633	43776.7	7296.12
24585	0.11752	11032.2	5516.12
24586	0.30810	28922.7	14461.4
24587	0.08121	7623.93	3811.97
24588	0.28494	26748.7	8916.22
24589	0.39514	37094.3	12364.8
24590	0.34911	32772.7	5462.12
24591	0.11314	10621.1	3540.36
24592	0.12568	11798.4	5899.22
24593	0.22822	21424.3	4284.87
24594	0.37971	35645.1	7129.02
24595	0.22609	21224.1	5306.02
24596	0.58569	54982	13745.5
24597	0.13728	12887.3	4295.77
24598	0.09450	8871.55	8871.55
24599	0.11546	10839.3	5419.67
24600	0.10621	9970.94	4985.47
