#IID	F_ROH	ROH_length_kB	KBAVG
2551	0.25189	23645.1	7881.68
2552	0.19138	17965.2	4491.29
2553	0.51495	48338.5	12084.6
2554	0.32566	30569.6	5094.93
2555	0.26330	24715.8	6178.94
2556	0.08033	7540.2	3770.1
2557	0.13449	12624.9	6312.43
2558	0.30181	28331.5	9443.85
2559	0.26653	25018.9	5003.78
2560	0.18078	16969.5	5656.52
2561	0.32519	30526.1	6105.23
2562	0.06996	6567.42	3283.71
2563	0.19269	18088.4	9044.2
2564	0.16611	15592.4	5197.46
2565	0.42642	40027.9	8005.58
2566	0.24003	22531.6	7510.53
2567	0.12871	12081.8	4027.28
2568	0.39330	36919.4	7383.88
2569	0.32763	30755.1	6151.03
2570	0.14773	13867.6	4622.54
2571	0.28215	26485.6	6621.4
2572	0.19428	18237.3	4559.32
2573	0.37543	35241.5	7048.3
2574	0.54974	51604.8	25802.4
2575	0.14331	13452.2	4484.06
2576	0.09671	9077.96	4538.98
2577	0.36871	34610.8	6922.16
2578	0.43223	40574.2	10143.5
2579	0.25599	24030.4	6007.59
2580	0.29587	27773.9	9257.98
2581	0.17914	16816.3	8408.15
2582	0.24519	23015.7	5753.92
2583	0.25179	23635.4	7878.46
2584	0.06124	5748.64	5748.64
2585	0.14756	13851.3	6925.65
2586	0.46848	43976.3	10994.1
2587	0.26243	24634.3	6158.58
2588	0.29178	27389.6	6847.39
2589	0.22833	21433.3	5358.32
2590	0.17309	16247.9	5415.97
2591	0.20165	18929.1	6309.71
2592	0.05752	5399.08	5399.08
2593	0.14764	13858.8	6929.41
2594	0.03595	3374.69	3374.69
2595	0.18460	17328.3	5776.1
2596	0.22060	20708	5177
2597	0.17062	16016.3	4004.08
2598	0.30381	28518.5	4753.09
2599	0.30391	28528.4	9509.46
2600	0.33602	31542.2	7885.55
