#IID	F_ROH	ROH_length_kB	KBAVG
22551	0.21126	19840.4	6613.46
22552	1.00000	93912.5	93912.5
22553	0.39313	36919.5	18459.7
22554	0.00000	0	0
22555	0.70715	66410.4	16602.6
22556	0.08284	7779.34	7779.34
22557	0.23617	22179.7	7393.22
22558	0.30398	28547.4	7136.85
22559	0.37511	35227.3	7045.47
22560	0.18949	17795.1	5931.69
22561	0.24104	22636.3	7545.42
22562	0.05588	5248.24	5248.24
22563	0.21648	20330.4	6776.79
22564	0.27389	25721.4	8573.8
22565	0.23421	21995.3	7331.78
22566	0.19719	18518.5	6172.84
22567	0.66303	62266.9	15566.7
22568	0.20700	19440.3	6480.1
22569	0.13064	12269	12269
22570	0.07681	7213.12	7213.12
22571	0.32819	30820.8	7705.2
22572	0.49010	46026.9	7671.15
22573	0.40539	38071	9517.74
22574	0.30663	28796.8	7199.19
22575	0.31367	29457.9	9819.3
22576	0.31757	29823.4	9941.15
22577	0.18316	17201.1	5733.68
22578	0.33149	31130.8	10376.9
22579	0.30589	28726.5	7181.63
22580	0.25830	24257.3	8085.77
22581	0.17739	16659.5	8329.74
22582	0.41960	39405.7	5629.38
22583	0.35526	33363.1	8340.77
22584	0.19356	18178	6059.33
22585	0.19710	18510.6	9255.29
22586	0.36835	34592.9	8648.23
22587	0.28484	26750.1	6687.52
22588	0.52650	49445.3	16481.8
22589	0.28154	26440.5	6610.13
22590	0.40656	38181.2	12727.1
22591	0.39921	37491.1	9372.77
22592	0.12386	11632.3	5816.17
22593	0.11238	10554.2	5277.1
22594	0.29209	27430.5	6857.62
22595	0.43787	41121.8	10280.4
22596	0.36088	33890.9	8472.73
22597	0.15515	14570.3	14570.3
22598	0.17065	16026.3	5342.09
22599	0.15308	14376.3	4792.1
22600	0.26290	24689.2	6172.31
