#IID	F_ROH	ROH_length_kB	KBAVG
2551	0.26339	24749.6	6187.41
2552	0.36626	34415.2	8603.79
2553	0.31933	30005.4	5000.91
2554	0.28782	27044.4	6761.1
2555	0.08987	8444.12	4222.06
2556	0.16787	15773.5	5257.83
2557	0.20194	18975.4	4743.86
2558	0.22319	20971.5	6990.49
2559	0.21002	19734.3	6578.09
2560	0.23656	22228.1	7409.36
2561	0.39138	36776.1	5253.73
2562	0.14074	13224.3	6612.15
2563	0.15908	14948.1	4982.71
2564	0.18643	17517.5	8758.73
2565	0.14611	13729.3	4576.44
2566	0.29165	27404.3	5480.87
2567	0.13024	12237.5	4079.17
2568	0.11475	10782.5	3594.17
2569	0.05821	5469.69	5469.69
2570	0.28794	27056.1	4509.35
2571	0.27018	25387.4	6346.86
2572	0.25648	24100.2	6025.04
2573	0.27821	26141.8	5228.36
2574	0.26611	25004.5	6251.11
2575	0.16847	15830.6	5276.88
2576	0.47907	45015.2	9003.03
2577	0.21983	20656.2	5164.05
2578	0.42182	39636.3	7927.25
2579	0.27301	25653	6413.26
2580	0.04847	4554.68	4554.68
2581	0.47026	44187.2	6312.45
2582	0.19874	18674.8	9337.42
2583	0.15879	14920.4	7460.19
2584	0.27364	25712.6	6428.16
2585	0.54388	51105	10221
2586	0.21714	20403	5100.75
2587	0.09518	8943.11	4471.55
2588	0.09643	9060.82	4530.41
2589	0.29619	27831.6	4638.6
2590	0.26545	24942.6	6235.64
2591	0.08833	8299.48	4149.74
2592	0.28808	27069.5	6767.38
2593	0.71635	67311.4	22437.1
2594	0.15673	14727	4908.99
2595	0.33190	31186.5	10395.5
2596	0.19257	18095.1	6031.71
2597	0.23789	22353.1	4470.61
2598	0.17986	16900.1	4225.04
2599	0.23514	22094.8	4418.96
2600	0.17286	16242.6	8121.31
