#IID	F_ROH	ROH_length_kB	KBAVG
10551	0.12333	11581.4	11581.4
10552	0.28916	27153	6788.26
10553	0.44467	41756.3	13918.8
10554	0.07603	7139.18	7139.18
10555	0.18515	17386.1	5795.38
10556	0.39988	37550.4	12516.8
10557	0.25974	24390.2	6097.55
10558	0.17119	16075.3	8037.64
10559	0.25797	24223.9	6055.98
10560	0.04137	3884.67	3884.67
10561	0.22238	20882.2	10441.1
10562	0.16914	15882.7	7941.36
10563	0.25273	23732.4	7910.81
10564	0.33575	31527.9	10509.3
10565	0.18064	16962.7	8481.36
10566	0.21332	20031.1	5007.79
10567	0.25724	24155.6	4831.12
10568	0.19225	18052.9	9026.46
10569	0.23337	21913.9	7304.63
10570	0.23706	22260.5	7420.17
10571	0.10355	9723.89	4861.95
10572	0.43896	41220.4	13740.1
10573	0.24918	23399	7799.68
10574	0.07909	7427.26	3713.63
10575	0.07603	7139.18	7139.18
10576	0.27308	25642.8	6410.71
10577	0.30607	28740.9	5748.19
10578	0.23357	21932.7	5483.18
10579	0.26207	24609.6	8203.19
10580	0.25382	23835.1	5958.77
10581	0.35400	33242	11080.7
10582	0.12466	11706.2	5853.09
10583	0.28518	26779.2	13389.6
10584	0.11775	11056.8	5528.38
10585	0.26750	25119.1	8373.02
10586	0.24274	22794.4	7598.13
10587	0.08954	8408.32	8408.32
10588	0.36348	34132.3	8533.08
10589	0.39095	36711.4	9177.85
10590	0.30133	28295.7	7073.93
10591	0.18915	17761.7	8880.87
10592	0.19106	17941.6	8970.81
10593	0.00000	0	0
10594	0.16346	15349.8	5116.61
10595	0.25216	23678.8	7892.94
10596	0.27916	26214	13107
10597	0.26849	25212.4	6303.09
10598	0.14189	13324.4	6662.21
10599	0.28273	26549.1	5309.81
10600	0.26325	24719.9	6179.98
