#IID	F_ROH	ROH_length_kB	KBAVG
10551	0.20791	19297.7	9648.86
10552	0.21590	20040.2	5010.05
10553	0.05479	5085.75	5085.75
10554	0.12052	11186.7	5593.34
10555	0.25610	23771.3	7923.76
10556	0.15588	14468.5	7234.27
10557	0.45151	41908.9	20954.4
10558	0.07927	7357.54	3678.77
10559	0.36124	33530	5588.33
10560	0.38888	36095.6	6015.93
10561	0.16437	15257.2	3814.29
10562	0.14286	13260.5	4420.17
10563	0.54030	50150.7	10030.1
10564	0.18711	17367.2	5789.07
10565	0.59888	55587.6	13896.9
10566	0.21069	19556.3	6518.77
10567	0.13223	12273.4	6136.7
10568	0.23678	21978.3	7326.11
10569	0.23985	22262.5	11131.2
10570	0.11064	10269.2	5134.59
10571	0.42174	39145.9	6524.32
10572	0.16557	15368.3	5122.78
10573	0.35061	32543.5	10847.8
10574	0.50476	46851.5	23425.7
10575	0.42652	39589.5	7917.91
10576	0.21087	19573.2	6524.39
10577	0.32101	29796.2	5959.25
10578	0.00000	0	0
10579	0.28275	26244.8	6561.2
10580	0.13856	12861.1	6430.54
10581	0.22206	20611.1	5152.77
10582	0.15957	14811.6	4937.21
10583	0.28120	26101.2	6525.31
10584	0.19724	18308.1	4577.02
10585	0.25315	23497.4	7832.48
10586	0.52493	48723.5	12180.9
10587	0.14250	13226.5	4408.83
10588	0.24866	23080.9	5770.23
10589	0.36536	33912.5	8478.14
10590	0.23575	21882.5	7294.18
10591	0.05640	5234.75	2617.37
10592	0.05471	5077.78	5077.78
10593	0.45427	42164.9	14055
10594	0.14317	13288.7	4429.55
10595	0.00000	0	0
10596	0.28888	26813.3	6703.33
10597	0.43976	40818	8163.6
10598	0.44992	41761.9	10440.5
10599	0.18332	17015.8	4253.94
10600	0.18892	17535.1	8767.53
