#IID	F_ROH	ROH_length_kB	KBAVG
22551	0.27701	26030.1	6507.52
22552	0.35762	33604.6	11201.5
22553	0.22901	21519.4	7173.13
22554	0.66105	62116.4	10352.7
22555	0.16290	15306.9	5102.29
22556	0.43717	41079.2	10269.8
22557	0.17142	16107.3	5369.11
22558	0.40017	37602.2	12534.1
22559	0.20217	18996.9	18996.9
22560	0.32626	30657.1	15328.6
22561	0.45602	42850.1	10712.5
22562	0.96644	90812.7	45406.3
22563	0.37762	35483.4	11827.8
22564	0.42281	39729.8	7945.97
22565	0.10302	9680.41	4840.2
22566	0.23241	21839.1	7279.69
22567	0.27178	25538.6	6384.65
22568	0.26350	24760.1	6190.02
22569	0.44459	41776.1	10444
22570	0.31582	29676.7	29676.7
22571	0.56216	52824.1	17608
22572	0.19986	18780.1	9390.06
22573	0.62086	58340.3	7292.54
22574	0.32411	30455.5	15227.8
22575	0.36671	34458.6	11486.2
22576	0.33590	31562.9	10521
22577	0.33406	31390.3	6278.06
22578	0.25857	24296.9	12148.5
22579	0.27839	26159.4	8719.82
22580	0.26160	24581.3	12290.6
22581	0.21386	20095.2	6698.41
22582	0.29292	27525.1	6881.27
22583	0.41599	39089.4	7817.88
22584	0.29806	28007.3	7001.82
22585	0.51386	48285.8	12071.4
22586	0.57548	54076	13519
22587	0.24766	23271.7	4654.34
22588	0.24021	22571.5	11285.7
22589	0.15008	14102.6	7051.29
22590	0.40209	37783.2	18891.6
22591	0.26076	24502.3	8167.45
22592	0.23836	22398.2	5599.56
22593	0.44524	41837.9	8367.58
22594	0.34363	32289.6	8072.41
22595	0.04752	4465.05	4465.05
22596	0.26903	25279.5	8426.5
22597	0.16166	15190.8	7595.39
22598	0.29139	27381.1	6845.27
22599	0.68590	64451.7	12890.3
22600	0.20035	18826.6	18826.6
