#IID	F_ROH	ROH_length_kB	KBAVG
2551	0.21184	19580	6526.68
2552	0.16725	15458.2	7729.09
2553	0.43859	40537.5	10134.4
2554	0.17222	15917.8	5305.93
2555	0.40424	37362.5	9340.64
2556	0.27777	25673	5134.6
2557	0.27201	25141.2	6285.29
2558	0.11596	10718.1	5359.07
2559	0.41516	38371.9	6395.31
2560	0.17466	16143.1	5381.04
2561	0.40728	37643.4	9410.84
2562	0.26568	24556.2	6139.04
2563	0.13909	12855.4	6427.71
2564	0.09813	9069.94	4534.97
2565	0.39668	36664.2	9166.04
2566	0.28832	26648.5	6662.11
2567	0.51109	47238.2	9447.63
2568	0.35890	33171.8	8292.96
2569	0.21331	19715.9	6571.96
2570	0.28940	26748.2	6687.06
2571	0.31370	28993.9	9664.63
2572	0.23261	21499	7166.35
2573	0.51361	47471.6	15823.9
2574	0.33670	31120.4	6224.08
2575	0.14358	13271	4423.67
2576	0.30377	28076.1	7019.04
2577	0.51008	47145.4	7857.56
2578	0.09197	8500.09	8500.09
2579	0.40219	37173.2	18586.6
2580	0.28238	26099.3	5219.85
2581	0.34960	32312.8	16156.4
2582	0.29719	27468.4	5493.69
2583	0.50322	46510.6	7751.77
2584	0.11518	10645.7	3548.58
2585	0.16938	15654.8	7827.39
2586	0.44748	41359.1	6893.19
2587	0.26499	24491.9	4898.39
2588	0.33353	30827.5	5137.91
2589	0.22976	21235.9	5308.97
2590	0.48882	45180.2	7530.03
2591	0.09529	8807.78	4403.89
2592	0.41715	38555.4	9638.85
2593	0.27410	25334.4	8444.8
2594	0.45233	41807.5	13935.8
2595	0.54632	50494.4	12623.6
2596	0.10522	9724.8	4862.4
2597	0.69631	64357.9	21452.6
2598	0.23274	21511.1	5377.77
2599	0.44099	40759.5	6793.24
2600	0.43605	40302.6	8060.51
