#IID	F_ROH	ROH_length_kB	KBAVG
4551	0.28719	26995	6748.76
4552	0.31821	29910.2	9970.07
4553	0.13590	12774	6387.01
4554	0.18463	17354.3	5784.78
4555	0.25487	23956.9	5989.23
4556	0.18975	17835.7	4458.92
4557	0.12384	11640.6	5820.29
4558	0.03110	2923.62	2923.62
4559	0.28831	27100	9033.32
4560	0.43611	40992.8	10248.2
4561	0.25295	23776.9	5944.22
4562	0.29640	27860.2	9286.72
4563	0.16118	15150.5	7575.24
4564	0.10781	10133.4	5066.69
4565	0.16484	15494.1	5164.69
4566	0.23010	21628.9	5407.22
4567	0.20910	19655.1	6551.69
4568	0.40029	37626.1	12542
4569	0.30661	28819.9	5763.99
4570	0.15898	14943.8	4981.27
4571	0.15163	14252.4	4750.78
4572	0.34330	32269	6453.81
4573	0.13687	12865.7	4288.56
4574	0.15630	14691.6	7345.8
4575	0.28068	26383.4	8794.46
4576	0.09245	8690.21	8690.21
4577	0.19528	18355.2	6118.41
4578	0.25274	23756.3	5939.08
4579	0.18262	17166.1	5722.04
4580	0.19747	18561.6	4640.4
4581	0.15997	15036.4	5012.14
4582	0.36172	34000.1	6800.01
4583	0.31194	29321.7	9773.89
4584	0.46242	43465.7	14488.6
4585	0.20515	19283.3	4820.82
4586	0.33222	31227.3	7806.82
4587	0.52589	49431.8	24715.9
4588	1.00000	93996.6	93996.6
4589	0.06740	6335.2	6335.2
4590	0.24205	22752.3	5688.08
4591	0.31569	29673.5	5934.69
4592	0.09601	9024.52	4512.26
4593	0.09040	8496.85	4248.42
4594	0.28395	26690.2	6672.54
4595	0.10308	9689.33	4844.67
4596	0.21709	20405.9	5101.47
4597	0.37418	35171.4	7034.28
4598	0.16051	15087.4	3771.85
4599	0.22292	20953.5	20953.5
4600	0.43527	40914.2	8182.84
