#IID	F_ROH	ROH_length_kB	KBAVG
20551	0.15647	14466.3	4822.1
20552	0.32500	30048	6009.61
20553	0.11247	10398.1	5199.07
20554	0.24557	22704.4	11352.2
20555	0.64484	59618.8	29809.4
20556	0.30696	28379.4	5675.88
20557	0.29969	27707.5	4617.91
20558	0.03079	2846.22	2846.22
20559	0.31297	28935.8	7233.96
20560	0.35258	32597.5	6519.51
20561	0.16677	15418.9	3854.72
20562	0.29699	27458.1	6864.51
20563	0.09764	9027.11	9027.11
20564	0.42505	39297.9	13099.3
20565	0.33132	30631.8	6126.37
20566	0.33080	30584.2	6116.84
20567	0.22828	21105.9	5276.47
20568	0.11825	10933.2	3644.4
20569	0.32740	30270	10090
20570	0.30305	28018.1	9339.36
20571	0.13947	12894.3	4298.1
20572	0.66733	61697.2	12339.4
20573	0.31019	28678.2	9559.4
20574	0.30941	28606.2	7151.54
20575	0.25178	23278.5	11639.2
20576	0.22926	21196	7065.34
20577	0.85620	79159.9	26386.6
20578	0.63563	58766.8	11753.4
20579	0.23184	21435	4287
20580	0.42587	39373.2	5624.75
20581	0.25218	23314.8	7771.61
20582	0.33840	31286.7	7821.67
20583	0.19749	18259	6086.33
20584	0.30658	28344.6	7086.14
20585	0.17342	16033.7	16033.7
20586	0.14567	13468.3	6734.14
20587	0.26800	24777.6	4955.52
20588	0.29879	27624.7	6906.17
20589	0.25970	24010.1	8003.38
20590	0.23052	21313	7104.32
20591	0.20569	19016.6	9508.32
20592	0.06610	6111.02	3055.51
20593	0.45734	42283.6	10570.9
20594	0.17623	16292.9	8146.43
20595	0.59853	55336.5	18445.5
20596	0.42018	38847.6	7769.51
20597	0.15776	14585.9	7292.94
20598	0.16206	14982.8	7491.42
20599	0.15862	14665.1	4888.36
20600	0.16430	15190.3	5063.42
