#IID	F_ROH	ROH_length_kB	KBAVG
16551	0.14713	13594.6	4531.54
16552	0.33665	31106.1	6221.22
16553	0.42324	39107.3	7821.47
16554	0.16212	14980.3	4993.44
16555	0.13890	12834.3	4278.1
16556	0.63826	58975.2	19658.4
16557	0.33316	30783.7	6156.75
16558	0.24569	22701.5	7567.18
16559	0.43126	39848.3	7969.65
16560	0.36399	33632.5	6726.51
16561	0.51290	47392.2	11848.1
16562	0.22837	21101.7	5275.43
16563	0.31816	29398.3	5879.67
16564	0.22290	20595.8	10297.9
16565	0.36900	34095.5	8523.88
16566	0.15861	14656	7328
16567	0.09934	9179.3	9179.3
16568	0.24869	22978.8	7659.61
16569	0.23234	21468.1	7156.04
16570	0.16075	14853.3	7426.67
16571	0.03821	3530.51	3530.51
16572	0.25090	23182.9	7727.63
16573	0.29034	26827.7	5365.53
16574	0.40990	37874.4	9468.59
16575	0.30034	27751.5	5550.3
16576	0.38425	35504.8	7100.96
16577	0.35382	32692.6	6538.52
16578	0.26612	24589.6	4917.92
16579	0.34137	31542.6	7885.65
16580	0.30733	28396.9	7099.24
16581	0.34723	32083.7	10694.6
16582	0.30011	27729.9	9243.29
16583	0.36624	33840.4	11280.1
16584	0.00000	0	0
16585	0.17901	16540.2	16540.2
16586	0.14558	13451.2	4483.75
16587	0.10444	9650.25	4825.13
16588	0.27135	25073.1	8357.71
16589	0.45965	42472	8494.4
16590	0.09740	8999.75	4499.87
16591	0.41151	38023.9	7604.78
16592	0.47441	43835.7	10958.9
16593	0.38456	35533	8883.24
16594	0.23327	21554.3	7184.77
16595	0.34855	32206.2	6441.24
16596	0.14548	13442.8	6721.39
16597	0.47220	43631.2	14543.7
16598	0.63494	58669	19556.3
16599	0.23417	21637.4	7212.47
16600	0.40438	37365	7473.01
