#IID	F_ROH	ROH_length_kB	KBAVG
2551	0.33303	31281.3	4468.75
2552	0.48708	45751.6	9150.32
2553	0.43037	40424.3	10106.1
2554	0.22394	21034.5	7011.49
2555	0.15442	14504.6	7252.31
2556	0.54189	50899.6	7271.37
2557	0.41768	39232.2	13077.4
2558	0.26850	25219.9	8406.62
2559	0.10044	9434.22	9434.22
2560	0.59861	56227	11245.4
2561	0.45595	42827.6	10706.9
2562	0.64298	60395.2	15098.8
2563	0.42513	39932.2	7986.44
2564	0.54063	50781.6	7254.52
2565	0.47614	44723.6	7453.93
2566	0.29957	28139	7034.75
2567	0.46402	43585.6	14528.5
2568	0.42047	39494.4	7898.88
2569	0.37714	35424.9	8856.21
2570	0.24106	22643	5660.74
2571	0.40100	37666.2	9416.55
2572	0.31506	29593.7	9864.57
2573	0.36716	34487	11495.7
2574	0.30690	28827.1	7206.76
2575	0.32106	30157	6031.39
2576	0.56093	52688.1	10537.6
2577	0.39264	36880.5	6146.75
2578	0.28127	26419.3	5283.87
2579	0.36837	34600.9	5766.82
2580	0.40983	38495.3	7699.06
2581	0.47029	44174.1	7362.35
2582	0.31787	29857.3	5971.46
2583	0.24813	23306.5	5826.62
2584	0.37993	35687.1	7137.41
2585	0.31650	29728.9	9909.63
2586	0.22233	20883.6	5220.9
2587	0.50294	47240.8	6748.69
2588	0.39589	37185.8	7437.16
2589	0.34064	31996.3	6399.26
2590	0.35947	33764.7	6752.94
2591	0.32182	30228.2	10076.1
2592	0.37332	35066.3	8766.59
2593	0.55234	51881.1	17293.7
2594	0.35550	33392	6678.41
2595	0.56818	53369.2	8894.86
2596	0.56132	52724.3	7532.04
2597	0.46120	43320.5	10830.1
2598	0.70783	66486.1	16621.5
2599	0.31332	29430.4	7357.6
2600	0.44327	41636.3	8327.27
