#IID	F_ROH	ROH_length_kB	KBAVG
10551	0.19085	17933.2	8966.59
10552	0.34773	32673.7	8168.42
10553	0.04646	4365.07	4365.07
10554	0.70705	66436	13287.2
10555	0.14960	14056.8	7028.41
10556	0.67013	62966.8	20988.9
10557	0.30360	28527.3	9509.09
10558	0.04379	4114.84	4114.84
10559	0.25418	23883.3	7961.1
10560	0.18216	17116	17116
10561	0.48968	46011.6	9202.31
10562	0.47041	44200.8	11050.2
10563	0.05026	4722.38	4722.38
10564	0.61545	57829.7	28914.8
10565	0.75715	71144.1	17786
10566	0.25597	24051.7	6012.92
10567	0.10604	9963.88	4981.94
10568	0.36525	34319.8	11439.9
10569	0.47875	44984.3	8996.85
10570	0.21011	19742.9	9871.45
10571	0.18079	16987.9	4246.98
10572	0.41399	38899.3	12966.4
10573	0.21310	20023	6674.33
10574	0.32591	30623.6	10207.9
10575	0.39549	37161.1	12387
10576	0.21719	20407.6	10203.8
10577	0.17086	16054.1	8027.05
10578	0.97814	91908.3	45954.2
10579	0.80880	75997.5	18999.4
10580	0.47981	45084.4	11271.1
10581	0.06365	5980.36	5980.36
10582	0.42825	40239.9	6706.65
10583	0.11737	11028.4	5514.19
10584	0.22595	21230.7	7076.9
10585	0.46440	43636.7	10909.2
10586	0.14354	13487.7	6743.85
10587	0.17963	16878.4	5626.12
10588	0.00000	0	0
10589	0.39678	37282.2	7456.45
10590	0.39645	37251.1	9312.78
10591	0.48157	45249.6	11312.4
10592	0.37948	35657.1	8914.27
10593	0.25159	23640.1	7880.04
10594	0.45108	42385.1	14128.4
10595	0.69731	65521.3	10920.2
10596	0.67905	63805.7	21268.6
10597	0.42681	40104.6	10026.2
10598	0.28418	26702.4	6675.59
10599	0.51924	48788.9	12197.2
10600	0.18180	17082.5	8541.27
