#IID	F_ROH	ROH_length_kB	KBAVG
6551	0.04659	4271.71	4271.71
6552	0.19703	18063.9	9031.94
6553	0.46067	42235.8	10558.9
6554	0.39957	36633.3	9158.32
6555	0.72733	66683.8	16670.9
6556	0.00000	0	0
6557	0.13891	12735.4	6367.69
6558	0.21024	19274.9	9637.46
6559	0.44894	41160	6860
6560	0.30973	28397.1	28397.1
6561	0.20214	18532.4	9266.22
6562	0.14081	12909.6	4303.2
6563	0.54938	50368.6	25184.3
6564	0.04661	4273.07	4273.07
6565	0.27520	25231	8410.33
6566	0.29478	27026.3	9008.77
6567	0.17147	15720.7	5240.24
6568	0.25244	23144.2	7714.73
6569	0.03734	3423.12	3423.12
6570	0.36316	33295.5	6659.1
6571	0.05178	4747.66	4747.66
6572	0.00000	0	0
6573	0.58531	53662.4	13415.6
6574	0.10287	9431.83	4715.92
6575	0.15013	13764.2	6882.12
6576	0.37045	33964.2	16982.1
6577	0.25168	23074.5	11537.3
6578	0.51870	47555.4	11888.8
6579	0.29493	27039.7	13519.9
6580	0.26935	24695	6173.76
6581	0.58695	53813.3	13453.3
6582	0.25426	23311.6	7770.55
6583	0.39387	36111	9027.76
6584	0.06969	6389.08	6389.08
6585	0.13519	12395	6197.5
6586	0.00000	0	0
6587	0.16591	15211.4	5070.46
6588	0.15051	13798.9	4599.63
6589	0.19681	18043.8	9021.92
6590	0.18965	17387.6	5795.85
6591	0.25316	23210.5	7736.83
6592	0.30064	27563	6890.74
6593	0.23013	21099	7033.01
6594	0.05613	5145.92	5145.92
6595	0.16825	15425.2	7712.62
6596	0.41301	37866	18933
6597	0.13648	12513.2	6256.62
6598	0.23784	21806.1	10903.1
6599	0.33735	30929.2	7732.29
6600	0.13451	12331.8	6165.88
