#IID	F_ROH	ROH_length_kB	KBAVG
2551	0.32195	29700.7	9900.23
2552	0.42726	39416.3	9854.07
2553	0.62749	57888.5	11577.7
2554	0.12552	11579.6	5789.8
2555	0.31589	29142	5828.41
2556	0.35581	32824.6	16412.3
2557	0.25250	23293.9	5823.48
2558	0.45794	42246.2	14082.1
2559	0.24763	22844.5	4568.9
2560	0.21983	20280.3	6760.09
2561	0.61804	57016.2	11403.2
2562	0.44583	41129.6	10282.4
2563	0.36988	34122.7	8530.66
2564	0.20163	18601.2	4650.3
2565	0.40201	37087	9271.74
2566	0.27494	25364.4	8454.81
2567	0.37805	34876.4	11625.5
2568	0.35284	32550.7	5425.12
2569	0.36016	33225.8	8306.44
2570	0.41750	38515.8	7703.16
2571	0.19948	18403.1	6134.37
2572	0.39910	36818.4	9204.6
2573	0.11375	10493.5	5246.73
2574	0.35994	33205.4	8301.34
2575	0.21689	20008.9	6669.65
2576	0.96284	88825.3	88825.3
2577	0.13415	12375.4	6187.72
2578	0.33076	30513.4	7628.36
2579	0.25699	23707.9	5926.97
2580	0.60589	55895.8	27947.9
2581	0.43185	39839.5	7967.89
2582	0.46097	42526.6	6075.23
2583	0.47801	44097.9	22049
2584	0.35991	33202.9	16601.5
2585	0.12674	11692.3	5846.16
2586	0.48421	44670.5	8934.11
2587	0.22736	20974.7	6991.57
2588	0.53241	49116.8	16372.3
2589	0.28836	26601.9	13301
2590	0.31918	29445.5	14722.7
2591	0.23381	21569.8	5392.45
2592	0.44588	41134.4	13711.5
2593	0.20426	18843.5	6281.16
2594	0.00000	0	0
2595	0.39597	36529.3	9132.34
2596	0.26502	24448.8	4889.75
2597	0.44177	40754.7	6792.44
2598	0.29909	27592.2	6898.04
2599	0.64746	59730.2	19910.1
2600	0.14900	13745.8	6872.92
