#IID	F_ROH	ROH_length_kB	KBAVG
10551	0.44308	40946.4	8189.29
10552	0.09515	8792.78	4396.39
10553	0.20226	18691.9	9345.93
10554	0.09389	8676.24	4338.12
10555	0.30509	28194.2	5638.83
10556	0.24338	22491.7	5622.93
10557	0.16844	15566.4	5188.79
10558	0.36225	33476.4	8369.1
10559	0.29231	27013	6753.25
10560	0.32814	30324.6	7581.15
10561	0.51939	47998.3	11999.6
10562	0.31293	28919.3	5783.86
10563	0.34241	31643.6	6328.72
10564	0.15406	14236.9	4745.62
10565	0.38974	36017.1	7203.43
10566	0.23158	21401.4	7133.81
10567	0.58683	54230.9	10846.2
10568	0.23085	21333.2	5333.31
10569	0.16527	15273.3	7636.65
10570	0.22113	20435.5	10217.7
10571	0.12866	11889.7	3963.24
10572	0.31811	29397.3	7349.34
10573	0.06274	5797.65	5797.65
10574	0.15308	14146.7	4715.56
10575	0.26890	24849.6	6212.39
10576	0.37224	34399.8	6879.96
10577	0.54737	50584.5	12646.1
10578	0.42889	39635.3	7927.06
10579	0.33811	31246.1	6249.23
10580	0.23353	21581.5	7193.82
10581	0.35350	32668.1	8167.03
10582	0.35923	33197.2	5532.86
10583	0.49716	45944.1	9188.81
10584	0.28359	26207.5	6551.87
10585	0.26676	24652.6	12326.3
10586	0.48576	44890.5	7481.74
10587	0.03774	3487.32	3487.32
10588	0.28260	26115.6	8705.21
10589	0.36855	34059.1	6811.82
10590	0.30320	28020	9340
10591	0.57436	53078.4	13269.6
10592	0.18331	16940.2	5646.74
10593	0.22010	20340.3	6780.11
10594	0.29255	27035.8	9011.94
10595	0.50236	46424.5	9284.91
10596	0.40020	36983.5	7396.7
10597	0.16080	14860	7430.01
10598	0.20910	19323.8	6441.27
10599	0.11530	10655.6	10655.6
10600	0.19367	17897.6	5965.85
