#IID	F_ROH	ROH_length_kB	KBAVG
2551	0.16516	15514	7756.99
2552	0.32000	30058.2	7514.55
2553	0.14676	13785.8	6892.91
2554	0.44072	41398	5174.76
2555	0.28158	26449.3	6612.33
2556	0.14006	13156.2	4385.39
2557	0.25587	24034.8	4806.95
2558	0.17173	16130.7	4032.67
2559	0.36285	34083.5	6816.7
2560	0.41148	38651	6441.84
2561	0.00000	0	0
2562	0.25020	23501.8	7833.94
2563	0.33720	31674.3	7918.58
2564	0.32194	30241	6048.2
2565	0.21357	20061.4	10030.7
2566	0.52896	49686.9	12421.7
2567	0.60444	56776.5	11355.3
2568	0.13775	12938.8	6469.4
2569	0.42850	40250.3	13416.8
2570	0.00000	0	0
2571	0.17041	16007.5	8003.76
2572	0.18911	17763.8	8881.91
2573	0.29201	27429.3	6857.33
2574	0.19441	18261.3	4565.33
2575	0.44677	41965.9	8393.17
2576	0.73408	68954.5	17238.6
2577	0.12679	11909.5	3969.85
2578	0.33288	31268.3	10422.8
2579	0.10752	10099.6	5049.79
2580	0.22864	21476.8	7158.92
2581	0.41289	38784.2	9696.05
2582	0.33930	31871.3	6374.26
2583	0.12386	11634.3	3878.09
2584	0.04802	4510.6	4510.6
2585	0.47416	44539	7423.17
2586	0.24627	23132.5	23132.5
2587	0.19737	18539.2	6179.75
2588	0.23672	22235.4	5558.86
2589	0.07608	7146.43	3573.21
2590	0.40106	37672.9	18836.4
2591	0.41382	38871.2	6478.54
2592	0.32758	30770.5	7692.62
2593	0.34692	32586.7	8146.68
2594	0.28177	26467.8	8822.61
2595	0.59523	55911.6	9318.6
2596	0.29013	27252.7	5450.54
2597	0.22427	21066	5266.51
2598	0.04445	4175.65	4175.65
2599	0.42043	39492	5641.72
2600	0.40304	37858.5	12619.5
