#IID	F_ROH	ROH_length_kB	KBAVG
8551	0.08757	8229.15	8229.15
8552	0.36812	34594.7	17297.3
8553	0.41885	39362.4	13120.8
8554	0.38194	35893.6	8973.39
8555	0.17304	16261.4	5420.46
8556	0.32298	30352.5	6070.49
8557	0.18448	17337.2	5779.07
8558	0.00000	0	0
8559	0.08571	8054.5	4027.25
8560	0.35965	33799.2	16899.6
8561	0.14461	13590.1	4530.04
8562	0.36494	34295.7	6859.14
8563	0.17621	16559.4	8279.69
8564	0.11173	10499.9	10499.9
8565	0.14847	13953	4650.99
8566	0.30909	29047.1	7261.78
8567	0.37712	35440.1	11813.4
8568	0.30398	28566.9	14283.5
8569	0.19336	18170.9	6056.96
8570	0.27996	26309.3	5261.86
8571	0.39753	37358.3	7471.65
8572	0.28198	26499.2	13249.6
8573	0.20854	19597.5	9798.73
8574	0.11828	11115.5	5557.73
8575	0.39414	37039.7	6173.28
8576	0.34064	32012.6	8003.15
8577	0.22381	21033.2	10516.6
8578	0.35062	32949.7	8237.43
8579	0.40135	37717.5	9429.37
8580	0.28829	27092.6	9030.88
8581	0.69382	65202.6	9314.66
8582	0.34353	32283.4	8070.86
8583	0.14250	13391.6	6695.8
8584	0.42936	40349.8	13449.9
8585	0.12834	12061	6030.49
8586	0.35607	33462.2	16731.1
8587	0.05908	5552.21	5552.21
8588	0.24602	23119.9	7706.62
8589	0.33426	31412.5	5235.41
8590	0.32234	30292.3	7573.08
8591	0.41453	38956.3	7791.27
8592	0.46430	43633.4	6233.34
8593	0.25787	24233.7	12116.8
8594	0.36833	34614.1	6922.83
8595	0.28572	26851.1	8950.37
8596	0.23032	21645	7215.01
8597	0.13284	12483.7	6241.85
8598	0.24515	23038.2	7679.4
8599	0.34824	32726.6	8181.64
8600	0.24778	23285.7	7761.9
