#IID	F_ROH	ROH_length_kB	KBAVG
20551	0.47147	43570	14523.3
20552	0.16658	15394.6	5131.55
20553	0.34419	31807.5	15903.8
20554	0.48509	44828.5	5603.56
20555	0.23389	21614.6	5403.65
20556	0.54756	50601.9	10120.4
20557	0.30747	28414.2	9471.41
20558	0.46347	42830.8	7138.47
20559	0.29878	27611.1	5522.21
20560	0.40855	37755.4	7551.09
20561	0.34402	31792	15896
20562	0.19660	18168.4	9084.21
20563	0.52598	48607.5	6943.92
20564	0.19649	18158.8	4539.7
20565	0.15400	14232.1	14232.1
20566	0.33109	30597.4	10199.1
20567	0.38218	35318.7	7063.75
20568	0.16197	14967.8	7483.9
20569	0.23508	21724.8	4344.96
20570	0.27254	25186.7	5037.35
20571	0.38860	35911.7	8977.94
20572	0.51814	47883.1	9576.62
20573	0.35414	32727.8	4675.4
20574	0.17629	16291.5	8145.76
20575	0.22097	20420.9	6806.96
20576	0.29276	27054.7	6763.68
20577	0.20611	19047	6349.01
20578	0.34032	31450.2	7862.56
20579	0.39893	36866.4	6144.41
20580	0.45231	41800	8360
20581	0.68123	62954.5	31477.3
20582	0.40871	37770.1	9442.51
20583	0.11785	10890.6	3630.22
20584	0.38821	35876.1	5979.36
20585	0.47879	44247	14749
20586	0.54739	50586.6	8431.09
20587	0.11716	10827	5413.48
20588	0.41367	38228.6	7645.73
20589	0.28334	26184.8	4364.13
20590	0.40862	37761.6	18880.8
20591	0.19971	18456.2	9228.12
20592	0.38412	35498.2	17749.1
20593	0.21809	20154.8	5038.7
20594	0.52372	48398.6	6914.08
20595	0.35488	32795.4	8198.86
20596	0.14877	13748	13748
20597	0.29678	27426.7	6856.67
20598	0.40565	37487.4	6247.9
20599	0.16540	15285.1	5095.03
20600	0.19036	17592	4398.01
