#IID	F_ROH	ROH_length_kB	KBAVG
4551	0.11281	10430.2	5215.11
4552	0.44093	40766.2	5823.75
4553	0.32159	29732.3	14866.1
4554	0.16313	15082.1	7541.03
4555	0.18481	17086.6	8543.28
4556	0.12979	11999.5	5999.74
4557	0.12943	11966.2	3988.73
4558	0.28249	26117.2	8705.72
4559	0.23492	21719.3	5429.82
4560	0.28859	26681.5	6670.38
4561	0.27898	25792.8	6448.21
4562	0.33839	31285.3	6257.07
4563	0.39105	36154	7230.8
4564	0.84888	78482.8	19620.7
4565	0.06212	5742.81	5742.81
4566	0.12060	11150.4	5575.2
4567	0.64749	59863.2	9977.21
4568	0.13520	12499.8	6249.9
4569	0.39839	36832.6	7366.52
4570	0.34502	31898.8	6379.75
4571	0.32522	30068.4	5011.41
4572	0.34214	31632.7	6326.55
4573	0.05187	4795.64	4795.64
4574	0.36553	33794.5	5632.42
4575	0.20600	19046	6348.66
4576	0.33467	30941.8	7735.45
4577	0.12175	11256.6	3752.2
4578	0.46615	43097.3	8619.47
4579	0.28189	26062	6515.51
4580	0.33034	30541.7	15270.8
4581	0.40096	37070.3	18535.2
4582	0.32663	30198.4	7549.59
4583	0.43991	40671.3	10167.8
4584	0.49102	45397.2	9079.44
4585	0.39412	36437.7	12145.9
4586	0.26331	24344.6	4868.92
4587	0.30238	27956.4	13978.2
4588	0.41285	38170	6361.66
4589	0.19722	18234.1	6078.04
4590	0.24567	22713	11356.5
4591	0.43406	40130.6	8026.12
4592	0.50389	46587	6655.28
4593	0.37541	34708	11569.3
4594	0.37217	34409.1	5734.85
4595	0.10249	9475.52	4737.76
4596	0.33157	30655	7663.76
4597	0.21408	19792.9	9896.43
4598	0.36014	33296.9	11099
4599	0.25310	23400.1	11700
4600	0.27210	25156.8	5031.36
