#IID	F_ROH	ROH_length_kB	KBAVG
2551	0.15229	14315.3	7157.65
2552	0.22681	21319.8	5329.95
2553	0.29122	27374.4	9124.8
2554	0.24244	22789.1	11394.6
2555	0.39021	36679.1	9169.78
2556	0.32062	30137.8	6027.55
2557	0.15644	14705.5	14705.5
2558	0.17913	16838.2	8419.1
2559	0.06250	5875.32	5875.32
2560	0.41328	38847.9	9711.99
2561	0.17350	16309.2	5436.4
2562	0.19392	18228.2	6076.06
2563	0.18010	16928.7	8464.34
2564	0.33564	31550	10516.7
2565	0.42266	39729.6	9932.41
2566	0.34367	32304.3	10768.1
2567	0.40585	38149.3	7629.86
2568	0.31876	29962.6	5992.53
2569	0.57803	54334.4	18111.5
2570	0.18302	17203.6	8601.79
2571	0.27198	25565.9	6391.48
2572	0.37461	35212.5	11737.5
2573	0.40562	38127.3	12709.1
2574	0.17598	16542.2	5514.07
2575	0.47414	44568.6	8913.71
2576	0.19569	18394.9	18394.9
2577	0.13077	12292.5	4097.49
2578	0.31641	29741.7	7435.42
2579	0.21231	19957.3	6652.44
2580	0.11148	10479.4	5239.71
2581	0.22209	20875.7	6958.58
2582	0.13390	12586.3	6293.16
2583	0.26775	25167.7	8389.25
2584	0.41592	39096.2	6516.04
2585	0.06267	5891.06	5891.06
2586	0.29852	28060.1	9353.36
2587	0.43483	40873	13624.3
2588	0.36078	33912.4	8478.11
2589	0.35670	33529.4	11176.5
2590	0.32850	30878.5	7719.63
2591	0.16512	15521.4	5173.8
2592	0.39828	37437.8	12479.3
2593	0.50532	47499.3	15833.1
2594	0.29809	28019.7	9339.89
2595	0.33347	31346.1	6269.21
2596	0.25368	23845.8	7948.6
2597	0.16222	15248.3	5082.76
2598	0.33307	31308.2	10436.1
2599	0.12314	11575.1	5787.53
2600	0.27046	25423.2	12711.6
