#IID	F_ROH	ROH_length_kB	KBAVG
10551	0.26068	24502.8	6125.69
10552	0.37088	34861.7	11620.6
10553	0.23717	22292.7	11146.3
10554	0.27233	25597.8	6399.45
10555	0.06220	5846.24	5846.24
10556	0.19150	18000.1	6000.03
10557	0.10843	10191.8	5095.91
10558	0.35727	33581.7	11193.9
10559	0.36505	34313	11437.7
10560	0.23204	21810.9	10905.4
10561	0.48889	45954	7659
10562	0.30769	28921.7	7230.42
10563	0.32058	30133.6	15066.8
10564	0.04725	4441.01	4441.01
10565	0.24479	23009.4	5752.36
10566	0.22591	21234.4	10617.2
10567	0.30072	28266.5	14133.2
10568	0.37075	34848.8	8712.2
10569	0.54163	50910.9	16970.3
10570	0.25205	23691.6	7897.19
10571	0.62450	58700.7	29350.4
10572	0.28687	26964.4	8988.13
10573	0.41661	39159.9	9789.97
10574	0.40887	38432.6	12810.9
10575	0.15053	14149.6	4716.54
10576	0.12368	11625.6	5812.78
10577	0.31006	29144.2	14572.1
10578	0.20159	18948.4	9474.2
10579	0.12762	11995.9	11995.9
10580	0.52872	49697.8	12424.5
10581	0.28978	27238.1	6809.54
10582	0.32451	30503	10167.7
10583	0.16580	15584.3	5194.76
10584	0.83412	78403.9	26134.6
10585	0.21176	19904.6	9952.31
10586	0.34508	32436.2	16218.1
10587	0.23457	22049.1	11024.5
10588	0.41719	39214.1	7842.82
10589	0.69734	65547.8	21849.3
10590	0.28276	26578.7	8859.58
10591	0.45729	42983.4	10745.9
10592	0.36541	34346.8	8586.71
10593	0.46534	43740.1	7290.02
10594	0.14687	13804.9	13804.9
10595	0.04920	4624.93	4624.93
10596	0.33790	31761.2	6352.23
10597	0.44992	42291.1	14097
10598	0.18788	17659.9	17659.9
10599	0.03349	3147.9	3147.9
10600	0.82199	77263.6	38631.8
