#IID	F_ROH	ROH_length_kB	KBAVG
18551	0.43562	40915.4	5845.06
18552	0.16214	15229.4	3807.35
18553	0.30264	28425.3	7106.33
18554	0.25623	24066.4	6016.6
18555	0.24643	23146.1	5786.52
18556	0.11837	11118.1	11118.1
18557	0.22268	20915.4	5228.84
18558	0.13493	12673	12673
18559	0.39611	37204.7	6200.78
18560	0.36244	34042.4	5673.74
18561	0.43568	40920.8	5845.83
18562	0.51364	48243.2	9648.65
18563	0.27695	26012.1	8670.69
18564	0.71233	66905.5	22301.8
18565	0.23446	22021.7	11010.8
18566	0.20012	18796.7	6265.57
18567	0.17918	16829.9	16829.9
18568	0.27052	25408.2	5081.64
18569	0.83515	78441	26147
18570	0.35779	33605.5	5600.92
18571	0.23667	22229.3	5557.31
18572	0.07873	7394.54	3697.27
18573	0.26883	25249.4	8416.46
18574	0.32432	30461.9	10154
18575	0.38732	36378.7	7275.74
18576	0.28502	26770.7	13385.3
18577	0.23990	22532.6	11266.3
18578	0.32869	30872.2	6174.44
18579	0.05227	4909.03	4909.03
18580	0.27462	25793.5	6448.37
18581	0.40132	37694.1	12564.7
18582	0.53604	50347.3	16782.4
18583	0.21428	20126	6708.66
18584	0.19666	18471.6	9235.78
18585	0.35076	32944.9	4706.41
18586	0.41402	38886.4	12962.1
18587	0.25863	24292.2	8097.4
18588	0.33382	31354.3	15677.2
18589	0.19775	18573.3	6191.1
18590	0.08076	7584.9	7584.9
18591	0.06297	5914.45	5914.45
18592	0.27684	26002.3	6500.58
18593	0.28276	26557.8	6639.44
18594	0.14548	13664.5	6832.27
18595	0.24513	23023.5	7674.5
18596	0.62264	58481.8	8354.55
18597	0.24768	23263.7	5815.92
18598	0.36269	34065.5	5677.58
18599	0.18757	17617.4	8808.71
18600	0.17765	16686.1	8343.07
