#IID	F_ROH	ROH_length_kB	KBAVG
2551	0.08092	7603.55	3801.77
2552	0.22750	21377.6	4275.52
2553	0.32996	31005.8	5167.63
2554	0.14097	13246.6	4415.52
2555	0.08428	7919.34	3959.67
2556	0.22398	21047	5261.75
2557	0.35534	33390.5	11130.2
2558	0.12782	12010.9	4003.64
2559	0.09299	8738.06	4369.03
2560	0.45604	42853.3	8570.66
2561	0.33517	31495.2	6299.05
2562	0.25734	24182.2	6045.56
2563	0.21924	20601.3	6867.09
2564	0.35645	33495.4	6699.09
2565	0.68694	64550.7	12910.1
2566	0.18021	16934.2	5644.74
2567	0.26612	25007.1	8335.69
2568	0.13416	12607.1	4202.35
2569	0.06836	6423.53	6423.53
2570	0.05662	5320.46	5320.46
2571	0.23223	21821.9	5455.46
2572	0.18201	17103.3	5701.1
2573	0.23150	21754.1	7251.37
2574	0.17362	16315	5438.33
2575	0.16930	15908.6	5302.87
2576	0.21709	20399.6	6799.87
2577	0.26038	24467.3	6116.81
2578	0.33118	31120.3	6224.07
2579	0.00000	0	0
2580	0.05839	5486.91	5486.91
2581	0.45460	42717.7	10679.4
2582	0.09411	8843.78	4421.89
2583	0.10395	9767.88	4883.94
2584	0.20766	19513.6	9756.82
2585	0.46851	44024.9	11006.2
2586	0.26011	24442.4	8147.46
2587	0.35615	33466.9	5577.81
2588	0.19341	18174.5	4543.63
2589	0.34160	32099.7	16049.8
2590	0.31846	29924.8	5984.96
2591	0.28034	26342.7	6585.68
2592	0.16830	15815.2	5271.73
2593	0.21491	20194.9	10097.5
2594	0.36382	34187.8	8546.95
2595	0.17240	16200.5	5400.17
2596	0.16402	15412.9	5137.65
2597	0.33761	31724.9	10575
2598	0.23761	22327.8	7442.6
2599	0.45454	42712.4	8542.49
2600	0.22445	21090.8	5272.71
