#IID	F_ROH	ROH_length_kB	KBAVG
6551	0.63228	58462.2	11692.4
6552	0.33555	31025.6	10341.9
6553	0.53240	49226.9	7032.41
6554	0.46649	43133	10783.3
6555	0.33853	31301.4	10433.8
6556	0.59412	54933.9	18311.3
6557	0.66800	61765.1	15441.3
6558	0.59960	55439.9	9239.98
6559	0.30612	28304.6	7076.15
6560	0.25367	23454.5	11727.3
6561	0.19151	17707.8	5902.59
6562	0.06624	6124.55	6124.55
6563	0.42169	38990.1	7798.01
6564	0.23301	21544.9	7181.62
6565	0.42360	39166.9	9791.73
6566	0.64784	59901	59901
6567	0.16935	15658.1	5219.36
6568	0.15627	14448.9	7224.45
6569	0.41987	38821.9	7764.37
6570	0.36097	33376.1	6675.23
6571	0.50262	46473.4	9294.67
6572	0.43470	40193.1	8038.61
6573	0.61540	56900.8	18966.9
6574	0.23087	21346.7	4269.35
6575	0.36965	34178.6	8544.66
6576	0.26587	24582.6	4916.53
6577	0.21262	19659.6	6553.2
6578	0.22584	20882	5220.5
6579	0.50074	46299.2	15433.1
6580	0.11595	10720.6	10720.6
6581	0.36440	33693.1	8423.28
6582	0.18285	16907.1	5635.69
6583	0.22634	20927.5	6975.84
6584	0.39133	36183.3	7236.66
6585	0.49110	45408.5	11352.1
6586	0.23463	21694.5	5423.63
6587	0.43650	40360	6726.66
6588	0.31981	29570.6	4928.44
6589	0.24509	22661.8	11330.9
6590	0.15338	14182.1	4727.36
6591	0.17823	16479.9	8239.94
6592	0.37984	35120.9	8780.22
6593	0.69312	64087.3	32043.6
6594	0.34310	31723.6	7930.9
6595	0.30868	28541.6	5708.31
6596	0.10747	9936.56	9936.56
6597	0.37686	34845.3	6969.05
6598	0.53037	49039.4	12259.8
6599	0.17731	16394.4	4098.59
6600	0.46806	43277.4	7212.9
