#IID	F_ROH	ROH_length_kB	KBAVG
2551	0.31736	29319.8	9773.25
2552	0.28928	26726.1	8908.69
2553	0.12865	11886.1	11886.1
2554	0.06517	6020.77	3010.39
2555	0.17447	16119.2	8059.62
2556	0.57935	53524.8	17841.6
2557	0.18292	16900	8450
2558	0.33991	31404	15702
2559	0.37356	34512.8	8628.2
2560	0.32227	29773.7	9924.57
2561	0.18873	17436	4358.99
2562	0.62601	57836.1	19278.7
2563	0.25053	23146.1	11573
2564	0.30156	27860.2	9286.75
2565	0.26412	24401.2	8133.75
2566	0.55090	50896.1	12724
2567	0.15126	13974.5	4658.17
2568	0.12420	11474.8	11474.8
2569	0.21417	19786.5	9893.26
2570	0.32978	30467.8	7616.95
2571	0.16827	15546.1	5182.04
2572	0.15628	14438.7	7219.34
2573	0.27308	25229	8409.68
2574	0.09630	8896.65	8896.65
2575	0.22337	20636.7	6878.89
2576	0.21490	19854.5	6618.16
2577	0.43172	39885.9	13295.3
2578	0.27204	25133.2	12566.6
2579	0.22681	20954.5	6984.85
2580	0.37364	34519.9	11506.6
2581	0.72686	67153	22384.3
2582	0.23520	21729.6	7243.22
2583	0.36535	33753.8	6750.76
2584	0.37605	34742.1	17371.1
2585	0.35182	32503.7	6500.74
2586	0.13283	12272.3	4090.77
2587	0.17143	15838.4	7919.18
2588	0.24785	22898.2	5724.55
2589	0.22801	21065.3	7021.77
2590	0.19309	17839.4	8919.69
2591	0.34278	31668.9	10556.3
2592	0.34631	31995.2	10665.1
2593	0.13947	12884.9	6442.45
2594	0.25807	23842.6	11921.3
2595	0.40899	37785.9	6297.65
2596	0.15847	14640.8	14640.8
2597	0.34847	32194.4	6438.88
2598	0.04413	4076.71	4076.71
2599	0.31529	29129.4	9709.81
2600	0.16446	15193.8	7596.92
