#IID	F_ROH	ROH_length_kB	KBAVG
4551	0.67978	62837.4	12567.5
4552	0.18378	16988.5	5662.84
4553	0.20628	19067.8	6355.93
4554	0.28246	26110	5222
4555	0.22235	20553.6	5138.4
4556	0.20159	18634.9	9317.43
4557	0.45673	42218.8	10554.7
4558	0.67339	62246.6	10374.4
4559	0.30885	28549.3	7137.31
4560	0.32782	30303	6060.6
4561	0.13535	12511.5	6255.77
4562	0.22756	21035.1	7011.68
4563	0.23828	22026.3	5506.59
4564	0.29241	27029.7	9009.9
4565	0.23098	21350.8	7116.93
4566	0.12286	11357.3	3785.76
4567	0.24586	22726.4	4545.28
4568	0.06719	6210.64	3105.32
4569	0.27242	25182.2	8394.06
4570	0.17141	15844.7	3961.18
4571	0.21776	20129.3	5032.33
4572	0.49831	46062.8	7677.13
4573	0.38513	35600.2	8900.05
4574	0.21239	19633.1	6544.38
4575	0.40039	37011.5	9252.87
4576	0.23781	21982.4	5495.61
4577	0.45375	41943.7	5991.95
4578	0.15862	14662.4	7331.18
4579	0.33251	30736.9	5122.81
4580	0.37135	34326.4	5721.06
4581	0.30532	28222.8	7055.71
4582	0.25570	23636.1	11818.1
4583	0.28403	26254.7	6563.68
4584	0.44091	40756.7	8151.34
4585	0.15230	14077.8	4692.61
4586	0.39889	36872.4	6145.4
4587	0.20437	18891.4	9445.69
4588	0.30831	28499.3	7124.83
4589	0.17010	15723.9	5241.31
4590	0.33066	30565.3	7641.33
4591	0.20706	19140	9570.02
4592	0.61695	57029.9	8147.13
4593	0.47250	43677.2	8735.45
4594	0.44240	40894	13631.3
4595	0.34071	31494.7	6298.95
4596	0.20950	19365.9	6455.31
4597	0.08332	7701.95	3850.98
4598	0.30469	28164.5	7041.14
4599	0.36680	33906.6	6781.33
4600	0.23153	21401.8	7133.93
