#IID	F_ROH	ROH_length_kB	KBAVG
2551	0.27932	26249.3	8749.77
2552	0.36844	34625	6925.01
2553	0.67774	63691.7	12738.3
2554	0.22661	21295.8	7098.61
2555	0.60075	56456.6	28228.3
2556	0.83996	78936.6	26312.2
2557	0.00000	0	0
2558	0.81999	77059.7	25686.6
2559	0.05659	5318.38	5318.38
2560	0.14126	13275.6	6637.8
2561	0.35037	32927.1	16463.5
2562	0.30562	28720.9	7180.23
2563	0.50632	47582.1	11895.5
2564	0.34733	32641.4	10880.5
2565	0.29790	27995.3	9331.78
2566	0.32160	30222.8	15111.4
2567	0.25568	24028.4	24028.4
2568	0.71091	66809.4	22269.8
2569	0.22756	21384.9	7128.3
2570	0.29515	27737.2	6934.3
2571	0.18603	17482.7	5827.57
2572	0.50211	47186.5	9437.3
2573	0.06196	5822.43	5822.43
2574	0.14230	13373.1	13373.1
2575	0.12602	11843.2	11843.2
2576	0.07316	6875.15	3437.57
2577	0.55689	52334.9	13083.7
2578	0.23783	22350.5	5587.62
2579	0.32520	30561.2	10187.1
2580	0.17809	16736.5	5578.82
2581	0.50962	47892.7	23946.3
2582	0.21405	20116	5029.01
2583	0.10624	9983.73	4991.87
2584	0.24631	23147.2	7715.73
2585	0.21040	19772.9	6590.97
2586	0.40259	37834.5	9458.63
2587	0.65343	61407.2	12281.4
2588	0.38679	36349	9087.26
2589	0.35624	33478.4	11159.5
2590	0.35581	33438.3	11146.1
2591	0.42241	39696.6	7939.32
2592	0.08629	8108.91	4054.45
2593	0.12197	11462.5	11462.5
2594	0.61562	57853.7	19284.6
2595	0.12887	12110.8	4036.93
2596	0.34315	32248.3	6449.66
2597	0.14526	13651.1	6825.57
2598	0.15653	14710.4	7355.18
2599	0.26008	24441.5	8147.17
2600	0.32333	30385.3	7596.33
