#IID	F_ROH	ROH_length_kB	KBAVG
8551	0.35259	33089	8272.25
8552	0.44858	42096.6	7016.1
8553	0.12252	11497.6	5748.8
8554	0.00000	0	0
8555	0.13541	12707.2	6353.59
8556	0.21621	20289.7	6763.24
8557	0.07442	6984.28	3492.14
8558	0.20406	19149.9	6383.31
8559	0.19092	17917.1	5972.37
8560	0.28494	26740.2	8913.4
8561	0.21925	20575.3	4115.06
8562	0.50062	46980.2	11745.1
8563	0.33491	31429.7	10476.6
8564	0.41708	39140.5	9785.13
8565	0.19687	18475.6	6158.53
8566	0.10950	10276	5138.02
8567	0.25200	23648.5	5912.14
8568	0.18949	17782.9	5927.62
8569	0.14882	13965.6	4655.19
8570	0.59009	55376.9	13844.2
8571	0.20863	19578.6	4894.64
8572	0.20753	19475.5	9737.76
8573	0.31100	29185.8	7296.45
8574	0.13459	12630.7	6315.34
8575	0.28759	26988.9	6747.23
8576	0.27113	25443.9	5088.77
8577	0.05443	5108.34	5108.34
8578	0.24338	22839.7	11419.9
8579	0.22293	20921.2	6973.72
8580	0.56339	52871.3	10574.3
8581	0.48364	45386.6	11346.7
8582	0.42553	39934.2	13311.4
8583	0.19442	18245.6	9122.8
8584	0.35850	33643.5	4806.21
8585	0.41184	38649.1	6441.51
8586	0.21813	20470.4	6823.47
8587	0.35142	32979	10993
8588	0.57587	54042.6	13510.6
8589	0.46064	43228.2	21614.1
8590	0.02898	2719.18	2719.18
8591	0.37788	35462.2	5910.37
8592	0.17589	16506.7	5502.22
8593	0.17362	16293.1	8146.57
8594	0.38113	35767.3	11922.4
8595	0.24170	22682.1	4536.42
8596	0.26240	24625.1	8208.38
8597	0.35214	33046.4	16523.2
8598	0.45891	43066.6	6152.37
8599	0.26009	24407.6	8135.86
8600	0.32053	30080.4	10026.8
