#IID	F_ROH	ROH_length_kB	KBAVG
4551	0.21899	20574.3	10287.1
4552	0.28355	26640.3	6660.08
4553	0.20613	19366.1	6455.36
4554	0.33671	31634.9	6326.99
4555	0.35651	33494.9	11165
4556	0.11051	10382.5	5191.27
4557	0.19565	18382.3	6127.43
4558	0.11440	10748.2	5374.08
4559	0.44216	41541.8	10385.4
4560	0.47872	44977.5	11244.4
4561	0.15355	14426	7212.99
4562	0.11465	10772	3590.66
4563	0.14056	13206.3	13206.3
4564	0.24482	23001.7	5750.42
4565	0.41043	38561.4	19280.7
4566	0.25253	23726.3	5931.57
4567	0.39444	37059.2	9264.79
4568	0.08561	8042.91	8042.91
4569	0.20921	19656.1	4914.03
4570	0.24233	22767.3	5691.84
4571	0.32949	30956.3	10318.8
4572	0.13680	12852.4	6426.18
4573	0.24633	23143.7	11571.8
4574	0.31508	29602.6	7400.65
4575	0.08561	8043.44	4021.72
4576	0.04564	4287.95	4287.95
4577	0.20410	19176.2	6392.08
4578	0.18565	17442.8	8721.38
4579	0.18364	17253.6	8626.79
4580	0.10811	10157.2	5078.58
4581	0.71154	66851.7	22283.9
4582	0.29903	28094.8	14047.4
4583	0.59932	56307.7	11261.5
4584	0.38002	35703.6	11901.2
4585	0.45251	42514.5	7085.76
4586	0.19820	18621.8	9310.9
4587	0.13646	12821	6410.51
4588	0.21848	20526.8	6842.26
4589	0.07588	7128.94	3564.47
4590	0.27511	25847.1	12923.6
4591	0.31795	29872.1	5974.41
4592	0.25323	23791.8	7930.58
4593	0.22563	21198.2	7066.06
4594	0.34620	32526.6	6505.31
4595	0.06638	6236.25	6236.25
4596	0.31276	29385.1	7346.27
4597	0.20163	18943.3	4735.82
4598	0.21789	20471.2	5117.8
4599	0.15491	14554.1	4851.36
4600	0.12574	11813.8	3937.93
