#IID	F_ROH	ROH_length_kB	KBAVG
2551	0.38191	35809.4	11936.5
2552	0.40619	38086	6347.66
2553	0.33074	31012.1	6202.41
2554	0.56653	53120.2	53120.2
2555	0.95802	89828.4	89828.4
2556	0.22824	21401.1	5350.28
2557	0.59766	56039.5	11207.9
2558	0.33261	31186.7	6237.34
2559	0.27318	25614.7	6403.67
2560	0.35264	33064.9	11021.6
2561	0.44631	41848.2	6974.7
2562	0.14398	13500.3	6750.13
2563	0.10627	9964.81	4982.41
2564	0.34923	32745.4	8186.36
2565	0.27946	26203.3	8734.43
2566	0.15976	14979.8	4993.28
2567	0.47772	44793.6	8958.72
2568	0.23138	21695.1	7231.69
2569	0.42011	39391.7	13130.6
2570	0.26248	24611.1	6152.77
2571	0.26276	24638	4927.59
2572	0.49562	46471.6	5808.95
2573	0.38127	35749.4	8937.35
2574	0.79724	74752.7	24917.6
2575	0.57005	53451.1	26725.5
2576	0.05451	5111.44	5111.44
2577	0.28014	26267.6	13133.8
2578	0.39383	36927.4	7385.48
2579	0.56161	52659.4	8776.57
2580	0.47090	44154.2	14718.1
2581	0.46348	43458.5	7243.08
2582	0.37811	35453.4	8863.35
2583	0.43060	40375.2	8075.04
2584	0.34264	32128	6425.6
2585	0.10864	10186.6	5093.32
2586	0.48070	45072.7	9014.54
2587	0.33986	31867.4	7966.86
2588	0.22479	21077.2	5269.3
2589	0.70687	66279.8	22093.3
2590	0.46436	43540.7	6220.11
2591	0.42512	39861.2	9965.3
2592	0.37491	35153.4	8788.35
2593	0.45868	43008.3	8601.67
2594	0.30425	28528.1	7132.02
2595	0.41891	39279	9819.76
2596	0.76289	71532.6	14306.5
2597	0.24110	22607.1	5651.79
2598	0.50451	47305.6	9461.11
2599	0.16722	15678.9	5226.29
2600	0.39847	37362.4	5337.48
