#IID	F_ROH	ROH_length_kB	KBAVG
2551	0.24841	23342.9	7780.97
2552	0.22987	21600.8	7200.28
2553	0.38946	36597.4	7319.49
2554	0.17357	16310.1	8155.07
2555	0.30624	28777.1	7194.29
2556	0.40177	37754	6292.34
2557	0.43437	40817.6	8163.53
2558	0.35660	33509.9	8377.46
2559	0.03683	3460.49	3460.49
2560	0.23270	21867.1	4373.42
2561	0.26111	24537	6134.25
2562	0.21486	20190.2	4038.04
2563	0.20017	18810.2	4702.56
2564	0.28970	27223.2	6805.8
2565	0.31243	29359.3	5871.85
2566	0.39776	37377.8	6229.64
2567	0.22993	21606.7	5401.68
2568	0.24482	23005.7	5751.43
2569	0.29312	27544.3	6886.07
2570	0.24200	22741.2	5685.3
2571	0.39020	36667.4	9166.84
2572	0.14053	13205.6	4401.86
2573	0.15547	14609.5	7304.77
2574	0.29220	27458.5	6864.62
2575	0.33272	31265.9	7816.48
2576	0.38479	36159.2	6026.54
2577	0.24016	22568.3	5642.08
2578	0.22785	21411	4282.2
2579	0.31046	29173.6	9724.55
2580	0.28817	27079.3	5415.86
2581	0.36759	34542.9	4934.7
2582	0.16727	15718.3	3929.59
2583	0.09690	9106.14	4553.07
2584	0.24389	22918.3	5729.58
2585	0.32408	30454.1	6090.83
2586	0.29650	27862.3	3980.32
2587	0.07742	7275.03	3637.52
2588	0.24771	23277.8	5819.46
2589	0.18498	17382.7	5794.23
2590	0.24592	23109.1	5777.28
2591	0.14814	13920.3	3480.08
2592	0.54047	50788.4	12697.1
2593	0.51235	48145.3	16048.4
2594	0.12444	11693.2	5846.59
2595	0.39900	37493.9	6248.98
2596	0.00000	0	0
2597	0.15064	14155.6	4718.54
2598	0.45486	42742.9	10685.7
2599	0.22195	20856.7	6952.25
2600	0.28574	26851.4	13425.7
