#IID	F_ROH	ROH_length_kB	KBAVG
2551	0.31440	29532.8	7383.19
2552	0.30772	28905.5	7226.38
2553	0.15261	14335.5	7167.73
2554	0.46002	43211.9	8642.38
2555	0.30898	29023.4	7255.86
2556	0.07708	7240.67	3620.33
2557	0.30854	28982.4	7245.6
2558	0.21790	20468.2	20468.2
2559	0.24205	22736.9	5684.21
2560	0.20113	18893.1	6297.7
2561	0.10809	10153.4	5076.68
2562	0.22892	21503.3	10751.6
2563	0.35337	33193	8298.26
2564	0.09185	8627.59	4313.8
2565	0.44333	41643.5	10410.9
2566	0.44828	42108.9	8421.79
2567	0.14873	13970.7	6985.34
2568	0.34359	32274.9	5379.15
2569	0.33329	31307.2	6261.44
2570	0.38961	36597.7	9149.44
2571	0.26777	25152.4	5030.49
2572	0.27065	25422.9	8474.31
2573	0.23352	21935.1	5483.78
2574	0.12016	11287	5643.48
2575	0.24774	23271.3	7757.1
2576	0.16194	15211.7	7605.85
2577	0.25335	23798.1	4759.63
2578	0.29082	27317.9	9105.98
2579	0.38544	36206.2	12068.7
2580	0.36724	34496.5	6899.3
2581	0.19575	18387.9	6129.3
2582	0.59367	55766.1	18588.7
2583	0.26192	24603.5	6150.86
2584	0.20912	19643.2	6547.72
2585	0.20226	18998.7	4749.68
2586	0.16754	15738.1	7869.06
2587	0.42576	39992.9	6665.49
2588	0.34776	32666.1	8166.51
2589	0.11665	10957.6	5478.81
2590	0.54778	51455.3	17151.8
2591	0.11751	11037.9	5518.94
2592	0.44415	41721.1	5960.16
2593	0.45560	42796.2	10699.1
2594	0.20680	19426	4856.51
2595	0.11046	10376.1	10376.1
2596	0.31241	29346.1	7336.53
2597	0.17135	16095.6	5365.19
2598	0.04717	4430.64	4430.64
2599	0.36633	34410.9	6882.18
2600	0.21075	19796.8	6598.94
