#IID	F_ROH	ROH_length_kB	KBAVG
6551	0.29310	27520.2	5504.04
6552	0.38201	35868.5	5978.08
6553	0.29407	27611.4	6902.85
6554	0.20412	19165.2	6388.41
6555	0.08818	8279.11	4139.55
6556	0.49369	46354.2	9270.83
6557	0.12537	11771	5885.48
6558	0.18551	17417.8	4354.45
6559	0.14521	13634.6	4544.87
6560	0.41739	39190.2	9797.54
6561	0.16908	15875.2	5291.73
6562	0.14622	13729.5	4576.52
6563	0.31214	29307.5	9769.18
6564	0.14504	13618	6809.01
6565	0.28450	26712.7	13356.4
6566	0.19457	18269.2	6089.73
6567	0.40985	38482.4	6413.74
6568	0.18143	17034.8	4258.7
6569	0.44295	41589.7	6931.61
6570	0.60611	56909.2	28454.6
6571	0.21702	20376.4	5094.1
6572	0.22876	21479	10739.5
6573	0.38751	36384.1	6064.02
6574	0.65837	61816.7	30908.4
6575	0.02998	2814.59	2814.59
6576	0.21121	19831.2	4957.79
6577	0.20489	19238.1	4809.53
6578	0.10016	9404.32	4702.16
6579	0.25595	24031.8	12015.9
6580	0.22006	20661.9	6887.31
6581	0.19944	18726.1	6242.04
6582	0.34946	32812	5468.66
6583	0.30934	29044.8	9681.62
6584	0.15851	14883.1	4961.02
6585	0.19264	18087.6	9043.79
6586	0.39918	37479.8	7495.96
6587	0.22681	21295.8	5323.95
6588	0.26969	25321.9	6330.49
6589	0.15596	14643.3	7321.64
6590	0.32316	30342.9	7585.73
6591	0.34528	32419.4	8104.85
6592	0.13220	12412.7	6206.35
6593	0.25355	23806.4	7935.48
6594	0.35382	33221.4	6644.29
6595	0.14116	13254.3	6627.17
6596	0.26459	24843.1	12421.6
6597	0.30756	28878.2	7219.56
6598	0.35808	33621.2	5603.53
6599	0.41249	38730.3	6455.05
6600	0.09568	8984.03	4492.01
