#IID	F_ROH	ROH_length_kB	KBAVG
4551	0.08399	7864.56	7864.56
4552	0.00000	0	0
4553	0.08237	7712.66	7712.66
4554	0.14880	13932.5	6966.27
4555	0.24750	23174.2	11587.1
4556	0.05406	5061.64	5061.64
4557	0.08940	8370.93	4185.47
4558	0.19129	17911.6	8955.78
4559	0.24150	22612.8	7537.61
4560	0.00000	0	0
4561	0.10241	9589.19	9589.19
4562	0.31249	29260.3	9753.43
4563	0.18124	16970	16970
4564	0.04501	4214.21	4214.21
4565	0.09395	8796.71	4398.35
4566	0.14797	13854.7	6927.35
4567	0.04701	4401.6	4401.6
4568	0.04630	4335.21	4335.21
4569	0.06948	6506.08	6506.08
4570	0.10813	10124.7	5062.37
4571	0.00000	0	0
4572	0.17961	16817.9	5605.96
4573	0.16546	15493	7746.51
4574	0.19451	18213.1	6071.04
4575	0.08698	8144.75	8144.75
4576	0.15496	14509.4	14509.4
4577	0.15239	14268.6	7134.3
4578	0.18024	16877.2	8438.62
4579	0.18040	16891.9	5630.63
4580	0.31249	29260.3	9753.43
4581	0.25873	24225.7	8075.23
4582	0.00000	0	0
4583	0.24037	22507.2	7502.41
4584	0.10264	9610.37	9610.37
4585	0.21916	20521.4	6840.48
4586	0.28115	26325.3	8775.11
4587	0.04630	4335.21	4335.21
4588	0.25005	23413.3	5853.32
4589	0.08802	8241.31	8241.31
4590	0.05091	4767.15	4767.15
4591	0.00000	0	0
4592	0.06879	6441.51	6441.51
4593	0.10244	9591.74	4795.87
4594	0.09594	8983.2	4491.6
4595	0.10169	9521.31	4760.66
4596	0.04846	4538.01	4538.01
4597	0.00000	0	0
4598	0.14482	13560.1	4520.03
4599	0.16803	15733.8	7866.89
4600	0.18039	16890.9	5630.3
