#IID	F_ROH	ROH_length_kB	KBAVG
4551	0.11754	10858.2	5429.08
4552	0.16765	15487.6	5162.54
4553	0.00000	0	0
4554	0.09402	8685.17	4342.59
4555	0.22641	20915.8	6971.93
4556	0.07157	6611.67	6611.67
4557	0.22987	21235.1	7078.38
4558	0.02949	2723.87	2723.87
4559	0.14174	13093.4	4364.45
4560	0.18262	16870.1	4217.52
4561	0.50237	46408.5	23204.3
4562	0.31823	29397.8	5879.56
4563	0.00000	0	0
4564	0.31762	29340.8	5868.16
4565	0.11804	10903.9	5451.96
4566	0.16477	15220.9	5073.64
4567	0.12867	11886.2	5943.08
4568	0.14976	13834.2	6917.09
4569	0.26954	24899.7	6224.93
4570	0.33007	30491.5	5081.91
4571	0.09518	8792.6	4396.3
4572	0.17751	16398.3	5466.09
4573	0.22921	21173.6	5293.4
4574	0.08504	7855.92	7855.92
4575	0.13182	12176.9	4058.95
4576	0.15706	14509.1	4836.38
4577	0.23649	21846.5	5461.62
4578	0.15002	13859	6929.51
4579	0.21262	19641.8	9820.9
4580	0.10016	9252.7	4626.35
4581	0.14621	13507.1	6753.54
4582	0.28410	26244.4	8748.14
4583	0.33585	31025.7	10341.9
4584	0.21975	20300.6	10150.3
4585	0.15903	14690.8	7345.4
4586	0.21356	19728.2	6576.06
4587	0.16259	15019.4	7509.71
4588	0.29145	26923.4	6730.86
4589	0.31589	29181	7295.25
4590	0.14894	13758.6	4586.21
4591	0.05244	4844.57	4844.57
4592	0.10183	9407.22	4703.61
4593	0.09477	8754.46	4377.23
4594	0.18985	17537.9	4384.46
4595	0.20878	19287.1	6429.02
4596	0.12921	11936.1	5968.06
4597	0.00000	0	0
4598	0.50952	47068.2	15689.4
4599	0.05283	4880.15	4880.15
4600	0.24421	22559.7	7519.9
