#IID	F_ROH	ROH_length_kB	KBAVG
2551	0.42348	39075.4	6512.57
2552	0.44487	41048.5	6841.41
2553	0.35934	33156.5	11052.2
2554	0.22754	20995.2	5248.79
2555	0.36075	33286.8	8321.71
2556	0.35453	32713.2	10904.4
2557	0.37146	34275.3	4896.47
2558	0.32101	29620.6	4936.76
2559	0.42214	38951.2	6491.86
2560	0.39686	36619.2	9154.81
2561	0.49866	46011.8	11502.9
2562	0.19235	17748.2	8874.11
2563	0.90031	83073.4	20768.3
2564	0.03369	3108.5	3108.5
2565	0.34675	31995.5	7998.88
2566	0.46741	43128.9	10782.2
2567	0.55109	50850.1	8475.01
2568	0.31645	29199	5839.8
2569	0.16235	14980.3	4993.45
2570	0.51183	47227.4	11806.9
2571	0.12433	11472.4	3824.15
2572	0.44389	40958.7	8191.74
2573	0.25830	23833.7	5958.42
2574	0.79088	72975.9	18244
2575	0.29610	27321.5	6830.38
2576	0.25059	23122	5780.49
2577	0.29444	27168.4	9056.14
2578	0.28503	26300	8766.66
2579	0.30123	27795.2	6948.8
2580	0.18655	17213.2	5737.74
2581	0.50084	46213.5	6601.92
2582	0.13484	12441.8	6220.9
2583	0.34167	31526.7	6305.34
2584	0.32695	30168.5	7542.12
2585	0.32381	29878.9	5975.78
2586	0.37144	34273.5	8568.37
2587	0.73134	67481.7	11246.9
2588	0.37471	34574.9	11525
2589	0.14222	13123	6561.51
2590	0.28865	26634.6	6658.65
2591	0.43147	39812.3	5687.47
2592	0.31487	29053.7	4842.29
2593	0.36191	33393.7	8348.42
2594	0.14390	13278.2	4426.07
2595	0.18997	17529.3	8764.66
2596	0.30499	28142	5628.4
2597	0.37702	34787.9	6957.59
2598	0.52563	48501.2	12125.3
2599	0.17931	16545.2	5515.08
2600	0.47652	43969.4	8793.89
