#IID	F_ROH	ROH_length_kB	KBAVG
4551	0.19893	18698.8	6232.93
4552	0.51366	48281.3	9656.25
4553	0.28481	26770.4	6692.61
4554	0.22861	21488	7162.65
4555	0.25537	24003.2	12001.6
4556	0.26409	24823.2	6205.8
4557	0.18997	17856.3	5952.11
4558	0.45964	43204.1	14401.4
4559	0.00000	0	0
4560	0.37881	35606.7	8901.68
4561	0.10343	9721.47	9721.47
4562	0.37810	35539.6	7107.93
4563	0.37082	34855.3	8713.82
4564	0.26803	25193.6	8397.87
4565	0.00000	0	0
4566	0.00000	0	0
4567	0.20320	19100.2	6366.72
4568	0.27064	25438.9	5087.78
4569	0.16016	15053.9	7526.94
4570	0.12769	12002.1	6001.03
4571	0.16552	15558.2	7779.11
4572	0.17037	16013.7	5337.89
4573	0.21348	20066.5	10033.2
4574	0.00000	0	0
4575	0.29989	28188.1	28188.1
4576	0.18928	17791.4	5930.47
4577	0.10716	10072.3	10072.3
4578	0.11746	11040.9	5520.46
4579	0.14077	13231.7	4410.58
4580	0.14960	14061.8	7030.89
4581	0.16256	15279.6	5093.21
4582	0.08268	7771.09	7771.09
4583	0.14300	13441.2	6720.61
4584	0.65660	61717.3	61717.3
4585	0.31638	29738.7	7434.68
4586	0.04590	4314.04	4314.04
4587	0.28588	26871.5	8957.17
4588	0.38963	36623	12207.7
4589	0.32146	30215.6	15107.8
4590	0.22952	21573.7	7191.23
4591	0.42015	39491.7	6581.94
4592	0.23969	22529.8	5632.44
4593	0.22434	21086.7	7028.91
4594	0.26422	24835.9	8278.63
4595	0.39407	37041	12347
4596	0.05638	5299.28	5299.28
4597	0.27294	25654.8	8551.59
4598	0.22580	21224	7074.67
4599	0.07428	6982.29	6982.29
4600	0.08268	7771.8	3885.9
