#IID	F_ROH	ROH_length_kB	KBAVG
2551	0.09550	8971.15	8971.15
2552	0.22528	21163.9	21163.9
2553	0.04272	4012.84	4012.84
2554	0.31392	29491.1	7372.77
2555	0.48148	45232.1	7538.68
2556	0.30380	28540.4	7135.1
2557	0.00000	0	0
2558	0.21047	19771.8	6590.61
2559	0.09534	8956.15	8956.15
2560	0.32508	30538.7	6107.74
2561	0.16275	15289.4	5096.45
2562	0.40746	38278.2	7655.64
2563	0.23366	21951.1	7317.04
2564	0.28487	26761.2	8920.39
2565	0.26308	24714.2	8238.08
2566	0.47723	44832.1	8966.43
2567	0.16566	15562.5	3890.62
2568	0.14443	13568.1	4522.7
2569	0.22410	21052.3	10526.2
2570	0.13966	13120	6559.98
2571	0.20056	18841.1	9420.54
2572	0.28486	26760.2	6690.05
2573	0.43502	40867.2	5838.18
2574	0.21209	19924.3	9962.15
2575	0.26506	24900.9	6225.22
2576	0.08411	7901.22	7901.22
2577	0.29969	28154.3	7038.58
2578	0.19754	18557.6	6185.86
2579	0.12525	11766.2	3922.07
2580	0.33151	31143.5	7785.88
2581	0.55563	52197.9	10439.6
2582	0.23532	22106.4	5526.6
2583	0.45138	42403.9	10601
2584	0.34352	32270.9	6454.19
2585	0.36971	34731.8	17365.9
2586	0.07435	6984.32	6984.32
2587	0.42389	39821.7	13273.9
2588	0.11740	11029.1	11029.1
2589	0.25677	24121.4	8040.46
2590	0.09318	8753.48	4376.74
2591	0.19057	17902.4	4475.59
2592	0.19602	18414.9	6138.28
2593	0.12611	11847	11847
2594	0.36711	34487.3	5747.88
2595	0.20583	19336	9667.99
2596	0.34906	32791.7	8197.94
2597	0.05813	5461.13	2730.57
2598	0.08440	7929.17	7929.17
2599	0.32743	30760.2	7690.06
2600	0.22533	21168.2	4233.65
