#IID	F_ROH	ROH_length_kB	KBAVG
8551	0.16062	15089.6	3772.4
8552	0.28576	26846.3	13423.1
8553	0.37289	35032.9	11677.6
8554	0.29522	27735.4	6933.86
8555	0.25877	24310.6	6077.66
8556	0.20564	19319.7	4829.92
8557	0.32354	30396.4	15198.2
8558	0.15981	15013.5	5004.48
8559	0.13480	12664.2	6332.08
8560	0.20259	19032.7	4758.17
8561	0.40447	37999.3	9499.83
8562	0.28981	27227.3	9075.76
8563	0.30008	28192.2	5638.45
8564	0.20012	18800.8	4700.2
8565	0.42710	40125.1	13375
8566	0.11808	11093.8	5546.91
8567	0.46274	43474	10868.5
8568	0.29322	27547.5	9182.52
8569	0.38292	35974.3	8993.58
8570	0.34710	32609.1	6521.82
8571	0.41869	39335.2	7867.05
8572	0.46503	43689.2	8737.85
8573	0.26548	24941.4	4988.28
8574	0.45284	42543.8	10635.9
8575	0.38074	35770.1	7154.02
8576	0.35119	32993.7	6598.73
8577	0.33102	31098.5	15549.2
8578	0.17174	16134.5	5378.15
8579	0.17599	16534.4	8267.22
8580	0.25215	23689.5	5922.38
8581	0.03313	3112.41	3112.41
8582	0.25982	24409.9	6102.48
8583	0.25547	24000.9	8000.29
8584	0.30495	28649.9	7162.48
8585	0.34329	32251.7	8062.92
8586	0.32931	30938.5	6187.7
8587	0.44772	42062.2	8412.43
8588	0.43936	41277.4	10319.4
8589	1.00000	93948.5	93948.5
8590	0.28924	27173.3	6793.33
8591	0.40703	38239.5	12746.5
8592	0.44603	41904.2	6984.03
8593	0.42260	39703.1	13234.4
8594	0.22117	20778.6	5194.66
8595	0.22636	21266.1	4253.23
8596	0.36645	34427.3	34427.3
8597	0.16619	15613.4	7806.68
8598	0.53659	50412.1	8402.02
8599	0.14361	13492.3	6746.15
8600	0.31428	29526	5905.2
