#IID	F_ROH	ROH_length_kB	KBAVG
4551	0.28554	26794.6	5358.93
4552	0.23183	21754.7	5438.68
4553	0.13576	12739.5	6369.74
4554	0.16067	15077.1	7538.56
4555	0.36086	33863.3	8465.82
4556	0.14210	13334.7	6667.34
4557	0.48129	45164.6	9032.92
4558	0.32085	30108.2	10036.1
4559	0.21141	19838.3	6612.78
4560	0.11829	11100.7	5550.33
4561	0.27515	25819.9	6454.98
4562	0.27724	26016.1	6504.03
4563	0.28111	26379.3	6594.83
4564	0.30691	28800.6	7200.15
4565	0.28574	26813.4	6703.34
4566	0.40021	37555.3	6259.22
4567	0.18921	17755.1	8877.54
4568	0.13960	13100.2	6550.11
4569	0.34462	32339.2	6467.84
4570	0.30868	28966.9	9655.65
4571	0.10415	9773.65	4886.83
4572	0.33239	31191.5	6238.3
4573	0.19398	18202.6	6067.53
4574	0.28299	26555.3	6638.82
4575	0.32760	30741.5	30741.5
4576	0.36374	34133.2	8533.3
4577	0.31091	29175.5	7293.88
4578	0.16054	15064.6	7532.28
4579	0.35797	33591.5	6718.3
4580	0.25261	23705	7901.68
4581	0.58086	54508.1	13627
4582	0.09961	9347.51	4673.76
4583	0.18942	17774.9	4443.72
4584	0.54168	50830.8	16943.6
4585	0.39404	36977.1	9244.27
4586	0.67906	63722.6	31861.3
4587	0.39204	36788.9	12263
4588	0.19517	18314.4	6104.81
4589	0.16704	15675.2	7837.61
4590	0.21825	20480.2	6826.73
4591	0.31643	29693.7	5938.75
4592	0.16341	15334.4	7667.19
4593	0.11936	11200.8	5600.39
4594	0.25046	23502.8	5875.69
4595	0.15960	14976.5	7488.23
4596	0.17484	16406.7	5468.91
4597	0.06406	6011.56	6011.56
4598	0.23153	21726.3	7242.09
4599	0.15910	14929.8	4976.59
4600	0.22993	21576.8	5394.2
