#IID	F_ROH	ROH_length_kB	KBAVG
2551	0.26939	24907.1	6226.78
2552	0.55952	51730.9	12932.7
2553	0.13433	12419.5	6209.74
2554	0.30577	28270.5	7067.64
2555	0.23869	22068.2	7356.07
2556	0.34577	31969	5328.16
2557	0.16803	15535.5	7767.77
2558	0.14283	13205.9	4401.97
2559	0.30166	27890.3	9296.77
2560	0.34810	32184.2	10728.1
2561	0.13273	12271.9	6135.97
2562	0.18247	16870.6	8435.28
2563	0.26572	24567.3	8189.11
2564	0.35642	32953	16476.5
2565	0.19301	17844.8	17844.8
2566	0.17184	15887.5	7943.75
2567	0.24932	23051.6	7683.87
2568	0.23249	21495	5373.75
2569	0.21284	19678.1	6559.35
2570	0.37786	34935.6	6987.12
2571	0.32545	30089.7	15044.8
2572	0.04678	4324.76	4324.76
2573	0.41294	38178.7	6363.12
2574	0.28319	26182.8	5236.57
2575	0.40314	37273.4	7454.68
2576	0.05991	5538.96	5538.96
2577	0.12062	11152.5	3717.48
2578	0.27186	25135.5	6283.89
2579	0.32786	30313	10104.3
2580	0.20379	18842.1	6280.71
2581	0.28619	26460.4	6615.1
2582	1.00000	92456.6	92456.6
2583	0.28666	26503.2	5300.64
2584	0.19763	18271.8	4567.95
2585	0.63568	58772.5	14693.1
2586	0.03143	2905.63	2905.63
2587	0.49709	45959.4	15319.8
2588	0.21564	19937.2	3987.45
2589	0.19680	18195.5	4548.87
2590	0.04415	4081.56	4081.56
2591	0.17546	16222.5	4055.62
2592	0.46265	42774.7	8554.95
2593	0.15928	14726.1	3681.53
2594	0.03899	3605.08	3605.08
2595	0.57137	52827.3	13206.8
2596	0.31978	29565.9	5913.17
2597	0.00000	0	0
2598	0.31782	29384.5	5876.9
2599	0.38864	35932.7	11977.6
2600	0.27594	25512.3	5102.45
