#IID	F_ROH	ROH_length_kB	KBAVG
2551	0.44961	42260	8452.01
2552	0.19300	18140.2	9070.09
2553	0.29272	27513.8	6878.44
2554	0.38746	36418	9104.5
2555	0.39823	37430.5	9357.63
2556	0.26200	24625.6	12312.8
2557	0.21928	20611.1	10305.6
2558	0.34489	32417.1	10805.7
2559	0.29359	27595.2	6898.79
2560	0.28631	26911.3	8970.43
2561	0.36160	33988	8496.99
2562	0.42804	40233	8046.6
2563	0.42588	40030	8006
2564	0.24340	22877.6	4575.52
2565	0.37348	35104.1	8776.02
2566	0.43694	41069.1	10267.3
2567	0.44812	42119.6	8423.91
2568	0.20820	19568.9	6522.97
2569	0.31980	30059	7514.74
2570	0.41115	38644.8	7728.96
2571	0.29414	27646.7	9215.57
2572	0.55287	51965.6	17321.9
2573	0.25889	24333.4	8111.15
2574	0.49521	46545.7	9309.13
2575	0.15072	14166.2	7083.08
2576	0.23904	22467.8	5616.95
2577	0.28185	26491.7	6622.92
2578	0.15601	14663.5	7331.76
2579	0.13459	12650.3	4216.76
2580	0.39597	37218.7	12406.2
2581	0.26596	24997.9	8332.63
2582	0.24532	23058.3	11529.2
2583	0.19479	18309	9154.49
2584	0.25304	23784.3	11892.1
2585	0.14245	13389.6	6694.79
2586	0.41182	38708.2	9677.05
2587	0.17674	16612	5537.33
2588	0.42102	39572.4	7914.47
2589	0.20144	18933.9	6311.29
2590	0.34586	32508.2	8127.05
2591	0.19981	18780.6	6260.19
2592	0.30877	29022.1	7255.52
2593	0.19401	18235.8	6078.62
2594	0.26780	25171.1	8390.37
2595	0.29681	27897.6	9299.21
2596	0.32483	30531.3	7632.83
2597	0.45210	42493.8	8498.75
2598	0.15854	14901.6	4967.19
2599	0.31741	29834.6	9944.88
2600	0.49337	46373.4	15457.8
