#IID	F_ROH	ROH_length_kB	KBAVG
6551	0.12189	11258.6	11258.6
6552	0.41394	38233.8	7646.76
6553	0.23808	21990.4	7330.14
6554	0.37638	34764.6	11588.2
6555	0.05986	5529	5529
6556	0.37990	35089.6	7017.92
6557	0.32255	29792.5	5958.5
6558	0.23018	21260.3	4252.07
6559	0.28293	26132.8	8710.92
6560	0.55488	51251.8	17083.9
6561	0.07560	6982.52	6982.52
6562	0.26710	24670.6	6167.64
6563	0.18504	17090.9	8545.47
6564	0.22559	20836.6	6945.55
6565	0.22446	20732	5182.99
6566	0.27128	25056.9	12528.5
6567	0.81748	75506.5	15101.3
6568	0.28044	25903.3	8634.44
6569	0.30300	27986.6	6996.65
6570	0.11856	10950.9	10950.9
6571	0.25591	23636.9	5909.22
6572	0.72836	67275.5	22425.2
6573	0.17655	16307.1	5435.69
6574	0.35504	32793.1	6558.62
6575	0.50572	46711.2	7785.19
6576	0.17758	16402.5	5467.51
6577	0.16183	14947.8	4982.59
6578	0.12225	11291.5	3763.84
6579	0.22447	20733.7	10366.9
6580	0.47617	43981.5	7330.25
6581	0.31890	29455.1	7363.76
6582	0.29594	27334.7	6833.69
6583	0.66340	61275	12255
6584	0.70563	65175.7	13035.1
6585	0.24294	22439.3	5609.82
6586	0.21383	19750.8	4937.7
6587	0.32879	30369.2	10123.1
6588	0.17125	15817.3	5272.44
6589	0.30488	28160.4	4693.41
6590	0.33489	30932.1	7733.03
6591	0.37513	34648.6	8662.15
6592	0.09516	8789.64	8789.64
6593	0.28838	26636.6	13318.3
6594	0.03287	3036.05	3036.05
6595	0.92890	85798.3	42899.1
6596	0.31929	29491.4	5898.29
6597	0.45227	41774	8354.8
6598	0.14164	13082.6	6541.32
6599	0.42503	39258.2	6543.03
6600	0.32057	29609.1	29609.1
