#IID	F_ROH	ROH_length_kB	KBAVG
4551	0.09666	9079.52	4539.76
4552	0.00000	0	0
4553	0.32255	30299.4	6059.89
4554	0.24613	23120.8	5780.19
4555	0.09916	9314.98	4657.49
4556	0.31889	29955.2	5991.03
4557	0.20027	18813	9406.49
4558	0.52154	48991.7	8165.28
4559	0.46585	43760.3	7293.38
4560	0.22663	21288.5	4257.7
4561	0.33429	31401.8	7850.44
4562	0.33335	31314	7828.51
4563	0.19390	18214.4	3642.88
4564	0.11823	11106.5	5553.26
4565	0.23257	21846.7	7282.24
4566	0.10679	10031.6	5015.79
4567	0.32424	30457.4	7614.35
4568	0.20453	19212.4	4803.1
4569	0.81950	76980.2	25660.1
4570	0.18110	17012.2	5670.73
4571	0.25105	23582.5	5895.62
4572	0.21227	19939.5	6646.5
4573	0.08703	8174.97	4087.49
4574	0.00000	0	0
4575	0.10286	9661.88	4830.94
4576	0.29565	27772	6943.01
4577	0.09036	8487.84	8487.84
4578	0.22516	21151	4230.19
4579	0.26133	24548.4	4909.69
4580	0.42702	40112.2	8022.44
4581	0.36988	34745.2	6949.05
4582	0.20427	19188.6	19188.6
4583	0.25120	23596.9	5899.23
4584	0.09250	8689.43	4344.72
4585	0.15030	14118.9	7059.44
4586	0.44183	41503.3	20751.6
4587	0.40105	37672.7	7534.53
4588	0.36430	34220.5	5703.41
4589	0.38972	36608.3	9152.08
4590	0.15702	14749.5	3687.36
4591	0.04560	4283.91	4283.91
4592	0.15387	14453.9	4817.95
4593	0.31875	29942.4	7485.59
4594	0.24246	22775.7	11387.8
4595	0.44031	41360.6	13786.9
4596	0.28064	26362.1	5272.42
4597	0.46678	43847.3	10961.8
4598	0.05089	4780.28	4780.28
4599	0.05637	5294.75	2647.38
4600	0.00000	0	0
