#IID	F_ROH	ROH_length_kB	KBAVG
38551	0.46267	43398.7	7233.11
38552	0.18946	17771.6	8885.79
38553	0.25657	24066.9	6016.72
38554	0.29180	27371.5	4561.92
38555	0.31564	29607.6	7401.89
38556	0.26686	25032.3	6258.06
38557	0.16161	15159.1	7579.53
38558	0.25682	24089.7	6022.42
38559	0.36205	33960.8	6792.17
38560	0.31879	29902.7	4983.78
38561	0.36545	34279.8	8569.95
38562	0.47514	44568.5	5571.06
38563	0.23233	21792.9	7264.31
38564	0.24575	23052	11526
38565	0.21337	20014	6671.33
38566	0.12005	11261	5630.52
38567	0.26711	25055.4	6263.85
38568	0.36828	34544.8	8636.19
38569	0.23881	22400.6	5600.16
38570	0.33570	31489	6297.8
38571	0.28542	26773.1	4462.19
38572	0.26889	25222.6	6305.66
38573	0.25878	24273.5	6068.38
38574	0.32158	30165.1	6033.01
38575	0.53922	50579.5	8429.91
38576	0.30319	28439.3	9479.78
38577	0.44014	41285.8	13761.9
38578	0.29200	27390.2	6847.55
38579	0.29219	27407.8	9135.95
38580	0.63326	59400.6	14850.2
38581	0.13447	12613.9	6306.94
38582	0.20462	19193.6	4798.4
38583	0.17601	16509.7	4127.41
38584	0.29104	27300	9100
38585	0.09752	9147.06	4573.53
38586	0.40319	37819.9	6303.31
38587	0.18155	17029.6	5676.53
38588	0.17710	16611.9	4152.97
38589	0.71032	66629.4	22209.8
38590	0.19751	18526.4	6175.46
38591	0.27076	25397.2	4232.86
38592	0.50186	47075.1	15691.7
38593	0.40475	37966.5	6327.76
38594	0.14493	13594.9	4531.64
38595	0.20141	18892.7	4723.18
38596	0.64286	60301	12060.2
38597	0.24940	23394.2	4678.84
38598	0.40097	37611.4	5373.06
38599	0.28996	27198.6	6799.65
38600	0.19207	18016.4	6005.45
