#IID	F_ROH	ROH_length_kB	KBAVG
8551	0.09248	8684.23	4342.11
8552	0.26814	25180.6	12590.3
8553	0.38465	36121.1	6020.19
8554	0.14362	13487.3	6743.67
8555	0.19339	18161.2	6053.72
8556	0.47233	44355.1	11088.8
8557	0.75749	71134.1	23711.4
8558	0.20236	19002.9	6334.3
8559	0.21773	20446.9	5111.71
8560	0.30258	28414.2	14207.1
8561	0.35433	33273.9	11091.3
8562	0.21498	20188.3	10094.1
8563	0.47235	44357.5	11089.4
8564	0.42892	40278.4	10069.6
8565	0.00000	0	0
8566	0.26389	24780.9	8260.31
8567	0.34821	32699.8	8174.95
8568	0.15811	14847.4	4949.13
8569	0.32221	30258.1	10086
8570	0.36723	34485.6	8621.39
8571	0.30208	28367.3	9455.76
8572	0.39956	37522.1	5360.31
8573	0.31584	29659.8	5931.97
8574	0.07875	7395.48	3697.74
8575	0.18931	17778.1	8889.07
8576	0.21529	20217.8	6739.25
8577	0.30407	28554.8	7138.69
8578	0.18147	17041.1	8520.56
8579	0.41019	38520.1	7704.01
8580	0.22523	21151	5287.76
8581	0.28510	26773.2	5354.64
8582	0.00000	0	0
8583	0.33583	31536.6	7884.16
8584	0.12342	11590.4	5795.19
8585	0.22458	21089.7	5272.43
8586	0.12197	11454.2	5727.1
8587	0.06950	6526.49	6526.49
8588	0.12540	11776	5887.98
8589	0.32136	30178.5	7544.62
8590	0.15710	14753.1	4917.69
8591	0.21512	20201.8	6733.93
8592	0.28455	26721.2	13360.6
8593	0.33162	31141.7	7785.41
8594	0.29239	27457.8	5491.57
8595	0.18704	17564.5	8782.24
8596	0.33114	31096.7	6219.33
8597	0.09678	9088.49	4544.25
8598	0.21543	20230.9	6743.63
8599	0.23436	22008.1	7336.05
8600	0.17709	16630	8314.98
