#IID	F_ROH	ROH_length_kB	KBAVG
12551	0.13893	12839.7	6419.86
12552	0.06400	5914.3	5914.3
12553	0.35411	32725.8	8181.46
12554	0.27181	25119.7	6279.92
12555	0.37366	34532.3	11510.8
12556	0.45528	42075.7	7012.61
12557	0.31931	29509.2	5901.84
12558	0.20961	19371.4	6457.13
12559	0.05097	4710.17	4710.17
12560	0.21549	19914.4	6638.13
12561	0.38275	35372.6	5053.23
12562	0.35328	32649	4664.15
12563	0.29929	27659.7	5531.94
12564	0.29970	27697.2	9232.4
12565	0.48659	44969.1	7494.84
12566	0.46198	42694.2	8538.84
12567	0.12284	11352	3784.02
12568	0.27203	25140.3	6285.07
12569	0.34548	31928.2	6385.64
12570	0.06788	6273.04	3136.52
12571	0.17156	15855.1	7927.55
12572	0.73981	68370.9	22790.3
12573	0.45988	42500.9	6071.55
12574	0.17530	16200.8	4050.19
12575	0.68557	63357.8	9051.11
12576	0.02822	2607.63	2607.63
12577	0.23337	21567.2	7189.06
12578	0.28604	26434.7	5286.93
12579	0.25075	23173.6	7724.55
12580	0.12256	11326.9	5663.46
12581	0.36722	33937.5	8484.38
12582	0.28075	25945.7	6486.42
12583	0.07288	6735.2	3367.6
12584	0.26990	24943.1	8314.36
12585	0.51934	47995.6	11998.9
12586	0.25145	23238.3	7746.1
12587	0.09591	8863.42	4431.71
12588	0.31393	29012.7	5802.54
12589	0.31931	29509.3	7377.31
12590	0.37781	34916.2	5819.37
12591	0.07043	6508.63	6508.63
12592	0.14604	13496.8	13496.8
12593	0.36728	33942.5	16971.2
12594	0.19557	18073.5	4518.38
12595	0.19573	18088.8	9044.41
12596	0.18100	16727	8363.52
12597	0.34938	32288.9	10763
12598	0.58253	53835.2	10767
12599	0.18467	17066.1	5688.71
12600	0.45308	41871.9	8374.38
