#IID	F_ROH	ROH_length_kB	KBAVG
2551	0.20200	18979.7	6326.55
2552	0.11839	11124.1	3708.02
2553	0.17411	16359.2	8179.58
2554	0.36417	34216.3	8554.06
2555	0.14182	13324.9	4441.62
2556	0.04154	3903.3	3903.3
2557	0.31125	29244.5	9748.16
2558	0.15631	14686.9	4895.62
2559	0.17109	16074.9	8037.46
2560	0.56089	52699.5	10539.9
2561	0.28746	27009.3	9003.08
2562	0.49941	46923.8	15641.3
2563	0.14340	13473.1	6736.54
2564	0.34968	32855.2	8213.79
2565	0.19966	18759.2	6253.07
2566	0.19506	18327.2	6109.07
2567	0.23786	22349	7449.65
2568	0.57907	54407.9	10881.6
2569	0.43462	40835.8	8167.17
2570	0.33383	31365.7	10455.2
2571	0.11080	10410.3	5205.17
2572	0.38456	36132.6	12044.2
2573	0.24713	23219.4	5804.84
2574	0.37868	35579.5	7115.89
2575	0.07630	7169.42	7169.42
2576	0.51922	48785	9756.99
2577	0.54575	51277	17092.3
2578	0.14002	13156.3	6578.14
2579	0.12955	12171.9	6085.97
2580	0.13957	13114	13114
2581	0.81002	76107.9	25369.3
2582	0.35049	32930.8	8232.7
2583	0.51618	48499.1	8083.19
2584	0.14103	13251.3	6625.63
2585	0.37251	35000.6	7000.12
2586	0.28334	26622.4	8874.12
2587	0.32000	30066.2	6013.23
2588	0.24146	22686.9	7562.29
2589	0.26125	24546.8	4909.35
2590	0.43716	41074.1	6845.68
2591	0.13381	12572.2	4190.72
2592	0.24785	23287.2	7762.42
2593	0.16276	15292.1	15292.1
2594	0.41302	38805.9	7761.19
2595	0.18559	17437.8	17437.8
2596	0.30885	29018.4	7254.61
2597	0.15432	14499.4	4833.14
2598	0.47896	45002.4	11250.6
2599	0.41044	38563.6	9640.9
2600	0.23559	22135.5	7378.5
