#IID	F_ROH	ROH_length_kB	KBAVG
10551	0.27065	25410.7	5082.14
10552	0.51547	48395.5	12098.9
10553	0.27299	25629.7	8543.22
10554	0.43717	41044.6	10261.2
10555	0.54901	51544.7	10308.9
10556	0.17250	16195.3	5398.44
10557	0.11833	11109.6	5554.79
10558	0.21227	19929.2	9964.62
10559	0.37180	34907.1	6981.42
10560	0.31443	29521.2	14760.6
10561	0.22364	20997.1	4199.41
10562	0.13687	12849.8	3212.46
10563	0.23702	22253.2	5563.29
10564	0.29498	27695	13847.5
10565	0.20959	19677.6	6559.18
10566	0.00000	0	0
10567	0.57665	54139.3	10827.9
10568	0.30769	28887.8	9629.27
10569	0.29651	27838.7	9279.57
10570	0.22560	21181.2	5295.31
10571	0.38580	36221.1	6036.84
10572	0.35734	33549.5	16774.7
10573	0.25033	23502.9	7834.32
10574	0.29183	27398.5	6849.63
10575	0.04809	4514.54	4514.54
10576	0.16559	15546.6	7773.31
10577	0.68466	64280.1	32140.1
10578	0.03359	3153.2	3153.2
10579	0.12666	11891.5	3963.84
10580	0.47780	44858.8	8971.75
10581	0.52056	48873.4	9774.69
10582	0.26452	24834.8	8278.28
10583	0.12333	11579.3	5789.64
10584	0.37251	34974.1	8743.54
10585	0.68023	63864.7	15966.2
10586	0.34884	32751.4	10917.1
10587	0.38675	36310.6	9077.64
10588	0.37424	35135.9	7027.17
10589	0.56489	53035.5	26517.8
10590	0.07703	7232.41	3616.2
10591	0.16666	15646.7	15646.7
10592	0.24699	23189.2	7729.75
10593	0.04871	4572.8	4572.8
10594	0.48985	45990.4	15330.1
10595	0.31443	29521.2	14760.6
10596	0.25253	23709.4	7903.12
10597	0.32175	30208.3	10069.4
10598	0.21109	19818.8	4954.69
10599	0.57215	53717	10743.4
10600	0.28928	27159.2	6789.81
