#IID	F_ROH	ROH_length_kB	KBAVG
2551	0.25434	21618.7	10809.4
2552	0.32528	27648.5	5529.69
2553	0.37464	31844.2	7961.06
2554	0.31353	26649.6	13324.8
2555	0.22650	19252.4	3850.48
2556	0.16609	14117.9	7058.93
2557	0.27309	23212.8	7737.61
2558	0.18729	15919.5	7959.74
2559	0.24623	20929.6	5232.41
2560	0.04810	4088.71	4088.71
2561	0.23337	19835.9	6611.96
2562	0.19930	16940.2	5646.72
2563	0.20896	17761.2	5920.39
2564	0.30548	25965.6	6491.4
2565	0.40966	34820.5	11606.8
2566	0.16320	13872	6935.98
2567	0.12469	10598.7	3532.92
2568	0.29386	24978	6244.51
2569	0.11340	9638.76	4819.38
2570	0.62957	53512.4	13378.1
2571	0.35670	30318.9	6063.77
2572	0.35418	30105.2	15052.6
2573	0.13790	11721.3	3907.09
2574	0.10492	8918.39	8918.39
2575	0.13081	11118.4	11118.4
2576	0.12498	10623.2	5311.59
2577	0.20675	17573.2	8786.58
2578	0.22094	18779.5	4694.87
2579	0.15678	13326.2	6663.1
2580	0.26634	22638.5	5659.62
2581	0.04810	4088.71	4088.71
2582	0.19976	16979.8	5659.94
2583	0.13812	11740.1	5870.06
2584	0.05436	4620.96	4620.96
2585	0.35685	30332.2	10110.7
2586	0.20590	17501.4	4375.34
2587	0.44209	37577.2	12525.7
2588	0.20675	17573.2	8786.58
2589	0.20642	17545.7	5848.57
2590	0.08955	7611.51	7611.51
2591	0.34813	29590.5	7397.62
2592	0.30002	25501.7	6375.42
2593	0.17520	14891.4	7445.7
2594	0.44543	37861.3	9465.32
2595	0.76556	65071.7	16267.9
2596	0.13199	11218.8	5609.39
2597	0.16643	14146.5	4715.51
2598	0.18977	16130.4	5376.8
2599	0.21796	18526.3	6175.44
2600	0.11670	9919.75	4959.87
