#IID	F_ROH	ROH_length_kB	KBAVG
2551	0.17064	16003.8	4000.96
2552	0.20559	19282.5	9641.27
2553	0.36006	33769.5	8442.38
2554	0.26454	24811.1	6202.77
2555	0.43195	40512.1	13504
2556	0.25281	23710.6	7903.52
2557	0.26992	25315.8	6328.94
2558	0.09195	8624	4312
2559	0.12266	11504.2	5752.1
2560	0.13684	12834.6	4278.19
2561	0.14712	13798.6	6899.29
2562	0.27485	25777.6	8592.53
2563	0.18536	17384.7	5794.91
2564	0.02820	2644.55	2644.55
2565	0.17060	16000.1	4000.02
2566	0.13823	12964.7	6482.34
2567	0.03626	3400.95	3400.95
2568	0.20816	19522.9	4880.72
2569	0.12679	11891.3	5945.63
2570	0.18427	17283	8641.49
2571	0.03583	3360.43	3360.43
2572	0.22176	20798.6	6932.85
2573	0.14802	13883.1	3470.76
2574	0.03506	3288.29	3288.29
2575	0.15972	14979.8	14979.8
2576	0.41813	39216	13072
2577	0.24758	23220.4	11610.2
2578	0.52390	49136.6	24568.3
2579	0.20552	19275.5	6425.17
2580	0.24976	23424.9	23424.9
2581	0.18373	17232	5743.99
2582	0.00000	0	0
2583	0.16701	15663.4	5221.13
2584	0.28835	27044.1	13522.1
2585	0.16581	15551.2	5183.72
2586	0.04344	4073.94	4073.94
2587	0.15278	14329.4	7164.71
2588	0.19248	18052.7	9026.33
2589	0.46673	43774.8	14591.6
2590	0.25640	24047.9	4809.59
2591	0.19244	18049.3	6016.43
2592	0.22991	21562.9	7187.65
2593	0.11932	11191	5595.5
2594	0.45126	42323.1	10580.8
2595	0.13742	12888.6	6444.31
2596	0.14621	13712.7	4570.89
2597	0.31185	29248.4	5849.69
2598	0.30013	28149.2	9383.06
2599	0.29599	27761.2	5552.24
2600	0.10298	9658.15	4829.07
