#IID	F_ROH	ROH_length_kB	KBAVG
2551	0.37009	34191.7	8547.93
2552	0.36260	33499.2	11166.4
2553	0.47379	43772	8754.39
2554	0.33834	31257.8	10419.3
2555	0.10245	9464.76	4732.38
2556	0.29449	27206.7	6801.67
2557	0.11416	10546.6	5273.31
2558	0.43220	39929.6	13309.9
2559	0.21533	19893.6	9946.81
2560	0.34814	32163.2	8040.79
2561	0.30517	28193.5	14096.8
2562	0.45975	42475.1	10618.8
2563	0.34283	31672.7	10557.6
2564	0.21432	19800.1	6600.03
2565	0.26933	24882.9	6220.73
2566	0.34934	32274	16137
2567	0.48085	44424.6	14808.2
2568	0.42673	39424	9856.01
2569	0.33003	30490.2	10163.4
2570	0.20440	18883.9	9441.96
2571	0.34696	32054.8	6410.97
2572	0.29565	27313.8	9104.61
2573	0.08594	7939.57	7939.57
2574	0.60551	55941.5	13985.4
2575	0.22280	20583.5	6861.18
2576	0.31528	29127.6	9709.19
2577	0.34108	31511.7	15755.9
2578	0.24718	22836.3	11418.1
2579	0.39507	36499.5	9124.89
2580	0.40576	37486.9	9371.73
2581	0.27109	25045	8348.32
2582	0.26588	24563.6	8187.87
2583	0.25623	23672.3	7890.78
2584	0.85257	78765.9	26255.3
2585	0.29285	27055.1	13527.5
2586	0.59911	55350.3	13837.6
2587	0.29980	27697.7	5539.53
2588	0.55983	51721.1	17240.4
2589	0.22191	20501.9	10250.9
2590	0.42777	39520.6	9880.15
2591	0.68018	62840	10473.3
2592	0.28431	26266.7	8755.56
2593	0.31714	29299.2	7324.8
2594	0.31654	29244.1	7311.02
2595	0.33380	30838.4	10279.5
2596	0.70231	64884.2	21628.1
2597	0.55338	51124.6	10224.9
2598	0.10193	9416.59	4708.29
2599	0.22794	21058.6	7019.54
2600	0.47316	43714	10928.5
