#IID	F_ROH	ROH_length_kB	KBAVG
2551	0.39233	36840.6	6140.09
2552	0.17216	16166.3	4041.58
2553	0.50165	47105.8	9421.16
2554	0.13189	12385.2	4128.4
2555	0.05971	5607.05	5607.05
2556	0.42417	39830.9	7966.18
2557	0.32999	30986.6	7746.65
2558	0.08496	7977.75	3988.88
2559	0.30530	28668.5	7167.12
2560	0.25838	24262.9	6065.73
2561	1.00000	93902.5	93902.5
2562	0.55367	51990.6	12997.6
2563	0.21815	20484.4	6828.14
2564	0.30607	28740.8	9580.25
2565	0.20891	19617.5	4904.36
2566	0.12900	12113.7	6056.83
2567	0.24029	22564.3	11282.2
2568	0.20668	19407.6	4851.91
2569	0.00000	0	0
2570	0.08786	8250.24	4125.12
2571	0.22642	21261.1	7087.02
2572	0.19575	18381.7	4595.42
2573	0.23575	22137.8	5534.45
2574	0.32272	30304.1	10101.4
2575	0.21936	20598.5	5149.63
2576	0.15764	14802.8	7401.42
2577	0.27325	25658.7	5131.74
2578	0.17440	16376.2	8188.08
2579	0.22075	20728.9	4145.79
2580	0.27528	25849.2	5169.84
2581	0.45272	42511.2	10627.8
2582	0.05922	5561.24	5561.24
2583	0.13088	12290.1	4096.7
2584	0.14517	13631.7	6815.86
2585	0.12039	11305.2	3768.4
2586	0.18201	17090.8	5696.94
2587	0.49276	46271.4	11567.9
2588	0.50927	47821.5	11955.4
2589	0.47324	44438.4	11109.6
2590	0.19385	18203.2	6067.73
2591	0.05123	4810.61	4810.61
2592	0.84634	79473.6	39736.8
2593	0.26125	24531.9	4906.39
2594	0.34468	32366.3	8091.58
2595	0.41985	39424.6	13141.5
2596	0.81602	76626.5	25542.2
2597	0.21913	20576.6	5144.14
2598	0.79400	74558.9	37279.5
2599	0.12618	11848.5	5924.25
2600	0.20602	19345.5	6448.49
