#IID	F_ROH	ROH_length_kB	KBAVG
2551	0.42513	39936.5	6656.08
2552	0.41026	38540	6423.33
2553	0.27890	26199.8	5239.95
2554	0.27296	25641.8	6410.45
2555	0.30193	28363.6	7090.89
2556	0.30015	28196.7	7049.17
2557	0.55564	52196.7	8699.45
2558	0.31894	29961.5	5992.3
2559	0.32924	30929.2	5154.86
2560	0.37602	35323.1	7064.62
2561	0.16336	15345.9	3836.48
2562	0.33407	31382.9	5230.49
2563	0.15985	15016	3753.99
2564	0.25136	23613	4722.6
2565	0.28513	26785.1	5357.03
2566	0.23425	22005.5	7335.16
2567	0.11495	10798.9	5399.44
2568	0.24166	22701.6	4540.31
2569	0.28281	26567.3	8855.78
2570	0.26738	25117.4	8372.47
2571	0.15834	14874.3	4958.11
2572	0.39391	37003.9	12334.6
2573	0.47391	44519	6359.86
2574	0.29656	27859	5571.81
2575	0.33295	31277.3	3909.66
2576	0.39083	36715	6119.17
2577	0.35362	33219.3	6643.85
2578	0.43447	40814.5	10203.6
2579	0.18909	17762.8	4440.69
2580	0.22933	21543.8	5385.94
2581	0.43850	41192.5	10298.1
2582	0.61033	57335.1	11467
2583	0.13422	12609	4203.02
2584	0.40140	37707.7	9426.92
2585	0.08870	8332.22	4166.11
2586	0.58031	54514.9	9085.82
2587	0.38531	36196.1	9049.01
2588	0.52969	49759.3	12439.8
2589	0.54926	51597.4	12899.3
2590	0.23044	21647.2	4329.44
2591	0.29005	27247.4	4541.23
2592	0.25797	24233.8	4038.97
2593	0.25559	24010.5	4802.09
2594	0.17104	16067.5	4016.87
2595	0.31025	29145.2	5829.03
2596	0.19143	17983.2	5994.42
2597	0.66449	62422.5	8917.5
2598	0.36217	34022.1	4860.29
2599	0.37909	35611.6	8902.9
2600	0.25812	24248.1	4041.35
