#IID	F_ROH	ROH_length_kB	KBAVG
10551	0.12464	11707.2	3902.41
10552	0.42079	39522.3	6587.05
10553	0.35521	33363.2	6672.64
10554	0.52108	48942.4	16314.1
10555	0.39296	36908.7	6151.45
10556	0.32506	30530.8	10176.9
10557	0.71920	67551.1	22517
10558	0.00000	0	0
10559	0.21418	20117	5029.25
10560	0.11801	11084.3	5542.16
10561	0.23855	22405.7	11202.9
10562	0.19999	18783.9	4695.98
10563	0.38641	36293.5	6048.92
10564	0.11228	10546.3	5273.15
10565	0.44297	41606.3	6934.38
10566	0.28534	26800.5	8933.5
10567	0.33046	31038.1	7759.53
10568	0.50742	47659.3	7943.22
10569	0.32529	30552.7	7638.19
10570	0.23027	21628.2	7209.4
10571	0.37959	35652.9	7130.59
10572	0.49224	46233.3	15411.1
10573	0.30024	28200.3	9400.09
10574	0.17388	16331.5	4082.87
10575	0.52309	49131.3	9826.26
10576	0.27065	25421.1	4236.86
10577	0.19367	18190.7	6063.56
10578	0.12225	11481.9	3827.29
10579	0.18516	17391.1	4347.77
10580	0.17811	16729.4	5576.47
10581	0.03945	3705.71	3705.71
10582	0.32337	30372.6	15186.3
10583	0.35760	33587.3	5597.89
10584	0.29023	27259.9	13629.9
10585	0.25668	24108.6	8036.2
10586	0.03305	3104.12	3104.12
10587	0.29949	28129.2	9376.39
10588	0.19269	18098.3	6032.75
10589	0.18818	17674.9	5891.64
10590	0.15984	15013.4	5004.45
10591	0.03483	3271.61	3271.61
10592	0.78706	73924.2	18481.1
10593	0.28826	27074.8	6768.71
10594	0.31835	29900.7	4983.44
10595	0.23684	22245.4	4449.07
10596	0.16459	15459.5	3864.87
10597	0.52980	49761.7	8293.62
10598	0.30347	28503.6	7125.91
10599	0.31604	29684	7421
10600	0.24974	23456.5	5864.14
