#IID	F_ROH	ROH_length_kB	KBAVG
16551	0.29588	27326.6	6831.66
16552	0.10063	9294.06	4647.03
16553	0.09515	8787.3	4393.65
16554	0.17609	16263.4	5421.12
16555	0.32323	29852.2	4975.36
16556	0.34216	31600.9	7900.22
16557	0.21114	19500.1	4875.03
16558	0.27202	25122.6	5024.53
16559	0.40963	37832	18916
16560	0.17150	15839	7919.51
16561	0.13218	12207.6	6103.8
16562	0.09666	8927.17	2975.72
16563	0.30439	28112	4685.33
16564	0.14193	13108.4	4369.48
16565	0.15773	14566.9	3641.73
16566	0.14060	12985.7	4328.58
16567	0.22150	20457.1	4091.42
16568	0.16398	15144.4	3786.09
16569	0.18600	17177.8	8588.92
16570	0.85043	78542	26180.7
16571	0.51559	47617.5	11904.4
16572	0.16320	15072.7	3768.17
16573	0.14274	13182.7	4394.24
16574	0.16934	15639.2	7819.59
16575	0.32613	30120.1	5020.01
16576	0.22941	21187	5296.74
16577	0.39510	36489.6	6081.6
16578	0.19753	18243	9121.52
16579	0.35969	33219.1	8304.77
16580	0.13798	12743.2	4247.74
16581	0.26337	24324.1	4864.82
16582	0.46891	43306.9	10826.7
16583	0.26781	24733.6	8244.52
16584	0.34986	32311.4	6462.29
16585	0.48658	44938.4	7489.74
16586	0.58848	54349.4	18116.5
16587	0.30976	28608	5721.59
16588	0.17637	16289	4072.25
16589	0.20678	19097.3	4774.33
16590	0.21436	19797.3	4949.33
16591	0.19825	18309.2	9154.6
16592	0.38167	35249.4	5874.9
16593	0.26272	24264.2	6066.06
16594	0.49795	45988.6	15329.5
16595	0.41226	38074.4	6345.73
16596	0.22732	20994.7	6998.22
16597	0.24809	22913	7637.67
16598	0.38071	35161.1	11720.4
16599	0.21888	20215.2	6738.4
16600	0.24366	22503.4	7501.15
