#IID	F_ROH	ROH_length_kB	KBAVG
2551	0.49267	46280.5	7713.42
2552	0.35518	33365.7	4170.71
2553	0.26292	24698.4	6174.61
2554	0.53131	49910.7	6238.84
2555	0.41349	38843.1	6473.86
2556	0.21282	19992	4998.01
2557	0.24539	23051.5	4610.3
2558	0.46380	43568.9	6224.13
2559	0.37234	34977.5	4996.78
2560	0.55354	51999.3	10399.9
2561	0.44223	41542.3	5934.61
2562	0.79349	74539.9	24846.6
2563	0.39322	36938.4	6156.4
2564	0.26626	25011.8	8337.27
2565	0.46887	44045.1	8809.02
2566	0.34723	32618.4	10872.8
2567	0.17584	16518.1	5506.05
2568	0.28556	26825.2	5365.04
2569	0.49143	46164.9	7694.16
2570	0.43583	40941.7	5117.71
2571	0.48074	45160.1	7526.68
2572	0.87094	81814.8	20453.7
2573	0.13154	12356.7	4118.89
2574	0.23451	22029.9	7343.31
2575	0.60399	56738	8105.43
2576	0.36131	33941.1	6788.22
2577	0.32547	30574.7	6114.94
2578	0.20859	19595.2	6531.73
2579	0.46240	43437.3	7239.56
2580	0.15228	14305.3	7152.64
2581	0.50696	47622.9	7937.14
2582	0.63281	59446	8492.29
2583	0.26594	24982.3	6245.56
2584	0.36040	33855.2	4836.45
2585	0.86448	81208.7	20302.2
2586	0.47859	44957.9	5619.74
2587	0.49454	46456.3	9291.25
2588	0.24925	23414.3	7804.76
2589	0.18324	17213.7	4303.44
2590	0.18323	17212.8	5737.6
2591	0.18753	17616.7	4404.17
2592	0.39500	37106.3	4638.29
2593	0.25273	23741.4	7913.81
2594	0.39756	37346.7	12448.9
2595	0.20941	19671.8	6557.26
2596	0.38904	36546.4	7309.29
2597	0.19420	18243.2	4560.79
2598	0.44030	41360.9	8272.19
2599	0.53786	50526.3	8421.05
2600	0.32088	30143	6028.59
