#IID	F_ROH	ROH_length_kB	KBAVG
10551	0.24021	22566.5	7522.17
10552	0.05737	5389.9	5389.9
10553	0.40291	37851.8	9462.95
10554	0.15957	14990.5	7495.24
10555	0.16623	15616.7	5205.56
10556	0.31259	29366.4	7341.59
10557	0.32612	30637.5	10212.5
10558	0.36712	34488.8	17244.4
10559	0.38229	35914.4	11971.5
10560	0.09946	9343.74	4671.87
10561	0.06482	6089.59	6089.59
10562	0.11743	11032.3	5516.13
10563	0.22210	20865.5	6955.16
10564	0.34166	32097.4	10699.1
10565	0.25490	23946.7	7982.24
10566	0.22425	21066.9	10533.4
10567	0.35091	32966.7	6593.35
10568	0.22058	20722.5	10361.2
10569	0.16157	15178.6	7589.31
10570	0.28268	26556.7	8852.23
10571	0.17677	16606.8	8303.39
10572	0.00000	0	0
10573	0.14947	14041.8	4680.61
10574	0.40719	38253.4	9563.36
10575	0.05737	5389.9	5389.9
10576	0.18203	17101.2	5700.41
10577	0.35462	33314.6	8328.64
10578	0.05228	4911.84	4911.84
10579	0.52229	49066.5	12266.6
10580	0.09086	8535.72	4267.86
10581	0.16773	15757.5	15757.5
10582	0.10428	9796.83	9796.83
10583	0.42178	39624.5	6604.08
10584	0.24047	22590.7	7530.25
10585	0.10068	9458.42	4729.21
10586	0.83702	78634.3	26211.4
10587	0.45142	42408.9	42408.9
10588	0.14376	13506	6752.98
10589	0.16607	15601.1	5200.37
10590	0.17600	16534.5	8267.24
10591	0.08450	7938.19	3969.1
10592	0.27426	25765.8	6441.44
10593	0.48407	45476.5	15158.8
10594	0.04187	3933.96	3933.96
10595	0.12445	11691.8	5845.91
10596	0.21239	19953.4	9976.69
10597	0.42952	40351	6725.17
10598	0.60024	56389.8	14097.4
10599	0.16543	15541.7	3885.43
10600	0.38026	35723.5	11907.8
