#IID	F_ROH	ROH_length_kB	KBAVG
4551	0.26507	24877.8	4146.3
4552	0.32390	30398.8	7599.71
4553	0.11003	10326.2	5163.08
4554	0.23629	22176.2	7392.07
4555	0.15566	14608.6	4869.53
4556	0.31624	29679.7	7419.92
4557	0.20552	19288.7	3857.75
4558	0.27825	26114.2	8704.73
4559	0.03284	3081.94	3081.94
4560	0.10230	9600.65	4800.33
4561	0.36181	33957	5659.5
4562	0.31685	29736.7	4956.12
4563	0.11993	11256	5628
4564	0.39985	37526.4	37526.4
4565	0.09644	9051.35	4525.67
4566	0.23811	22347.3	5586.84
4567	0.29239	27441.6	5488.32
4568	0.21950	20600.1	4120.02
4569	0.11758	11034.8	5517.4
4570	0.44450	41717.4	13905.8
4571	0.35623	33432.5	8358.12
4572	0.07513	7050.71	7050.71
4573	0.14595	13697.9	6848.93
4574	0.18853	17693.9	5897.95
4575	0.12306	11549.8	5774.92
4576	0.19975	18746.9	9373.43
4577	0.17750	16658.8	5552.92
4578	0.13844	12992.9	6496.45
4579	0.19371	18179.7	6059.91
4580	0.07525	7062.58	7062.58
4581	0.25694	24114.1	12057
4582	0.28264	26526.6	6631.64
4583	0.18806	17650.1	5883.38
4584	0.37716	35396.9	5899.48
4585	0.05445	5110.47	5110.47
4586	0.29525	27710	5542
4587	0.21432	20114.4	5028.61
4588	0.08851	8306.94	4153.47
4589	0.17920	16818	5605.99
4590	0.00000	0	0
4591	0.48594	45606.1	9121.22
4592	0.10128	9505.6	4752.8
4593	0.29361	27555.5	6888.87
4594	0.15948	14967.4	7483.7
4595	0.11232	10541.7	5270.84
4596	0.18723	17571.7	4392.92
4597	0.19357	18166.8	6055.61
4598	0.29421	27611.9	6902.97
4599	0.31353	29425.2	9808.39
4600	0.21544	20219.6	6739.86
