#IID	F_ROH	ROH_length_kB	KBAVG
22551	0.11884	10983.8	3661.28
22552	0.11318	10460.3	5230.17
22553	0.10505	9708.9	9708.9
22554	0.23757	21957.2	4391.45
22555	0.07692	7109.46	7109.46
22556	0.27232	25168.1	5033.61
22557	0.21187	19581.8	6527.26
22558	0.19316	17852.2	5950.72
22559	0.08017	7409.44	3704.72
22560	0.21038	19443.5	4860.88
22561	0.09920	9167.95	4583.98
22562	0.10402	9613.31	4806.66
22563	0.23095	21345.1	5336.28
22564	0.45105	41687.1	13895.7
22565	0.22734	21011.7	5252.93
22566	0.29350	27125.8	4520.96
22567	0.38816	35874.4	8968.59
22568	0.08114	7498.83	3749.42
22569	0.27698	25599.4	5119.89
22570	0.54419	50295.3	10059.1
22571	0.22360	20665.2	5166.31
22572	0.22968	21227.7	5306.92
22573	0.29933	27664.3	5532.86
22574	0.15330	14168.3	7084.14
22575	0.42189	38991.8	6498.64
22576	0.33055	30550.1	10183.4
22577	0.10241	9464.85	4732.43
22578	0.12295	11363.6	5681.82
22579	0.14611	13504.1	4501.38
22580	0.23336	21567.7	5391.93
22581	0.09584	8858.07	4429.04
22582	0.19322	17857.7	8928.87
22583	0.00000	0	0
22584	0.23819	22014.5	5503.62
22585	0.21215	19607.1	4901.76
22586	0.42113	38921.7	7784.34
22587	0.15601	14418.5	7209.26
22588	0.26340	24343.7	4868.73
22589	0.44319	40960.7	13653.6
22590	0.05385	4977.15	4977.15
22591	0.21028	19434.6	4858.66
22592	0.29071	26868.4	6717.09
22593	0.41595	38443.1	9610.77
22594	0.45884	42407.2	14135.7
22595	0.10603	9799.21	4899.61
22596	0.47156	43582.5	7263.75
22597	0.07259	6709.28	3354.64
22598	0.13086	12094.1	4031.37
22599	0.09595	8868.16	4434.08
22600	0.22625	20910.6	5227.65
