#IID	F_ROH	ROH_length_kB	KBAVG
8551	0.14979	14069.5	7034.77
8552	0.07063	6633.82	3316.91
8553	0.21837	20511.2	10255.6
8554	0.14927	14020.6	4673.54
8555	0.11551	10849.5	5424.74
8556	0.58093	54565	13641.2
8557	0.19676	18481	6160.35
8558	0.55293	51935.8	12983.9
8559	0.00000	0	0
8560	0.30143	28313	7078.25
8561	0.04610	4330.35	4330.35
8562	0.09792	9197.08	9197.08
8563	0.05133	4821.1	4821.1
8564	0.07367	6920	3460
8565	0.93232	87570.9	43785.4
8566	0.17509	16445.3	4111.33
8567	0.15634	14684.3	7342.13
8568	0.15435	14497.3	4832.42
8569	0.30586	28728.7	9576.22
8570	0.00000	0	0
8571	0.27023	25381.9	12691
8572	0.09706	9116.97	9116.97
8573	0.11712	11000.4	5500.22
8574	0.20657	19402.6	4850.66
8575	0.23244	21832.1	5458.04
8576	0.47784	44882.2	11220.5
8577	0.04731	4444.07	4444.07
8578	0.03732	3505.24	3505.24
8579	0.07602	7140.29	3570.15
8580	0.32386	30419.5	30419.5
8581	0.05779	5428.5	5428.5
8582	0.11205	10524.9	5262.44
8583	0.00000	0	0
8584	0.50585	47513	6787.57
8585	0.25527	23977.3	5994.33
8586	0.40295	37848.5	7569.7
8587	0.18881	17734.5	4433.62
8588	0.08215	7715.82	3857.91
8589	0.89169	83754.1	41877
8590	0.08292	7788.71	3894.35
8591	0.34397	32308.2	8077.05
8592	0.16354	15361.3	15361.3
8593	0.26964	25326.8	12663.4
8594	0.18672	17538.2	5846.07
8595	0.12615	11849	5924.48
8596	0.26937	25301.3	6325.33
8597	0.20987	19712.7	9856.36
8598	0.26754	25129.2	8376.39
8599	0.45855	43070.1	14356.7
8600	0.08599	8076.83	4038.41
