#IID	F_ROH	ROH_length_kB	KBAVG
10551	0.45221	42476.6	8495.33
10552	0.22764	21382.6	10691.3
10553	0.23235	21824.4	7274.79
10554	0.11356	10666.5	3555.51
10555	0.23441	22017.9	7339.31
10556	0.02472	2322.08	2322.08
10557	0.30613	28754.8	14377.4
10558	0.41966	39418.6	13139.5
10559	0.00000	0	0
10560	0.24807	23301.3	11650.7
10561	0.31951	30011.9	7502.96
10562	0.25159	23632.2	7877.4
10563	0.26888	25256	6313.99
10564	0.51557	48427.4	16142.5
10565	0.14621	13733.6	6866.79
10566	0.46001	43209.3	10802.3
10567	0.35740	33570.6	11190.2
10568	0.40865	38384.7	6397.45
10569	0.23436	22013.1	7337.71
10570	0.26989	25350.8	6337.69
10571	0.41935	39389.9	7877.99
10572	0.39257	36874.1	9218.53
10573	0.25277	23743	5935.75
10574	0.43176	40555.5	13518.5
10575	0.38442	36108.4	7221.68
10576	0.15455	14516.7	7258.37
10577	0.57071	53607	17869
10578	0.22280	20928	10464
10579	0.38462	36127.1	9031.78
10580	0.38762	36408.8	9102.2
10581	0.13794	12956.6	6478.29
10582	0.17373	16318.3	5439.44
10583	0.30206	28372.9	9457.65
10584	0.53007	49789.7	9957.94
10585	0.20733	19474.2	6491.4
10586	0.40948	38462.2	12820.7
10587	0.15027	14114.8	4704.92
10588	0.22269	20917.1	5229.28
10589	0.19461	18279.7	9139.83
10590	0.17459	16399	4099.76
10591	0.23006	21609.9	7203.31
10592	0.12779	12003.7	6001.83
10593	0.36387	34178.3	8544.59
10594	0.28823	27073.5	9024.49
10595	0.61063	57357	11471.4
10596	0.15898	14933.1	4977.69
10597	0.26103	24518.5	6129.62
10598	0.31477	29566.3	9855.43
10599	0.03526	3311.89	3311.89
10600	0.32884	30888.1	7722.02
