#IID	F_ROH	ROH_length_kB	KBAVG
26551	0.44114	41458.8	10364.7
26552	0.36813	34597.1	11532.4
26553	0.13767	12938	4312.67
26554	0.35837	33680.5	6736.09
26555	0.14764	13875.8	4625.25
26556	0.42147	39610	9902.51
26557	0.35386	33255.9	8313.98
26558	0.05168	4856.76	4856.76
26559	0.26687	25081	12540.5
26560	0.26650	25046.2	12523.1
26561	0.23431	22020.6	7340.21
26562	0.61733	58017.5	11603.5
26563	0.27348	25702.1	5140.42
26564	0.14551	13675.6	6837.78
26565	0.22351	21005.8	5251.46
26566	0.08212	7718.12	3859.06
26567	0.45894	43131.6	21565.8
26568	0.37325	35078.6	11692.9
26569	0.33882	31842.6	7960.64
26570	0.54785	51487.4	17162.5
26571	0.18108	17018.4	8509.21
26572	0.31430	29538.5	5907.69
26573	0.13248	12450.9	6225.44
26574	0.15528	14593.6	14593.6
26575	0.25855	24299	12149.5
26576	0.34671	32584.5	6516.89
26577	0.36442	34249	8562.25
26578	0.24110	22658.9	7552.97
26579	0.44135	41478.5	8295.7
26580	0.14740	13853.2	4617.75
26581	0.30443	28610.4	7152.6
26582	0.25235	23716.7	7905.57
26583	0.26358	24771.7	8257.25
26584	0.18390	17283.5	8641.77
26585	0.06288	5909.82	5909.82
26586	0.04175	3923.32	3923.32
26587	0.28286	26583.8	6645.96
26588	0.24728	23239.9	5809.97
26589	0.27292	25649.1	8549.7
26590	0.43030	40440.1	10110
26591	0.25455	23922.7	7974.25
26592	0.27349	25702.6	5140.51
26593	0.05596	5259.29	5259.29
26594	0.31454	29561.4	7390.34
26595	0.43884	41242.9	6873.82
26596	0.23840	22405.2	4481.04
26597	0.08069	7583.24	3791.62
26598	0.13057	12271.1	6135.54
26599	0.45516	42776.6	8555.32
26600	0.17972	16890.4	5630.12
