#IID	F_ROH	ROH_length_kB	KBAVG
4551	0.65645	61674.4	20558.1
4552	0.34250	32178.2	16089.1
4553	0.16051	15080.3	5026.78
4554	0.04782	4493.06	4493.06
4555	0.22046	20712.5	6904.15
4556	0.21209	19926.3	6642.11
4557	0.06270	5891.04	5891.04
4558	0.18794	17656.9	4414.23
4559	0.15514	14576	4858.66
4560	0.26926	25297.2	8432.4
4561	0.36641	34425.1	8606.28
4562	0.48495	45561.7	15187.2
4563	0.14341	13474.1	6737.07
4564	0.23946	22497.3	5624.33
4565	0.29879	28072.3	7018.09
4566	0.23700	22266.8	11133.4
4567	0.38258	35944.4	5990.73
4568	0.31187	29300.6	7325.15
4569	0.42548	39974.5	7994.91
4570	0.16065	15093.2	5031.08
4571	0.43450	40822.4	10205.6
4572	0.23838	22395.9	7465.29
4573	0.13369	12560.2	6280.09
4574	0.42046	39503	6583.84
4575	0.11413	10723.1	5361.53
4576	0.37153	34906.4	6981.29
4577	0.16315	15327.9	5109.29
4578	0.21139	19860.7	4965.18
4579	0.13281	12478.1	6239.04
4580	0.23069	21674.2	7224.73
4581	0.12751	11979.4	11979.4
4582	0.16330	15342.5	5114.17
4583	0.33135	31130.9	15565.5
4584	0.28600	26870.3	5374.06
4585	0.49463	46471.7	23235.9
4586	0.33745	31704.2	7926.04
4587	0.35064	32943.3	10981.1
4588	0.22734	21358.8	7119.61
4589	0.16207	15226.4	5075.45
4590	0.13312	12507	6253.49
4591	0.31840	29914.3	7478.58
4592	0.09033	8486.31	4243.15
4593	0.11366	10679	5339.52
4594	0.23578	22151.9	5537.98
4595	0.29767	27966.5	5593.29
4596	0.65694	61720.3	12344.1
4597	0.38053	35751.4	8937.84
4598	0.10298	9675.05	9675.05
4599	0.35256	33124.1	8281.02
4600	0.17691	16621.4	5540.47
