#IID	F_ROH	ROH_length_kB	KBAVG
2551	0.21603	19960.3	6653.44
2552	0.16143	14915.5	4971.84
2553	0.42943	39678.6	6613.11
2554	0.16710	15439.8	3859.94
2555	0.34063	31473.5	6294.7
2556	0.09791	9046.37	4523.19
2557	0.08581	7928.74	3964.37
2558	0.36335	33573	8393.25
2559	0.12121	11199.6	5599.8
2560	0.25762	23803.7	5950.92
2561	0.26659	24632.4	8210.79
2562	0.31332	28949.9	9649.96
2563	0.23757	21951.2	5487.81
2564	0.09091	8399.52	4199.76
2565	0.20252	18712.4	4678.09
2566	0.31548	29149.5	7287.38
2567	0.05458	5042.66	5042.66
2568	0.19901	18388	6129.33
2569	0.07649	7067.17	3533.59
2570	0.14537	13431.4	6715.71
2571	0.15708	14514.2	7257.08
2572	0.52406	48421.9	9684.37
2573	0.23143	21383.7	7127.9
2574	0.36038	33298.3	8324.58
2575	0.28074	25939.9	6484.97
2576	0.36911	34105.2	11368.4
2577	0.20596	19030	6343.34
2578	0.32144	29700.2	7425.05
2579	0.52029	48073.5	6009.18
2580	0.27328	25250.7	6312.66
2581	0.09073	8383.19	8383.19
2582	0.49193	45453.4	7575.57
2583	0.15596	14410.3	4803.43
2584	0.05616	5189.36	5189.36
2585	0.08616	7961.09	3980.54
2586	0.18204	16820.2	5606.72
2587	0.23575	21783	7261.01
2588	0.21814	20155.3	6718.43
2589	0.27472	25383.3	6345.83
2590	0.15951	14738.4	4912.82
2591	0.47190	43602.1	6228.87
2592	0.07732	7144.42	3572.21
2593	0.20714	19139.5	6379.83
2594	0.10463	9667.19	4833.59
2595	0.22959	21213.6	10606.8
2596	0.44127	40772	13590.7
2597	0.38998	36032.9	7206.59
2598	0.23899	22082.1	7360.69
2599	0.08327	7693.73	3846.87
2600	0.49893	46099.5	15366.5
