#IID	F_ROH	ROH_length_kB	KBAVG
10551	0.20761	19434.2	6478.06
10552	0.26970	25246.2	8415.4
10553	0.31984	29939.9	5987.98
10554	0.30828	28857.2	14428.6
10555	0.20992	19649.7	4912.43
10556	0.28117	26319.9	6579.98
10557	0.20374	19071.3	4767.82
10558	0.35213	32961.9	5493.65
10559	0.62589	58587.7	9764.61
10560	0.47862	44802.1	8960.42
10561	0.36266	33947.6	16973.8
10562	0.33832	31669.2	7917.31
10563	0.28525	26701.1	5340.22
10564	0.69810	65347	13069.4
10565	0.32748	30654.3	6130.86
10566	0.17716	16583.9	5527.95
10567	0.31163	29170.9	9723.63
10568	0.53742	50306.9	8384.48
10569	0.34108	31927.4	6385.47
10570	0.12762	11946.6	5973.31
10571	0.86446	80919.9	26973.3
10572	0.18902	17693.8	5897.94
10573	0.24783	23199	4639.79
10574	0.21663	20278.3	6759.44
10575	0.24211	22663.6	5665.89
10576	0.15170	14200.5	4733.48
10577	0.21819	20424.1	6808.04
10578	0.25308	23690.5	7896.83
10579	0.11217	10500	10500
10580	0.07288	6822.21	3411.1
10581	0.19593	18340.6	6113.53
10582	0.22581	21137.2	7045.74
10583	0.43119	40362.7	13454.2
10584	0.26774	25062.1	8354.03
10585	0.46769	43779.4	10944.8
10586	0.25750	24103.8	8034.59
10587	0.36198	33883.9	5647.31
10588	0.09051	8472.48	4236.24
10589	0.12162	11384.7	11384.7
10590	0.30574	28620	5723.99
10591	0.11127	10415.4	5207.69
10592	0.27527	25767.4	6441.86
10593	0.48332	45242.5	15080.8
10594	0.53398	49984.4	9996.89
10595	0.06467	6053.73	6053.73
10596	0.44753	41891.9	8378.39
10597	0.59554	55746.8	11149.4
10598	0.12188	11409.1	5704.53
10599	0.36456	34125.8	11375.3
10600	0.20674	19352.5	4838.12
