#IID	F_ROH	ROH_length_kB	KBAVG
2551	0.08484	7967.46	3983.73
2552	0.04586	4307.06	4307.06
2553	0.12115	11377.8	3792.6
2554	0.22563	21190.8	5297.69
2555	0.14227	13361.3	6680.65
2556	0.00000	0	0
2557	0.09022	8472.93	4236.46
2558	0.62083	58306.6	19435.5
2559	0.29030	27264.4	9088.14
2560	0.20730	19468.5	4867.11
2561	0.27684	25999.7	8666.57
2562	0.21468	20162.3	10081.1
2563	0.10184	9564.42	9564.42
2564	0.39426	37027.3	6171.22
2565	0.20862	19592.5	19592.5
2566	0.17053	16016	8007.98
2567	0.11822	11102.4	3700.78
2568	0.28186	26471.6	5294.32
2569	0.35207	33065.1	11021.7
2570	0.21332	20034.4	10017.2
2571	0.15490	14548	4849.34
2572	0.30763	28891.4	9630.47
2573	0.12203	11461.1	5730.56
2574	0.24561	23067.3	7689.1
2575	0.16039	15063.1	5021.02
2576	0.55675	52288.1	13072
2577	0.20681	19422.8	9711.4
2578	0.49582	46566	6652.29
2579	0.31005	29118.5	7279.62
2580	0.15376	14441	7220.49
2581	0.21364	20064.4	5016.09
2582	0.15846	14882.1	3720.52
2583	0.16602	15592	7795.99
2584	0.88837	83432.5	27810.8
2585	0.58394	54841.7	9140.29
2586	0.33411	31378.9	6275.78
2587	0.27515	25841.1	6460.28
2588	0.52360	49174.5	16391.5
2589	0.21327	20030.1	6676.69
2590	0.39310	36918.6	9229.65
2591	0.30495	28639.7	7159.93
2592	0.20755	19492.2	6497.4
2593	0.25399	23853.9	7951.29
2594	0.19867	18658.5	6219.48
2595	0.19873	18664.3	6221.44
2596	0.11284	10598	5299
2597	0.04870	4573.39	4573.39
2598	0.17378	16321.1	5440.36
2599	0.09794	9198.28	9198.28
2600	0.06232	5852.89	5852.89
