#IID	F_ROH	ROH_length_kB	KBAVG
16551	0.35343	33213.2	5535.54
16552	0.17674	16608.5	5536.18
16553	0.50446	47405.5	9481.09
16554	0.23658	22232.3	11116.2
16555	0.15650	14706.5	4902.18
16556	0.19098	17947.2	5982.42
16557	0.15481	14548.1	4849.37
16558	0.04301	4041.68	4041.68
16559	0.21126	19853.1	6617.71
16560	0.23128	21734.3	7244.78
16561	0.43353	40740.2	10185.1
16562	0.24490	23013.9	11506.9
16563	0.23931	22488.9	7496.28
16564	0.10712	10066.3	5033.14
16565	0.17170	16134.9	5378.28
16566	0.12510	11755.6	3918.54
16567	0.37642	35373.5	17686.8
16568	0.05048	4744.01	4744.01
16569	0.19888	18689.7	6229.91
16570	0.27690	26020.9	8673.65
16571	0.21492	20196.8	6732.27
16572	0.00000	0	0
16573	0.19494	18318.8	4579.7
16574	0.65661	61703.6	15425.9
16575	0.04089	3842.13	3842.13
16576	0.45589	42841.3	21420.6
16577	0.14797	13905.1	4635.05
16578	0.14457	13585.7	6792.85
16579	0.37734	35459.7	11819.9
16580	0.56466	53063.1	13265.8
16581	0.50320	47287.5	15762.5
16582	0.29135	27379.4	9126.47
16583	0.15673	14728.7	7364.34
16584	0.16271	15290.3	5096.76
16585	0.23052	21662.8	5415.69
16586	0.22851	21473.4	7157.81
16587	0.46178	43394.5	14464.8
16588	0.17484	16430.2	8215.08
16589	0.16659	15655	7827.52
16590	0.22729	21359.2	7119.72
16591	0.08587	8069.63	4034.82
16592	0.21068	19797.8	6599.28
16593	0.15677	14732.2	4910.74
16594	0.24771	23277.9	5819.48
16595	0.28981	27234.1	5446.82
16596	0.27579	25916.8	6479.21
16597	0.16626	15624.1	5208.04
16598	0.20606	19363.8	4840.96
16599	0.02669	2507.97	2507.97
16600	0.00000	0	0
