#IID	F_ROH	ROH_length_kB	KBAVG
4551	0.21374	20077.6	6692.53
4552	0.32166	30215.2	6043.03
4553	0.28055	26353.8	6588.46
4554	0.12476	11719.4	5859.69
4555	0.42827	40229.6	8045.92
4556	0.31173	29281.9	5856.38
4557	0.38237	35918.3	8979.58
4558	0.28437	26712.4	6678.1
4559	0.26660	25043.2	8347.72
4560	0.10700	10051	5025.51
4561	0.12234	11491.8	5745.88
4562	0.20188	18963.8	4740.96
4563	0.26863	25234.2	6308.56
4564	0.39015	36648.4	7329.68
4565	0.36898	34660	8665
4566	0.07228	6789.17	3394.58
4567	0.08653	8128.64	4064.32
4568	0.05163	4849.55	4849.55
4569	0.52573	49384.7	9876.93
4570	0.47811	44911.6	14970.5
4571	0.06604	6203.02	6203.02
4572	0.16750	15733.8	5244.59
4573	0.25316	23780.8	4756.16
4574	0.19627	18436.8	6145.59
4575	0.51029	47933.9	6847.7
4576	0.53287	50055.1	7150.74
4577	0.15306	14377.6	7188.82
4578	0.37443	35171.9	8792.96
4579	0.46577	43752.1	10938
4580	0.08653	8128.64	4064.32
4581	0.09802	9207.78	4603.89
4582	0.41794	39259.3	9814.82
4583	0.15681	14730.4	7365.2
4584	0.00000	0	0
4585	0.43829	41171.1	6861.84
4586	0.38882	36524	7304.8
4587	0.21133	19851	6616.99
4588	0.34116	32047.3	6409.46
4589	0.13655	12826.7	6413.35
4590	0.24564	23074.1	7691.36
4591	0.28669	26930.3	8976.77
4592	0.31532	29619.6	7404.91
4593	0.34956	32835.6	10945.2
4594	0.20408	19170.2	4792.54
4595	0.28101	26396.9	5279.38
4596	0.10499	9862.24	4931.12
4597	0.33036	31032.6	7758.14
4598	0.03044	2859.09	2859.09
4599	0.30421	28575.9	5715.19
4600	0.28546	26814.7	6703.68
