#IID	F_ROH	ROH_length_kB	KBAVG
4551	0.45070	41655.3	6942.55
4552	0.45746	42279.7	10569.9
4553	0.31730	29325.6	7331.39
4554	0.24247	22409.6	7469.88
4555	0.56966	52650.4	8775.06
4556	0.28395	26244.1	4374.02
4557	0.44752	41361.7	6893.62
4558	0.41788	38622.3	5517.47
4559	0.47878	44250.2	7375.04
4560	0.26067	24092	6023
4561	0.46381	42866.5	7144.41
4562	0.10883	10058.2	5029.11
4563	0.42585	39358.4	7871.69
4564	0.65295	60348.2	10058
4565	0.46678	43141.6	8628.32
4566	0.24292	22451.4	7483.8
4567	0.19500	18022.7	9011.36
4568	0.49198	45470.4	11367.6
4569	0.48615	44932.1	7488.68
4570	0.50136	46337.3	9267.46
4571	0.27959	25840.5	6460.13
4572	0.32713	30234.1	7558.53
4573	0.22518	20811.9	5202.97
4574	0.16910	15629	5209.67
4575	0.34538	31921.4	6384.28
4576	0.28938	26745.8	5349.16
4577	0.26240	24251.5	12125.8
4578	0.38064	35179.9	11726.6
4579	0.36822	34032.1	6806.42
4580	0.58088	53686.6	7669.52
4581	0.58653	54208.7	10841.7
4582	0.22080	20407.4	6802.45
4583	0.31343	28967.9	4827.98
4584	0.26106	24128.1	4825.63
4585	0.52390	48421	8070.17
4586	0.54781	50630.2	8438.37
4587	0.25732	23782.7	7927.56
4588	0.58367	53944.5	13486.1
4589	0.67479	62366.3	15591.6
4590	0.30417	28112.4	7028.09
4591	0.59928	55387.7	11077.5
4592	0.64294	59422.6	9903.76
4593	0.41711	38551.2	5507.31
4594	0.60332	55761.2	18587.1
4595	0.80233	74154.3	74154.3
4596	0.47581	43976.2	8795.24
4597	0.83366	77049.4	19262.4
4598	0.29279	27060.3	5412.06
4599	0.32448	29989.5	5997.89
4600	0.33192	30677.6	7669.4
