#IID	F_ROH	ROH_length_kB	KBAVG
8551	0.05008	4629.52	4629.52
8552	0.15381	14218.6	7109.31
8553	0.35249	32585.6	8146.39
8554	0.38470	35564.1	7112.82
8555	0.07511	6943.59	3471.79
8556	0.34830	32199	6439.8
8557	0.04923	4551.21	4551.21
8558	0.14513	13416.2	4472.07
8559	0.00000	0	0
8560	0.26567	24560.2	8186.74
8561	0.16705	15443	5147.68
8562	0.20112	18592.7	4648.18
8563	0.40375	37324.8	7464.97
8564	0.26079	24109.2	6027.3
8565	0.28926	26740.3	6685.07
8566	0.00000	0	0
8567	0.10080	9318.49	4659.25
8568	0.28109	25985.4	6496.35
8569	0.39771	36766.6	12255.5
8570	0.08714	8055.85	4027.92
8571	0.19782	18287.7	9143.86
8572	0.05008	4629.52	4629.52
8573	0.05703	5272.44	5272.44
8574	0.11401	10539.4	5269.69
8575	0.11025	10192.2	5096.12
8576	0.14984	13852.4	4617.47
8577	0.17428	16110.9	8055.44
8578	0.36414	33663	33663
8579	0.26079	24109.2	6027.3
8580	0.00000	0	0
8581	0.25037	23145.2	7715.06
8582	0.15094	13954	4651.35
8583	0.14358	13273	4424.32
8584	0.05309	4908.08	4908.08
8585	0.16545	15295.2	7647.6
8586	0.04131	3818.78	3818.78
8587	0.00000	0	0
8588	0.67394	62302.2	15575.6
8589	0.07119	6581.18	6581.18
8590	0.26689	24672.9	12336.4
8591	0.25723	23779.7	7926.58
8592	0.22834	21108.8	7036.26
8593	0.20624	19065.5	4766.37
8594	0.20075	18558.3	4639.58
8595	0.25821	23870.7	5967.69
8596	0.22908	21177.6	5294.39
8597	0.38704	35779.6	7155.92
8598	0.12996	12013.9	6006.97
8599	0.44240	40897.9	20448.9
8600	0.24446	22598.7	5649.67
