#IID	F_ROH	ROH_length_kB	KBAVG
6551	0.18244	17128.9	8564.43
6552	0.00000	0	0
6553	0.30469	28606.7	7151.68
6554	0.53711	50428.9	8404.82
6555	0.16183	15193.9	7596.97
6556	0.34501	32392.2	4627.46
6557	0.09084	8528.83	4264.41
6558	0.08700	8167.95	4083.98
6559	0.48747	45767.9	15256
6560	0.07481	7023.51	3511.76
6561	0.20449	19199.2	4799.81
6562	0.05549	5210.08	5210.08
6563	0.48170	45225.8	9045.16
6564	0.05584	5242.57	5242.57
6565	0.22776	21384.1	5346.04
6566	0.20739	19471.3	6490.43
6567	0.13532	12704.7	4234.89
6568	0.26112	24516.6	8172.2
6569	0.05933	5570.78	5570.78
6570	0.20267	19028.4	6342.82
6571	0.34222	32130.7	10710.2
6572	0.04850	4553.28	4553.28
6573	0.31955	30001.8	4285.97
6574	0.26937	25290.6	8430.19
6575	0.30478	28615.4	14307.7
6576	0.24864	23344.4	11672.2
6577	0.18344	17222.9	4305.73
6578	0.17103	16057.3	4014.32
6579	0.11842	11118.5	5559.26
6580	0.43317	40669.3	5809.9
6581	0.21004	19720.8	9860.38
6582	0.27379	25705.3	6426.32
6583	0.42604	40000.3	13333.4
6584	0.09807	9207.51	4603.75
6585	0.16632	15615.2	5205.08
6586	0.12104	11363.9	3787.95
6587	0.07294	6848.16	6848.16
6588	0.30786	28904.4	7226.1
6589	0.39534	37117.6	12372.5
6590	0.29185	27401.8	6850.46
6591	0.23795	22341.1	5585.29
6592	0.24693	23183.5	4636.7
6593	0.26017	24426.8	4885.37
6594	0.33491	31443.8	10481.3
6595	0.11707	10991.2	5495.59
6596	0.12260	11510.4	5755.22
6597	0.37982	35661.1	7132.22
6598	0.35119	32973.1	10991
6599	0.18622	17483.5	4370.88
6600	0.29385	27589.2	4598.2
