#IID	F_ROH	ROH_length_kB	KBAVG
4551	0.22185	20840.1	6946.69
4552	0.12322	11575.2	5787.6
4553	0.10835	10178	3392.65
4554	0.04097	3848.09	3848.09
4555	0.11963	11237.3	3745.78
4556	0.16231	15246.8	5082.26
4557	0.37696	35409.6	8852.41
4558	0.32827	30836.4	15418.2
4559	0.03811	3579.45	3579.45
4560	0.40176	37739.4	9434.84
4561	0.23896	22446.8	5611.7
4562	0.21522	20216.8	6738.94
4563	0.14218	13355.4	6677.68
4564	0.14520	13639.3	4546.44
4565	0.17309	16258.9	5419.63
4566	0.32517	30544.7	6108.94
4567	0.31641	29722	7430.49
4568	0.34322	32240.7	32240.7
4569	0.13431	12616.1	6308.07
4570	0.35938	33759	11253
4571	0.48705	45751.3	15250.4
4572	0.35943	33763.6	6752.73
4573	0.22683	21307.3	5326.83
4574	0.31384	29481.1	5896.22
4575	0.31998	30057.8	5009.64
4576	0.26925	25292	6323
4577	0.80486	75605.1	25201.7
4578	0.69369	65162.1	32581
4579	0.21871	20544.4	10272.2
4580	0.05590	5251.05	5251.05
4581	0.13743	12909.6	6454.8
4582	0.22581	21211.4	5302.86
4583	0.21432	20132.4	5033.1
4584	0.30784	28917.1	4131.02
4585	0.37081	34832.2	11610.7
4586	0.51371	48256	12064
4587	0.14309	13441.1	6720.55
4588	0.26411	24809.3	6202.33
4589	0.14405	13531.2	4510.39
4590	0.22800	21417.5	5354.38
4591	0.12892	12110.3	4036.76
4592	0.07054	6626.5	6626.5
4593	0.50116	47076.8	15692.3
4594	0.47564	44679.8	11170
4595	0.31735	29810.2	7452.55
4596	0.32644	30664.3	10221.4
4597	0.35867	33692.2	8423.05
4598	0.23470	22046.5	5511.63
4599	0.62769	58962.9	14740.7
4600	0.36300	34098.5	8524.64
