#IID	F_ROH	ROH_length_kB	KBAVG
6551	0.25187	23290	5822.5
6552	0.73139	67630.4	16907.6
6553	0.46934	43398.6	7233.11
6554	0.40836	37760	9440
6555	0.24640	22783.7	4556.73
6556	0.19988	18482.7	6160.92
6557	0.49897	46139.2	11534.8
6558	0.53151	49147.5	8191.25
6559	0.33715	31175.4	6235.09
6560	0.37584	34753.6	17376.8
6561	0.44632	41270.3	6878.38
6562	0.38578	35672.2	8918.05
6563	0.43400	40131.3	6688.54
6564	0.30101	27833.8	6958.44
6565	0.39623	36638.4	7327.67
6566	0.51932	48020.5	16006.8
6567	0.20268	18741.7	6247.24
6568	0.37985	35124.2	8781.05
6569	0.44312	40974.4	6829.06
6570	0.28378	26240.4	8746.8
6571	0.51362	47493.3	9498.67
6572	0.47263	43703	10925.8
6573	0.32123	29703.5	4950.59
6574	0.29823	27577	6894.25
6575	0.30867	28542	4757
6576	0.63013	58266.6	9711.11
6577	0.30395	28106.1	7026.52
6578	0.27531	25457.1	8485.69
6579	0.55678	51484	17161.3
6580	0.46674	43158.8	8631.77
6581	1.00000	92468.1	92468.1
6582	0.35584	32903.7	6580.74
6583	0.34609	32002	8000.51
6584	0.43320	40057.6	8011.52
6585	0.32081	29665.1	9888.38
6586	0.46574	43066.2	14355.4
6587	0.54989	50847.3	12711.8
6588	0.53766	49716.7	24858.4
6589	0.22130	20462.9	6820.96
6590	0.26471	24477.2	12238.6
6591	0.25775	23833.3	11916.6
6592	0.47875	44269	7378.16
6593	0.23542	21768.4	5442.11
6594	0.29386	27173.1	5434.62
6595	0.45904	42446.6	7074.43
6596	0.66213	61226.2	20408.7
6597	0.34690	32077.2	6415.43
6598	0.25422	23507.5	7835.83
6599	0.41927	38768.9	5538.42
6600	0.40068	37050.1	7410.01
