#IID	F_ROH	ROH_length_kB	KBAVG
6551	0.67293	62202.4	20734.1
6552	0.45418	41982.1	13994
6553	0.51906	47979.7	15993.2
6554	0.45906	42433.2	8486.64
6555	0.37288	34467.4	5744.57
6556	0.31046	28697.5	5739.5
6557	0.42311	39110.6	9777.64
6558	0.52906	48903.8	8150.64
6559	0.64484	59606.1	7450.76
6560	0.37598	34753.8	8688.45
6561	0.51210	47336.3	15778.8
6562	0.68555	63368.7	12673.7
6563	0.65517	60560.3	15140.1
6564	0.71395	65994.1	16498.5
6565	0.54847	50697.9	10139.6
6566	0.68685	63488.6	21162.9
6567	0.49067	45355	11338.8
6568	0.24384	22539.3	11269.7
6569	0.34779	32148.4	10716.1
6570	0.57099	52779.1	8796.51
6571	0.56846	52545.7	10509.1
6572	0.43778	40466.7	10116.7
6573	0.66933	61869.4	15467.3
6574	0.68385	63211.5	7901.44
6575	0.55664	51453.5	10290.7
6576	0.32301	29857.5	4976.24
6577	0.59321	54833	27416.5
6578	0.46219	42722.3	10680.6
6579	0.45215	41794.7	10448.7
6580	0.49732	45970	11492.5
6581	0.41768	38608.1	7721.63
6582	0.17609	16276.6	5425.54
6583	0.49482	45738.9	11434.7
6584	0.77395	71539.8	11923.3
6585	0.55719	51503.9	12876
6586	0.68161	63004.9	10500.8
6587	0.60720	56126.9	9354.48
6588	0.78007	72106	18026.5
6589	0.46693	43160.5	8632.1
6590	0.57006	52693.7	13173.4
6591	0.52139	48195.1	16065
6592	0.45923	42449	14149.7
6593	0.49495	45751.2	11437.8
6594	0.42224	39030	9757.49
6595	0.40395	37339.2	9334.81
6596	0.36609	33840	6768
6597	0.53021	49010	9802
6598	0.51614	47709.7	11927.4
6599	0.34800	32167.1	5361.18
6600	0.51747	47832.5	9566.49
