#IID	F_ROH	ROH_length_kB	KBAVG
16551	0.25005	23115.3	7705.1
16552	0.36511	33751.3	6750.25
16553	0.09903	9154.83	4577.42
16554	0.00000	0	0
16555	0.31218	28858.8	9619.61
16556	0.20141	18618.5	6206.15
16557	0.26369	24376.2	6094.05
16558	0.27916	25806.2	6451.55
16559	0.59397	54908.4	13727.1
16560	0.36585	33820.1	6764.02
16561	0.11567	10692.9	5346.47
16562	0.42506	39293.3	7858.65
16563	0.41988	38815	7763.01
16564	0.22416	20721.6	6907.19
16565	0.53273	49247	7035.28
16566	0.10070	9309.1	4654.55
16567	0.32964	30472.9	6094.58
16568	0.10430	9641.66	9641.66
16569	0.31484	29104.4	5820.87
16570	0.14640	13533.8	4511.27
16571	0.11185	10340	3446.68
16572	0.26934	24898	8299.33
16573	0.80696	74597.4	37298.7
16574	0.27876	25769.1	5153.83
16575	0.29943	27679.9	9226.62
16576	0.26841	24812.8	4962.56
16577	0.13336	12328.2	6164.1
16578	0.45258	41837.4	8367.48
16579	0.14944	13814.3	4604.77
16580	0.29421	27197.3	9065.77
16581	0.14135	13066.7	6533.37
16582	0.12402	11464.3	5732.17
16583	0.03932	3634.47	3634.47
16584	0.32539	30079.6	6015.92
16585	0.12260	11333.1	5666.56
16586	0.19506	18031.5	6010.5
16587	0.27405	25333.9	5066.79
16588	0.33323	30804.9	7701.22
16589	0.38673	35750.3	7150.07
16590	0.12315	11384	5691.99
16591	0.28028	25910.2	8636.72
16592	0.33236	30724.3	6144.87
16593	0.22340	20651.9	6883.95
16594	0.58552	54127.2	27063.6
16595	0.24126	22303.1	5575.78
16596	0.28191	26060.1	8686.7
16597	0.05140	4751.79	4751.79
16598	0.23431	21660.5	10830.3
16599	0.36786	34005.4	11335.1
16600	0.37842	34982.2	8745.55
