#IID	F_ROH	ROH_length_kB	KBAVG
2551	0.25280	23754.5	5938.62
2552	0.24653	23165.4	7721.81
2553	0.36715	34500.1	5750.02
2554	0.22533	21173.5	10586.7
2555	0.32273	30326.4	5054.4
2556	0.09594	9014.8	4507.4
2557	0.87682	82392.6	41196.3
2558	0.36917	34690.1	6938.01
2559	0.44939	42227.8	7037.96
2560	0.17902	16821.9	5607.31
2561	0.38905	36557.8	9139.45
2562	0.38959	36608.6	5229.8
2563	0.28155	26456.8	5291.35
2564	0.21109	19835.8	9917.91
2565	0.04826	4534.46	4534.46
2566	0.29498	27718.9	9239.62
2567	0.34398	32323.2	8080.81
2568	0.21083	19811.3	6603.77
2569	0.34476	32396.3	6479.26
2570	0.29780	27983.3	5596.66
2571	0.32869	30886.5	5147.75
2572	0.26474	24876.8	12438.4
2573	0.33044	31050.4	10350.1
2574	0.16775	15763.3	7881.66
2575	0.43053	40455.8	6742.63
2576	0.48028	45130.8	11282.7
2577	0.46227	43438.1	10859.5
2578	0.29469	27691.2	4615.2
2579	0.49248	46276.6	11569.2
2580	0.22354	21005.1	7001.71
2581	0.60838	57167.6	9527.94
2582	0.39898	37490.9	7498.18
2583	0.54474	51187.9	10237.6
2584	0.32761	30784.8	5130.8
2585	0.21644	20338.6	6779.54
2586	0.28235	26531.9	6632.98
2587	0.52292	49137.9	8189.65
2588	0.31923	29997.5	14998.7
2589	0.23648	22221.8	11110.9
2590	0.28396	26682.7	6670.67
2591	0.32952	30964.2	6192.85
2592	0.30153	28333.8	7083.44
2593	0.41600	39090.4	7818.09
2594	0.12446	11694.8	3898.28
2595	0.26699	25088.7	8362.89
2596	0.64256	60379.4	10063.2
2597	0.00000	0	0
2598	0.25933	24368.5	4873.7
2599	0.13958	13115.6	4371.86
2600	0.33469	31449.9	6289.97
