#IID	F_ROH	ROH_length_kB	KBAVG
2551	0.22994	20862.1	5215.54
2552	0.50389	45717.3	9143.47
2553	0.33320	30230.7	10076.9
2554	0.26296	23857.6	5964.4
2555	0.18217	16527.7	5509.25
2556	0.12966	11764.1	11764.1
2557	0.41341	37507.4	7501.48
2558	0.33159	30084.7	6016.94
2559	0.45112	40929.2	10232.3
2560	0.19785	17950.9	4487.72
2561	0.21252	19281.1	6427.04
2562	0.14664	13304.7	4434.92
2563	0.15754	14293.7	4764.58
2564	0.17555	15927.5	7963.75
2565	0.10919	9906.51	4953.26
2566	0.21235	19265.9	6421.97
2567	0.10434	9466.73	4733.36
2568	0.14159	12845.8	4281.94
2569	0.21660	19651.6	4912.89
2570	0.10569	9589.08	4794.54
2571	0.38797	35199.8	8799.94
2572	0.13681	12412.3	4137.43
2573	0.36696	33293.8	8323.45
2574	0.12624	11453.6	5726.78
2575	0.18959	17201.1	5733.69
2576	0.33750	30620.7	10206.9
2577	0.17903	16243.3	5414.43
2578	0.35051	31800.9	7950.22
2579	0.27025	24518.8	6129.71
2580	0.09482	8602.99	4301.49
2581	0.27595	25036.8	5007.37
2582	0.44356	40243.5	10060.9
2583	0.18619	16892.9	5630.97
2584	0.10532	9555.16	4777.58
2585	0.18835	17089	5696.33
2586	0.25662	23282.4	5820.59
2587	0.25141	22810.3	5702.59
2588	0.09754	8849.81	4424.91
2589	0.16289	14779	3694.76
2590	0.29468	26735.9	8911.98
2591	0.23767	21563.6	5390.91
2592	0.27268	24739.4	6184.84
2593	0.28362	25732.1	6433.03
2594	0.23849	21638	4327.59
2595	0.44921	40755.9	13585.3
2596	0.39699	36017.8	9004.45
2597	0.21032	19081.5	6360.51
2598	0.46337	42040.3	8408.07
2599	0.10371	9409.84	4704.92
2600	0.33834	30696.7	7674.17
