#IID	F_ROH	ROH_length_kB	KBAVG
4551	0.15250	14101.4	4700.46
4552	0.29639	27405.8	5481.16
4553	0.35071	32429.1	8107.28
4554	0.14451	13362.6	4454.21
4555	0.25546	23621.6	7873.87
4556	0.10516	9723.94	4861.97
4557	0.42407	39211.8	7842.35
4558	0.44862	41482.3	8296.46
4559	0.19566	18091.9	9045.93
4560	0.09221	8526.59	4263.29
4561	0.35159	32510.5	10836.8
4562	0.21339	19731.5	6577.16
4563	0.21520	19899	6633
4564	0.45179	41775.6	10443.9
4565	0.26618	24612.6	8204.19
4566	0.23959	22154.3	7384.77
4567	0.23671	21887.6	7295.86
4568	0.30005	27744.8	9248.25
4569	0.18952	17523.8	5841.25
4570	0.25940	23985.6	5996.39
4571	0.33230	30726.5	7681.62
4572	0.48260	44624.2	14874.7
4573	0.47016	43474.1	7245.68
4574	0.32756	30287.9	7571.98
4575	0.15642	14463.5	7231.77
4576	0.00000	0	0
4577	0.09349	8644.85	4322.42
4578	0.14170	13102.1	6551.05
4579	0.16037	14829.1	4943.04
4580	0.44364	41021.9	10255.5
4581	0.14149	13082.6	6541.28
4582	0.34044	31479.1	10493
4583	0.21442	19826.8	6608.95
4584	0.17555	16232	8116.02
4585	0.31621	29239.1	7309.78
4586	0.39226	36270.6	7254.11
4587	0.44811	41435.3	20717.6
4588	0.39773	36776.5	9194.13
4589	0.88296	81644.1	40822.1
4590	0.10229	9458.48	4729.24
4591	0.22567	20867.3	6955.75
4592	0.18546	17148.6	5716.19
4593	0.07426	6866.95	3433.47
4594	0.16061	14850.9	14850.9
4595	0.52398	48450.1	9690.01
4596	0.33893	31339.3	7834.83
4597	0.37178	34377	5729.49
4598	0.27857	25758.3	5151.66
4599	0.12300	11373.5	5686.77
4600	0.39142	36193.3	6032.21
