#IID	F_ROH	ROH_length_kB	KBAVG
4551	0.54821	50677.5	16892.5
4552	0.52424	48461	12115.2
4553	0.31726	29328.2	7332.06
4554	0.77297	71454.2	35727.1
4555	0.32820	30338.8	6067.75
4556	0.63026	58261.7	19420.6
4557	0.39583	36591.1	6098.52
4558	0.34590	31975.5	15987.8
4559	0.28533	26376.6	6594.14
4560	0.48641	44963.9	14988
4561	0.45918	42447.2	8489.43
4562	0.24859	22980.3	7660.08
4563	0.18288	16905.4	5635.13
4564	0.36948	34155.1	5692.52
4565	0.81574	75408.3	15081.7
4566	0.44523	41157.6	8231.53
4567	0.34072	31496.3	7874.08
4568	0.25448	23524.5	5881.13
4569	0.40471	37411.9	9352.99
4570	0.33937	31371.9	10457.3
4571	0.19860	18358.6	6119.53
4572	0.30270	27981.8	6995.46
4573	0.18042	16678.5	5559.5
4574	0.12796	11828.7	5914.36
4575	0.17158	15860.6	7930.31
4576	0.43744	40437.7	8087.53
4577	0.17427	16109.8	8054.89
4578	0.18536	17134.6	5711.54
4579	0.38723	35796.1	8949.03
4580	0.39602	36608.6	18304.3
4581	0.54399	50287.4	10057.5
4582	0.31127	28774	5754.81
4583	0.53280	49253	16417.7
4584	0.08112	7498.81	7498.81
4585	0.09516	8796.87	4398.43
4586	0.10593	9791.93	9791.93
4587	0.41277	38156.7	9539.18
4588	0.40721	37642.9	7528.59
4589	0.21417	19798.4	6599.45
4590	0.32984	30491	10163.7
4591	0.50739	46903.3	9380.65
4592	0.31312	28945.5	7236.37
4593	0.48370	44713.4	14904.5
4594	0.25821	23869.4	7956.47
4595	0.16434	15191.4	5063.79
4596	0.47821	44206.2	8841.24
4597	0.34663	32042.6	6408.51
4598	0.27807	25704.9	25704.9
4599	0.60952	56345	28172.5
4600	0.20337	18800.1	9400.07
