#IID	F_ROH	ROH_length_kB	KBAVG
6551	0.19278	17810.2	8905.1
6552	0.29106	26890.5	6722.62
6553	0.22586	20866.6	4173.31
6554	0.30392	28078.4	9359.47
6555	0.41004	37882.9	18941.4
6556	0.20946	19351.8	9675.88
6557	0.12311	11374	5686.99
6558	0.29880	27605.2	9201.74
6559	0.18610	17193.1	4298.28
6560	0.18577	17162.5	8581.27
6561	0.36823	34020.1	8505.02
6562	0.30127	27833.6	9277.86
6563	0.34375	31758.5	6351.7
6564	0.34028	31437.4	7859.35
6565	0.10853	10026.7	10026.7
6566	0.35264	32579.2	8144.81
6567	0.45421	41963.3	8392.65
6568	0.48183	44515.1	8903.02
6569	0.30962	28605.2	14302.6
6570	0.11277	10418.3	5209.15
6571	0.25620	23669.9	5917.47
6572	0.19860	18348	4587.01
6573	0.32101	29657.5	9885.84
6574	0.46967	43391.7	14463.9
6575	0.25340	23410.6	4682.12
6576	0.07928	7324.49	7324.49
6577	0.04773	4409.48	4409.48
6578	0.21103	19496.7	9748.34
6579	0.33222	30693.1	5115.51
6580	0.22659	20933.8	5233.46
6581	0.23079	21321.8	7107.28
6582	0.27383	25298.4	8432.79
6583	0.16223	14987.9	4995.96
6584	0.12764	11792.2	3930.75
6585	0.28755	26565.6	8855.21
6586	0.18938	17496.4	4374.11
6587	0.50323	46491.9	23246
6588	0.54416	50273.7	10054.7
6589	0.12103	11181.2	3727.07
6590	0.19814	18306	6101.99
6591	0.24763	22878.2	5719.54
6592	0.29517	27270.3	9090.09
6593	0.05018	4635.86	4635.86
6594	0.41577	38412.2	7682.44
6595	0.37636	34770.8	6954.15
6596	0.35461	32761.5	5460.25
6597	0.33998	31410.2	10470.1
6598	0.11713	10821.1	5410.54
6599	0.33545	30991	7747.75
6600	0.21850	20186.4	6728.82
