#IID	F_ROH	ROH_length_kB	KBAVG
2551	0.14999	14083	4694.33
2552	0.30401	28545.2	7136.3
2553	0.19556	18362.5	9181.27
2554	0.18727	17583.9	5861.29
2555	0.35611	33437.2	6687.44
2556	0.05104	4792.25	4792.25
2557	0.23290	21868.4	5467.11
2558	0.06082	5710.57	5710.57
2559	0.25235	23694	4738.8
2560	0.05329	5003.25	5003.25
2561	0.30592	28724.4	7181.09
2562	0.06088	5716.08	5716.08
2563	0.18048	16946.4	5648.8
2564	0.11366	10672.3	5336.17
2565	0.12636	11864.7	5932.35
2566	0.16892	15860.8	7930.4
2567	0.37461	35174	8793.5
2568	0.11978	11247	3749.02
2569	0.10539	9895.67	4947.83
2570	0.09635	9046.76	4523.38
2571	0.36515	34286.1	6857.21
2572	0.18233	17119.7	5706.55
2573	0.26720	25088.8	8362.93
2574	0.30156	28314.8	9438.26
2575	0.33019	31002.9	7750.74
2576	0.08138	7641.01	3820.51
2577	0.45248	42485.9	21242.9
2578	0.50045	46989.6	11747.4
2579	0.02912	2734.15	2734.15
2580	0.18574	17439.6	8719.8
2581	0.03807	3574.46	3574.46
2582	0.19622	18423.6	6141.19
2583	0.19454	18266.1	6088.71
2584	0.07295	6849.67	6849.67
2585	0.13151	12347.9	6173.96
2586	0.28878	27115.4	6778.86
2587	0.13212	12405.4	6202.7
2588	0.34839	32712.5	8178.14
2589	0.14123	13261.2	6630.59
2590	0.27627	25940.8	5188.15
2591	0.02666	2502.91	2502.91
2592	0.62746	58915.2	19638.4
2593	0.26206	24606.3	6151.57
2594	0.63020	59172.8	29586.4
2595	0.24902	23381.9	5845.46
2596	0.66445	62388.6	20796.2
2597	0.15246	14315.5	4771.82
2598	0.20674	19411.6	9705.79
2599	0.27549	25866.9	12933.5
2600	0.00000	0	0
