#IID	F_ROH	ROH_length_kB	KBAVG
4551	0.15953	14981.8	4993.94
4552	0.58719	55145.4	13786.3
4553	0.05888	5529.32	5529.32
4554	0.28264	26544.1	6636.02
4555	0.16874	15846.8	3961.69
4556	0.44914	42180.9	10545.2
4557	0.61858	58093.3	19364.4
4558	0.35313	33164.2	8291.04
4559	0.16599	15588.6	7794.31
4560	0.09586	9002.88	4501.44
4561	0.17690	16613.5	5537.83
4562	0.07279	6835.85	6835.85
4563	0.21615	20299.5	5074.86
4564	0.21176	19887.2	3977.43
4565	0.15781	14821	7410.52
4566	0.25477	23926.4	5981.6
4567	0.42037	39479.3	5639.9
4568	0.10001	9392.02	4696.01
4569	0.17713	16634.7	5544.9
4570	0.34132	32054.7	6410.95
4571	0.36046	33852.6	8463.16
4572	0.29314	27529.9	6882.48
4573	0.02976	2795.05	2795.05
4574	0.25020	23497.3	5874.34
4575	0.48214	45279.9	7546.65
4576	0.19871	18661.5	6220.48
4577	0.33105	31090	10363.3
4578	0.16925	15895.3	5298.44
4579	0.28071	26363.1	5272.62
4580	0.40681	38205.3	19102.7
4581	0.52003	48838.8	16279.6
4582	0.30830	28953.5	4825.58
4583	0.39438	37037.8	9259.44
4584	0.26023	24439.6	6109.9
4585	0.36082	33886.5	5647.75
4586	0.09099	8544.87	4272.44
4587	0.22747	21362.5	7120.85
4588	0.00000	0	0
4589	0.38778	36418.3	6069.72
4590	0.16719	15702	3925.51
4591	0.19042	17882.8	4470.7
4592	0.30631	28766.9	5753.37
4593	0.21580	20266.5	10133.2
4594	0.40605	38133.9	12711.3
4595	0.07721	7250.72	3625.36
4596	0.20412	19170.3	6390.09
4597	0.20631	19375.9	6458.62
4598	0.30757	28885	5777
4599	0.13324	12513.3	4171.08
4600	0.51073	47965.4	7994.24
