#IID	F_ROH	ROH_length_kB	KBAVG
26551	0.78790	72844.5	24281.5
26552	0.55289	51116.5	6389.56
26553	0.34412	31815.7	6363.13
26554	0.70218	64918.9	9274.13
26555	0.57123	52812.2	7544.61
26556	0.56211	51969.4	10393.9
26557	0.55166	51003.4	6375.42
26558	0.64080	59244.7	11848.9
26559	0.51796	47887.9	15962.6
26560	0.47246	43680.9	8736.17
26561	0.47338	43766.3	8753.25
26562	0.38344	35450.5	5908.41
26563	0.37225	34416.4	5736.06
26564	0.51129	47270.5	9454.09
26565	0.43704	40406.5	10101.6
26566	0.47799	44192.2	22096.1
26567	0.31362	28995.8	9665.26
26568	0.27554	25474.6	12737.3
26569	0.49743	45989.2	9197.84
26570	0.39665	36672.2	9168.05
26571	0.64365	59508.3	5409.85
26572	0.70357	65048	16262
26573	0.40044	37021.9	7404.39
26574	0.40575	37513.3	7502.67
26575	0.51482	47597.5	7932.92
26576	0.31208	28853	5770.59
26577	0.46167	42683	8536.59
26578	0.50330	46532.4	11633.1
26579	0.66484	61466.7	15366.7
26580	0.72567	67090.7	9584.38
26581	0.36759	33984.9	8496.22
26582	0.37604	34766.7	8691.67
26583	0.54935	50789.8	10158
26584	0.55750	51543.2	8590.53
26585	0.73890	68314.1	11385.7
26586	0.31686	29294.6	9764.87
26587	0.42209	39023.6	9755.9
26588	0.63972	59144.5	11828.9
26589	0.38009	35140.5	7028.11
26590	0.46011	42539.3	7089.89
26591	0.52278	48332.7	8055.45
26592	0.47426	43847	4871.89
26593	0.38145	35266.8	8816.69
26594	0.63521	58727.4	6525.27
26595	0.52522	48558.6	8093.11
26596	0.59055	54598.8	7799.82
26597	0.45405	41979.1	10494.8
26598	0.93297	86256.7	86256.7
26599	0.43551	40264.8	8052.96
26600	0.55272	51101.5	8516.92
