#IID	F_ROH	ROH_length_kB	KBAVG
2551	0.26230	24221.2	8073.75
2552	0.31613	29191.9	5838.39
2553	0.09119	8420.97	4210.49
2554	0.83529	77132.6	38566.3
2555	0.35995	33239.1	5539.85
2556	0.38987	36001.4	9000.35
2557	0.36992	34159.5	11386.5
2558	0.38194	35269	8817.26
2559	0.16796	15510.1	3877.52
2560	0.19677	18169.9	4542.49
2561	0.14350	13251.3	4417.09
2562	0.27549	25439.5	8479.82
2563	0.13190	12180.1	4060.03
2564	0.02928	2703.89	2703.89
2565	0.23546	21742.8	5435.7
2566	0.23724	21907.2	5476.81
2567	0.29257	27016.6	4502.77
2568	0.29032	26808.8	6702.21
2569	0.17559	16214	5404.67
2570	0.47433	43800.8	14600.3
2571	0.35165	32472.6	16236.3
2572	0.16347	15094.8	5031.61
2573	0.23605	21797.4	7265.79
2574	0.31704	29276.7	9758.91
2575	0.05378	4966.53	4966.53
2576	0.07532	6955.15	3477.57
2577	0.16039	14810.5	7405.25
2578	0.30557	28217.1	5643.42
2579	0.36198	33426.5	6685.31
2580	0.20829	19234.4	4808.59
2581	0.50445	46581.9	9316.39
2582	0.42689	39420.6	9855.14
2583	0.33992	31388.8	10462.9
2584	0.13234	12220.6	6110.3
2585	0.15706	14503.3	3625.83
2586	0.44450	41046.5	10261.6
2587	0.18868	17422.8	5807.61
2588	0.27819	25688.6	8562.87
2589	0.20685	19101.4	4775.35
2590	0.22224	20522.5	6840.85
2591	0.20638	19057.7	3811.54
2592	0.20216	18668.3	4667.07
2593	0.24998	23083.7	5770.93
2594	0.10204	9423.11	4711.56
2595	0.03204	2958.81	2958.81
2596	0.30379	28053.2	7013.3
2597	0.11707	10810.8	5405.41
2598	0.08659	7995.96	7995.96
2599	0.22645	20910.6	10455.3
2600	0.49586	45789.2	11447.3
