#IID	F_ROH	ROH_length_kB	KBAVG
4551	0.19338	18171.3	9085.63
4552	0.29771	27974.6	6993.66
4553	0.28395	26681.2	6670.31
4554	0.66682	62658.4	20886.1
4555	0.08019	7534.79	3767.39
4556	0.19909	18707.2	9353.62
4557	0.35594	33446.4	5574.39
4558	0.27277	25631.2	6407.8
4559	0.26658	25049.2	8349.73
4560	0.26025	24454.4	12227.2
4561	0.30721	28867.3	9622.44
4562	0.14780	13887.9	4629.29
4563	0.12552	11794.7	5897.37
4564	0.18071	16980.8	5660.27
4565	0.43638	41004.6	10251.2
4566	0.16910	15889.7	5296.57
4567	0.13682	12856	6428.01
4568	0.21595	20291.6	6763.88
4569	0.21092	19819.3	19819.3
4570	0.27510	25850.2	8616.73
4571	0.18759	17627.3	5875.76
4572	0.14134	13281	13281
4573	0.11940	11219.9	3739.98
4574	0.53559	50326.9	16775.6
4575	0.23699	22268.5	5567.11
4576	0.44080	41419.9	10355
4577	0.26700	25088.5	8362.82
4578	0.45419	42678.1	7113.02
4579	0.29444	27667.3	9222.42
4580	0.14486	13611.5	4537.17
4581	0.40467	38025.1	7605.02
4582	0.15818	14863.3	3715.82
4583	0.25807	24249.3	6062.32
4584	0.18280	17177.3	5725.76
4585	0.37870	35584.6	7116.91
4586	0.03433	3225.86	3225.86
4587	0.27852	26171.3	8723.77
4588	0.21072	19800	4949.99
4589	0.54220	50948	12737
4590	0.17303	16258.7	5419.55
4591	0.51724	48602.4	9720.48
4592	0.18291	17187.3	4296.84
4593	0.53617	50381.1	8396.84
4594	0.24812	23315.1	7771.71
4595	0.48777	45834	11458.5
4596	0.11900	11182	5590.98
4597	0.19241	18079.5	18079.5
4598	0.06471	6080.49	3040.25
4599	0.37667	35394	7078.79
4600	0.20200	18981.5	6327.17
