#IID	F_ROH	ROH_length_kB	KBAVG
2551	0.45308	42584.5	7097.42
2552	0.36456	34264	6852.81
2553	0.16600	15602	3900.51
2554	0.24524	23049.3	5762.33
2555	0.06564	6169.68	6169.68
2556	0.49084	46133.2	9226.63
2557	0.88783	83445.6	41722.8
2558	0.42443	39891.9	7978.38
2559	0.13758	12931.1	4310.36
2560	0.31902	29984.3	4997.38
2561	0.15068	14162.2	4720.74
2562	0.48865	45927.7	7654.61
2563	0.34670	32585.8	6517.15
2564	0.47544	44685.5	8937.1
2565	0.26709	25103.6	4183.94
2566	0.49954	46950.8	7825.13
2567	0.21510	20217	6739
2568	0.58847	55309	9218.17
2569	0.31102	29232	7308.01
2570	0.53837	50600.2	8433.37
2571	0.55035	51726.5	10345.3
2572	0.30591	28752.2	7188.05
2573	0.08283	7784.61	3892.31
2574	0.35128	33016.7	8254.18
2575	0.17155	16123.9	4030.99
2576	0.14733	13847.2	4615.74
2577	0.22576	21218.7	5304.68
2578	0.14667	13785.3	4595.11
2579	0.42382	39834.4	7966.88
2580	0.17355	16312	4078.01
2581	0.24745	23257.3	4651.46
2582	0.31406	29517.9	4919.65
2583	0.24488	23016.1	7672.03
2584	0.25239	23722.1	5930.52
2585	0.43865	41228.2	6871.37
2586	0.31490	29597	4932.83
2587	0.29275	27515.1	9171.69
2588	0.23042	21656.6	5414.14
2589	0.24932	23432.8	5858.19
2590	0.50149	47134	9426.8
2591	0.60186	56568	11313.6
2592	0.18400	17293.5	5764.51
2593	0.39614	37232.7	12410.9
2594	0.52459	49305.2	9861.03
2595	0.14790	13900.9	4633.62
2596	0.61966	58240.6	11648.1
2597	0.65639	61692.7	20564.2
2598	0.61118	57443.4	28721.7
2599	0.41113	38641.2	9660.3
2600	0.27834	26160.9	5232.18
