#IID	F_ROH	ROH_length_kB	KBAVG
6551	0.20958	19373.8	4843.46
6552	0.20125	18603.7	6201.23
6553	0.35642	32948.5	8237.12
6554	0.28824	26645.3	8881.76
6555	0.21543	19914.6	6638.22
6556	0.15911	14708.7	4902.9
6557	0.27456	25380.5	6345.13
6558	0.32008	29588.5	9862.82
6559	0.11368	10508.9	3502.98
6560	0.33008	30513.3	6102.66
6561	0.38724	35796.7	8949.16
6562	0.76484	70702.8	17675.7
6563	0.19836	18336.6	6112.21
6564	0.18562	17158.7	4289.67
6565	0.26141	24165.6	6041.4
6566	0.18686	17273.4	5757.78
6567	0.23268	21509.4	7169.8
6568	0.15055	13917.4	6958.71
6569	0.44141	40804.3	10201.1
6570	0.68114	62965.4	15741.3
6571	0.04658	4305.9	4305.9
6572	0.39354	36379.5	7275.91
6573	0.38344	35445.5	7089.1
6574	0.31505	29123.9	5824.79
6575	0.14123	13055.2	6527.62
6576	0.57225	52899.9	17633.3
6577	0.30482	28177.7	7044.42
6578	0.16956	15674.1	5224.7
6579	0.24586	22727.5	5681.87
6580	0.14046	12984.8	6492.41
6581	0.45018	41615.1	10403.8
6582	0.58598	54168.8	13542.2
6583	0.33782	31228.8	7807.2
6584	0.06965	6438.73	3219.36
6585	0.52619	48642.2	12160.6
6586	0.36807	34024.6	11341.5
6587	0.18220	16842.7	4210.67
6588	0.00000	0	0
6589	0.29618	27379.2	6844.8
6590	0.11436	10571.3	5285.65
6591	0.29195	26988.5	5397.7
6592	0.13983	12925.8	4308.59
6593	0.12883	11909.3	5954.66
6594	0.24836	22959.2	7653.06
6595	0.13906	12854.8	6427.4
6596	0.27494	25415.7	6353.92
6597	0.37674	34826.4	8706.6
6598	0.25320	23406.4	7802.12
6599	0.41503	38366	5480.86
6600	0.16209	14984.3	7492.15
