#IID	F_ROH	ROH_length_kB	KBAVG
6551	0.61896	58117.7	9686.28
6552	0.07802	7326.16	7326.16
6553	0.27887	26184.5	6546.14
6554	0.39778	37349.6	9337.41
6555	0.19609	18411.9	6137.31
6556	0.34341	32244.4	6448.88
6557	0.36909	34656.5	4950.93
6558	0.38702	36339.4	9084.86
6559	0.50383	47308	7884.66
6560	0.17628	16552.2	4138.05
6561	0.32844	30839.4	7709.86
6562	0.26134	24538.6	6134.66
6563	0.17423	16359.5	5453.15
6564	0.33960	31886.9	7971.71
6565	0.26086	24493.7	6123.43
6566	0.65814	61796.5	10299.4
6567	0.49586	46559.6	23279.8
6568	0.37389	35106.5	11702.2
6569	0.15923	14951.3	3737.82
6570	0.00000	0	0
6571	0.18290	17173.8	5724.61
6572	0.28147	26428.8	8809.6
6573	0.35072	32930.9	6586.18
6574	0.14828	13923.1	6961.54
6575	0.24271	22789.6	4557.92
6576	0.10375	9741.96	4870.98
6577	0.34382	32283.5	10761.2
6578	0.08609	8083.3	4041.65
6579	0.23449	22017.8	5504.45
6580	0.21017	19734.6	4933.65
6581	0.43165	40530	13510
6582	0.32933	30923.2	7730.81
6583	0.33419	31379.6	6275.92
6584	0.19076	17911.5	4477.87
6585	0.33912	31842.5	10614.2
6586	0.22452	21082	10541
6587	0.43175	40539.5	13513.2
6588	0.21686	20362.5	5090.62
6589	0.65210	61230.1	20410
6590	0.33911	31840.8	7960.2
6591	0.70913	66584.2	16646.1
6592	0.65590	61586.2	15396.6
6593	0.43201	40564.5	10141.1
6594	0.22735	21347.4	7115.8
6595	0.37344	35064.4	5844.06
6596	0.29779	27960.9	6990.22
6597	0.40535	38060.6	9515.16
6598	0.16049	15069.2	5023.08
6599	0.13547	12720.5	4240.16
6600	0.45342	42574.3	8514.85
