#IID	F_ROH	ROH_length_kB	KBAVG
20551	0.09008	8319.26	4159.63
20552	0.38427	35488.2	8872.05
20553	0.21649	19993.9	6664.63
20554	0.19189	17721.7	4430.43
20555	0.37318	34464.5	8616.12
20556	0.35459	32747.8	8186.96
20557	0.61236	56552.9	14138.2
20558	0.07562	6984.07	3492.03
20559	0.38355	35422.1	5903.68
20560	0.11820	10916	5458.02
20561	0.19321	17843.4	5947.81
20562	0.23314	21531.1	5382.77
20563	0.32938	30419.6	10139.9
20564	0.27234	25151.5	5030.29
20565	0.32129	29671.7	4238.81
20566	0.18250	16854.5	5618.16
20567	0.15096	13942	4647.33
20568	0.39742	36703	12234.3
20569	0.58093	53650.8	17883.6
20570	0.40335	37250.2	9312.56
20571	0.28185	26029.4	6507.36
20572	0.13358	12336.6	4112.19
20573	0.32157	29698.3	4949.72
20574	0.68918	63648.1	12729.6
20575	0.12819	11838.3	5919.14
20576	0.21372	19737.4	4934.35
20577	0.31038	28664.8	5732.97
20578	0.13980	12910.6	4303.53
20579	0.35147	32459.5	8114.88
20580	0.10568	9759.98	9759.98
20581	0.21716	20055	5013.75
20582	0.35147	32458.9	8114.73
20583	0.35846	33104.9	8276.22
20584	0.36664	33860.1	6772.03
20585	0.13113	12110.4	6055.19
20586	0.81593	75353.9	25118
20587	0.21163	19544.4	4886.09
20588	0.26576	24543.3	4908.65
20589	0.36050	33292.9	6658.57
20590	0.30185	27876.8	5575.36
20591	0.12307	11365.8	5682.91
20592	0.20035	18503.1	6167.7
20593	0.54565	50392.4	8398.74
20594	0.16278	15033.4	7516.7
20595	0.29894	27607.9	6901.97
20596	0.21096	19482.7	4870.67
20597	0.15249	14082.5	4694.16
20598	0.53516	49423.8	12356
20599	0.26319	24306	8102.02
20600	0.36799	33985	5664.17
