#IID	F_ROH	ROH_length_kB	KBAVG
2551	0.32246	30304.6	10101.5
2552	0.31192	29314.7	7328.66
2553	0.06455	6066.43	6066.43
2554	0.38463	36147.5	7229.51
2555	0.18084	16995.5	5665.17
2556	0.10238	9622.14	4811.07
2557	0.28356	26649.5	8883.18
2558	0.05985	5625.2	5625.2
2559	0.41312	38825	6470.84
2560	0.28318	26613.7	6653.42
2561	0.15226	14309.4	7154.72
2562	0.33042	31053	7763.24
2563	0.29211	27452.6	5490.52
2564	0.15062	14155.2	4718.41
2565	0.20377	19150	9575.02
2566	0.40877	38416	6402.66
2567	0.16857	15842.1	7921.06
2568	0.06254	5877.15	5877.15
2569	0.24488	23014.2	7671.41
2570	0.30597	28755.3	9585.11
2571	0.12048	11323.2	5661.58
2572	0.16926	15907.5	15907.5
2573	0.17854	16779.2	8389.59
2574	0.37455	35200.2	8800.06
2575	0.15335	14411.9	4803.97
2576	0.19372	18206.1	9103.05
2577	0.16010	15046.2	7523.08
2578	0.07131	6701.69	6701.69
2579	0.13313	12511.2	6255.6
2580	0.14920	14021.8	7010.88
2581	0.06844	6431.87	6431.87
2582	0.14469	13597.8	6798.9
2583	0.28903	27163.1	9054.36
2584	0.25843	24287	6071.75
2585	0.23599	22178.6	11089.3
2586	0.11295	10615.2	5307.59
2587	0.36182	34004.2	11334.7
2588	0.25002	23496.9	7832.31
2589	0.13802	12971.1	6485.55
2590	0.50343	47313	15771
2591	0.29770	27978.1	9326.05
2592	0.26036	24469.1	6117.27
2593	0.27364	25716.9	12858.4
2594	0.08753	8225.88	8225.88
2595	0.17543	16487.4	5495.82
2596	0.16331	15347.6	5115.88
2597	0.46214	43431.9	10858
2598	0.54869	51566	8594.34
2599	0.22603	21242.1	7080.7
2600	0.15150	14237.6	4745.88
