#IID	F_ROH	ROH_length_kB	KBAVG
10551	0.27841	26143.6	5228.71
10552	0.31527	29605.6	7401.39
10553	0.14922	14012.5	7006.25
10554	0.56024	52608.6	10521.7
10555	0.37718	35418.9	5903.15
10556	0.30840	28959.9	5791.98
10557	0.33493	31451.3	7862.82
10558	0.21586	20270.1	6756.69
10559	0.38754	36391.9	6065.32
10560	0.36670	34435.1	17217.6
10561	0.47876	44957.5	8991.5
10562	0.28530	26790.8	8930.26
10563	0.48162	45226.2	7537.69
10564	0.31396	29482.6	9827.52
10565	0.16244	15253.5	5084.5
10566	0.28238	26517.1	6629.26
10567	0.17022	15984.5	5328.18
10568	0.32633	30643.7	7660.93
10569	0.24725	23218.2	11609.1
10570	0.38784	36420.1	12140
10571	0.29733	27921	9307.01
10572	0.29180	27401.7	4566.94
10573	0.30676	28805.7	7201.43
10574	0.31127	29229.7	5845.93
10575	0.32581	30594.7	15297.3
10576	0.38102	35779.7	7155.95
10577	0.25325	23781.3	5945.32
10578	0.21416	20110.2	5027.55
10579	0.09665	9075.4	4537.7
10580	0.32787	30788.5	10262.8
10581	0.49092	46099.6	7683.26
10582	0.32240	30274.6	7568.66
10583	0.12236	11490.4	5745.18
10584	0.31511	29590	7397.5
10585	0.43951	41271.7	6878.62
10586	0.33756	31698.1	10566
10587	0.36400	34180.7	11393.6
10588	0.22440	21072.2	7024.05
10589	0.26428	24816.9	8272.31
10590	0.37869	35560.5	11853.5
10591	0.11186	10504.2	5252.12
10592	0.52638	49429.3	9885.86
10593	0.26582	24961.2	6240.3
10594	0.46165	43350.7	7225.11
10595	0.26806	25171.9	6292.98
10596	0.23088	21680.7	7226.9
10597	0.18197	17087.4	5695.81
10598	0.28311	26585.2	5317.04
10599	0.15195	14269.2	7134.61
10600	0.16478	15473.5	7736.76
