#IID	F_ROH	ROH_length_kB	KBAVG
6551	0.35642	33493.4	5582.23
6552	0.11396	10709.2	5354.62
6553	0.09235	8677.79	8677.79
6554	0.04986	4685.38	4685.38
6555	0.35014	32902.6	8225.65
6556	0.19632	18448	6149.34
6557	0.09001	8458.11	4229.06
6558	0.36513	34311.3	8577.83
6559	0.20784	19530.5	6510.17
6560	0.29310	27542.4	6885.6
6561	0.31979	30051.3	6010.25
6562	0.26411	24818.2	6204.55
6563	0.22953	21569.4	7189.81
6564	0.15087	14177	4725.68
6565	0.24047	22597	11298.5
6566	0.10896	10239	5119.49
6567	0.68510	64379.8	21459.9
6568	0.23446	22032.8	11016.4
6569	0.24872	23372.5	7790.82
6570	0.12436	11685.9	5842.96
6571	0.47421	44561.5	8912.31
6572	0.42703	40128.4	10032.1
6573	0.36552	34348	6869.6
6574	0.17732	16662.6	8331.32
6575	0.19435	18263.1	18263.1
6576	0.13409	12600.4	12600.4
6577	0.17814	16739.8	8369.89
6578	0.38140	35840.4	5973.39
6579	0.37709	35435.9	8858.97
6580	0.16698	15691.1	7845.54
6581	0.20216	18997.2	18997.2
6582	0.44789	42088.5	14029.5
6583	0.04493	4222.31	4222.31
6584	0.43372	40757	13585.7
6585	0.07645	7184.02	7184.02
6586	0.21364	20076.1	10038
6587	0.29020	27270.7	6817.67
6588	0.24150	22694.3	7564.78
6589	0.17619	16557	5519
6590	0.25015	23506.8	5876.7
6591	0.37960	35671.3	11890.4
6592	0.25452	23917.8	5979.44
6593	0.16930	15909	7954.52
6594	0.39758	37361.2	7472.24
6595	0.26737	25125	8375
6596	0.39439	37061.5	18530.7
6597	0.87535	82257.7	82257.7
6598	0.05508	5175.52	5175.52
6599	0.30441	28605.3	14302.6
6600	0.36268	34081.6	5680.26
