#IID	F_ROH	ROH_length_kB	KBAVG
8551	0.29220	27012.1	5402.43
8552	0.40714	37637.8	7527.56
8553	0.16979	15696.2	3924.05
8554	0.50338	46534	15511.3
8555	0.33664	31120.1	7780.03
8556	0.19903	18399.3	6133.1
8557	0.47352	43774.4	10943.6
8558	0.25313	23399.9	4679.99
8559	0.36612	33845.2	8461.29
8560	0.42038	38861.6	9715.39
8561	0.19004	17568	5856.01
8562	0.33081	30581.2	6116.24
8563	0.40343	37294.5	7458.91
8564	0.33269	30755.3	6151.07
8565	0.47708	44103	8820.6
8566	0.67532	62429.1	12485.8
8567	0.30081	27808.4	9269.48
8568	0.35385	32711.3	8177.82
8569	0.22810	21086.5	7028.82
8570	0.18219	16842	5613.99
8571	0.39895	36880.7	7376.14
8572	0.18000	16639.6	5546.53
8573	0.31374	29003.6	5800.73
8574	0.35427	32749.6	6549.92
8575	0.49438	45702.7	15234.2
8576	0.56564	52289.9	13072.5
8577	0.14021	12961.4	4320.46
8578	0.21210	19607.7	4901.93
8579	0.28426	26277.9	5255.57
8580	0.30050	27779.4	6944.86
8581	0.13250	12248.6	6124.29
8582	0.68119	62971.8	20990.6
8583	0.39953	36934.4	7386.88
8584	0.14574	13473.2	4491.06
8585	0.24490	22639.5	7546.49
8586	0.21874	20220.7	10110.3
8587	0.28833	26654.7	8884.89
8588	0.23336	21572.6	5393.14
8589	0.26367	24374.7	6093.68
8590	0.43036	39783.8	5683.4
8591	0.22766	21045.8	7015.27
8592	0.19068	17626.8	8813.39
8593	0.61963	57281.2	19093.7
8594	0.24218	22387.9	7462.64
8595	0.55994	51762.8	10352.6
8596	0.35398	32723.1	8180.78
8597	0.55024	50866.3	10173.3
8598	0.42658	39434.9	7886.98
8599	0.18552	17150.4	4287.61
8600	0.20091	18573.1	6191.04
