#IID	F_ROH	ROH_length_kB	KBAVG
4551	0.08599	8078.42	4039.21
4552	0.56308	52898.1	17632.7
4553	0.19530	18347.3	4586.84
4554	0.35143	33014.6	8253.66
4555	0.23207	21801.5	7267.17
4556	0.15871	14909.7	3727.42
4557	0.30621	28766.4	5753.28
4558	0.20404	19168.7	6389.55
4559	0.20138	18918.3	4729.58
4560	0.08857	8320.65	4160.33
4561	0.22405	21048.3	5262.08
4562	0.22889	21503.3	5375.82
4563	0.00000	0	0
4564	0.19885	18681.3	6227.11
4565	0.18299	17191.2	4297.79
4566	0.29647	27852	6963
4567	0.12889	12108.2	4036.05
4568	0.28789	27045.8	4507.63
4569	0.00000	0	0
4570	0.12514	11756.1	5878.06
4571	0.16958	15931.3	3982.82
4572	0.07097	6666.95	3333.48
4573	0.08563	8044.65	4022.32
4574	0.24141	22679.4	7559.78
4575	0.03561	3345.24	3345.24
4576	0.13441	12627.1	4209.03
4577	0.38343	36021.6	12007.2
4578	0.24995	23481.5	5870.36
4579	0.37816	35525.8	11841.9
4580	0.27007	25371.9	6342.98
4581	0.28178	26471.9	5294.37
4582	0.25947	24375.4	6093.85
4583	0.20896	19630.4	6543.47
4584	0.17014	15984	3996.01
4585	0.13172	12374.5	4124.82
4586	0.16313	15325.4	5108.46
4587	0.11905	11183.8	3727.94
4588	0.21359	20066	4013.2
4589	0.10964	10300	10300
4590	0.12090	11358.1	5679.04
4591	0.26508	24902.6	6225.65
4592	0.12793	12018.4	4006.15
4593	0.43782	41131.2	10282.8
4594	0.10106	9494.02	4747.01
4595	0.20192	18969	3793.8
4596	0.18001	16911.3	4227.82
4597	0.08453	7941.51	3970.75
4598	0.38754	36407.2	9101.81
4599	0.25834	24269.7	6067.44
4600	0.39027	36663.5	6110.59
