#IID	F_ROH	ROH_length_kB	KBAVG
2551	0.10333	9690.96	4845.48
2552	0.51224	48043.1	8007.19
2553	0.16358	15342.3	7671.17
2554	0.16037	15041.2	5013.72
2555	0.72357	67864.2	67864.2
2556	0.20487	19215.3	4803.82
2557	0.07392	6932.84	6932.84
2558	0.15038	14103.8	4701.27
2559	0.37036	34736.2	11578.7
2560	0.28690	26908.1	8969.36
2561	0.33745	31649.6	5274.93
2562	0.08470	7943.8	3971.9
2563	0.23895	22411.6	5602.9
2564	0.11264	10564.1	5282.06
2565	0.30657	28753.6	7188.39
2566	0.36838	34550.2	5758.37
2567	0.33816	31716	7929
2568	0.38970	36550.3	7310.07
2569	0.20549	19273.3	6424.44
2570	0.57666	54085.4	13521.3
2571	0.31723	29752.8	5950.57
2572	0.37051	34750.3	6950.07
2573	0.30130	28258.8	7064.69
2574	0.35528	33321.5	8330.37
2575	0.51255	48072	9614.4
2576	0.52112	48876.4	12219.1
2577	0.29074	27268.7	6817.19
2578	0.24299	22789.7	7596.57
2579	0.16799	15755.7	3938.92
2580	0.14067	13193.9	4397.96
2581	0.12729	11938.8	3979.61
2582	0.31759	29787.2	7446.81
2583	0.30346	28462.1	7115.52
2584	0.25368	23792.6	5948.15
2585	0.25565	23977.1	4795.41
2586	0.40653	38128.4	9532.11
2587	0.24892	23346.6	5836.64
2588	0.26728	25067.9	8355.96
2589	0.11014	10329.7	5164.84
2590	0.24878	23333	7777.65
2591	0.24801	23261.4	7753.8
2592	0.21173	19858.7	9929.34
2593	0.18153	17025.4	5675.14
2594	0.46172	43304.5	7217.41
2595	0.22893	21471.9	10736
2596	0.17836	16728.5	8364.25
2597	0.12014	11268	11268
2598	0.52243	48998.8	16332.9
2599	0.37093	34789.6	8697.39
2600	0.34444	32305.5	10768.5
