#IID	F_ROH	ROH_length_kB	KBAVG
2551	0.30615	28698.8	7174.7
2552	0.40104	37593.5	9398.38
2553	0.30699	28777.6	5755.51
2554	0.22386	20984.5	5246.12
2555	0.34700	32527.8	8131.95
2556	0.18959	17772.1	8886.05
2557	0.35955	33704.1	8426.02
2558	0.14301	13405.9	13405.9
2559	0.19933	18685.1	4671.27
2560	0.39462	36991.6	6165.27
2561	0.23134	21686	7228.66
2562	0.09892	9272.68	4636.34
2563	0.40866	38308.4	7661.68
2564	0.46974	44033.5	11008.4
2565	0.20639	19347.4	4836.85
2566	0.23781	22292	7430.68
2567	0.13908	13037.8	4345.94
2568	0.32627	30584.4	7646.09
2569	0.18642	17474.9	4368.73
2570	0.40901	38340.8	9585.2
2571	0.33726	31615.2	7903.81
2572	0.32148	30136.1	5022.69
2573	0.36195	33929.2	6785.84
2574	0.30132	28246.3	7061.57
2575	0.37802	35436.2	8859.04
2576	0.13333	12498.5	4166.17
2577	0.12625	11834.9	5917.45
2578	0.27325	25614.9	6403.73
2579	0.15167	14217.3	7108.64
2580	0.17565	16465.8	8232.89
2581	0.54249	50853.2	25426.6
2582	0.24081	22573.3	4514.66
2583	0.31858	29863.6	7465.91
2584	0.23733	22247.1	7415.69
2585	0.37691	35331.8	11777.3
2586	0.07964	7465.73	3732.86
2587	0.44599	41807.2	10451.8
2588	0.18342	17194	5731.33
2589	0.26634	24966.8	8322.28
2590	0.23694	22210.6	7403.55
2591	0.31084	29138	9712.68
2592	0.25090	23519.6	11759.8
2593	0.29308	27473.6	9157.87
2594	0.42958	40269.4	13423.1
2595	0.44713	41913.7	10478.4
2596	0.35958	33707.4	6741.48
2597	0.15278	14321.2	4773.73
2598	0.34963	32774.5	8193.64
2599	0.17758	16646.7	8323.35
2600	0.73762	69145.1	11524.2
