#IID	F_ROH	ROH_length_kB	KBAVG
6551	0.75317	69620.9	23207
6552	0.58427	54007.9	10801.6
6553	0.33010	30513.8	10171.3
6554	0.60606	56022.6	7002.82
6555	0.51030	47170.8	7861.8
6556	0.29648	27405.8	6851.44
6557	0.31046	28698.2	9566.06
6558	0.29586	27348.1	4558.01
6559	0.27937	25824.3	5164.86
6560	0.69926	64637.4	21545.8
6561	0.48885	45187.4	9037.47
6562	0.41674	38522.6	7704.52
6563	0.33786	31230.7	6246.13
6564	0.33373	30848.7	6169.73
6565	0.39770	36762.2	7352.44
6566	0.19675	18186.8	6062.27
6567	0.40076	37044.8	6174.13
6568	0.20971	19384.8	4846.19
6569	0.47311	43733	6247.57
6570	0.17403	16086.7	4021.67
6571	0.47652	44047.8	8809.57
6572	0.21018	19428.8	6476.26
6573	0.48385	44725.9	6389.41
6574	0.45810	42345.6	8469.11
6575	0.19653	18167.1	6055.71
6576	0.46910	43361.8	10840.5
6577	0.22086	20415.9	6805.31
6578	0.39560	36568.2	7313.63
6579	0.15399	14234.1	4744.7
6580	0.66276	61263.7	10210.6
6581	0.51496	47601.2	11900.3
6582	0.58449	54028.4	7718.34
6583	0.43899	40579.3	10144.8
6584	0.48379	44719.7	7453.28
6585	0.51834	47914.2	23957.1
6586	0.33753	31200.3	7800.08
6587	0.14660	13551.7	6775.87
6588	0.52259	48306.6	6900.94
6589	0.28175	26044.2	6511.06
6590	0.29356	27135.4	5427.08
6591	0.14685	13574.1	6787.03
6592	0.80489	74401.5	14880.3
6593	0.19504	18029.2	6009.74
6594	0.71085	65708.4	8213.55
6595	0.46409	42899.2	7149.86
6596	0.52480	48511.3	9702.25
6597	0.25366	23447.3	4689.46
6598	0.36558	33793.3	6758.66
6599	0.29948	27682.9	6920.72
6600	0.37419	34589.3	6917.85
