#IID	F_ROH	ROH_length_kB	KBAVG
2551	0.60522	55920.9	18640.3
2552	0.37769	34897.8	8724.46
2553	0.37026	34211.1	11403.7
2554	0.21528	19891.6	9945.8
2555	0.36439	33668.7	8417.17
2556	0.41197	38065.5	5437.94
2557	0.42362	39141.3	39141.3
2558	0.27096	25035.7	5007.14
2559	0.49804	46017.7	6573.96
2560	0.46066	42563.8	8512.76
2561	0.53979	49875.4	12468.9
2562	0.15108	13959.7	4653.24
2563	0.38214	35308.6	7061.72
2564	0.37885	35004.7	8751.19
2565	0.45130	41699	8339.8
2566	0.32296	29840.4	7460.1
2567	0.41773	38597.6	6432.93
2568	0.41056	37935.2	6322.53
2569	0.35774	33054.7	8263.67
2570	0.43408	40108	6684.67
2571	0.36559	33779.4	6755.88
2572	0.25085	23177.9	5794.47
2573	0.51420	47511	11877.8
2574	0.78441	72478.2	24159.4
2575	0.17160	15855.2	3963.79
2576	0.27549	25455	6363.76
2577	0.36548	33769.7	5628.29
2578	0.36520	33743.5	5623.92
2579	0.15198	14042.8	3510.71
2580	0.15018	13876.2	3469.06
2581	0.33944	31363.3	7840.83
2582	0.30612	28284.8	7071.2
2583	0.38986	36021.8	7204.36
2584	0.34652	32018.1	8004.53
2585	0.17852	16494.9	4123.72
2586	0.29396	27160.9	5432.17
2587	0.12357	11417.9	3805.97
2588	0.12832	11856.3	5928.15
2589	0.30754	28416.4	7104.1
2590	0.49971	46171.7	9234.34
2591	0.48578	44885.4	8977.09
2592	0.20282	18739.9	3747.98
2593	0.29353	27121.3	6780.34
2594	0.27040	24984.2	4996.84
2595	0.45710	42235.5	7039.25
2596	0.26987	24935.3	6233.83
2597	0.45520	42059.3	6008.47
2598	0.28255	26107	5221.4
2599	0.46084	42580.5	8516.1
2600	0.19373	17900.4	5966.78
