#IID	F_ROH	ROH_length_kB	KBAVG
2551	0.57317	52994.7	10598.9
2552	0.62633	57910.2	14477.6
2553	0.37046	34252.2	4893.17
2554	0.45947	42482.6	14160.9
2555	0.46194	42710.4	8542.07
2556	0.41609	38471.5	5495.93
2557	0.45246	41834	10458.5
2558	0.34129	31555.7	10518.6
2559	0.64837	59947.5	8563.93
2560	0.48448	44795.1	6399.3
2561	0.22473	20778.3	5194.57
2562	0.22572	20869.8	5217.46
2563	0.48726	45052	11263
2564	0.49026	45329.1	7554.85
2565	0.57386	53058.4	17686.1
2566	0.46332	42838	10709.5
2567	0.46848	43315.1	6187.87
2568	0.52390	48439.1	9687.83
2569	0.47061	43512.2	8702.43
2570	0.66592	61570.6	20523.5
2571	0.36829	34051.9	11350.6
2572	0.33298	30786.9	7696.72
2573	0.40634	37570	9392.5
2574	0.34031	31465.2	7866.29
2575	0.46684	43163.6	6166.23
2576	0.40746	37673.6	7534.72
2577	0.94720	87577.9	21894.5
2578	0.30877	28548.7	7137.17
2579	0.54648	50527.3	6315.91
2580	0.54089	50010.6	10002.1
2581	0.64782	59897	29948.5
2582	0.33072	30578.3	7644.57
2583	0.46860	43326.3	8665.25
2584	0.58906	54463.7	13615.9
2585	0.75966	70237.6	17559.4
2586	0.46635	43118.8	10779.7
2587	0.54406	50303.3	10060.7
2588	0.52645	48675.1	8112.51
2589	0.22633	20926.7	20926.7
2590	0.39758	36759.7	5251.39
2591	0.49973	46204.8	5775.6
2592	0.42097	38923	5560.43
2593	0.14862	13740.9	13740.9
2594	0.34381	31788.9	10596.3
2595	0.73985	68406.3	7600.7
2596	0.59118	54660.2	13665
2597	0.37646	34807.5	11602.5
2598	0.55215	51051.4	12762.9
2599	0.30668	28355.4	9451.81
2600	0.22093	20427.2	6809.08
