#IID	F_ROH	ROH_length_kB	KBAVG
16551	0.17218	16169.1	4042.27
16552	0.12495	11734.1	5867.03
16553	0.25946	24365.6	8121.87
16554	0.16296	15303.7	7651.87
16555	0.40750	38267.9	7653.57
16556	0.24952	23431.6	5857.9
16557	0.13961	13110.3	4370.09
16558	0.27877	26178.4	6544.59
16559	0.21532	20220	5054.99
16560	0.13419	12601.7	4200.58
16561	0.28540	26801.2	6700.29
16562	0.65502	61512.1	12302.4
16563	0.24538	23043.4	7681.13
16564	0.12765	11987.4	5993.71
16565	0.18607	17473.8	8736.92
16566	0.20527	19276.2	6425.42
16567	0.17305	16251	5417
16568	0.21095	19810.3	4952.56
16569	0.14818	13915	6957.51
16570	0.18081	16979.1	4244.78
16571	0.36478	34256.2	17128.1
16572	0.34878	32753.1	16376.5
16573	0.12191	11448.3	5724.15
16574	0.16684	15667.9	5222.63
16575	0.34672	32560.1	8140.03
16576	0.36083	33885.1	5647.51
16577	0.14759	13859.7	4619.91
16578	0.07951	7466.91	7466.91
16579	0.27862	26164.8	8721.59
16580	0.18539	17409.5	5803.15
16581	0.03291	3090.21	3090.21
16582	0.28031	26323	5264.61
16583	0.38329	35994.1	8998.53
16584	0.18279	17165.4	4291.36
16585	0.09289	8722.74	8722.74
16586	0.27088	25437.9	6359.48
16587	0.18755	17612.3	5870.76
16588	0.52890	49667.8	16555.9
16589	0.32366	30393.9	10131.3
16590	0.05255	4934.48	4934.48
16591	0.15483	14539.9	7269.97
16592	0.20959	19681.9	6560.64
16593	0.34881	32756.2	6551.25
16594	0.09525	8944.63	4472.31
16595	0.07099	6666.84	3333.42
16596	0.20155	18927.5	4731.88
16597	0.13188	12384.7	6192.33
16598	0.06018	5651.18	5651.18
16599	0.34095	32018.2	8004.54
16600	0.17648	16573.1	5524.36
