#IID	F_ROH	ROH_length_kB	KBAVG
28551	0.31142	28769.7	5753.94
28552	0.50915	47036.3	11759.1
28553	0.54064	49945.1	8324.19
28554	0.28288	26132.7	8710.91
28555	0.18933	17491	5830.34
28556	0.06059	5597.45	2798.73
28557	0.25466	23525.9	4705.18
28558	0.56923	52586.6	8764.44
28559	0.28516	26343.3	5268.67
28560	0.16257	15018.8	7509.41
28561	0.17731	16379.8	5459.94
28562	0.25941	23964.5	5991.12
28563	0.39600	36583.3	6097.21
28564	0.28220	26070.3	5214.07
28565	0.40813	37703.3	7540.66
28566	0.32491	30015.6	10005.2
28567	0.17172	15863.7	7931.85
28568	0.34411	31789.6	7947.39
28569	0.26161	24168.4	6042.11
28570	0.49232	45481.4	9096.29
28571	0.23513	21721.7	7240.58
28572	0.17745	16392.8	5464.27
28573	0.29642	27383.7	9127.9
28574	0.36234	33473.4	11157.8
28575	0.25147	23231	5807.74
28576	0.35068	32396.7	6479.33
28577	0.13945	12882.7	6441.35
28578	0.26635	24606.1	4921.22
28579	0.09327	8616.38	4308.19
28580	0.30707	28368	5673.61
28581	0.27459	25367.3	6341.82
28582	0.12614	11652.7	5826.36
28583	0.35726	33004.1	8251.02
28584	0.50508	46660.4	11665.1
28585	0.11716	10823.1	3607.71
28586	0.35145	32467.4	5411.24
28587	0.33349	30808.3	5134.71
28588	0.09763	9019.54	4509.77
28589	0.19140	17682.2	8841.08
28590	0.24065	22232	5558.01
28591	0.33079	30559.3	10186.4
28592	0.31703	29288.1	7322.02
28593	0.30883	28530.2	7132.55
28594	0.15727	14529	4843.01
28595	0.41178	38041.1	12680.4
28596	0.15072	13923.5	4641.15
28597	0.26970	24915.6	6228.91
28598	0.15547	14362.9	4787.64
28599	0.15018	13873.8	4624.58
28600	0.42243	39024.4	7804.89
