#IID	F_ROH	ROH_length_kB	KBAVG
8551	0.17235	16168.4	8084.2
8552	0.12215	11458.9	5729.44
8553	0.48891	45865	9172.99
8554	0.19577	18365.1	6121.69
8555	0.11897	11160.9	5580.45
8556	0.46122	43267.2	10816.8
8557	0.33065	31018.7	6203.74
8558	0.28653	26879.9	5375.97
8559	0.28747	26967.8	6741.95
8560	0.69167	64886.5	16221.6
8561	0.27761	26042.5	6510.63
8562	0.19698	18479.2	6159.73
8563	0.29390	27571.1	6892.77
8564	0.21635	20295.9	6765.29
8565	0.27978	26246.1	26246.1
8566	0.35072	32901.7	10967.2
8567	0.26257	24632.3	6158.08
8568	0.27656	25944.7	5188.94
8569	0.18642	17488.6	5829.52
8570	0.23300	21858.1	5464.53
8571	0.14348	13459.8	6729.91
8572	0.36863	34582	11527.3
8573	0.45182	42386.1	10596.5
8574	0.80485	75504.1	18876
8575	0.31551	29598.8	7399.69
8576	0.22658	21255.7	7085.23
8577	0.10032	9411.59	9411.59
8578	0.28595	26825.5	8941.85
8579	0.32697	30673.5	10224.5
8580	0.16154	15154.1	5051.37
8581	0.44601	41840.5	6973.41
8582	0.13184	12368.2	4122.73
8583	0.37249	34943.8	8735.94
8584	0.36297	34050.4	5675.07
8585	0.04174	3915.37	3915.37
8586	0.25984	24375.8	6093.94
8587	0.42854	40202.2	6700.37
8588	0.29260	27448.9	5489.78
8589	0.17840	16736.3	8368.14
8590	0.35205	33026	5504.33
8591	0.38701	36306.2	9076.55
8592	0.09601	9007.23	9007.23
8593	0.34462	32329.4	5388.24
8594	0.30534	28644.5	5728.89
8595	0.49764	46684.2	11671
8596	0.08232	7722.55	3861.28
8597	0.05945	5577.22	5577.22
8598	0.17736	16638.6	5546.19
8599	0.44824	42050.3	14016.8
8600	0.23681	22215.6	5553.89
