#IID	F_ROH	ROH_length_kB	KBAVG
16551	0.15761	14575.7	4858.58
16552	0.11864	10971.8	5485.88
16553	0.25858	23912.7	7970.91
16554	0.11322	10470.6	5235.29
16555	0.33442	30926.3	10308.8
16556	0.44321	40986.6	5123.32
16557	0.25622	23694.5	7898.17
16558	0.18164	16797.6	5599.21
16559	0.20500	18958.2	4739.56
16560	0.12080	11171.1	5585.53
16561	0.30003	27746	9248.66
16562	0.34111	31545	6309
16563	0.40245	37217.1	7443.43
16564	0.17681	16350.7	5450.25
16565	0.24157	22340.1	5585.03
16566	0.22214	20542.7	10271.3
16567	0.15346	14191.5	4730.51
16568	0.13005	12026.2	6013.1
16569	0.16821	15555.3	3888.83
16570	0.28276	26148.4	6537.1
16571	0.09067	8385.22	4192.61
16572	0.53087	49093.5	6136.69
16573	0.38211	35336	7067.19
16574	0.76736	70963.6	14192.7
16575	0.45855	42405.2	10601.3
16576	0.24435	22596.7	5649.19
16577	0.20855	19286	4821.49
16578	0.26041	24081.5	8027.17
16579	0.17010	15730	5243.34
16580	0.32458	30015.8	7503.94
16581	0.35574	32897.6	6579.53
16582	0.29623	27394.1	6848.54
16583	0.25239	23340.7	5835.17
16584	0.16552	15306.4	5102.12
16585	0.21496	19878.8	4969.69
16586	0.34169	31598.9	7899.73
16587	0.20867	19297.5	4824.36
16588	0.23871	22075.2	11037.6
16589	0.07334	6781.9	3390.95
16590	0.10972	10146.8	5073.39
16591	0.29982	27726.5	6931.62
16592	0.42243	39065.4	7813.08
16593	0.21016	19434.7	4858.68
16594	0.42479	39283.7	9820.93
16595	0.17154	15863.9	5287.96
16596	0.28214	26091.7	6522.93
16597	0.27693	25609.6	8536.53
16598	0.04288	3965.67	3965.67
16599	0.45601	42170.8	10542.7
16600	0.19037	17605	8802.48
