#IID	F_ROH	ROH_length_kB	KBAVG
2551	0.20926	19310.4	9655.19
2552	0.41895	38660.8	6443.47
2553	0.32591	30074.8	7518.7
2554	0.23224	21431.1	5357.78
2555	0.32160	29676.9	7419.23
2556	0.40553	37422.2	9355.55
2557	0.30534	28176.9	9392.29
2558	0.43913	40522.9	13507.6
2559	0.38595	35615.1	8903.76
2560	0.20836	19227.6	19227.6
2561	0.08929	8239.64	8239.64
2562	0.19636	18120.1	4530.03
2563	0.00000	0	0
2564	0.25611	23633.8	4726.76
2565	0.17315	15978.1	5326.04
2566	0.14218	13120.5	6560.27
2567	0.26910	24832.4	8277.45
2568	0.33124	30566.5	10188.8
2569	0.23918	22071.5	7357.16
2570	0.33609	31013.8	10337.9
2571	0.41941	38703.3	7740.67
2572	0.19953	18412.8	6137.6
2573	0.43324	39979.3	7995.86
2574	0.20753	19150.7	9575.33
2575	0.27060	24970.7	8323.57
2576	0.40926	37766.7	9441.67
2577	0.36573	33749.7	16874.9
2578	0.43133	39802.8	39802.8
2579	0.16032	14793.9	14793.9
2580	0.12380	11424.1	11424.1
2581	0.04947	4565.04	4565.04
2582	0.28695	26479.7	5295.95
2583	0.03440	3174	3174
2584	0.38170	35223.4	11741.1
2585	0.78642	72570.4	24190.1
2586	0.11512	10623.1	5311.53
2587	0.32025	29552.3	7388.07
2588	0.11947	11024.8	3674.92
2589	0.34596	31925	7981.24
2590	0.10779	9946.65	9946.65
2591	0.32327	29831.4	7457.84
2592	0.28631	26420.7	8806.91
2593	0.12380	11424.1	11424.1
2594	0.29351	27085.4	6771.34
2595	0.38828	35830	11943.3
2596	0.18244	16835.6	4208.91
2597	0.33944	31323.6	7830.89
2598	0.26578	24526.4	8175.48
2599	0.48614	44860.4	11215.1
2600	0.32278	29785.7	14892.8
