#IID	F_ROH	ROH_length_kB	KBAVG
40551	0.16015	15049.6	5016.54
40552	0.66817	62789.3	62789.3
40553	0.22378	21029.2	5257.29
40554	0.23777	22344.1	7448.03
40555	0.07344	6901.74	3450.87
40556	0.40742	38285.8	5469.39
40557	0.17291	16248.9	8124.45
40558	0.10156	9543.75	4771.88
40559	0.32042	30110.4	15055.2
40560	0.71198	66906.4	33453.2
40561	0.19602	18420.4	4605.09
40562	0.23956	22511.5	7503.83
40563	0.29558	27776.3	9258.75
40564	0.61050	57369.9	11474
40565	0.14192	13336.8	4445.59
40566	0.12941	12160.9	6080.45
40567	0.40897	38432	6405.34
40568	0.08396	7890.34	7890.34
40569	0.17041	16014.1	8007.03
40570	0.47021	44186.9	7364.49
40571	0.07723	7257.25	3628.62
40572	0.38706	36372.5	7274.5
40573	0.54202	50934.9	12733.7
40574	0.04655	4374.82	4374.82
40575	0.08131	7640.52	3820.26
40576	0.07770	7301.53	3650.76
40577	0.09950	9350.44	4675.22
40578	0.35853	33692.1	8423.02
40579	0.00000	0	0
40580	0.43369	40754.6	8150.92
40581	0.39386	37012.1	12337.4
40582	0.33118	31121.8	7780.45
40583	0.50540	47493.2	9498.64
40584	0.20535	19297.1	4824.27
40585	0.07587	7129.49	3564.74
40586	0.21798	20483.7	5120.93
40587	0.22732	21361.8	10680.9
40588	0.33684	31654	6330.79
40589	0.09491	8919.2	8919.2
40590	0.29727	27935.3	5587.05
40591	0.54689	51392.5	51392.5
40592	0.08067	7581.13	3790.57
40593	0.29103	27348.8	9116.26
40594	0.15680	14734.6	4911.53
40595	0.06380	5995.71	5995.71
40596	0.94858	89139.7	89139.7
40597	0.23060	21670	4334.01
40598	0.31597	29692.2	5938.44
40599	0.26346	24758.2	8252.75
40600	0.52348	49192.9	9838.57
