#IID	F_ROH	ROH_length_kB	KBAVG
2551	0.46783	41437.7	8287.54
2552	0.00000	0	0
2553	0.30480	26997.7	6749.41
2554	0.16180	14331.1	4777.04
2555	0.23563	20870.6	6956.87
2556	0.35766	31679.5	7919.88
2557	0.68079	60300.4	12060.1
2558	0.20956	18561.9	18561.9
2559	0.17118	15162.3	7581.14
2560	0.29692	26299.1	8766.38
2561	0.14818	13124.9	4374.98
2562	0.40350	35739.5	7147.91
2563	0.16345	14477.6	4825.87
2564	0.19643	17398.2	5799.41
2565	0.16762	14846.8	7423.42
2566	0.38699	34277.3	6855.47
2567	0.25451	22542.9	11271.5
2568	0.26567	23531.3	7843.76
2569	0.35441	31391.2	7847.79
2570	0.20428	18094.2	9047.08
2571	0.14674	12997.1	6498.56
2572	0.19742	17486.1	5828.69
2573	0.55066	48774.4	12193.6
2574	0.45263	40091.2	13363.7
2575	0.22685	20092.6	5023.15
2576	0.26272	23269.8	5817.46
2577	0.25977	23008.9	5752.22
2578	0.18904	16743.7	8371.84
2579	0.15875	14061.2	7030.6
2580	0.65921	58388.8	11677.8
2581	0.37364	33095.1	5515.84
2582	0.30155	26709.3	8903.11
2583	0.32537	28819.5	7204.87
2584	0.32633	28904.4	7226.09
2585	0.17395	15407.5	7703.73
2586	0.29100	25775.5	6443.88
2587	0.05666	5018.44	5018.44
2588	0.42423	37576.1	12525.4
2589	0.56774	50287.2	25143.6
2590	0.29483	26114	5222.81
2591	0.44662	39558.9	13186.3
2592	0.35956	31847.8	6369.56
2593	0.40704	36053.2	9013.29
2594	0.20143	17841.2	5947.05
2595	0.29065	25744.5	6436.13
2596	0.41231	36519.9	7303.97
2597	0.24942	22092.3	7364.1
2598	0.25252	22366.8	5591.7
2599	0.50431	44669.2	11167.3
2600	0.27624	24467.4	6116.85
