#IID	F_ROH	ROH_length_kB	KBAVG
2551	0.43196	40530.8	8106.16
2552	0.20458	19195.4	4798.84
2553	0.23541	22088.6	4417.72
2554	0.12866	12071.8	4023.92
2555	0.27521	25823.3	8607.76
2556	0.41335	38784.9	6464.15
2557	0.17158	16099.1	5366.36
2558	0.10757	10093	5046.48
2559	0.33376	31317.2	6263.44
2560	0.20654	19379.4	9689.72
2561	0.27343	25655.6	8551.88
2562	0.07670	7197.06	7197.06
2563	0.31021	29107	9702.32
2564	0.40956	38429.2	5489.88
2565	0.35425	33239.5	11079.8
2566	0.16034	15045	5015
2567	0.54245	50898.4	6362.3
2568	0.32068	30089.5	10029.8
2569	0.11369	10667.8	5333.88
2570	0.25940	24339.5	4867.9
2571	0.23553	22099.5	4419.89
2572	0.09679	9081.74	4540.87
2573	0.34022	31923.1	6384.61
2574	0.12085	11339.4	3779.79
2575	0.93668	87889.1	43944.6
2576	0.27030	25362.2	8454.07
2577	0.24684	23161	7720.35
2578	0.27944	26220.2	5244.05
2579	0.24649	23128.5	7709.49
2580	0.18565	17419.8	4354.94
2581	0.30144	28283.9	7070.98
2582	0.14406	13517.1	4505.71
2583	0.10734	10071.8	3357.28
2584	0.20653	19378.5	9689.25
2585	0.03745	3514.23	3514.23
2586	0.28609	26844	5368.81
2587	0.29025	27234.6	6808.66
2588	0.19885	18658.1	4664.53
2589	0.27964	26239.1	13119.5
2590	0.30778	28878.9	9626.29
2591	0.29295	27487.6	4581.27
2592	0.24530	23016.3	5754.07
2593	0.21236	19925.9	9962.96
2594	0.28416	26662.4	8887.46
2595	0.19202	18017.2	6005.75
2596	0.23361	21920	5480.01
2597	0.67516	63350.5	31675.2
2598	0.28867	27085.6	9028.53
2599	0.09611	9017.78	4508.89
2600	0.53979	50649	8441.5
