#IID	F_ROH	ROH_length_kB	KBAVG
12551	0.28121	26399.3	4399.89
12552	0.29576	27765.2	4627.54
12553	0.38075	35744.2	7148.85
12554	0.26619	24989.1	4164.86
12555	0.26236	24629.9	4925.97
12556	0.17182	16130.5	5376.82
12557	0.39800	37363	7472.6
12558	0.13825	12978.4	4326.12
12559	0.07568	7104.42	3552.21
12560	0.24703	23190.6	7730.2
12561	0.21712	20382.4	5095.6
12562	0.31774	29828.5	14914.3
12563	0.10931	10261.3	3420.44
12564	0.23869	22407.7	5601.91
12565	0.25368	23814.6	5953.65
12566	0.17655	16574.2	5524.74
12567	0.24921	23394.9	5848.73
12568	0.17112	16064.8	5354.93
12569	0.25117	23579.1	11789.5
12570	0.93004	87309.8	43654.9
12571	0.15934	14958.1	4986.04
12572	0.31698	29757	9919
12573	0.21698	20369.4	10184.7
12574	0.09996	9384	4692
12575	0.24850	23328.4	7776.12
12576	0.20729	19459.6	6486.52
12577	0.27245	25576.6	25576.6
12578	0.33736	31670.7	10556.9
12579	0.10802	10140.8	5070.41
12580	0.28126	26403.9	5280.78
12581	0.21592	20269.8	5067.46
12582	0.00000	0	0
12583	0.25692	24119.5	6029.88
12584	0.04875	4576.31	4576.31
12585	0.28689	26933	5386.6
12586	0.09420	8843.7	4421.85
12587	0.19545	18348.6	4587.15
12588	0.20676	19410.4	9705.2
12589	0.30437	28573.7	4762.28
12590	0.13918	13065.8	4355.25
12591	0.15598	14643	4880.99
12592	0.05719	5368.58	2684.29
12593	0.35108	32958.6	16479.3
12594	0.05692	5343.51	5343.51
12595	0.26046	24451.7	4890.35
12596	0.43120	40479.7	8095.95
12597	0.41559	39015	9753.76
12598	0.15990	15010.7	7505.36
12599	0.08132	7633.94	3816.97
12600	0.21304	19999.7	3999.94
