#IID	F_ROH	ROH_length_kB	KBAVG
2551	0.06307	5831.26	5831.26
2552	0.24186	22360.8	11180.4
2553	0.20167	18645.4	9322.72
2554	0.22257	20578.1	6859.38
2555	0.45883	42420.6	6060.09
2556	0.29114	26917.7	6729.42
2557	0.17399	16085.8	5361.92
2558	0.24690	22827.3	7609.09
2559	0.22057	20393	5098.25
2560	0.47154	43596	7266
2561	0.45083	41681.1	6946.84
2562	0.33513	30984.4	10328.1
2563	0.47192	43631.3	10907.8
2564	0.39492	36511.9	7302.38
2565	0.87256	80672.7	26890.9
2566	0.10863	10043.1	5021.57
2567	0.41092	37991.8	9497.94
2568	0.21628	19996.4	6665.47
2569	0.23751	21958.9	5489.72
2570	0.38321	35429.7	8857.43
2571	0.08905	8233.23	4116.62
2572	0.24507	22658	7552.68
2573	0.11540	10669.7	3556.55
2574	0.43804	40498.5	8099.7
2575	0.16933	15655.3	7827.63
2576	0.25596	23664.5	5916.13
2577	0.09322	8619.07	4309.54
2578	0.27361	25296.3	12648.2
2579	0.23665	21879.7	7293.25
2580	0.27485	25411.1	6352.78
2581	0.20481	18936.1	9468.04
2582	0.31593	29208.9	7302.22
2583	0.35379	32709.3	6541.86
2584	0.27378	25312.4	6328.1
2585	0.19076	17636.5	5878.83
2586	0.03328	3076.8	3076.8
2587	0.74693	69057.7	17264.4
2588	0.21674	20038.8	20038.8
2589	0.17122	15830.1	5276.68
2590	0.19064	17625.5	8812.75
2591	0.21694	20057.1	5014.28
2592	0.17755	16415.1	8207.55
2593	0.33284	30772.7	10257.6
2594	0.25261	23354.7	5838.68
2595	0.10160	9393.69	3131.23
2596	0.48143	44510.7	22255.3
2597	0.28689	26524.6	5304.92
2598	0.54519	50405.4	12601.3
2599	0.19505	18033.5	6011.16
2600	0.25185	23285	5821.25
