#IID	F_ROH	ROH_length_kB	KBAVG
8551	0.62816	59012.1	7376.52
8552	0.19522	18340	4585.01
8553	0.35979	33800.9	8450.23
8554	0.23486	22063.6	11031.8
8555	0.33909	31856	10618.7
8556	0.41057	38571.3	7714.25
8557	0.30263	28430.6	7107.64
8558	0.32694	30714.8	10238.3
8559	0.35747	33582.1	8395.53
8560	0.20717	19462.7	9731.36
8561	0.49922	46899	9379.8
8562	0.15587	14642.9	4880.95
8563	0.35027	32906.4	6581.29
8564	0.23920	22471.9	5617.98
8565	0.13701	12871.7	6435.86
8566	0.14114	13259.5	6629.76
8567	0.26182	24596.8	8198.94
8568	0.51847	48708	9741.6
8569	0.14730	13837.7	6918.85
8570	0.14409	13536.4	6768.21
8571	0.28529	26801.8	13400.9
8572	0.15831	14872.1	7436.03
8573	0.31490	29583.7	7395.93
8574	0.05397	5070.18	5070.18
8575	0.18446	17329.2	8664.59
8576	0.18114	17016.8	17016.8
8577	0.23261	21852.7	7284.22
8578	0.35384	33241.6	6648.32
8579	0.11964	11239.5	5619.77
8580	0.41486	38974.2	7794.85
8581	0.15552	14610.6	7305.32
8582	0.21750	20433	6810.99
8583	0.20742	19485.9	9742.94
8584	0.71595	67260	13452
8585	0.00000	0	0
8586	0.30434	28591.3	5718.25
8587	0.29973	28158	7039.5
8588	0.36840	34609.6	11536.5
8589	0.23214	21808	5452
8590	0.17452	16395.6	5465.2
8591	0.27579	25909.5	6477.38
8592	0.20496	19255.1	4813.79
8593	0.39406	37019.8	7403.96
8594	0.18696	17564.1	8782.03
8595	0.22777	21397.6	7132.54
8596	0.11198	10519.9	5259.93
8597	0.34097	32032	8008.01
8598	0.38515	36183.3	7236.65
8599	0.32311	30354.3	7588.58
8600	0.35795	33628	8407.01
