#IID	F_ROH	ROH_length_kB	KBAVG
6551	0.08674	8146.51	4073.25
6552	0.38090	35772.9	17886.5
6553	0.23163	21754.4	7251.47
6554	0.45277	42523	14174.3
6555	0.26436	24827.7	6206.92
6556	0.31797	29862.7	7465.68
6557	0.52557	49360.2	9872.03
6558	0.43554	40905.3	6817.55
6559	0.06806	6391.74	6391.74
6560	0.26914	25277.3	8425.75
6561	0.56406	52975.2	10595
6562	0.92177	86570.6	28856.9
6563	0.05188	4872.7	4872.7
6564	0.31122	29228.9	9742.97
6565	0.37727	35432.4	5905.41
6566	0.21136	19850.8	6616.94
6567	0.33258	31235.5	10411.8
6568	0.28982	27218.9	6804.72
6569	0.25070	23545.4	5886.35
6570	0.21702	20382.1	6794.05
6571	0.38232	35907	7181.4
6572	0.31411	29500.2	5900.03
6573	0.51681	48537.2	9707.43
6574	0.31857	29919.7	7479.92
6575	0.19962	18748.1	6249.37
6576	0.20626	19371.1	6457.02
6577	0.22398	21035.7	7011.89
6578	0.29953	28131.5	7032.87
6579	0.50875	47780.5	7963.42
6580	0.24422	22937	5734.25
6581	0.25363	23820.7	5955.16
6582	0.30669	28803.3	5760.66
6583	0.32068	30117.9	7529.47
6584	0.17312	16258.7	8129.34
6585	0.31571	29650.5	5930.09
6586	0.96047	90205	30068.3
6587	0.23868	22416.5	11208.2
6588	0.13963	13114	6556.98
6589	0.32432	30459.5	5076.58
6590	0.46509	43679.7	8735.94
6591	0.27324	25662.3	8554.09
6592	0.46379	43558.3	8711.66
6593	0.24109	22643	5660.76
6594	0.20251	19019.2	6339.74
6595	0.12232	11487.9	5743.94
6596	0.23905	22450.9	11225.4
6597	0.23740	22296.1	7432.04
6598	0.26838	25205.6	5041.12
6599	0.16263	15274	5091.35
6600	0.37473	35193.3	5865.55
