#IID	F_ROH	ROH_length_kB	KBAVG
2551	0.32992	30998.7	7749.67
2552	0.49658	46657.6	15552.5
2553	0.57463	53991.3	10798.3
2554	0.39806	37400.6	9350.16
2555	0.41599	39085.9	6514.32
2556	0.08363	7857.46	7857.46
2557	0.23136	21738.6	7246.22
2558	0.31720	29804	7451
2559	0.15810	14854.9	4951.64
2560	0.17701	16631.3	5543.76
2561	0.21914	20590	6863.34
2562	0.34851	32745.7	10915.2
2563	0.24063	22609.6	5652.4
2564	0.30610	28760.8	5752.16
2565	0.26128	24549.2	6137.29
2566	0.31011	29137.2	4856.2
2567	0.12851	12074.8	6037.41
2568	0.18249	17146.6	5715.55
2569	0.29508	27725	6931.25
2570	0.31368	29472.8	5894.55
2571	0.32392	30434.7	10144.9
2572	0.36390	34191.8	8547.95
2573	0.10339	9714.05	9714.05
2574	0.39032	36674.2	6112.37
2575	0.30229	28403	5680.6
2576	0.50112	47084.6	7847.44
2577	0.33681	31645.7	6329.14
2578	0.09535	8959.2	4479.6
2579	0.35596	33445.3	8361.32
2580	0.32708	30732	10244
2581	0.10724	10076.4	5038.2
2582	0.20885	19623.1	6541.03
2583	0.28890	27144.7	9048.24
2584	0.19720	18528.7	9264.36
2585	0.10775	10123.9	5061.94
2586	0.24726	23231.8	7743.94
2587	0.26753	25137.1	6284.29
2588	0.24030	22578.5	7526.17
2589	0.38558	36228.6	7245.72
2590	0.30762	28903.7	9634.55
2591	0.79693	74877.8	24959.3
2592	0.18250	17147.2	5715.75
2593	0.22869	21487.3	5371.82
2594	0.11766	11055.3	5527.66
2595	0.29590	27802.1	5560.42
2596	0.42993	40395.4	8079.07
2597	0.25807	24248	6062
2598	0.31720	29803.3	5960.66
2599	0.51258	48160.9	12040.2
2600	0.22503	21143.2	10571.6
