#IID	F_ROH	ROH_length_kB	KBAVG
6551	0.14491	13615.4	6807.7
6552	0.03217	3022.82	3022.82
6553	0.03614	3395.34	3395.34
6554	0.25876	24312	8104.01
6555	0.09893	9294.85	4647.42
6556	0.17951	16866	5622.02
6557	0.59437	55845.1	27922.5
6558	0.25534	23991	11995.5
6559	0.39910	37498.3	9374.58
6560	0.45410	42665.7	8533.15
6561	0.23219	21815.5	4363.1
6562	0.59253	55672.4	18557.5
6563	0.10535	9898.71	4949.35
6564	0.16977	15951.5	5317.16
6565	0.11557	10858.7	5429.34
6566	0.28241	26534.3	6633.58
6567	0.53534	50298.6	16766.2
6568	0.17595	16532.1	5510.71
6569	0.18701	17570.7	8785.37
6570	0.34027	31970.9	7992.73
6571	0.16364	15375	7687.49
6572	0.24167	22706.4	5676.6
6573	0.12123	11390	5694.99
6574	0.39910	37498.3	9374.58
6575	0.26478	24878.1	4975.61
6576	0.19074	17921.4	5973.79
6577	0.21258	19973	9986.49
6578	0.14537	13658.3	4552.77
6579	0.39758	37355.5	18677.7
6580	0.17574	16511.5	5503.82
6581	0.28067	26370.9	13185.5
6582	0.14098	13245.6	6622.81
6583	0.59915	56294.6	14073.7
6584	0.44648	41950.2	5992.89
6585	0.34640	32547.1	8136.77
6586	0.21954	20627.3	10313.6
6587	0.38944	36590.8	9147.7
6588	0.17976	16889.5	5629.84
6589	0.30181	28357.1	7089.29
6590	0.36265	34073.9	11358
6591	0.22407	21052.5	7017.5
6592	0.09123	8571.52	4285.76
6593	0.26159	24578.1	8192.71
6594	0.19631	18445.1	6148.38
6595	0.08078	7589.5	3794.75
6596	0.05994	5631.74	5631.74
6597	0.48867	45914.1	11478.5
6598	0.17808	16731.5	8365.76
6599	0.25912	24346.1	24346.1
6600	0.12823	12047.9	6023.97
