#IID	F_ROH	ROH_length_kB	KBAVG
4551	0.14673	13792	4597.33
4552	0.45244	42525.6	8505.12
4553	0.40449	38019	6336.49
4554	0.28422	26714.3	8904.77
4555	0.22743	21376.8	10688.4
4556	0.28854	27121	5424.2
4557	0.13512	12700.4	4233.47
4558	0.30687	28843.7	9614.55
4559	0.29448	27678.7	9226.24
4560	0.39014	36670.3	7334.06
4561	0.22337	20995.1	6998.38
4562	0.22546	21191.7	5297.92
4563	0.19417	18250.3	4562.58
4564	0.17584	16527.7	5509.23
4565	0.13695	12872.6	6436.29
4566	0.19148	17997.3	5999.08
4567	1.00000	93992.6	93992.6
4568	0.23605	22186.5	4437.29
4569	0.33568	31551.7	7887.92
4570	0.18542	17427.9	8713.95
4571	0.19373	18209.4	4552.35
4572	0.31752	29844.2	9948.06
4573	0.28637	26916.8	8972.25
4574	0.28490	26778.8	5355.76
4575	0.95284	89559.5	22389.9
4576	0.14846	13953.7	4651.23
4577	0.27735	26069.2	6517.3
4578	0.18007	16924.9	8462.44
4579	0.16820	15809.7	5269.91
4580	0.24534	23059.9	5764.97
4581	0.20016	18813.4	9406.68
4582	0.22186	20852.8	5213.2
4583	0.42322	39779.3	7955.86
4584	0.23265	21867.4	7289.13
4585	0.29184	27431.1	5486.22
4586	0.20384	19159.9	4789.98
4587	0.53061	49873.6	12468.4
4588	0.11809	11099.4	5549.71
4589	0.34028	31983.4	6396.68
4590	0.19417	18250.3	4562.58
4591	0.33486	31474	7868.5
4592	0.18573	17457.4	4364.35
4593	0.28335	26632.9	3804.7
4594	0.31707	29802.5	5960.5
4595	0.21471	20181.3	10090.7
4596	0.34271	32212.6	5368.76
4597	0.21187	19914.6	4978.66
4598	0.09718	9134.37	4567.18
4599	0.14653	13772.3	4590.76
4600	0.51997	48873.2	12218.3
