#IID	F_ROH	ROH_length_kB	KBAVG
2551	0.18234	17139.2	8569.61
2552	0.32162	30232	30232
2553	0.23120	21732.4	4346.49
2554	0.21597	20300.4	6766.79
2555	0.11720	11017	3672.33
2556	0.43275	40677.8	13559.3
2557	0.23900	22465.5	5616.38
2558	0.10394	9770.21	3256.74
2559	0.00000	0	0
2560	0.33329	31329.1	7832.28
2561	0.52267	49130.2	12282.5
2562	0.18200	17107.7	5702.57
2563	0.29103	27356.1	13678
2564	0.35216	33102.3	6620.46
2565	0.22810	21441.5	5360.38
2566	0.04354	4093.11	4093.11
2567	0.21156	19885.9	6628.64
2568	0.19419	18253.5	6084.51
2569	0.08716	8192.48	4096.24
2570	0.05342	5021.3	5021.3
2571	0.22331	20991.1	10495.6
2572	0.17376	16333.2	5444.41
2573	0.39631	37252.3	7450.47
2574	0.46171	43400.4	14466.8
2575	0.09692	9109.91	4554.95
2576	0.13937	13100.2	6550.1
2577	0.27147	25517.3	6379.32
2578	0.15907	14952.1	7476.04
2579	0.30561	28727.2	5745.44
2580	0.23443	22035.6	5508.9
2581	0.35835	33684.1	11228
2582	0.29327	27566.6	4594.44
2583	0.36616	34418.1	8604.54
2584	0.07128	6700.46	3350.23
2585	0.09891	9297.5	4648.75
2586	0.22589	21233.4	5308.35
2587	0.09972	9373.27	3124.42
2588	0.17233	16198.6	5399.52
2589	0.17798	16729.8	5576.59
2590	0.00000	0	0
2591	0.15295	14376.9	7188.44
2592	0.40939	38482.3	9620.58
2593	0.13214	12420.5	6210.26
2594	0.04354	4093.11	4093.11
2595	0.03326	3126.65	3126.65
2596	0.20603	19366.1	4841.53
2597	0.24736	23251.4	3875.24
2598	0.09358	8796.44	4398.22
2599	0.10792	10144.4	5072.21
2600	0.15773	14826.6	7413.32
