#IID	F_ROH	ROH_length_kB	KBAVG
4551	0.26006	24048.6	6012.14
4552	0.15981	14777.9	4925.97
4553	0.20571	19022.5	6340.84
4554	0.46769	43249.2	10812.3
4555	0.29388	27175.7	6793.93
4556	0.25185	23289.1	4657.82
4557	0.18548	17151.8	5717.28
4558	0.33925	31371.3	7842.82
4559	0.54525	50421	12605.3
4560	0.15024	13893.5	6946.77
4561	0.54817	50691.7	10138.3
4562	0.17517	16199	5399.66
4563	0.48298	44662.8	6380.41
4564	0.16597	15348.2	5116.08
4565	0.04594	4248.14	4248.14
4566	0.18634	17231.8	5743.95
4567	0.12898	11927.3	3975.76
4568	0.17376	16068.4	5356.13
4569	0.41492	38369.4	7673.88
4570	0.00000	0	0
4571	0.12462	11523.6	11523.6
4572	0.30494	28198.8	4028.4
4573	0.46981	43444.7	10861.2
4574	0.13128	12139.6	6069.8
4575	0.23879	22081.4	4416.28
4576	0.10577	9780.97	4890.49
4577	0.12200	11281.8	3760.59
4578	0.37653	34819.2	5803.2
4579	0.43323	40062.5	10015.6
4580	0.38257	35377.7	8844.41
4581	0.12462	11523.6	11523.6
4582	0.22056	20396.2	6798.74
4583	0.21642	20013.2	5003.31
4584	0.26872	24849.3	4969.86
4585	0.55726	51531.7	10306.3
4586	0.43551	40273.3	6712.21
4587	0.39221	36269.4	7253.88
4588	0.09535	8817.57	4408.79
4589	0.16369	15137	7568.51
4590	0.54498	50396.2	12599.1
4591	0.23211	21464.4	7154.79
4592	0.35863	33163.9	8290.97
4593	0.14018	12962.5	4320.83
4594	0.29738	27499.5	9166.51
4595	0.35367	32705.2	6541.03
4596	0.27530	25458.4	12729.2
4597	0.26021	24062.3	4010.39
4598	0.15922	14724.1	3681.03
4599	0.29384	27172.1	6793.02
4600	0.14583	13485	4495
