#IID	F_ROH	ROH_length_kB	KBAVG
14551	0.21750	20441.3	5110.32
14552	0.15341	14418.4	4806.13
14553	0.22631	21269.5	7089.85
14554	0.14186	13332.7	6666.35
14555	0.13883	13047.8	13047.8
14556	0.13442	12633.4	6316.72
14557	0.20897	19640.2	9820.09
14558	0.37889	35610.2	8902.54
14559	0.77531	72867.2	18216.8
14560	0.17536	16481.1	8240.53
14561	0.24527	23051.6	7683.86
14562	0.09475	8905.41	4452.7
14563	0.13894	13057.9	4352.64
14564	0.29584	27804.8	9268.26
14565	0.27428	25777.6	12888.8
14566	0.57930	54445.4	18148.5
14567	0.22266	20926.6	6975.52
14568	0.63812	59973.3	19991.1
14569	0.25260	23740.9	5935.22
14570	0.36724	34514.5	11504.8
14571	0.35734	33584.4	6716.89
14572	0.24350	22885.6	5721.41
14573	0.22288	20946.9	6982.29
14574	0.06194	5821.49	2910.74
14575	0.22266	20926.6	6975.52
14576	0.22761	21391.4	4278.27
14577	0.30877	29019.9	5803.99
14578	0.24396	22928.1	7642.69
14579	0.38383	36074.4	9018.59
14580	0.35368	33240.3	8310.09
14581	0.28459	26747	6686.75
14582	0.40815	38359.7	19179.9
14583	0.38653	36328	5189.71
14584	0.16823	15810.6	3952.64
14585	0.24998	23494.6	4698.91
14586	0.16157	15185	3796.26
14587	0.40873	38414.2	6402.36
14588	0.40858	38400.3	12800.1
14589	0.36386	34197	11399
14590	0.13139	12348.8	6174.38
14591	0.16866	15851.6	5283.85
14592	0.36839	34623.1	8655.76
14593	0.35744	33593.4	8398.34
14594	0.25196	23680.2	4736.04
14595	0.48824	45887.3	9177.46
14596	0.26900	25281.8	6320.46
14597	0.31028	29161.9	7290.47
14598	0.35347	33221	8305.24
14599	0.24422	22953.3	7651.09
14600	0.28008	26322.8	26322.8
