#IID	F_ROH	ROH_length_kB	KBAVG
4551	0.10927	10261	5130.49
4552	0.12890	12103.7	6051.86
4553	0.20884	19611.1	4902.77
4554	0.28361	26632.3	8877.43
4555	0.11879	11154.8	5577.42
4556	0.15492	14547.1	14547.1
4557	0.42556	39961.3	13320.4
4558	0.15935	14963.5	4987.85
4559	0.24940	23419.4	11709.7
4560	0.06294	5909.89	2954.94
4561	0.23449	22019.7	7339.89
4562	0.52655	49444.8	9888.96
4563	0.53965	50674.7	10134.9
4564	0.26213	24614.8	6153.71
4565	0.22140	20789.9	5197.49
4566	0.11875	11151	3717
4567	0.21818	20488.1	10244.1
4568	0.33510	31467.4	10489.1
4569	0.03357	3152.51	3152.51
4570	0.41294	38776.8	12925.6
4571	0.14472	13589.3	6794.63
4572	0.00000	0	0
4573	0.15894	14925.1	4975.05
4574	0.13502	12678.7	4226.24
4575	0.12310	11559.4	5779.71
4576	0.17985	16888.5	5629.49
4577	0.42691	40087.9	13362.6
4578	0.22319	20958	5239.49
4579	0.56971	53497.3	17832.4
4580	0.44200	41504.9	8300.99
4581	0.28762	27008.3	13504.2
4582	0.20565	19311.3	6437.09
4583	0.19239	18065.8	6021.94
4584	0.11192	10509.5	5254.77
4585	0.19482	18294.3	4573.57
4586	0.09623	9036.7	4518.35
4587	0.14572	13683.3	6841.65
4588	0.30690	28819.2	5763.84
4589	0.07153	6717.16	6717.16
4590	0.18339	17220.5	5740.17
4591	0.25733	24164.6	4832.91
4592	0.52978	49748.4	7106.91
4593	0.38210	35880.6	7176.12
4594	0.13628	12797.4	4265.8
4595	0.44739	42011	10502.8
4596	0.17391	16330.7	8165.34
4597	0.25233	23694.4	4738.87
4598	0.82606	77569.5	19392.4
4599	0.43912	41235	5154.38
4600	0.16945	15912	5304.01
