#IID	F_ROH	ROH_length_kB	KBAVG
26551	0.29268	27504.5	9168.17
26552	0.08636	8116.02	4058.01
26553	0.43125	40527	13509
26554	0.26409	24817.8	6204.46
26555	0.41120	38642.6	7728.51
26556	0.33282	31276.8	6255.37
26557	0.14388	13520.8	6760.38
26558	0.20855	19598.1	9799.06
26559	0.20337	19111.5	4777.87
26560	0.25795	24240.8	8080.28
26561	0.62398	58638.8	11727.8
26562	0.17436	16385.6	5461.85
26563	0.23542	22123.6	5530.9
26564	0.50282	47252.4	6750.34
26565	0.33458	31442.3	7860.57
26566	0.20968	19704.3	3940.87
26567	0.45238	42511.9	10628
26568	0.18241	17142.4	5714.12
26569	0.27200	25561.4	8520.47
26570	0.29559	27778.1	6944.53
26571	0.48415	45497.6	11374.4
26572	0.28215	26514.6	5302.93
26573	0.44981	42271	7045.17
26574	0.45681	42928.4	10732.1
26575	0.27878	26198.6	6549.65
26576	0.08428	7920.06	3960.03
26577	0.18026	16940.2	5646.73
26578	0.32883	30902.2	10300.7
26579	0.34959	32853	8213.25
26580	0.38483	36163.9	6027.32
26581	0.15133	14221.5	7110.74
26582	0.45060	42344.8	6049.25
26583	0.25230	23710.1	11855
26584	0.74005	69546.2	69546.2
26585	0.38597	36271.3	6045.22
26586	0.40071	37656.4	5379.48
26587	0.17274	16232.8	16232.8
26588	0.12445	11695.1	5847.57
26589	0.15521	14586.1	7293.05
26590	0.41488	38988.7	5569.82
26591	0.25821	24265.1	4853.01
26592	0.26710	25100.8	12550.4
26593	0.41731	39216.5	7843.3
26594	0.06764	6356.35	3178.17
26595	0.13583	12765	4254.98
26596	0.38398	36084	9021.01
26597	0.21905	20585.6	6861.85
26598	0.29171	27413.7	6853.44
26599	0.35048	32935.9	10978.6
26600	0.24497	23020.9	7673.64
