#IID	F_ROH	ROH_length_kB	KBAVG
2551	0.22513	21153.5	5288.38
2552	0.04309	4048.67	4048.67
2553	0.28376	26662	5332.41
2554	0.16893	15872.5	5290.82
2555	0.53695	50452	16817.3
2556	0.31582	29674.7	14837.3
2557	0.20392	19160.6	9580.31
2558	0.31942	30012.8	10004.3
2559	0.08788	8257.11	4128.55
2560	0.08532	8016.32	4008.16
2561	0.30521	28677.6	7169.41
2562	0.11503	10808.5	5404.26
2563	0.09506	8931.47	4465.74
2564	0.08984	8441.73	4220.86
2565	0.00000	0	0
2566	0.17626	16561.6	16561.6
2567	0.30383	28548.3	9516.11
2568	0.08751	8222.29	4111.15
2569	0.14713	13824.8	4608.27
2570	0.19376	18206.1	18206.1
2571	0.15437	14504.9	4834.97
2572	0.02854	2682.03	2682.03
2573	0.06940	6520.86	6520.86
2574	0.22023	20692.9	6897.64
2575	0.09751	9162.34	4581.17
2576	0.24377	22904.9	5726.23
2577	0.13996	13151.1	4383.71
2578	0.08281	7780.79	3890.4
2579	0.17455	16401.1	5467.03
2580	0.05857	5503.1	2751.55
2581	0.00000	0	0
2582	0.42003	39466.6	9866.64
2583	0.09893	9295.7	4647.85
2584	0.14947	14043.9	7021.96
2585	0.16484	15488.9	3872.22
2586	0.16111	15137.8	5045.93
2587	0.07162	6729.44	3364.72
2588	0.24499	23019.6	5754.91
2589	0.05338	5015.17	5015.17
2590	0.15151	14235.9	4745.32
2591	0.38648	36313.9	36313.9
2592	0.04064	3818.57	3818.57
2593	0.05970	5609.11	5609.11
2594	0.03513	3301.01	3301.01
2595	0.18575	17453.1	4363.28
2596	0.24095	22639.9	7546.63
2597	0.09923	9323.38	9323.38
2598	0.04489	4217.57	4217.57
2599	0.25449	23912.5	7970.84
2600	0.32363	30408.2	6081.64
