#IID	F_ROH	ROH_length_kB	KBAVG
4551	0.69377	64107.4	32053.7
4552	0.16155	14927.4	7463.69
4553	0.15159	14007.5	7003.75
4554	0.09165	8468.85	4234.43
4555	0.16708	15439.2	5146.41
4556	0.07541	6968.05	6968.05
4557	0.09474	8754.77	4377.39
4558	0.32563	30089.8	5014.97
4559	0.10984	10149.8	5074.89
4560	0.18789	17361.4	5787.13
4561	0.14190	13112.3	6556.16
4562	0.06394	5908.28	5908.28
4563	0.21202	19591.2	9795.58
4564	0.13689	12648.9	12648.9
4565	0.16005	14789.2	4929.73
4566	0.07776	7185.11	3592.56
4567	0.10054	9290.71	9290.71
4568	0.03107	2870.79	2870.79
4569	0.13558	12528.2	6264.12
4570	0.19622	18131.7	9065.87
4571	0.11929	11022.9	5511.46
4572	0.04371	4039.19	4039.19
4573	0.15177	14024.1	7012.03
4574	0.12885	11906.4	5953.18
4575	0.18250	16863.9	5621.3
4576	0.13493	12468	6234.01
4577	0.15967	14754.1	4918.02
4578	0.39832	36805.9	36805.9
4579	0.03107	2870.79	2870.79
4580	0.00000	0	0
4581	0.37079	34262	8565.49
4582	0.28865	26672.2	8890.73
4583	0.18240	16854.7	5618.22
4584	0.27866	25749.4	8583.15
4585	0.15338	14172.6	4724.2
4586	0.24892	23001	7666.99
4587	0.29940	27665.9	6916.47
4588	0.17221	15913.2	15913.2
4589	0.03289	3039.47	3039.47
4590	0.03875	3580.89	3580.89
4591	0.03107	2870.79	2870.79
4592	0.11522	10647.2	5323.62
4593	0.19188	17730.3	17730.3
4594	0.16038	14819.3	7409.63
4595	0.03107	2870.79	2870.79
4596	0.04178	3860.34	3860.34
4597	0.23916	22099.3	11049.6
4598	0.11217	10365.3	10365.3
4599	0.08619	7964.03	7964.03
4600	0.00000	0	0
