#IID	F_ROH	ROH_length_kB	KBAVG
30551	0.10761	9947.29	4973.65
30552	0.39371	36394.6	36394.6
30553	0.22956	21220.3	5305.07
30554	0.45955	42480.3	10620.1
30555	0.35106	32451.6	10817.2
30556	0.51647	47742.4	11935.6
30557	0.16608	15352	3837.99
30558	0.15245	14092.7	7046.33
30559	0.23726	21932.3	5483.06
30560	0.13860	12812.3	6406.16
30561	0.22031	20365	10182.5
30562	0.15520	14346.9	4782.32
30563	0.49643	45889.8	7648.3
30564	0.32212	29776.3	4962.72
30565	0.52524	48553.1	9710.62
30566	0.24490	22638.4	7546.13
30567	0.16085	14868.7	4956.24
30568	0.60087	55543.8	55543.8
30569	0.33928	31363	7840.76
30570	0.37444	34613.1	6922.61
30571	0.24231	22398.6	11199.3
30572	0.10632	9827.77	4913.88
30573	0.38054	35177.3	8794.33
30574	0.28089	25965.7	6491.43
30575	0.17064	15774.1	7887.03
30576	0.07187	6643.46	6643.46
30577	0.48811	45120.8	11280.2
30578	0.49150	45434.5	9086.91
30579	0.31464	29084.8	5816.97
30580	0.36176	33440.5	8360.11
30581	0.21022	19432.2	4858.05
30582	0.32695	30223.5	6044.7
30583	0.20170	18644.9	6214.97
30584	0.18596	17189.8	5729.94
30585	0.19275	17817.7	5939.23
30586	0.25593	23657.9	5914.48
30587	0.21546	19916.8	9958.41
30588	0.22415	20720.6	5180.16
30589	0.22607	20897.7	5224.43
30590	0.20415	18871.1	9435.55
30591	0.07852	7258.4	7258.4
30592	0.22309	20622.6	6874.2
30593	0.23960	22148.5	11074.2
30594	0.09843	9098.76	4549.38
30595	0.24328	22489	7496.33
30596	0.21203	19599.7	6533.23
30597	0.21343	19729	6576.32
30598	0.33471	30940.3	6188.05
30599	0.24537	22682	7560.67
30600	0.34935	32293.4	8073.35
