#IID	F_ROH	ROH_length_kB	KBAVG
4551	0.28633	26893.2	6723.3
4552	0.13064	12270.2	4090.06
4553	0.30880	29003.5	7250.87
4554	0.33946	31883.9	10628
4555	0.14872	13968.9	6984.46
4556	0.37092	34838.4	8709.6
4557	0.15779	14820.4	3705.11
4558	0.43736	41078.7	8215.75
4559	0.14715	13820.8	6910.42
4560	0.16962	15931.5	7965.75
4561	0.13462	12644.4	6322.21
4562	0.39943	37516.4	7503.28
4563	0.05501	5166.73	5166.73
4564	0.05810	5457.18	5457.18
4565	0.44621	41910.4	10477.6
4566	0.17310	16258.5	5419.5
4567	0.29469	27678.8	6919.71
4568	0.20584	19333.6	6444.54
4569	0.40817	38337.2	9584.31
4570	0.54925	51588.1	12897
4571	0.30405	28557.3	7139.33
4572	0.27396	25731.5	6432.87
4573	0.35738	33566.9	8391.72
4574	0.17147	16105	4026.24
4575	0.29324	27542.4	9180.8
4576	0.13872	13029.4	6514.68
4577	0.62186	58408	14602
4578	0.04361	4095.96	4095.96
4579	0.00000	0	0
4580	0.19811	18607.5	6202.52
4581	0.42533	39948.6	7989.72
4582	0.25406	23862.5	7954.15
4583	0.58630	55067.6	13766.9
4584	0.16983	15951.5	5317.15
4585	0.09521	8942.17	4471.08
4586	0.32447	30475.4	7618.84
4587	0.19209	18042.1	9021.06
4588	0.09612	9027.95	4513.98
4589	0.10744	10091.1	10091.1
4590	0.18959	17807.2	5935.74
4591	0.00000	0	0
4592	0.54187	50894.8	12723.7
4593	0.46159	43354.5	8670.89
4594	0.00000	0	0
4595	0.03637	3416.4	3416.4
4596	0.20272	19040.1	6346.7
4597	0.44883	42156.1	14052
4598	0.27393	25729	6432.25
4599	0.16283	15293.3	5097.76
4600	0.23361	21942	7313.99
