#IID	F_ROH	ROH_length_kB	KBAVG
2551	0.23577	22155.2	7385.06
2552	0.18758	17626.5	4406.62
2553	0.25787	24231.6	4846.32
2554	0.38136	35836.2	11945.4
2555	0.18928	17786.9	5928.96
2556	0.42793	40212.6	6702.1
2557	0.24690	23201	5800.24
2558	0.28505	26786	8928.67
2559	0.44838	42133.6	6019.09
2560	0.14950	14048.8	7024.42
2561	0.12393	11645.4	5822.71
2562	0.56867	53437.1	10687.4
2563	0.40979	38507.9	9626.98
2564	0.15381	14453.4	4817.8
2565	0.14547	13670.1	4556.69
2566	0.25068	23556.6	5889.16
2567	0.05775	5427.03	5427.03
2568	0.37222	34976.7	8744.17
2569	0.24454	22978.9	7659.63
2570	0.61222	57529.4	14382.3
2571	0.46893	44064.9	14688.3
2572	0.10846	10192	5095.99
2573	0.43351	40736.5	6789.42
2574	0.06138	5767.46	5767.46
2575	0.56204	52813.9	7544.84
2576	0.39836	37433.2	6238.87
2577	0.28805	27067.4	9022.48
2578	0.38882	36536.7	7307.34
2579	0.31833	29913.3	5982.66
2580	0.23327	21920.5	5480.12
2581	0.21937	20614.1	6871.38
2582	0.11047	10380.8	5190.38
2583	0.42297	39745.6	9936.41
2584	1.00000	93969	93969
2585	0.34103	32046.5	10682.2
2586	0.16046	15077.8	3769.45
2587	0.14037	13190.8	4396.94
2588	0.19216	18056.9	4514.24
2589	0.12226	11488.9	5744.44
2590	0.13584	12764.3	4254.77
2591	0.31978	30049.7	6009.95
2592	0.16778	15765.8	7882.88
2593	0.34018	31966.6	6393.32
2594	0.26106	24531.7	6132.93
2595	0.47312	44458.6	8891.73
2596	0.25320	23793.2	7931.08
2597	0.26415	24821.8	6205.45
2598	0.21358	20070.2	10035.1
2599	0.17081	16050.5	5350.17
2600	0.16600	15598.5	5199.51
