#IID	F_ROH	ROH_length_kB	KBAVG
2551	0.17393	16311	5437.01
2552	0.15102	14162.2	4720.74
2553	0.07255	6803.43	3401.72
2554	0.24154	22650.9	7550.29
2555	0.40959	38409.7	7681.94
2556	0.07130	6686.35	3343.18
2557	0.20947	19643.6	4910.9
2558	0.34483	32336.5	6467.3
2559	0.20996	19689.6	6563.21
2560	0.70484	66097.6	16524.4
2561	0.10364	9719.08	4859.54
2562	0.31043	29111.2	29111.2
2563	0.09670	9068.4	9068.4
2564	0.15795	14811.7	4937.23
2565	0.21387	20055.7	5013.94
2566	0.19053	17867	5955.65
2567	0.36006	33765.6	5627.6
2568	0.20811	19515.6	6505.21
2569	0.24018	22523.1	7507.71
2570	0.35724	33500.4	8375.09
2571	0.64188	60193.7	15048.4
2572	0.14265	13377.6	6688.78
2573	0.35998	33757.8	11252.6
2574	0.72804	68273.4	13654.7
2575	0.26734	25069.8	6267.44
2576	0.25317	23741	7913.67
2577	0.20879	19579.5	9789.77
2578	0.34684	32525.7	8131.41
2579	0.17062	16000.1	4000.03
2580	0.14329	13437.7	4479.23
2581	0.26999	25319.1	5063.82
2582	0.21701	20350.9	6783.64
2583	0.40185	37684.3	7536.86
2584	0.59836	56112.5	18704.2
2585	0.42658	40003.5	13334.5
2586	0.17961	16842.9	5614.29
2587	0.58362	54730.2	10946
2588	1.00000	93776.5	93776.5
2589	0.28078	26330.5	13165.3
2590	0.47674	44706.7	14902.2
2591	0.39823	37344.6	7468.93
2592	0.27374	25670.2	12835.1
2593	0.64536	60519.4	20173.1
2594	0.21388	20056.5	4011.3
2595	0.14590	13681.8	4560.58
2596	0.16848	15799.6	7899.81
2597	0.30782	28866	7216.5
2598	0.53632	50294.4	10058.9
2599	0.22857	21434.7	5358.67
2600	0.49701	46607.6	11651.9
