#IID	F_ROH	ROH_length_kB	KBAVG
20551	0.15566	14623.6	7311.82
20552	0.30135	28310.1	5662.03
20553	0.28065	26366.3	5273.26
20554	0.20828	19567.3	6522.44
20555	0.43173	40558.8	20279.4
20556	0.23805	22363.8	7454.59
20557	0.21375	20081	6693.66
20558	0.29560	27770.1	5554.02
20559	0.22385	21030	7010
20560	0.42628	40047.5	6674.58
20561	0.20155	18934.6	9467.28
20562	0.32043	30102.9	7525.73
20563	0.10048	9439.6	4719.8
20564	0.21244	19957.7	6652.57
20565	0.19290	18121.9	9060.94
20566	0.17809	16730.9	8365.43
20567	0.28157	26452.1	5290.42
20568	0.48194	45276.1	9055.21
20569	0.40650	38188.9	9547.23
20570	0.31568	29656.5	7414.13
20571	0.35047	32925.5	6585.1
20572	0.37425	35159.3	7031.86
20573	0.16365	15373.9	5124.62
20574	0.20366	19133.4	6377.81
20575	0.28693	26956.1	4492.68
20576	0.24384	22908.1	11454
20577	0.20955	19686.2	4921.54
20578	0.35909	33735.2	11245.1
20579	0.29596	27803.8	9267.93
20580	0.14292	13427.1	4475.71
20581	0.22566	21200	7066.66
20582	0.10584	9943.6	4971.8
20583	0.38880	36526.2	6087.7
20584	0.41793	39263.1	7852.63
20585	0.24702	23206.3	5801.58
20586	0.40354	37910.6	7582.12
20587	0.14916	14012.9	4670.97
20588	0.51852	48712.8	5412.53
20589	0.48183	45265.7	11316.4
20590	0.23189	21785.1	7261.69
20591	0.22131	20791.5	6930.49
20592	0.23783	22342.9	5585.74
20593	0.23266	21857.3	7285.76
20594	0.98776	92795.3	46397.7
20595	0.20122	18904.1	9452.05
20596	0.12305	11560.3	3853.43
20597	0.26876	25249	6312.25
20598	0.43010	40405.6	6734.27
20599	0.22249	20902.1	6967.38
20600	0.25485	23942.2	11971.1
