#IID	F_ROH	ROH_length_kB	KBAVG
6551	0.08911	8365.4	4182.7
6552	0.14988	14070.8	4690.26
6553	0.41973	39403.4	7880.67
6554	0.33435	31388.1	6277.62
6555	0.25512	23950.7	7983.56
6556	0.08868	8325.03	8325.03
6557	0.13390	12570.3	4190.09
6558	0.19982	18758.4	4689.6
6559	0.12782	11999.1	5999.57
6560	0.25234	23689.5	5922.36
6561	0.33218	31184.1	7796.03
6562	0.12173	11428.1	5714.03
6563	0.30641	28765.7	7191.42
6564	0.37565	35265.2	8816.31
6565	0.22441	21067.3	5266.83
6566	0.31203	29293.1	5858.62
6567	0.21082	19791.3	6597.1
6568	0.20739	19469.2	6489.73
6569	0.32629	30632	7658.01
6570	0.39706	37275	9318.74
6571	0.23129	21713.4	5428.36
6572	0.17305	16245.6	5415.21
6573	0.32767	30760.8	7690.21
6574	0.37213	34935.3	5822.55
6575	0.20500	19245.1	6415.04
6576	0.26616	24986.7	4997.34
6577	0.25893	24307.7	8102.55
6578	0.38084	35752.2	17876.1
6579	0.15279	14344	7171.99
6580	0.43707	41031.8	10257.9
6581	0.34374	32270.1	6454.03
6582	0.19211	18035.4	4508.86
6583	0.21172	19875.5	6625.17
6584	0.13979	13123.7	6561.83
6585	0.31910	29956.3	4992.72
6586	0.17271	16213.4	8106.68
6587	0.08118	7621.23	7621.23
6588	0.10541	9895.64	4947.82
6589	0.33584	31528.3	7882.07
6590	0.05538	5199.11	5199.11
6591	0.22632	21246.4	5311.6
6592	0.36721	34473.3	6894.65
6593	0.43758	41079.6	6846.59
6594	0.61147	57403.6	11480.7
6595	0.35554	33377.6	11125.9
6596	0.21816	20480.6	5120.15
6597	0.26531	24907.3	6226.82
6598	0.26180	24577.6	6144.41
6599	0.37326	35041.4	5840.24
6600	0.47136	44250.5	8850.09
