#IID	F_ROH	ROH_length_kB	KBAVG
6551	0.23924	22448.2	11224.1
6552	0.40767	38252.8	7650.56
6553	0.39536	37097.3	7419.46
6554	0.21225	19916.2	6638.73
6555	0.14401	13512.4	6756.21
6556	0.34236	32124	6424.81
6557	0.20456	19193.9	4798.48
6558	0.36746	34479.5	11493.2
6559	0.26598	24957.4	6239.34
6560	0.16878	15837.2	7918.62
6561	0.25000	23457.8	5864.45
6562	0.24996	23454.4	5863.61
6563	0.20051	18814	9407
6564	0.28253	26510.3	6627.58
6565	0.39601	37158.4	9289.6
6566	0.27410	25719.2	6429.81
6567	0.32012	30037.2	6007.45
6568	0.10599	9945.49	4972.75
6569	0.11123	10436.7	5218.33
6570	0.33913	31821.1	7955.27
6571	0.05429	5093.86	5093.86
6572	0.18115	16997.3	8498.65
6573	0.28780	27004.9	9001.64
6574	0.32490	30485.6	10161.9
6575	0.15920	14937.6	4979.21
6576	0.29927	28081.4	9360.48
6577	0.08804	8260.54	8260.54
6578	0.17016	15966.5	5322.16
6579	0.03955	3711.11	3711.11
6580	0.43388	40711.8	8142.35
6581	0.16196	15196.6	5065.52
6582	0.54820	51438.8	12859.7
6583	0.35955	33737.2	11245.7
6584	0.17300	16233.3	5411.09
6585	0.48284	45305.6	15101.9
6586	0.07057	6621.97	6621.97
6587	0.36024	33801.6	6760.33
6588	0.18048	16934.8	4233.69
6589	0.18819	17658.5	5886.17
6590	0.35992	33772	11257.3
6591	0.08051	7554.3	7554.3
6592	0.61574	57776.1	8253.72
6593	0.40671	38162	7632.4
6594	0.14695	13788.7	6894.37
6595	0.50264	47163.3	7860.55
6596	0.38887	36488.7	9122.17
6597	0.29267	27461.8	6865.45
6598	0.28627	26861.6	5372.32
6599	0.78194	73370.8	14674.2
6600	0.09124	8561.54	4280.77
