#IID	F_ROH	ROH_length_kB	KBAVG
2551	0.06559	6164.53	6164.53
2552	0.17028	16004.7	4001.16
2553	0.51358	48272.3	12068.1
2554	0.25931	24373.1	8124.38
2555	0.22068	20742.2	5185.55
2556	0.45120	42408.7	21204.3
2557	0.16964	15944.4	7972.19
2558	0.22258	20920.8	6973.62
2559	0.42344	39800.4	7960.08
2560	0.60287	56664.9	11333
2561	0.60402	56772.7	11354.5
2562	0.41348	38864	6477.33
2563	0.11675	10973.2	10973.2
2564	0.24151	22700.2	5675.06
2565	0.34996	32893	8223.24
2566	0.17989	16908.6	5636.21
2567	0.11730	11025.5	5512.76
2568	0.11699	10995.8	5497.91
2569	0.17527	16474.2	16474.2
2570	0.38551	36234.8	6039.14
2571	0.20491	19260.1	9630.07
2572	0.14252	13395.7	6697.84
2573	0.30891	29034.6	9678.2
2574	0.21777	20469	5117.24
2575	0.31424	29536	7384
2576	0.40548	38111.8	19055.9
2577	0.42171	39637.2	13212.4
2578	0.44211	41555.1	8311.02
2579	0.19992	18790.8	6263.61
2580	0.21493	20201.6	5050.4
2581	0.22187	20853.8	10426.9
2582	0.00000	0	0
2583	0.26042	24477	8159
2584	0.38574	36256.4	9064.1
2585	0.20072	18866.3	18866.3
2586	0.35201	33086	11028.7
2587	0.41982	39459.5	19729.8
2588	0.08608	8090.82	4045.41
2589	0.07473	7024.05	7024.05
2590	0.29641	27860.1	6965.01
2591	0.51072	48003.9	12001
2592	0.00000	0	0
2593	0.23298	21898.3	7299.44
2594	0.10823	10172.7	5086.33
2595	0.15192	14279.4	4759.81
2596	0.14313	13453.1	6726.57
2597	0.10699	10056	5027.99
2598	0.12736	11970.9	3990.32
2599	0.28247	26549.9	8849.96
2600	0.10148	9537.86	4768.93
