#IID	F_ROH	ROH_length_kB	KBAVG
12551	0.47845	44960	8991.99
12552	0.15827	14873.2	4957.73
12553	0.10147	9534.77	4767.38
12554	0.24295	22829.9	5707.47
12555	0.18084	16994.1	5664.69
12556	0.34011	31960.3	6392.06
12557	0.32364	30412.4	6082.48
12558	0.34399	32324.7	8081.18
12559	0.49126	46164.5	7694.08
12560	0.20141	18926.4	4731.6
12561	0.26338	24750.3	8250.11
12562	0.53553	50324	8387.34
12563	0.27577	25914.8	8638.25
12564	0.33285	31278.3	6255.65
12565	0.27836	26158.2	6539.56
12566	0.36885	34661	5776.83
12567	0.24187	22728.9	5682.23
12568	0.18265	17164.1	5721.36
12569	0.33137	31139.5	15569.8
12570	0.18608	17486.3	4371.57
12571	0.14698	13811.9	6905.96
12572	0.26331	24743.7	8247.89
12573	0.17301	16257.6	4064.4
12574	0.50843	47777.6	7962.94
12575	0.42271	39722.6	7944.52
12576	0.22677	21310	10655
12577	0.32752	30777.8	6155.56
12578	0.24510	23032.3	7677.43
12579	0.40878	38413.8	5487.69
12580	0.31971	30043.6	7510.91
12581	0.28813	27076.2	13538.1
12582	0.36020	33848.4	8462.11
12583	0.11317	10634.8	10634.8
12584	0.24572	23090.6	5772.66
12585	0.15215	14298	4766
12586	0.24929	23426	5856.51
12587	0.07614	7154.76	3577.38
12588	0.30591	28746.5	7186.63
12589	0.43047	40451.3	8090.27
12590	0.28327	26619	6654.74
12591	0.23817	22381.5	5595.37
12592	0.07085	6658.21	6658.21
12593	0.54733	51432.7	7347.52
12594	0.03258	3061.15	3061.15
12595	0.25871	24311.5	4862.3
12596	0.16369	15382	7690.99
12597	0.16961	15938.5	5312.85
12598	0.28260	26556.1	6639.03
12599	0.27740	26067.2	6516.8
12600	0.17875	16797.6	4199.41
