#IID	F_ROH	ROH_length_kB	KBAVG
16551	0.04520	4173.68	4173.68
16552	0.12998	12003.3	4001.12
16553	0.19820	18302.9	9151.46
16554	0.17057	15751.1	5250.36
16555	0.20192	18646.3	4661.57
16556	0.37106	34266.1	6853.22
16557	0.11728	10830.3	3610.11
16558	0.45502	42018.6	8403.71
16559	0.14885	13745.3	3436.32
16560	0.14350	13251.6	6625.82
16561	0.28814	26608.7	5321.74
16562	0.25582	23624	11812
16563	0.22504	20781	6927.02
16564	0.35586	32861.8	8215.46
16565	0.30857	28495.1	9498.38
16566	0.19998	18466.8	6155.59
16567	0.07638	7053.59	7053.59
16568	0.68634	63380.2	21126.7
16569	0.30336	28013.7	5602.75
16570	0.56481	52158	26079
16571	0.22396	20681.8	6893.93
16572	0.06909	6379.92	6379.92
16573	0.11328	10460.9	5230.43
16574	0.23464	21667.9	7222.64
16575	0.29422	27169.9	9056.64
16576	0.11246	10385.6	5192.78
16577	0.20696	19111.5	6370.52
16578	0.13639	12594.6	6297.31
16579	0.27013	24945.6	4989.13
16580	0.22322	20613.3	6871.11
16581	0.28591	26402.8	5280.57
16582	0.38464	35519.9	7103.98
16583	0.12511	11553.6	11553.6
16584	0.22117	20424	6808.01
16585	0.34855	32186.8	8046.7
16586	0.15573	14380.6	4793.52
16587	0.13488	12455.3	6227.63
16588	0.32346	29869.7	14934.8
16589	0.30840	28479.5	9493.16
16590	0.11608	10719.1	3573.05
16591	0.10412	9614.61	4807.3
16592	0.46748	43169.2	14389.7
16593	0.19384	17900.6	4475.15
16594	0.23470	21673.8	5418.46
16595	0.19023	17566.7	5855.58
16596	0.39695	36656.3	7331.26
16597	0.28516	26333.4	6583.36
16598	0.24965	23053.9	7684.64
16599	0.00000	0	0
16600	0.23856	22029.9	5507.49
