#IID	F_ROH	ROH_length_kB	KBAVG
6551	0.12072	11162.7	5581.34
6552	0.33294	30787.7	6157.54
6553	0.41079	37986.6	7597.32
6554	0.51999	48084	8014.01
6555	0.33187	30688.3	5114.71
6556	0.46171	42694.6	7115.77
6557	0.19488	18021.1	6007.02
6558	0.37646	34812.1	8703.02
6559	0.29350	27140.1	9046.69
6560	0.10079	9319.92	4659.96
6561	0.27423	25358.5	6339.63
6562	0.15943	14742.3	7371.16
6563	0.31806	29410.9	7352.73
6564	0.19475	18009.2	9004.61
6565	0.32676	30215.9	6043.18
6566	0.26363	24378.4	8126.14
6567	0.36639	33880.7	6776.14
6568	0.40746	37678.1	37678.1
6569	0.51510	47631.5	15877.2
6570	0.47621	44036.1	7339.34
6571	0.77053	71252	11875.3
6572	0.18068	16707.7	5569.25
6573	0.37684	34847.2	6969.44
6574	0.39754	36760.9	9190.23
6575	0.48837	45160.2	9032.05
6576	0.38335	35448.8	7089.76
6577	0.38025	35162	8790.51
6578	0.13881	12836.1	6418.03
6579	0.29435	27218.5	5443.7
6580	0.14969	13842.3	4614.12
6581	0.56616	52353.6	13088.4
6582	0.13794	12755.9	6377.94
6583	0.29504	27282.8	6820.7
6584	0.09133	8445.38	8445.38
6585	0.43326	40063.9	6677.31
6586	0.31939	29534.6	9844.88
6587	0.16580	15332.1	5110.7
6588	0.20218	18695.9	9347.96
6589	0.24660	22803.8	4560.76
6590	0.12410	11476	5737.99
6591	0.30018	27758	13879
6592	0.12768	11806.8	3935.58
6593	0.26732	24719.8	6179.96
6594	0.45124	41726.4	8345.27
6595	0.24536	22688.6	11344.3
6596	0.29093	26902.8	6725.7
6597	0.36478	33731.6	6746.33
6598	0.39122	36176.8	6029.46
6599	0.46065	42596.6	21298.3
6600	0.37785	34940.6	8735.15
