#IID	F_ROH	ROH_length_kB	KBAVG
2551	0.39772	36756.4	9189.11
2552	0.45189	41762.6	8352.52
2553	0.35153	32487.2	6497.43
2554	0.32178	29738.2	5947.65
2555	0.57726	53348.8	10669.8
2556	0.51560	47649.8	7941.63
2557	0.36165	33422.1	6684.43
2558	0.43037	39773.6	9943.4
2559	0.50569	46734	11683.5
2560	0.19038	17593.9	8796.93
2561	0.16740	15470.5	7735.23
2562	0.10625	9819.72	9819.72
2563	0.22755	21029.5	10514.7
2564	0.37596	34745.4	8686.34
2565	0.87213	80599.9	26866.6
2566	0.12065	11150.2	5575.09
2567	0.43839	40514.5	13504.8
2568	0.50455	46629.2	7771.53
2569	0.45936	42453	8490.61
2570	0.29344	27118.8	9039.59
2571	0.23989	22169.9	5542.48
2572	0.19152	17699.7	8849.87
2573	0.46772	43225.5	10806.4
2574	0.14021	12957.9	4319.29
2575	0.39657	36649.3	7329.86
2576	0.10970	10138.1	5069.07
2577	0.32165	29725.5	9908.48
2578	0.33130	30618	7654.5
2579	0.48397	44727.3	11181.8
2580	0.40208	37159.1	6193.19
2581	0.29372	27144.7	9048.22
2582	0.37735	34873.4	6974.69
2583	0.39678	36669.1	5238.45
2584	0.30312	28013	9337.65
2585	0.41155	38033.7	12677.9
2586	0.46115	42618.3	14206.1
2587	0.14157	13083.3	6541.63
2588	0.29161	26949.5	5389.91
2589	0.31369	28990.3	5798.06
2590	0.34549	31928.9	6385.78
2591	0.51553	47643.9	23821.9
2592	0.43737	40420.4	13473.5
2593	0.38412	35499	7099.79
2594	0.51486	47581.5	11895.4
2595	0.14822	13697.8	4565.94
2596	0.24085	22258.6	5564.66
2597	0.52134	48180.7	6022.58
2598	0.24129	22299.2	5574.81
2599	0.32819	30329.9	7582.48
2600	0.44374	41008.7	13669.6
