#IID	F_ROH	ROH_length_kB	KBAVG
12551	0.11565	10688.4	5344.18
12552	0.23857	22049	7349.67
12553	0.18331	16941.9	5647.29
12554	0.18971	17533.2	4383.3
12555	0.21791	20139.8	5034.94
12556	0.35563	32867.6	6573.52
12557	0.25807	23850.9	5962.72
12558	0.32104	29671.2	5934.23
12559	0.32828	30340.3	6068.06
12560	0.37901	35028.9	5838.15
12561	0.47650	44038.8	8807.76
12562	0.09270	8567.96	4283.98
12563	0.92194	85207.3	42603.6
12564	0.12165	11243.5	5621.73
12565	0.42984	39726.6	5675.23
12566	0.31087	28730.9	4788.48
12567	0.43598	40293.7	8058.74
12568	0.20234	18700.8	4675.19
12569	0.17272	15963.5	5321.18
12570	0.26335	24339.3	8113.11
12571	0.03095	2860.9	2860.9
12572	0.16686	15421.5	5140.48
12573	0.35654	32952.6	8238.15
12574	0.22180	20498.8	6832.94
12575	0.35428	32743.4	6548.67
12576	0.20018	18501.1	4625.27
12577	0.39017	36060.2	7212.03
12578	0.19413	17941.8	4485.46
12579	0.19017	17575.9	5858.65
12580	0.24866	22981.9	7660.64
12581	0.28174	26038.9	6509.73
12582	0.40770	37680.5	6280.09
12583	0.23330	21562.2	7187.4
12584	0.28257	26115.8	6528.94
12585	0.14635	13525.9	6762.94
12586	0.46128	42632.3	8526.45
12587	0.21903	20243.5	5060.87
12588	0.30136	27852.5	4642.09
12589	0.22910	21174.3	5293.58
12590	0.17515	16187.8	5395.93
12591	0.27648	25552.8	5110.55
12592	0.41163	38044.1	12681.4
12593	0.18204	16824.7	4206.17
12594	0.22409	20711	10355.5
12595	0.33600	31053.4	6210.69
12596	0.41127	38010.3	6335.05
12597	0.18071	16701.8	5567.27
12598	0.24180	22347.4	5586.86
12599	0.29259	27041.9	5408.37
12600	0.10880	10055.4	5027.7
