#IID	F_ROH	ROH_length_kB	KBAVG
2551	0.23805	22362.9	5590.73
2552	0.12962	12176.4	6088.22
2553	0.29141	27376.1	6844.02
2554	0.15804	14846.8	14846.8
2555	0.29838	28030.8	5606.16
2556	0.00000	0	0
2557	0.13409	12597.1	6298.56
2558	0.08563	8043.94	8043.94
2559	0.50621	47554.6	15851.5
2560	0.32944	30948.4	6189.69
2561	0.13227	12425.3	6212.67
2562	0.21946	20616.6	5154.15
2563	0.20318	19087.1	6362.36
2564	0.30718	28856.8	7214.21
2565	0.07935	7453.89	7453.89
2566	0.13669	12841.4	12841.4
2567	0.13841	13002.9	4334.29
2568	0.29821	28014.5	5602.89
2569	0.04136	3885.47	3885.47
2570	0.15383	14450.7	4816.88
2571	0.05212	4896.36	4896.36
2572	0.12659	11892	5945.99
2573	0.52919	49713.2	24856.6
2574	0.17267	16221.3	5407.1
2575	0.13458	12643	6321.51
2576	0.43233	40614.3	13538.1
2577	0.37873	35578.9	8894.74
2578	0.12314	11567.9	3855.96
2579	0.18135	17036.8	5678.95
2580	0.28594	26862	6715.51
2581	0.14078	13225.1	4408.37
2582	0.38773	36424.6	6070.77
2583	0.25087	23567.4	5891.84
2584	0.27640	25965.3	5193.07
2585	0.19810	18610.1	6203.38
2586	0.17928	16842.3	5614.11
2587	0.24550	23062.6	11531.3
2588	0.19112	17954.2	4488.55
2589	0.34572	32477.4	5412.9
2590	0.27233	25583.5	6395.86
2591	0.14311	13444.4	6722.21
2592	0.28180	26473.2	13236.6
2593	0.23876	22429.2	7476.4
2594	0.22236	20888.8	6962.94
2595	0.18362	17249.5	5749.83
2596	0.11001	10334.4	5167.19
2597	0.22052	20715.7	10357.8
2598	0.39352	36968.5	7393.69
2599	0.18688	17555.7	5851.89
2600	0.29749	27946.7	9315.57
