#IID	F_ROH	ROH_length_kB	KBAVG
6551	0.19327	18147.5	9073.74
6552	0.23318	21895.3	4379.07
6553	0.20847	19574.7	4893.68
6554	0.34699	32581.6	5430.27
6555	0.27780	26085.3	8695.09
6556	0.31662	29730	7432.51
6557	0.31086	29189.3	7297.33
6558	0.18070	16967.3	5655.78
6559	0.08124	7628.1	3814.05
6560	0.30508	28646	5729.19
6561	0.33031	31015	6202.99
6562	0.44333	41627.6	13875.9
6563	0.30728	28852.9	5770.57
6564	0.49791	46752.7	11688.2
6565	0.16524	15515.9	5171.98
6566	0.13060	12263.2	6131.58
6567	0.13451	12629.8	4209.93
6568	0.42446	39856.2	9964.06
6569	0.05557	5218.21	5218.21
6570	0.12673	11899.5	5949.77
6571	0.41372	38847.3	7769.47
6572	0.63687	59801.2	29900.6
6573	0.26677	25049.4	5009.88
6574	0.27358	25688.2	8562.72
6575	0.04563	4284.75	4284.75
6576	0.20348	19106.6	4776.64
6577	0.16192	15204	5067.99
6578	0.23413	21984.1	5496.03
6579	0.33404	31365.2	6273.04
6580	0.39763	37337	7467.41
6581	0.23396	21968.6	5492.15
6582	0.47050	44179	11044.7
6583	0.24882	23363.6	7787.88
6584	0.29513	27712.5	6928.14
6585	0.39304	36905.6	9226.4
6586	0.19192	18020.9	6006.98
6587	0.76047	71406.7	23802.2
6588	0.28071	26357.9	8785.95
6589	0.18910	17756.2	8878.1
6590	0.21247	19950.1	9975.03
6591	0.18124	17018.5	5672.82
6592	0.16617	15602.7	5200.92
6593	0.40337	37875.3	9468.83
6594	0.03670	3445.66	3445.66
6595	0.46060	43249.2	8649.85
6596	0.38555	36202	9050.49
6597	0.17754	16670.2	8335.08
6598	0.15323	14388.2	4796.06
6599	0.27680	25990.8	6497.69
6600	0.14628	13735.5	6867.73
