#IID	F_ROH	ROH_length_kB	KBAVG
2551	0.16278	15260.8	5086.92
2552	0.18905	17723	4430.74
2553	0.11928	11182.1	5591.04
2554	0.42564	39903.3	9975.83
2555	0.40756	38208.4	7641.68
2556	0.08537	8003.74	4001.87
2557	0.11440	10725	5362.51
2558	0.28664	26872.4	8957.47
2559	0.36028	33775.2	6755.05
2560	0.25440	23849.5	7949.85
2561	0.17863	16746.3	4186.58
2562	0.29358	27522.8	27522.8
2563	0.34206	32067.3	8016.81
2564	0.37895	35526	11842
2565	0.34248	32107.3	8026.82
2566	0.18450	17296.2	5765.39
2567	0.28497	26715.2	26715.2
2568	0.21233	19905.7	6635.25
2569	0.48945	45884.9	11471.2
2570	0.37180	34855.4	5809.23
2571	0.44675	41881.7	10470.4
2572	0.41939	39316.8	19658.4
2573	0.28060	26305.7	6576.43
2574	0.19981	18731.4	6243.81
2575	0.31894	29899.8	9966.6
2576	0.30032	28154.4	7038.59
2577	0.35131	32935	6587
2578	0.20043	18790.4	4697.61
2579	0.29067	27249.9	6812.46
2580	0.25148	23575.5	7858.49
2581	0.44051	41297.3	10324.3
2582	0.44911	42103	8420.6
2583	0.32263	30246.4	6049.27
2584	0.35933	33686.5	6737.29
2585	0.26046	24418	8139.33
2586	0.17811	16697.3	5565.76
2587	0.15468	14500.6	4833.54
2588	0.48438	45409.4	9081.87
2589	0.11344	10635.1	10635.1
2590	0.11736	11002.1	5501.05
2591	0.14775	13851.1	4617.02
2592	0.19518	18297.8	6099.28
2593	0.00000	0	0
2594	0.23275	21820.3	10910.1
2595	0.20233	18967.7	6322.56
2596	0.25432	23841.8	5960.46
2597	0.23590	22114.8	11057.4
2598	0.29778	27916	6978.99
2599	0.57028	53462.6	26731.3
2600	0.33256	31177.3	7794.33
