#IID	F_ROH	ROH_length_kB	KBAVG
16551	0.59979	56344.2	14086.1
16552	0.24238	22768.8	4553.76
16553	0.15853	14892.6	4964.21
16554	0.36214	34019.4	11339.8
16555	0.37279	35019.5	11673.2
16556	0.53970	50699.2	25349.6
16557	0.15290	14363.7	4787.91
16558	0.24183	22717.9	7572.64
16559	0.24101	22640.4	5660.09
16560	0.29941	28126.3	9375.44
16561	0.29733	27931	27931
16562	0.47025	44175.1	7362.51
16563	0.09174	8617.86	8617.86
16564	0.20868	19603.4	4900.85
16565	0.57211	53744.2	13436
16566	0.32245	30290.8	6058.16
16567	0.10605	9962.21	4981.1
16568	0.31700	29779.5	9926.49
16569	0.05290	4969.84	4969.84
16570	0.24648	23154.7	7718.24
16571	0.03420	3212.99	3212.99
16572	0.15187	14266.6	4755.53
16573	0.15223	14300.1	4766.7
16574	0.11697	10988.6	5494.3
16575	0.64528	60617.6	12123.5
16576	0.16918	15892.4	15892.4
16577	0.35763	33596.1	16798
16578	0.15439	14503.2	4834.39
16579	0.31254	29360.2	9786.72
16580	0.49751	46736.6	11684.1
16581	0.14697	13806.3	4602.1
16582	0.42310	39745.9	9936.48
16583	0.09361	8793.89	4396.95
16584	0.16408	15413.6	3853.4
16585	0.45677	42909.1	8581.82
16586	0.15145	14227.1	4742.38
16587	0.25356	23819.3	5954.84
16588	0.26911	25280.3	6320.08
16589	0.49086	46111.3	9222.26
16590	0.13531	12710.6	4236.87
16591	0.05257	4938.62	4938.62
16592	0.11338	10650.6	3550.19
16593	0.19222	18056.8	4514.2
16594	0.18789	17650.1	8825.07
16595	0.39106	36735.9	9183.98
16596	0.14559	13676.5	4558.85
16597	0.39335	36951.8	7390.36
16598	0.19219	18054	4513.5
16599	0.31360	29459.4	5891.87
16600	0.26477	24872.8	12436.4
