#IID	F_ROH	ROH_length_kB	KBAVG
6551	0.19550	18336.5	9168.25
6552	0.41108	38557.7	7711.53
6553	0.25253	23685.7	5921.42
6554	0.41757	39166.4	13055.5
6555	0.18222	17091.2	5697.07
6556	0.11552	10834.9	5417.47
6557	0.07900	7410.27	3705.13
6558	0.14326	13437.1	4479.04
6559	0.33332	31263.5	7815.88
6560	0.46438	43556.7	14518.9
6561	0.07840	7353.55	7353.55
6562	0.12611	11828.9	3942.98
6563	0.37895	35544	17772
6564	0.19643	18424.1	4606.03
6565	0.24736	23201.4	5800.35
6566	0.10916	10238.3	10238.3
6567	0.46854	43946.5	7324.42
6568	0.29970	28110.4	7027.59
6569	0.36531	34264.6	8566.14
6570	0.10346	9703.65	4851.82
6571	0.30043	28178.8	7044.7
6572	0.27688	25969.6	5193.92
6573	0.21552	20215	6738.33
6574	0.09363	8781.72	4390.86
6575	0.24220	22717.5	7572.49
6576	0.47593	44640.2	11160.1
6577	0.00000	0	0
6578	0.60477	56724.5	14181.1
6579	0.24643	23113.9	5778.47
6580	0.04484	4206.1	4206.1
6581	0.59657	55955.6	18651.9
6582	0.31327	29383	5876.59
6583	0.23896	22413	7470.99
6584	0.20325	19064.1	6354.69
6585	0.14886	13962.1	6981.07
6586	0.33317	31249.4	7812.35
6587	0.34844	32681.5	6536.31
6588	0.29642	27802.9	6950.73
6589	0.14220	13337.2	6668.62
6590	0.38016	35657	7131.41
6591	0.88976	83455.1	27818.4
6592	0.15725	14749.3	7374.64
6593	0.18390	17249.3	5749.77
6594	0.31534	29576.9	5915.38
6595	0.14575	13670.8	4556.94
6596	0.10142	9512.78	9512.78
6597	0.21183	19868.8	6622.92
6598	0.29980	28119.8	9373.26
6599	0.49370	46306.9	15435.6
6600	0.59590	55892.8	9315.46
