#IID	F_ROH	ROH_length_kB	KBAVG
6551	0.08797	8235.49	4117.75
6552	0.13218	12373.4	6186.69
6553	0.08364	7829.51	3914.76
6554	0.43899	41095.4	6849.24
6555	0.34143	31962.6	6392.52
6556	0.11038	10333	5166.49
6557	0.33674	31523.2	7880.8
6558	0.21482	20110.1	6703.38
6559	0.29913	28002.7	9334.24
6560	0.17719	16587.5	8293.75
6561	0.34105	31927.3	6385.46
6562	0.12477	11679.8	5839.92
6563	0.21040	19696.2	6565.41
6564	0.28469	26651.2	5330.23
6565	0.33950	31781.5	5296.92
6566	0.21382	20016	4003.19
6567	0.20925	19588.6	4897.15
6568	0.33696	31543.9	7885.97
6569	0.09200	8612.73	4306.37
6570	0.13111	12273.9	6136.97
6571	0.27138	25404.7	5080.94
6572	0.22499	21061.8	7020.61
6573	0.09854	9224.29	4612.15
6574	0.03139	2938.69	2938.69
6575	0.52857	49481.3	16493.8
6576	0.09087	8507.09	4253.54
6577	0.33207	31086	10362
6578	0.22019	20612.7	10306.4
6579	0.21166	19813.9	9906.95
6580	0.29919	28008.3	7002.07
6581	0.10124	9477.29	4738.64
6582	0.36303	33984.7	8496.17
6583	0.17757	16623	4155.76
6584	0.36448	34120.2	8530.04
6585	0.35174	32927.9	8231.98
6586	0.26730	25023.2	8341.07
6587	0.12634	11827.1	5913.56
6588	0.14017	13122.1	6561.05
6589	0.25650	24011.6	6002.89
6590	0.24735	23155.6	5788.9
6591	0.40358	37780.9	9445.23
6592	0.19316	18082.1	4520.51
6593	0.18640	17449.9	8724.97
6594	0.25355	23735.9	7911.98
6595	0.16026	15002.4	5000.79
6596	0.08321	7789.67	3894.84
6597	0.07398	6925.79	6925.79
6598	0.10348	9687.01	4843.51
6599	0.17956	16809.2	4202.3
6600	0.29534	27648	9216.01
