#IID	F_ROH	ROH_length_kB	KBAVG
2551	0.30769	28825.8	7206.45
2552	0.60069	56275.4	18758.5
2553	0.10451	9791.4	3263.8
2554	0.27192	25474.7	5094.95
2555	0.25315	23716.4	11858.2
2556	0.15768	14772.2	14772.2
2557	0.33478	31364.2	7841.05
2558	0.20739	19429.4	4857.34
2559	0.14327	13421.9	4473.96
2560	0.43901	41128.6	8225.72
2561	0.30719	28779.5	4796.58
2562	0.07478	7005.77	3502.89
2563	0.13686	12821.6	4273.87
2564	0.14402	13492.2	6746.12
2565	0.15682	14692	3673
2566	0.13030	12207.2	4069.06
2567	0.54832	51369.8	17123.3
2568	0.49508	46381.3	11595.3
2569	0.20988	19662.3	3932.46
2570	0.35530	33286	6657.2
2571	0.69889	65475.9	21825.3
2572	0.19070	17866.2	5955.39
2573	0.29692	27817.3	6954.34
2574	0.24500	22952.9	4590.58
2575	0.04599	4308.72	4308.72
2576	0.46560	43619.6	4846.62
2577	0.27749	25996.3	5199.25
2578	0.35170	32949.4	8237.35
2579	0.53292	49926.8	7132.4
2580	0.28826	27005.7	6751.43
2581	0.64429	60360.9	10060.2
2582	0.28182	26402.7	13201.4
2583	0.50421	47237.1	9447.42
2584	0.33549	31430.9	4490.13
2585	0.37471	35105.2	5015.03
2586	0.21717	20345.8	5086.46
2587	0.16712	15656.9	5218.98
2588	0.20426	19136.2	4784.05
2589	0.23233	21765.9	7255.31
2590	0.10116	9476.99	4738.49
2591	0.24830	23261.7	5815.42
2592	0.29137	27297.3	6824.33
2593	0.32111	30083	5013.84
2594	0.24829	23261.5	7753.84
2595	0.40778	38202.6	9550.65
2596	0.40296	37751.2	5393.03
2597	0.66663	62453.8	12490.8
2598	0.24001	22485.3	7495.1
2599	0.52919	49577	16525.7
2600	0.30635	28700.9	7175.23
