#IID	F_ROH	ROH_length_kB	KBAVG
4551	0.18476	17356.7	5785.56
4552	0.17802	16723.2	8361.6
4553	0.22445	21084.9	5271.23
4554	0.16066	15092.3	5030.78
4555	0.38215	35899.3	11966.4
4556	0.16754	15738.9	5246.31
4557	0.43727	41077.5	13692.5
4558	0.26789	25165.3	8388.44
4559	0.36225	34029.5	8507.39
4560	0.00000	0	0
4561	0.24600	23109.3	11554.7
4562	0.56086	52687.4	10537.5
4563	0.15157	14238.6	4746.19
4564	0.62732	58930.6	9821.77
4565	0.22211	20865.4	5216.35
4566	0.20848	19584.5	6528.16
4567	0.33832	31781.4	6356.28
4568	0.25474	23930.4	4786.07
4569	0.16287	15299.8	5099.93
4570	0.10650	10004.7	5002.37
4571	0.07417	6967.36	3483.68
4572	0.51235	48130.5	12032.6
4573	0.34249	32173.3	8043.31
4574	0.46326	43518.8	10879.7
4575	0.18578	17452.3	8726.13
4576	0.39043	36677.3	6112.88
4577	0.40193	37757.6	12585.9
4578	0.78879	74099.2	14819.8
4579	0.22886	21498.7	10749.4
4580	0.44511	41813.9	13938
4581	0.48432	45496.6	11374.2
4582	0.15855	14894.2	4964.74
4583	0.24651	23156.9	7718.98
4584	0.36336	34133.8	17066.9
4585	0.25802	24238.3	6059.58
4586	0.62527	58737.9	11747.6
4587	0.40139	37706.8	18853.4
4588	0.61067	57366.4	9561.06
4589	0.39159	36785.6	9196.41
4590	0.13318	12511	4170.34
4591	0.14948	14042.6	7021.3
4592	0.61949	58195	11639
4593	0.11625	10920.9	5460.47
4594	0.21014	19740.4	9870.19
4595	0.24701	23204	5800.99
4596	0.53655	50403.7	25201.9
4597	0.37336	35073.3	8768.33
4598	0.27580	25908.8	8636.28
4599	0.22258	20908.7	6969.57
4600	0.58184	54658.4	18219.5
