#IID	F_ROH	ROH_length_kB	KBAVG
2551	0.00000	0	0
2552	0.15450	14510.5	7255.27
2553	0.10452	9816.43	4908.21
2554	0.29748	27938.9	9312.96
2555	0.30876	28998.4	5799.67
2556	0.32992	30985.7	7746.43
2557	0.28869	27113.9	9037.98
2558	0.25533	23980.8	7993.59
2559	0.27268	25609.8	6402.44
2560	0.07687	7219.23	7219.23
2561	0.21431	20128.2	5032.06
2562	0.23119	21713.4	10856.7
2563	0.27253	25596.2	6399.05
2564	0.27984	26282.8	6570.69
2565	0.14263	13395.8	4465.28
2566	0.19668	18471.9	4617.99
2567	0.43683	41027.4	8205.47
2568	0.29084	27315.3	5463.06
2569	0.39019	36646.8	7329.36
2570	0.17543	16476.7	8238.36
2571	0.10377	9746.1	4873.05
2572	0.53766	50496.6	12624.2
2573	0.23083	21679.3	4335.86
2574	0.13824	12983.4	4327.8
2575	0.31972	30027.6	10009.2
2576	0.20748	19486.3	6495.43
2577	0.29208	27431.9	5486.38
2578	0.67055	62977.5	15744.4
2579	0.20538	19288.8	4822.21
2580	0.35105	32970.4	10990.1
2581	0.23471	22043.5	11021.7
2582	0.17646	16573.2	5524.39
2583	0.17958	16866	4216.49
2584	0.19120	17957.2	4489.3
2585	0.16683	15668.3	5222.76
2586	0.27499	25827	8608.98
2587	0.33567	31526	10508.7
2588	0.18755	17615	4403.74
2589	0.44156	41471.5	13823.8
2590	0.12552	11788.9	5894.46
2591	0.38150	35830.8	8957.71
2592	0.19476	18291.5	6097.18
2593	0.66963	62891.3	15722.8
2594	0.16335	15341.6	5113.85
2595	0.04904	4605.57	4605.57
2596	0.14319	13448.8	6724.42
2597	0.26385	24781	6195.26
2598	0.13717	12882.9	4294.29
2599	0.17904	16815.8	16815.8
2600	0.17937	16846.1	8423.07
