#IID	F_ROH	ROH_length_kB	KBAVG
4551	0.14312	13222.2	6611.08
4552	0.21211	19595.9	6531.96
4553	0.37675	34806.6	8701.65
4554	0.13679	12637.4	4212.46
4555	0.24363	22507.5	7502.49
4556	0.12511	11558.1	5779.05
4557	0.05408	4996.65	4996.65
4558	0.05693	5259.26	5259.26
4559	0.12666	11701.7	5850.86
4560	0.16531	15272.5	15272.5
4561	0.25025	23119.2	11559.6
4562	0.26090	24103.8	4820.76
4563	0.11860	10956.5	5478.24
4564	0.32357	29893.6	7473.39
4565	0.25797	23832.3	5958.07
4566	0.14256	13170.7	6585.33
4567	0.34644	32006.4	10668.8
4568	0.12793	11819	5909.49
4569	0.31389	28999.2	5799.83
4570	0.38836	35878.6	17939.3
4571	0.10828	10003.6	10003.6
4572	0.23111	21351.5	4270.29
4573	0.24945	23045.6	7681.87
4574	0.25133	23219.3	5804.83
4575	0.30620	28288.1	7072.02
4576	0.39620	36603.4	9150.86
4577	0.19676	18177.4	9088.68
4578	0.15106	13956.2	6978.1
4579	0.32230	29775.8	7443.96
4580	0.12318	11379.7	3793.24
4581	0.26748	24711.1	6177.77
4582	0.40522	37436.4	9359.09
4583	0.09717	8976.94	4488.47
4584	0.24892	22996.7	5749.17
4585	0.28760	26570.3	6642.58
4586	0.22592	20872.1	10436.1
4587	0.17876	16514.5	5504.85
4588	0.15543	14359.6	4786.53
4589	0.53713	49622.6	8270.43
4590	0.26670	24639.2	4927.83
4591	0.13090	12092.9	6046.43
4592	0.28285	26131.5	4355.25
4593	0.15993	14775.2	4925.05
4594	0.09942	9185.06	4592.53
4595	0.40819	37711	18855.5
4596	0.18833	17399.1	5799.71
4597	0.21673	20022.5	5005.63
4598	0.46385	42852.9	14284.3
4599	0.71302	65872.5	16468.1
4600	0.21556	19914.4	6638.13
