#IID	F_ROH	ROH_length_kB	KBAVG
10551	0.25116	23577.1	5894.28
10552	0.51592	48430.5	9686.09
10553	0.16033	15050.5	5016.82
10554	0.14495	13607	13607
10555	0.11640	10926.8	5463.4
10556	0.13394	12573.7	4191.24
10557	0.19885	18666.5	9333.25
10558	0.43275	40623	6770.5
10559	0.25238	23691.6	5922.89
10560	0.18394	17267.3	8633.64
10561	0.14778	13872.9	6936.47
10562	0.09764	9165.64	4582.82
10563	0.16013	15031.8	5010.59
10564	0.51036	47908.8	7984.81
10565	0.18516	17381.3	8690.63
10566	0.18995	17830.9	5943.63
10567	0.51082	47951.9	11988
10568	0.12197	11449.2	5724.6
10569	0.23146	21728.1	5432.02
10570	0.20032	18804.3	6268.1
10571	0.16129	15140.3	5046.78
10572	0.27281	25609.5	5121.89
10573	0.25688	24113.9	4018.98
10574	0.10641	9989.3	3329.77
10575	0.28347	26610.3	6652.57
10576	0.55788	52370.1	17456.7
10577	0.19023	17857.7	8928.83
10578	0.16398	15393.3	3848.32
10579	0.37100	34827.2	6965.43
10580	0.27784	26081.3	6520.33
10581	0.17647	16565.6	5521.85
10582	0.08938	8390.22	8390.22
10583	0.28914	27142.7	9047.58
10584	0.07114	6678.16	3339.08
10585	0.38524	36163.1	18081.5
10586	0.26321	24708.1	6177.01
10587	0.32007	30045.8	6009.17
10588	0.06232	5850.56	5850.56
10589	0.30813	28925.1	4820.85
10590	0.21198	19899.5	6633.15
10591	0.31306	29387.6	9795.87
10592	0.35637	33453.8	6690.77
10593	0.36204	33985.9	8496.49
10594	0.30622	28745.5	9581.84
10595	0.27706	26008.6	6502.14
10596	0.30985	29086.2	14543.1
10597	0.34571	32452.9	10817.6
10598	0.27737	26037.8	6509.45
10599	0.03237	3038.57	3038.57
10600	0.21430	20116.6	5029.15
