#IID	F_ROH	ROH_length_kB	KBAVG
8551	0.33546	31006	6201.21
8552	0.46364	42853.9	7142.31
8553	0.42429	39216.5	7843.31
8554	0.22441	20741.8	4148.36
8555	0.13299	12292.2	4097.4
8556	0.35471	32785.5	10928.5
8557	0.23543	21760.1	4352.02
8558	0.29905	27641	5528.21
8559	0.39391	36408.6	6068.1
8560	0.13440	12422.2	6211.09
8561	0.19590	18107.1	6035.71
8562	0.23358	21589.6	4317.92
8563	0.35849	33134.8	8283.7
8564	0.42952	39700.3	5671.47
8565	0.08867	8195.31	4097.66
8566	0.48314	44655.8	8931.17
8567	0.27902	25789.8	8596.61
8568	0.33290	30769.5	6153.9
8569	0.76678	70871.9	23624
8570	0.45203	41780.8	10445.2
8571	0.65740	60762	20254
8572	0.66200	61187.5	8741.07
8573	0.26263	24274.4	6068.59
8574	0.17210	15906.9	3976.71
8575	0.42126	38936	9734
8576	0.44531	41159.2	10289.8
8577	0.83358	77046.8	77046.8
8578	0.58175	53770.3	26885.1
8579	0.20998	19407.9	4851.97
8580	0.13277	12271.4	6135.72
8581	0.22426	20727.9	10364
8582	0.23450	21674.3	7224.77
8583	0.32627	30156.4	6031.28
8584	0.20779	19206	6402.01
8585	0.36292	33543.8	5590.63
8586	0.24044	22223.1	5555.77
8587	0.26985	24941.6	6235.4
8588	0.27272	25206.9	5041.37
8589	0.33212	30697.3	7674.32
8590	0.42544	39323	13107.7
8591	0.32794	30310.9	7577.73
8592	0.41476	38335.5	6389.24
8593	0.36899	34104.9	5684.15
8594	0.10693	9883.67	4941.83
8595	0.40725	37641.3	7528.26
8596	0.23378	21607.7	4321.54
8597	0.25208	23299	7766.35
8598	0.00000	0	0
8599	0.34172	31584.9	7896.24
8600	0.30859	28522.9	14261.4
