#IID	F_ROH	ROH_length_kB	KBAVG
2551	0.24231	22773.5	5693.38
2552	0.76849	72226.6	14445.3
2553	0.27136	25503.6	6375.9
2554	0.37145	34910.6	8727.65
2555	0.36507	34310.5	6862.1
2556	0.47002	44174.8	8834.96
2557	0.50623	47577.5	15859.2
2558	0.65535	61592.7	12318.5
2559	0.37035	34807.5	6961.49
2560	0.22064	20736.6	6912.21
2561	0.29372	27605.3	6901.33
2562	0.41844	39327.2	6554.53
2563	0.17155	16123.2	5374.39
2564	0.26604	25004.1	8334.7
2565	0.04111	3863.92	3863.92
2566	0.14098	13250	6624.98
2567	0.24408	22939.7	7646.56
2568	0.32991	31006	7751.5
2569	0.56046	52675	10535
2570	0.29495	27720.7	5544.14
2571	0.15574	14637.3	7318.64
2572	0.11888	11172.7	5586.34
2573	0.14771	13882.1	6941.03
2574	0.13338	12535.9	6267.94
2575	0.12341	11598.2	5799.12
2576	0.06803	6393.43	6393.43
2577	0.37172	34936.2	17468.1
2578	0.31374	29486.8	9828.93
2579	0.43487	40871.5	10217.9
2580	0.17039	16014.5	8007.26
2581	0.27363	25717.2	6429.3
2582	0.59987	56378.7	14094.7
2583	0.22795	21423.9	5355.98
2584	0.14957	14057.6	4685.87
2585	0.25424	23894.7	5973.69
2586	0.42337	39790.7	13263.6
2587	0.22544	21188	7062.68
2588	0.53279	50074.1	16691.4
2589	0.40980	38515.2	7703.04
2590	0.34711	32623.4	5437.23
2591	0.21151	19878.3	4969.57
2592	0.31704	29796.5	7449.12
2593	0.67592	63526.5	12705.3
2594	0.26431	24840.6	6210.16
2595	0.08972	8432.62	4216.31
2596	0.50158	47140.6	11785.2
2597	0.17013	15989.5	5329.83
2598	0.13869	13035.1	4345.05
2599	0.00000	0	0
2600	0.31221	29342.7	9780.91
