#IID	F_ROH	ROH_length_kB	KBAVG
6551	0.27769	25675.7	8558.58
6552	0.29226	27022.2	9007.4
6553	0.19393	17930.9	5976.95
6554	0.18670	17262.5	4315.62
6555	0.23864	22065	4413
6556	0.34007	31443.2	7860.79
6557	0.16984	15703.7	3925.93
6558	0.33421	30901.5	7725.37
6559	0.32799	30326	30326
6560	0.12067	11157.6	3719.2
6561	0.21850	20202.4	6734.13
6562	0.37935	35074.9	11691.6
6563	0.20926	19348.6	4837.15
6564	0.33419	30899.1	7724.78
6565	0.68918	63722.1	15930.5
6566	0.46160	42679.6	10669.9
6567	0.15405	14243.5	4747.82
6568	0.08478	7838.83	3919.41
6569	0.21300	19694.2	6564.73
6570	0.53281	49264.2	16421.4
6571	0.52330	48384.3	8064.06
6572	0.31244	28888.6	7222.16
6573	0.24883	23007	7668.99
6574	0.18692	17282.5	5760.82
6575	0.42153	38974.8	9743.71
6576	0.18020	16661.1	4165.28
6577	0.44543	41184.6	8236.92
6578	0.20198	18675.5	6225.16
6579	0.26603	24597.4	6149.35
6580	0.38192	35312.3	11770.8
6581	0.23611	21830.8	5457.71
6582	0.30679	28365.6	14182.8
6583	0.23505	21732.7	10866.3
6584	0.04762	4402.67	4402.67
6585	0.15247	14097.9	14097.9
6586	0.36370	33627.9	11209.3
6587	0.22923	21194.9	5298.71
6588	0.23024	21288.5	5322.13
6589	0.16561	15312.6	7656.3
6590	0.21004	19420	6473.35
6591	0.49374	45651.6	9130.32
6592	0.19352	17893	8946.48
6593	0.27911	25806.7	6451.68
6594	0.30875	28547.1	7136.77
6595	0.13551	12529.6	6264.81
6596	0.40565	37506.8	7501.37
6597	0.38630	35717.9	8929.47
6598	0.30791	28469.9	7117.49
6599	0.05052	4671.56	4671.56
6600	0.28072	25955.9	6488.99
