#IID	F_ROH	ROH_length_kB	KBAVG
2551	0.23533	22110.4	5527.59
2552	0.66372	62360.2	15590.1
2553	0.17874	16793.7	5597.9
2554	0.54738	51429.8	10286
2555	0.36715	34495.8	11498.6
2556	0.39598	37204.5	7440.91
2557	0.38345	36027.7	7205.55
2558	0.12665	11899.5	5949.73
2559	0.36946	34713.3	8678.32
2560	0.12071	11341	5670.5
2561	0.31711	29794.1	14897
2562	0.17958	16872.3	5624.09
2563	0.16491	15494.4	5164.8
2564	0.33277	31265.6	6253.12
2565	0.15509	14572.1	4857.37
2566	0.29057	27300.7	4550.11
2567	0.39905	37493.4	7498.68
2568	0.10811	10157.6	5078.8
2569	0.41482	38974.8	7794.96
2570	0.19568	18385.1	6128.36
2571	0.21401	20107.6	10053.8
2572	0.32369	30412.9	6082.58
2573	0.76575	71947	11991.2
2574	0.20425	19190.7	6396.9
2575	0.35147	33023	8255.74
2576	0.12009	11283.4	5641.68
2577	0.36408	34207.3	6841.47
2578	0.23015	21624.2	5406.05
2579	0.39809	37403.4	12467.8
2580	0.34330	32255.1	8063.78
2581	0.11149	10474.9	3491.62
2582	0.19723	18530.8	6176.93
2583	0.58307	54783.4	13695.9
2584	0.17126	16091.1	4022.77
2585	0.33426	31405.5	7851.38
2586	0.15781	14826.9	7413.45
2587	0.17970	16883.6	4220.9
2588	0.20556	19313.5	6437.83
2589	0.06926	6507.59	6507.59
2590	0.20707	19455.2	6485.05
2591	0.08958	8416.8	4208.4
2592	0.12560	11800.8	5900.38
2593	0.20297	19070.7	6356.89
2594	0.53511	50276.6	12569.1
2595	0.19218	18056.3	6018.78
2596	0.27123	25483.5	6370.87
2597	0.12983	12198.2	6099.12
2598	0.15392	14461.4	4820.47
2599	0.13049	12260	4086.67
2600	0.25608	24060.3	6015.07
