#IID	F_ROH	ROH_length_kB	KBAVG
2551	0.08826	8150.87	8150.87
2552	0.31004	28632.1	5726.41
2553	0.55819	51548.5	12887.1
2554	0.13958	12889.8	6444.89
2555	0.48865	45126.5	7521.09
2556	0.09077	8382.44	4191.22
2557	0.17351	16023.9	8011.93
2558	0.26117	24118.5	6029.64
2559	0.39460	36441	7288.2
2560	0.17119	15809.6	5269.86
2561	0.31595	29178.1	7294.52
2562	0.19194	17725.9	5908.65
2563	0.21669	20010.7	6670.23
2564	0.27017	24950.4	6237.59
2565	0.38356	35421	7084.21
2566	0.36504	33710.8	6742.16
2567	0.35795	33056.3	6611.27
2568	0.24084	22241.7	5560.43
2569	0.15484	14299.8	4766.59
2570	0.18011	16632.8	5544.27
2571	0.42176	38949.4	6491.56
2572	0.31417	29013.4	7253.35
2573	0.45063	41615.6	6935.93
2574	0.15880	14665.3	7332.67
2575	0.23533	21732.8	7244.26
2576	0.54854	50657.5	16885.8
2577	0.38184	35262.9	8815.71
2578	0.57402	53010	7572.86
2579	0.46821	43238.4	7206.4
2580	0.52249	48251.9	6893.12
2581	0.24650	22764.1	5691.02
2582	0.29941	27650.4	5530.08
2583	0.42435	39188.5	6531.41
2584	0.08817	8142.82	4071.41
2585	0.21231	19606.2	6535.39
2586	0.33026	30499.1	7624.78
2587	0.67302	62152.6	8878.94
2588	0.17817	16454.2	4113.55
2589	0.34357	31728.3	5288.06
2590	0.21358	19723.8	4930.95
2591	0.09315	8602.6	4301.3
2592	0.24822	22922.9	11461.4
2593	0.24474	22601.7	11300.9
2594	0.14905	13764.8	4588.27
2595	0.11759	10859	10859
2596	0.65749	60718.9	20239.6
2597	0.29786	27507.3	6876.81
2598	0.11926	11013.2	5506.61
2599	0.29882	27595.7	5519.14
2600	0.35075	32391.5	10797.2
