#IID	F_ROH	ROH_length_kB	KBAVG
36551	0.06662	6158.13	6158.13
36552	0.20688	19121.9	6373.97
36553	0.20212	18681.7	4670.43
36554	0.23745	21947.8	5486.94
36555	0.23805	22003.3	7334.44
36556	0.51125	47254.8	6750.69
36557	0.16831	15557.2	7778.62
36558	0.14674	13563.4	4521.14
36559	0.11859	10960.9	5480.44
36560	0.33673	31124	10374.7
36561	0.22330	20639.3	10319.6
36562	0.21221	19615	3923.01
36563	0.37181	34366.4	6873.29
36564	0.18250	16868.3	4217.06
36565	0.34341	31741.9	7935.49
36566	0.20825	19248.8	4812.19
36567	0.10460	9668.09	4834.05
36568	0.20918	19334.7	6444.9
36569	0.35245	32577	8144.25
36570	0.23942	22129.8	5532.45
36571	0.35037	32384.6	8096.15
36572	0.29204	26993.3	5398.65
36573	0.10104	9338.75	4669.37
36574	0.33687	31137.1	7784.29
36575	0.35987	33262.8	6652.57
36576	0.19171	17719.6	5906.52
36577	0.41500	38358.6	7671.72
36578	0.42021	38840.3	7768.06
36579	0.24565	22705.4	11352.7
36580	0.23941	22129.2	7376.4
36581	0.18448	17051.2	4262.81
36582	0.48140	44495.7	11123.9
36583	0.62518	57785.7	14446.4
36584	0.11222	10372.1	3457.37
36585	0.19705	18213.4	4553.35
36586	0.35995	33270.4	11090.1
36587	0.28640	26471.7	8823.9
36588	0.39426	36442	6073.67
36589	0.40407	37348.1	12449.4
36590	0.24321	22479.7	11239.9
36591	0.37421	34588.1	6917.62
36592	0.12062	11148.8	5574.38
36593	0.37221	34403.6	5733.93
36594	0.48400	44736.6	6390.95
36595	0.07154	6612.1	6612.1
36596	0.19159	17709	8854.5
36597	0.28217	26080.7	5216.14
36598	0.23689	21895.7	5473.93
36599	0.09563	8838.78	8838.78
36600	0.71781	66347.6	22115.9
