#IID	F_ROH	ROH_length_kB	KBAVG
2551	0.31546	29650.6	7412.64
2552	0.26764	25155.6	4192.6
2553	0.08243	7747.62	3873.81
2554	0.39794	37402.2	18701.1
2555	0.23478	22067.1	4413.41
2556	0.04320	4060.3	4060.3
2557	0.39318	36955.6	6159.26
2558	0.30164	28351.3	5670.25
2559	0.44727	42039.1	8407.82
2560	0.94563	88879.8	44439.9
2561	0.29344	27580.5	6895.12
2562	0.41553	39055.7	9763.92
2563	0.16080	15113.7	7556.85
2564	0.38202	35906.7	8976.68
2565	0.40025	37620	7523.99
2566	0.13134	12345.1	4115.05
2567	0.37375	35128.9	5854.81
2568	0.78133	73437.9	24479.3
2569	0.03643	3423.8	3423.8
2570	0.25537	24002.1	12001
2571	0.31634	29732.7	7433.17
2572	0.31754	29845.7	7461.42
2573	0.22889	21513.4	7171.13
2574	0.36715	34508.2	5751.37
2575	0.23087	21699.9	5424.98
2576	0.23784	22354.8	5588.71
2577	0.06665	6264.11	3132.05
2578	0.04769	4482.49	4482.49
2579	0.21152	19880.7	4970.16
2580	0.49965	46962.7	15654.2
2581	0.13553	12738.8	6369.39
2582	0.24839	23346.6	5836.66
2583	0.13726	12900.8	4300.28
2584	0.19266	18107.9	6035.97
2585	0.03408	3202.89	3202.89
2586	0.39587	37207.8	7441.55
2587	0.34873	32777	16388.5
2588	0.17177	16144.7	5381.56
2589	0.31272	29392.3	5878.46
2590	0.28054	26368	6592
2591	0.09174	8622.98	4311.49
2592	0.05791	5442.9	5442.9
2593	0.36876	34660.2	8665.05
2594	0.24217	22761.3	5690.31
2595	0.13699	12876.1	4292.02
2596	0.02532	2379.39	2379.39
2597	0.17250	16213.8	8106.91
2598	0.46718	43910.3	14636.8
2599	0.38551	36234.3	6039.05
2600	0.16080	15113.9	7556.97
