#IID	F_ROH	ROH_length_kB	KBAVG
12551	0.14811	13902.8	6951.41
12552	0.37445	35148.5	8787.14
12553	0.05385	5054.69	5054.69
12554	0.26275	24663.8	8221.27
12555	0.29695	27874.5	6968.63
12556	0.15336	14395.4	7197.7
12557	0.38024	35692.2	8923.05
12558	0.25166	23622.6	7874.19
12559	0.18244	17124.9	5708.32
12560	0.25530	23964.8	7988.28
12561	0.15701	14737.9	4912.63
12562	0.30220	28367.2	7091.79
12563	0.32559	30562.8	10187.6
12564	0.33392	31344.3	10448.1
12565	0.25073	23535.3	5883.83
12566	0.15331	14391.1	7195.54
12567	0.54468	51128.5	12782.1
12568	0.14513	13623.4	6811.72
12569	0.49661	46616.3	15538.8
12570	0.13639	12802.9	4267.64
12571	0.13595	12761.2	6380.59
12572	0.08400	7885.15	3942.57
12573	0.27913	26201	6550.26
12574	0.22740	21345.4	21345.4
12575	0.14551	13659	4553
12576	0.17768	16678.3	5559.44
12577	0.15313	14373.9	7186.94
12578	0.24809	23288.1	7762.69
12579	0.00000	0	0
12580	0.19818	18603.1	6201.03
12581	0.00000	0	0
12582	0.10079	9460.76	4730.38
12583	0.22406	21032.3	5258.07
12584	0.35142	32986.9	16493.5
12585	0.27032	25374.6	5074.92
12586	0.10853	10187.6	10187.6
12587	0.34225	32126.8	8031.71
12588	0.10267	9637.68	4818.84
12589	0.29141	27354	4559.01
12590	0.12587	11815.5	5907.77
12591	0.08827	8285.54	8285.54
12592	0.39150	36749.6	9187.4
12593	0.09031	8477.27	4238.64
12594	0.07916	7430.83	7430.83
12595	0.26483	24859.3	4971.86
12596	0.23048	21635.1	7211.7
12597	0.09855	9250.39	4625.19
12598	0.45044	42281.8	10570.5
12599	0.22434	21058.8	7019.59
12600	0.34766	32634.6	6526.91
