#IID	F_ROH	ROH_length_kB	KBAVG
4551	0.48528	45346.6	11336.6
4552	0.04382	4095.02	4095.02
4553	0.24225	22637	11318.5
4554	0.25867	24171.2	4834.24
4555	0.10421	9738.32	4869.16
4556	0.05798	5417.68	5417.68
4557	0.20104	18785.8	6261.93
4558	0.29733	27783.9	6945.98
4559	0.16080	15026.2	5008.72
4560	0.31745	29664.5	7416.12
4561	0.33070	30902.6	7725.66
4562	0.32013	29914.2	7478.55
4563	0.04568	4268.68	4268.68
4564	0.22319	20856	6952.01
4565	0.23066	21553.7	7184.56
4566	0.17253	16122.3	8061.15
4567	0.11502	10748.4	10748.4
4568	0.22646	21161.5	5290.37
4569	0.35509	33181.8	5530.3
4570	0.33751	31538.6	10512.9
4571	0.32617	30478.5	10159.5
4572	0.06589	6157.39	6157.39
4573	0.29558	27620.2	6905.05
4574	0.22765	21272.7	10636.4
4575	0.47996	44850.3	7475.05
4576	0.38864	36316.4	6052.73
4577	0.34224	31980.8	15990.4
4578	0.05063	4730.66	4730.66
4579	0.25462	23793.3	11896.7
4580	0.31714	29635.5	7408.88
4581	0.35104	32803.2	8200.79
4582	0.27058	25284.1	12642
4583	0.10585	9890.94	9890.94
4584	0.09153	8553.08	8553.08
4585	0.08279	7736.76	3868.38
4586	0.36772	34362	6872.4
4587	0.37233	34792.6	8698.16
4588	0.12503	11683.5	3894.49
4589	0.02709	2531.24	2531.24
4590	0.39741	37135.8	12378.6
4591	0.17890	16717.6	5572.52
4592	0.12403	11590.1	5795.04
4593	0.27859	26032.8	13016.4
4594	0.39324	36746.7	9186.66
4595	0.29128	27218.3	9072.77
4596	0.38208	35703.5	11901.2
4597	0.40402	37753.9	12584.6
4598	0.21224	19832.8	4958.21
4599	0.12000	11213	3737.67
4600	0.21023	19645.4	9822.69
