#IID	F_ROH	ROH_length_kB	KBAVG
10551	0.09980	9218.95	4609.48
10552	0.89154	82359.2	41179.6
10553	0.31678	29264.2	14632.1
10554	0.14284	13195.3	6597.65
10555	0.24314	22460.7	5615.18
10556	0.29422	27180	6795.01
10557	0.17780	16425.2	8212.61
10558	0.30217	27914.3	5582.87
10559	0.20361	18808.9	3761.79
10560	0.03438	3176.23	3176.23
10561	0.33636	31072.2	7768.05
10562	0.31934	29499.9	5899.99
10563	0.27213	25138.6	8379.54
10564	0.20205	18665.1	4666.28
10565	0.41439	38280.6	6380.1
10566	0.30322	28011.4	9337.13
10567	0.43341	40037.7	8007.55
10568	0.18998	17550.2	8775.09
10569	0.26593	24565.9	8188.63
10570	0.34000	31408.6	10469.5
10571	0.30590	28258.6	5651.73
10572	0.00000	0	0
10573	0.09343	8630.81	4315.41
10574	0.19628	18132	6044.02
10575	0.22933	21185.4	4237.08
10576	0.30210	27908	6976.99
10577	0.32619	30133.2	6026.63
10578	0.17299	15980.2	5326.73
10579	0.03938	3638.32	3638.32
10580	0.16690	15418.1	5139.38
10581	0.24550	22679	5669.74
10582	0.33401	30855.3	6171.06
10583	0.43941	40592.6	20296.3
10584	0.29390	27150	6787.5
10585	0.29485	27238.1	27238.1
10586	0.32060	29616.5	7404.11
10587	0.17872	16510	8254.98
10588	0.14545	13436.6	13436.6
10589	0.39814	36779.6	9194.89
10590	0.37803	34921.5	17460.8
10591	0.40751	37644.9	6274.15
10592	0.20806	19220.1	9610.04
10593	0.26496	24476.9	8158.98
10594	0.56427	52127	13031.8
10595	0.36530	33746.1	11248.7
10596	0.06578	6076.48	6076.48
10597	0.73269	67685.1	13537
10598	0.14069	12997.2	4332.39
10599	0.30179	27879.4	27879.4
10600	0.30416	28097.7	14048.8
