#IID	F_ROH	ROH_length_kB	KBAVG
8551	0.27948	26265.6	6566.39
8552	0.12792	12021.7	6010.86
8553	0.34234	32173.4	10724.5
8554	0.28679	26952.4	6738.11
8555	0.11130	10459.8	5229.91
8556	0.18624	17502.8	4375.7
8557	0.28108	26416.1	6604.03
8558	0.42659	40091.1	8018.22
8559	0.12081	11353.5	5676.73
8560	0.27152	25517.1	6379.26
8561	0.32455	30500.8	6100.16
8562	0.02485	2335.81	2335.81
8563	0.45891	43128.3	14376.1
8564	0.04047	3803.84	3803.84
8565	0.35196	33077.3	8269.31
8566	0.16795	15784	5261.32
8567	0.36665	34458.1	11486
8568	0.04193	3940.33	3940.33
8569	0.47665	44795.8	8959.17
8570	0.12070	11343.1	3781.02
8571	0.19879	18682	4670.5
8572	0.26185	24608.6	6152.16
8573	0.46838	44018.2	8803.63
8574	0.45131	42414.3	8482.86
8575	0.17406	16358.4	5452.79
8576	0.20340	19115.7	6371.89
8577	0.11696	10991.6	5495.78
8578	0.14900	14002.7	4667.57
8579	0.25487	23952.3	5988.06
8580	0.20673	19428.4	6476.13
8581	0.57628	54158.4	10831.7
8582	0.30625	28781.5	14390.7
8583	0.09978	9377.76	4688.88
8584	0.34949	32845.1	10948.4
8585	0.64828	60925	15231.3
8586	0.25427	23896.4	5974.11
8587	0.22300	20957.7	6985.89
8588	0.22229	20890.5	6963.49
8589	0.29836	28039.5	5607.89
8590	0.05343	5021.67	5021.67
8591	0.13436	12627.5	4209.15
8592	0.21069	19801	4950.24
8593	0.31337	29450.2	14725.1
8594	0.46908	44084.6	7347.44
8595	0.25732	24183.3	8061.11
8596	0.18798	17666	5888.68
8597	0.31570	29669.5	4944.91
8598	0.48199	45297.6	9059.52
8599	0.18004	16920.2	5640.07
8600	0.39302	36935.9	12312
