#IID	F_ROH	ROH_length_kB	KBAVG
4551	0.32733	30746.2	10248.7
4552	0.13897	13053.7	4351.24
4553	0.23255	21843.5	10921.7
4554	0.14419	13544	6771.98
4555	0.62936	59116.6	11823.3
4556	0.12911	12127.2	12127.2
4557	0.30508	28656	9552.01
4558	0.30408	28562.4	7140.61
4559	0.08944	8401.53	4200.77
4560	0.12199	11458.5	11458.5
4561	0.28702	26959.9	6739.99
4562	0.24898	23386.5	7795.51
4563	0.30845	28972.5	9657.51
4564	0.33243	31225.1	6245.02
4565	0.33366	31340.8	5223.47
4566	0.48145	45222.5	9044.51
4567	0.40703	38232.5	9558.13
4568	0.29904	28088.9	5617.78
4569	0.56761	53315.9	10663.2
4570	0.12911	12127.2	12127.2
4571	0.43329	40699	13566.3
4572	0.32103	30154.9	7538.73
4573	0.28257	26541.9	8847.3
4574	0.51411	48290.6	16096.9
4575	0.19522	18336.9	9168.43
4576	0.24511	23023.4	7674.47
4577	0.33072	31064.5	7766.13
4578	0.19961	18749.1	9374.56
4579	0.04523	4248.03	4248.03
4580	0.42242	39678.3	9919.57
4581	0.27228	25575.5	8525.16
4582	0.18678	17544.3	5848.09
4583	0.22148	20803.9	5200.96
4584	0.18935	17785.5	8892.77
4585	0.40558	38096	9524.01
4586	0.64128	60236	20078.7
4587	0.45058	42322.9	10580.7
4588	0.50985	47890.5	23945.2
4589	0.26391	24789.2	4957.84
4590	0.19856	18650.7	6216.89
4591	0.23467	22042.3	4408.46
4592	0.16412	15415.8	15415.8
4593	0.37159	34903.4	6980.68
4594	0.40751	38277.6	9569.39
4595	0.24394	22913.1	7637.69
4596	0.23757	22315.2	7438.4
4597	0.55482	52114.9	10423
4598	0.19711	18514.5	9257.25
4599	0.42962	40354.2	10088.6
4600	0.15377	14443.4	7221.72
