#IID	F_ROH	ROH_length_kB	KBAVG
4551	0.18178	17076.4	5692.15
4552	0.33213	31199.7	7799.91
4553	0.19519	18336.1	6112.04
4554	0.10845	10187.5	3395.85
4555	0.18895	17750.3	5916.77
4556	0.10318	9692.91	4846.46
4557	0.20913	19645.7	3929.15
4558	0.30912	29038.2	5807.63
4559	0.21768	20448.6	6816.2
4560	0.40516	38060.5	9515.12
4561	0.34344	32262.9	8065.74
4562	0.08829	8293.63	4146.81
4563	0.24216	22748.5	5687.13
4564	0.18298	17188.9	4297.21
4565	0.20361	19126.9	9563.43
4566	0.20515	19272	19272
4567	0.20296	19065.8	9532.9
4568	0.15356	14425.3	7212.64
4569	0.09757	9166.03	4583.01
4570	0.03993	3751.3	3751.3
4571	0.06799	6387.01	6387.01
4572	0.18129	17030.4	8515.19
4573	0.48725	45772.1	22886.1
4574	0.24249	22779.4	5694.85
4575	0.03539	3324.85	3324.85
4576	0.10034	9425.68	4712.84
4577	0.45741	42969.1	14323
4578	0.04135	3884.52	3884.52
4579	0.10580	9938.44	4969.22
4580	0.43271	40648.9	8129.79
4581	0.06704	6297.99	6297.99
4582	0.12697	11927.3	5963.65
4583	0.00000	0	0
4584	0.41314	38810.2	38810.2
4585	0.00000	0	0
4586	0.35285	33146.7	6629.34
4587	0.47870	44968.6	8993.72
4588	0.18121	17022.9	5674.3
4589	0.08817	8282.84	4141.42
4590	0.12747	11974.2	3991.4
4591	0.12124	11389	3796.34
4592	0.47580	44696.7	7449.44
4593	0.22878	21491.8	5372.96
4594	0.17419	16363.5	5454.51
4595	0.27074	25433.4	6358.36
4596	0.13051	12260.2	6130.08
4597	0.04755	4466.42	4466.42
4598	0.34535	32442.1	10814
4599	0.53220	49994.8	16664.9
4600	0.11118	10444.6	5222.29
