#IID	F_ROH	ROH_length_kB	KBAVG
2551	0.17660	16545.4	8272.71
2552	0.26089	24443	8147.66
2553	0.12917	12102.1	4034.04
2554	0.25569	23955.3	7985.12
2555	0.48795	45716.3	22858.1
2556	0.25142	23555.4	5888.84
2557	0.08528	7989.55	3994.77
2558	0.24053	22534.9	7511.65
2559	0.14435	13523.7	3380.92
2560	0.05434	5090.74	5090.74
2561	0.04066	3809.26	3809.26
2562	0.19273	18057.1	6019.02
2563	0.06459	6051.12	6051.12
2564	0.30819	28874.3	5774.86
2565	0.07425	6956.71	3478.36
2566	0.15233	14271.8	7135.91
2567	0.14817	13882	4627.32
2568	0.62626	58674.3	19558.1
2569	0.28798	26980.5	8993.5
2570	0.11953	11198.3	3732.78
2571	0.26027	24384.8	8128.26
2572	0.27683	25936.4	6484.1
2573	0.03942	3693.31	3693.31
2574	0.20789	19477	6492.33
2575	0.81428	76290	38145
2576	0.32202	30170.5	6034.1
2577	0.24407	22867	7622.32
2578	0.11103	10402.3	5201.14
2579	0.15937	14931.8	4977.28
2580	0.39790	37279.1	9319.77
2581	0.21505	20147.7	6715.9
2582	0.00000	0	0
2583	0.07846	7350.8	7350.8
2584	0.22923	21476.3	5369.08
2585	0.11739	10998.3	5499.17
2586	0.14801	13866.9	6933.45
2587	0.39258	36781	9195.25
2588	0.21612	20248.2	5062.05
2589	0.49630	46498	7749.67
2590	0.05688	5328.78	5328.78
2591	0.08041	7533.38	7533.38
2592	0.16358	15326.1	7663.07
2593	0.26967	25265.2	6316.31
2594	0.07698	7212.1	3606.05
2595	0.36279	33989.5	11329.8
2596	0.39980	37456.9	6242.82
2597	0.18082	16940.8	4235.2
2598	0.11632	10898	10898
2599	0.19571	18335.8	4583.95
2600	0.41228	38626.4	9656.6
