#IID	F_ROH	ROH_length_kB	KBAVG
2551	0.29337	27570.7	6892.68
2552	0.25550	24011.6	6002.9
2553	0.25087	23576	5894
2554	0.18282	17180.8	5726.93
2555	0.23800	22367.1	7455.71
2556	0.30760	28908	5781.59
2557	0.25814	24259.5	6064.88
2558	0.27260	25618.3	8539.42
2559	0.36750	34537.4	8634.34
2560	0.21991	20667	6889.01
2561	0.33439	31425.8	5237.64
2562	0.16182	15207.2	7603.58
2563	0.29202	27444	6861
2564	0.19304	18141.4	9070.72
2565	0.31698	29789.2	9929.74
2566	0.24887	23388	5847
2567	0.15430	14501.3	7250.65
2568	0.55263	51934.9	12983.7
2569	0.37995	35706.9	8926.74
2570	0.23044	21656.6	7218.86
2571	0.40124	37708.1	9427.02
2572	0.25154	23638.9	5909.74
2573	0.38284	35978.5	17989.2
2574	0.25917	24356.6	6089.15
2575	0.05592	5255.73	5255.73
2576	0.10581	9943.41	9943.41
2577	0.36495	34297.2	11432.4
2578	0.44758	42062.9	10515.7
2579	0.21350	20064.2	5016.04
2580	0.48341	45430.3	11357.6
2581	0.22166	20831.3	10415.7
2582	0.23795	22362.1	7454.04
2583	0.11694	10989.9	5494.97
2584	0.41910	39386.8	6564.47
2585	0.24676	23189.8	5797.45
2586	0.42326	39777.7	19888.8
2587	0.32021	30092.6	6018.52
2588	0.53963	50713.5	10142.7
2589	0.32654	30688	5114.66
2590	0.24054	22606	5651.5
2591	0.51411	48315.4	16105.1
2592	0.39979	37571.5	9392.86
2593	0.17017	15992.4	3998.1
2594	0.51866	48743.3	16247.8
2595	0.07220	6785.22	6785.22
2596	0.21074	19804.9	4951.23
2597	0.53338	50126	10025.2
2598	0.29314	27548.6	27548.6
2599	0.32626	30661.5	10220.5
2600	0.17411	16362.7	8181.34
