#IID	F_ROH	ROH_length_kB	KBAVG
16551	0.26907	24870.3	4974.05
16552	0.24922	23035.3	5758.83
16553	0.36938	34141.8	6828.35
16554	0.37344	34516.9	6903.39
16555	0.25813	23858.6	5964.64
16556	0.27427	25350.8	6337.7
16557	0.19733	18239.1	6079.69
16558	0.03143	2904.85	2904.85
16559	0.31959	29539.8	7384.95
16560	0.34616	31994.8	15997.4
16561	0.21934	20273.7	6757.91
16562	0.34740	32110	8027.5
16563	0.18905	17473.3	8736.67
16564	0.43923	40597.2	10149.3
16565	0.30245	27955	5591
16566	0.11888	10988.2	5494.08
16567	0.25748	23798.9	5949.72
16568	0.21235	19627.6	6542.53
16569	0.34538	31923.2	10641.1
16570	0.17192	15890.4	5296.79
16571	0.21851	20196.9	5049.23
16572	0.24681	22812	7603.99
16573	0.05216	4821.29	4821.29
16574	0.42903	39654.4	13218.1
16575	0.19500	18023.8	4505.96
16576	0.29816	27558.3	9186.11
16577	0.09036	8351.77	4175.89
16578	0.00000	0	0
16579	0.08481	7838.75	3919.37
16580	0.14250	13171	4390.33
16581	0.12856	11883.1	3961.02
16582	0.17608	16274.7	5424.9
16583	0.20914	19330.5	6443.51
16584	0.31837	29426.6	9808.88
16585	0.14998	13862.8	4620.93
16586	0.34429	31822.5	10607.5
16587	0.46321	42814.2	8562.84
16588	0.15737	14545.2	3636.31
16589	0.34537	31921.8	6384.36
16590	0.29206	26994.8	5398.96
16591	0.27322	25253	6313.24
16592	0.19488	18012.4	6004.12
16593	0.35522	32833	5472.16
16594	0.20243	18710.2	9355.08
16595	0.30259	27968.5	5593.71
16596	0.20502	18949.4	4737.34
16597	0.10460	9667.61	3222.54
16598	0.28088	25961	6490.26
16599	0.24070	22247.5	7415.82
16600	0.21161	19558.8	9779.41
