#IID	F_ROH	ROH_length_kB	KBAVG
6551	0.18768	17347.9	5782.62
6552	0.21074	19479.7	4869.93
6553	0.22438	20740.5	5185.13
6554	0.42741	39507.1	7901.43
6555	0.36041	33314.1	4759.16
6556	0.22574	20866.1	6955.38
6557	0.46694	43161.8	10790.4
6558	0.27554	25469.3	8489.77
6559	0.65836	60855.6	12171.1
6560	0.37846	34983.2	6996.65
6561	0.25659	23718.2	5929.56
6562	0.32316	29871.5	5974.3
6563	0.51010	47150.6	9430.13
6564	0.44168	40826.5	6804.42
6565	0.19667	18178.7	3635.74
6566	0.28571	26409.3	5281.87
6567	0.18199	16821.8	4205.46
6568	0.57616	53257.4	13314.3
6569	0.42186	38994.1	7798.81
6570	0.29106	26904	5380.79
6571	0.21684	20043.8	5010.94
6572	0.26352	24358.5	4871.7
6573	0.40189	37148.3	6191.39
6574	0.11229	10379.5	3459.82
6575	0.38695	35767.9	5961.32
6576	0.36311	33563.8	11187.9
6577	0.30684	28362.3	5672.47
6578	0.31033	28685.6	5737.13
6579	0.35139	32480.7	10826.9
6580	0.39018	36066	7213.2
6581	0.21353	19737.7	4934.43
6582	0.37140	34330.1	6866.03
6583	0.29797	27542.5	4590.42
6584	0.31195	28835.4	9611.8
6585	0.40672	37594.6	6265.77
6586	0.52568	48591.4	9718.28
6587	0.48246	44595.9	6370.84
6588	0.40051	37020.6	7404.11
6589	0.32783	30303	6060.59
6590	0.51080	47216	7869.34
6591	0.15127	13983	4661.01
6592	0.43375	40093.6	5727.66
6593	0.25524	23592.7	4718.53
6594	0.23584	21799.9	5449.98
6595	0.24571	22712.3	22712.3
6596	0.35077	32423.1	8105.78
6597	0.29590	27351.7	5470.34
6598	0.46914	43364.5	6194.93
6599	0.21555	19924.4	9962.21
6600	0.29859	27600.2	4600.04
