#IID	F_ROH	ROH_length_kB	KBAVG
4551	0.13224	12228.2	12228.2
4552	0.34626	32019.3	6403.86
4553	0.32144	29724.5	9908.16
4554	0.55049	50905.7	10181.1
4555	0.19396	17935.9	8967.96
4556	0.17432	16119.5	5373.17
4557	0.68629	63463.5	63463.5
4558	0.33450	30932.3	6186.47
4559	0.31089	28749	7187.24
4560	0.41759	38615.8	19307.9
4561	0.22804	21087.6	10543.8
4562	0.30142	27873	6968.25
4563	0.30578	28276.6	7069.15
4564	0.31482	29112	4852
4565	0.22313	20633.3	5158.32
4566	0.46625	43115.7	8623.14
4567	0.34496	31899.5	10633.2
4568	0.17304	16001.2	8000.62
4569	0.32484	30039.1	7509.78
4570	0.33574	31047.2	7761.8
4571	0.41444	38324.1	6387.35
4572	0.24258	22432.1	5608.02
4573	0.48766	45095.5	7515.91
4574	0.34026	31465.3	7866.33
4575	0.27066	25028.4	8342.8
4576	0.17415	16104.6	8052.3
4577	0.25217	23319.2	7773.08
4578	0.35947	33241	8310.25
4579	0.89683	82932.9	82932.9
4580	0.45829	42379	8475.8
4581	0.37000	34214.8	8553.69
4582	0.20824	19256.7	6418.91
4583	0.34101	31534.1	5255.68
4584	0.34653	32044.6	8011.15
4585	0.50351	46560.8	15520.3
4586	0.22706	20996.5	6998.84
4587	0.22486	20793.3	6931.1
4588	0.50105	46333.6	9266.73
4589	0.41804	38657.6	9664.39
4590	0.28041	25930.7	8643.58
4591	0.29253	27051	27051
4592	0.39509	36535.2	9133.79
4593	0.46887	43357.4	8671.49
4594	0.18107	16744.5	8372.26
4595	0.44362	41022.8	6837.13
4596	0.32743	30278.3	6055.67
4597	0.43745	40452.6	10113.2
4598	0.28113	25996.8	6499.21
4599	0.32907	30429.7	7607.42
4600	0.26425	24435.7	8145.25
