#IID	F_ROH	ROH_length_kB	KBAVG
8551	0.28975	26793.7	5358.75
8552	0.21917	20267.3	5066.83
8553	0.37306	34497.7	11499.2
8554	0.41289	38180.2	7636.04
8555	0.31926	29521.9	7380.48
8556	0.31621	29240.3	9746.75
8557	0.33266	30761.3	6152.26
8558	0.25251	23349.9	5837.48
8559	0.22229	20555	5138.75
8560	0.27521	25449.3	5089.85
8561	0.40249	37218.9	6203.15
8562	0.30421	28130.6	7032.66
8563	0.46846	43319.5	5414.94
8564	0.23600	21822.8	4364.55
8565	0.32193	29768.9	7442.24
8566	0.23093	21354	7117.99
8567	0.07202	6659.52	3329.76
8568	0.25473	23554.8	4710.97
8569	0.33009	30524.1	7631.03
8570	0.32594	30139.9	7534.97
8571	0.13232	12235.8	6117.88
8572	0.35652	32968.1	6593.62
8573	0.10527	9734.24	4867.12
8574	0.27111	25070.3	6267.57
8575	0.27387	25324.8	5064.95
8576	0.31663	29279.4	5855.87
8577	0.50312	46523.8	9304.75
8578	0.19654	18173.9	6057.97
8579	0.61784	57132.2	9522.03
8580	0.39489	36516.1	9129.02
8581	0.14879	13758.6	4586.21
8582	0.17302	15999	5333.01
8583	0.13544	12524.3	6262.16
8584	0.51807	47906.3	6843.76
8585	0.53155	49153	9830.6
8586	0.47922	44314.5	8862.91
8587	0.17310	16006.8	5335.6
8588	0.24552	22703.8	5675.95
8589	0.26211	24237.7	4847.53
8590	0.03907	3612.51	3612.51
8591	0.48041	44424.5	6346.36
8592	0.33687	31150.9	4450.12
8593	0.42591	39384.5	6564.09
8594	0.32483	30037.3	7509.33
8595	0.22180	20510.2	6836.74
8596	0.35497	32824.9	5470.82
8597	0.11356	10500.7	5250.34
8598	0.24428	22588.7	11294.3
8599	0.35847	33147.8	5524.64
8600	0.46349	42859.8	10714.9
