#IID	F_ROH	ROH_length_kB	KBAVG
6551	0.54003	50714.1	6339.27
6552	0.55075	51720.4	7388.62
6553	0.52457	49262.2	8210.37
6554	0.63857	59967.9	9994.65
6555	0.05808	5453.89	5453.89
6556	0.28346	26620.1	6655.02
6557	0.29100	27327.5	9109.17
6558	0.18737	17595.6	5865.19
6559	0.21044	19762.1	6587.36
6560	0.27549	25871.6	8623.87
6561	0.32458	30481.6	10160.5
6562	0.38723	36364.9	7272.99
6563	0.51531	48393.1	24196.6
6564	0.40884	38394.5	6399.08
6565	0.37587	35298.2	7059.65
6566	0.31430	29515.9	9838.62
6567	0.41226	38715.7	7743.15
6568	0.25064	23537.1	5884.28
6569	0.20143	18916	6305.34
6570	0.19735	18533.4	9266.72
6571	0.36837	34593.5	17296.8
6572	0.07286	6842.66	6842.66
6573	0.20544	19292.5	9646.24
6574	0.30116	28281.8	7070.46
6575	0.30824	28946.6	7236.66
6576	0.27497	25822.4	8607.47
6577	0.33589	31543.5	7885.88
6578	0.49726	46697.3	9339.45
6579	0.60017	56362	18787.3
6580	0.37906	35597.8	7119.56
6581	0.18139	17034.2	5678.06
6582	0.52725	49514	9902.8
6583	0.22201	20849.2	5212.29
6584	0.51754	48601.9	12150.5
6585	0.39577	37166.5	9291.63
6586	0.09731	9138.19	9138.19
6587	0.35217	33072.4	8268.1
6588	0.50484	47409.2	7901.54
6589	0.23659	22218	7406.01
6590	0.34996	32864.5	6572.9
6591	0.28000	26294.8	13147.4
6592	0.26894	25256.2	8418.73
6593	0.27282	25620.1	6405.03
6594	0.42741	40138.2	10034.6
6595	0.25649	24087.2	8029.07
6596	0.31981	30033.5	10011.2
6597	0.40266	37814	7562.8
6598	0.13304	12493.8	4164.61
6599	0.45392	42627.7	21313.8
6600	0.33539	31496	10498.7
