#IID	F_ROH	ROH_length_kB	KBAVG
34551	0.26111	24142.8	4828.56
34552	0.04084	3776.02	3776.02
34553	0.13279	12277.9	4092.64
34554	0.30906	28576.8	5715.36
34555	0.22619	20914.4	5228.59
34556	0.20241	18715.2	6238.39
34557	0.10603	9803.87	4901.94
34558	0.17677	16344.1	4086.04
34559	0.26439	24446	6111.51
34560	0.47420	43845.7	10961.4
34561	0.12282	11356.5	5678.27
34562	0.35890	33184.8	6636.95
34563	0.28589	26434.4	4405.73
34564	0.14604	13503	3375.75
34565	0.38301	35413.8	7082.77
34566	0.08794	8131.31	8131.31
34567	0.51184	47326.2	23663.1
34568	0.34799	32175.6	8043.89
34569	0.03407	3150.14	3150.14
34570	0.33820	31271.1	6254.22
34571	0.19600	18123	4530.74
34572	0.14911	13787.5	6893.77
34573	0.30106	27836.8	5567.37
34574	0.11347	10492	10492
34575	0.12128	11214.1	3738.03
34576	0.35430	32759.2	6551.84
34577	0.12900	11928	5964
34578	0.20375	18839.6	6279.86
34579	0.24194	22370.1	7456.7
34580	0.11388	10529.7	5264.83
34581	0.17907	16557	8278.49
34582	0.14394	13309.2	4436.4
34583	0.33105	30609.4	3826.18
34584	0.19446	17980.6	4495.16
34585	0.07335	6782.34	3391.17
34586	0.07310	6758.84	3379.42
34587	0.19902	18401.8	6133.92
34588	0.14233	13160.1	6580.05
34589	0.22043	20381	6793.67
34590	0.13795	12755.6	4251.87
34591	0.11272	10422	3474.02
34592	0.13667	12636.4	6318.22
34593	0.14702	13593.4	6796.69
34594	0.35122	32474.6	5412.43
34595	0.22581	20878.9	6959.64
34596	0.45421	41996.9	6999.49
34597	0.24069	22254.3	7418.1
34598	0.15878	14680.7	4893.58
34599	0.24097	22280.9	5570.22
34600	0.75223	69553.1	23184.4
