#IID	F_ROH	ROH_length_kB	KBAVG
2551	0.32163	30198.2	10066.1
2552	0.42622	40018.1	8003.61
2553	0.32961	30947.1	15473.6
2554	0.29325	27533.7	9177.91
2555	0.41728	39178.6	7835.72
2556	0.31892	29943.9	7485.97
2557	0.36509	34279.2	8569.8
2558	0.29882	28056.8	7014.21
2559	0.57869	54333.5	10866.7
2560	0.39887	37450.3	6241.72
2561	0.37177	34905.8	8726.45
2562	0.53117	49872.5	12468.1
2563	0.20573	19316	9658
2564	0.32689	30692	10230.7
2565	0.47122	44243.4	7373.9
2566	0.50467	47383.9	7897.32
2567	0.08819	8280.24	4140.12
2568	0.38708	36343.2	9085.8
2569	0.36072	33868.9	16934.4
2570	0.43301	40655.8	10164
2571	0.29239	27452.4	6863.09
2572	0.26934	25288.9	12644.5
2573	0.54452	51125.3	12781.3
2574	0.28954	27185.3	13592.7
2575	0.23937	22474.9	5618.72
2576	0.34819	32692.3	6538.47
2577	0.28898	27133.1	6783.28
2578	0.16336	15338.5	5112.82
2579	0.41829	39274	7854.8
2580	0.61162	57426	14356.5
2581	0.43142	40506.3	20253.1
2582	0.20767	19498.6	9749.31
2583	0.27969	26260.7	8753.56
2584	0.14277	13404.4	13404.4
2585	0.40569	38090.9	7618.19
2586	0.43714	41043.2	10260.8
2587	0.35802	33614.8	11204.9
2588	0.34746	32623.3	8155.82
2589	0.26850	25209.7	6302.42
2590	0.35506	33337.4	8334.34
2591	0.19002	17841.2	8920.62
2592	0.20335	19093.1	6364.35
2593	0.27150	25491.1	8497.05
2594	0.32826	30820.4	6164.08
2595	0.38379	36034.7	7206.94
2596	0.18974	17814.7	8907.35
2597	0.20263	19025.3	6341.77
2598	0.38853	36479.7	9119.93
2599	0.09478	8898.94	4449.47
2600	0.45595	42809.4	10702.4
