#IID	F_ROH	ROH_length_kB	KBAVG
2551	0.36154	33967.3	6793.46
2552	0.17215	16173.3	5391.09
2553	0.29492	27707.7	4617.94
2554	0.33660	31624.2	5270.7
2555	0.26045	24469.4	6117.35
2556	0.17824	16745.7	5581.91
2557	0.07400	6952.01	3476
2558	0.19350	18179.2	4544.8
2559	0.17059	16027.1	5342.37
2560	0.47708	44822.2	7470.37
2561	0.10305	9682.09	4841.04
2562	0.35491	33344.2	6668.85
2563	0.31353	29456.4	14728.2
2564	0.21133	19854.7	6618.22
2565	0.36248	34055	6811
2566	0.30786	28923.4	5784.68
2567	0.45160	42428.6	6061.22
2568	0.45600	42841.2	7140.19
2569	0.55449	52094.8	8682.47
2570	0.58779	55223.1	18407.7
2571	0.48514	45579	11394.7
2572	0.21714	20400.4	5100.11
2573	0.44829	42117.4	6016.77
2574	0.18141	17043.9	17043.9
2575	0.26268	24679.1	4935.82
2576	0.24704	23209.6	5802.41
2577	0.04012	3769.4	3769.4
2578	0.16690	15680.5	3920.12
2579	0.24314	22843.2	4568.64
2580	0.18448	17332.1	5777.36
2581	0.03160	2968.94	2968.94
2582	0.32865	30877.3	6175.47
2583	0.24156	22695.1	7565.05
2584	0.31662	29747.1	14873.5
2585	0.12635	11871	3957.01
2586	0.08056	7568.3	3784.15
2587	0.33412	31390.7	5231.79
2588	0.21294	20006.1	4001.21
2589	0.31925	29994.2	4284.88
2590	0.21271	19984.1	4996.02
2591	0.15073	14161.5	4720.49
2592	0.16014	15045.7	5015.25
2593	0.11746	11035.5	11035.5
2594	0.36900	34667.4	8666.86
2595	0.30428	28587.3	14293.6
2596	0.55868	52488.7	5832.08
2597	0.42306	39746.6	7949.32
2598	0.00000	0	0
2599	0.53585	50343.3	8390.55
2600	0.21502	20201.6	5050.41
