#IID	F_ROH	ROH_length_kB	KBAVG
8551	0.19918	18721.8	6240.6
8552	0.42507	39953.8	9988.45
8553	0.08747	8221.8	8221.8
8554	0.03542	3329.24	3329.24
8555	0.21271	19993.2	6664.41
8556	0.27065	25439.4	5087.89
8557	0.04911	4615.81	4615.81
8558	0.14438	13570.5	4523.51
8559	0.14438	13570.5	4523.51
8560	0.34719	32633.8	6526.75
8561	0.19006	17864	5954.65
8562	0.38358	36054	12018
8563	0.20371	19147.1	6382.38
8564	0.42433	39883.8	19941.9
8565	0.18478	17367.8	4341.94
8566	0.26102	24534.2	6133.55
8567	0.57160	53726.7	17908.9
8568	0.50910	47851.8	9570.36
8569	0.38220	35924	5132
8570	0.33637	31616.2	6323.23
8571	0.34233	32176.4	6435.29
8572	0.17363	16320	5439.99
8573	0.20847	19594.7	4898.67
8574	0.26104	24536	8178.67
8575	0.29520	27746.7	9248.89
8576	0.20969	19709.3	9854.65
8577	0.05056	4752.76	4752.76
8578	0.27670	26008	8669.35
8579	0.74013	69566.7	34783.3
8580	0.11834	11123.2	5561.62
8581	0.12348	11606.1	5803.05
8582	0.19001	17859.5	4464.87
8583	0.22549	21194.4	5298.59
8584	0.34565	32488.6	5414.76
8585	0.59065	55516.9	9252.81
8586	0.67265	63224.2	21074.7
8587	0.31205	29330.7	5866.14
8588	0.15108	14200.6	4733.53
8589	0.24764	23276.3	5819.08
8590	0.21318	20037.8	10018.9
8591	0.14644	13764.7	6882.33
8592	0.47731	44863.9	11216
8593	0.30610	28771.2	7192.81
8594	0.49235	46277.6	11569.4
8595	0.36000	33837.2	11279.1
8596	0.20301	19081.8	9540.92
8597	0.31763	29854.7	4975.78
8598	0.14149	13299.4	4433.13
8599	0.39296	36935.3	9233.83
8600	0.25140	23630.3	7876.78
