#IID	F_ROH	ROH_length_kB	KBAVG
20551	0.22404	21050.8	5262.71
20552	0.11663	10958.2	5479.12
20553	0.40622	38167.8	9541.95
20554	0.15654	14708.1	3677.02
20555	0.28169	26467.4	6616.84
20556	0.19042	17892.1	4473.02
20557	0.10113	9501.94	9501.94
20558	0.24659	23169.5	5792.39
20559	0.17238	16196.7	5398.9
20560	0.00000	0	0
20561	0.40010	37592.7	9398.16
20562	0.12269	11527.6	3842.53
20563	0.36087	33907.3	6781.46
20564	0.29388	27613	6903.24
20565	0.31707	29791.5	14895.8
20566	0.41516	39008.5	9752.13
20567	0.41415	38913.5	12971.2
20568	0.14677	13790.8	4596.92
20569	0.43066	40464.4	6744.07
20570	0.22480	21122.3	10561.1
20571	0.14926	14024	4674.65
20572	0.16014	15046.8	5015.59
20573	0.27065	25430.1	12715.1
20574	0.06936	6517.35	6517.35
20575	0.30292	28462	5692.39
20576	0.23056	21663	5415.76
20577	0.07093	6664.17	6664.17
20578	0.13836	12999.9	4333.31
20579	0.00000	0	0
20580	0.22839	21459.2	5364.81
20581	0.22248	20903.9	6967.95
20582	0.27989	26298.2	8766.06
20583	0.30831	28968.5	7242.12
20584	0.13878	13039.9	4346.63
20585	0.28679	26946.3	6736.56
20586	0.43708	41067.5	10266.9
20587	0.19392	18221	6073.66
20588	0.30959	29088.4	7272.11
20589	0.37801	35517.5	11839.2
20590	0.14436	13563.6	4521.2
20591	0.19921	18717.5	4679.38
20592	0.18161	17064.3	5688.11
20593	0.22617	21250.3	5312.57
20594	0.30649	28797.4	14398.7
20595	0.16351	15362.8	7681.38
20596	0.06218	5842.74	5842.74
20597	0.23068	21674.8	4334.96
20598	0.20520	19280.7	6426.89
20599	0.46573	43759.7	7293.29
20600	0.52486	49315.1	9863.02
