#IID	F_ROH	ROH_length_kB	KBAVG
38551	0.21987	20665.1	5166.28
38552	0.26526	24931.7	4986.35
38553	0.17449	16399.8	5466.58
38554	0.26634	25032.5	5006.51
38555	0.27996	26312.7	6578.18
38556	0.27245	25607.6	8535.85
38557	0.27272	25632.8	8544.26
38558	0.18319	17218.1	5739.36
38559	0.20160	18948.1	6316.02
38560	0.57924	54441.5	9073.59
38561	0.39749	37359.7	9339.93
38562	0.28736	27008.1	5401.63
38563	0.18863	17729.2	5909.73
38564	0.47592	44730.9	11182.7
38565	0.31081	29212.3	5842.45
38566	0.26967	25346.3	6336.57
38567	0.21052	19786.6	6595.55
38568	0.34920	32820.4	8205.1
38569	0.45003	42298	8459.59
38570	0.22654	21291.9	7097.29
38571	0.45384	42655.8	14218.6
38572	0.18804	17673.9	8836.93
38573	0.20714	19468.4	9734.21
38574	0.29510	27735.6	6933.89
38575	0.39647	37264.1	6210.68
38576	0.18991	17849.2	5949.72
38577	0.37631	35369.1	5894.86
38578	0.38035	35748.6	5958.11
38579	0.27664	26001	6500.25
38580	0.21020	19756.5	4939.14
38581	0.13388	12583.4	6291.71
38582	0.22808	21436.5	5359.14
38583	0.40392	37963.5	7592.69
38584	0.28207	26511.2	6627.79
38585	0.27090	25461.9	5092.39
38586	0.38776	36444.8	7288.95
38587	0.23797	22366.7	11183.4
38588	0.37437	35186.8	5864.47
38589	0.21586	20288	6762.68
38590	0.25656	24113.8	6028.45
38591	0.26979	25357.1	6339.27
38592	0.36263	34083.5	8520.87
38593	0.45411	42680.9	7113.49
38594	0.21301	20020.3	5005.07
38595	0.24078	22630.9	11315.5
38596	0.36382	34195.1	6839.02
38597	0.58730	55199.4	13799.9
38598	0.19473	18302.3	6100.75
38599	0.25781	24230.8	12115.4
38600	0.35514	33379.3	11126.4
