#IID	F_ROH	ROH_length_kB	KBAVG
2551	0.33808	31201.8	7800.44
2552	0.00000	0	0
2553	0.25711	23728.5	5932.12
2554	0.29162	26914.2	8971.4
2555	0.23259	21466.2	7155.41
2556	0.38691	35707.9	8926.97
2557	0.00000	0	0
2558	0.29320	27059.9	13530
2559	0.25128	23190.4	4638.07
2560	0.19066	17596	5865.35
2561	0.22329	20607.5	5151.88
2562	0.25441	23479.2	7826.41
2563	0.47619	43947.7	10986.9
2564	0.39000	35993.4	7198.67
2565	0.50008	46152.7	11538.2
2566	0.62660	57829.6	14457.4
2567	0.40181	37083.7	7416.73
2568	0.43014	39697.8	9924.44
2569	0.18027	16637.3	4159.33
2570	0.27605	25477	6369.26
2571	0.28876	26649.7	6662.43
2572	0.28074	25909.4	6477.34
2573	0.93104	85925.8	42962.9
2574	0.03825	3530.04	3530.04
2575	0.57071	52671.5	7524.5
2576	0.34793	32110.5	6422.1
2577	0.17536	16183.7	16183.7
2578	0.41039	37875.4	7575.07
2579	0.31597	29161.3	5832.27
2580	0.32337	29844.4	9948.13
2581	0.48883	45114.4	7519.06
2582	0.26733	24672.1	8224.02
2583	0.18479	17054.6	5684.87
2584	0.28752	26535	8845
2585	0.31164	28761.6	5752.31
2586	0.09226	8515.03	4257.52
2587	0.17784	16412.8	5470.95
2588	0.25367	23411.5	5852.86
2589	0.30826	28449.1	5689.83
2590	0.13586	12539	6269.51
2591	0.15528	14331	4777
2592	0.23737	21906.6	5476.65
2593	0.12381	11426.8	5713.41
2594	0.28361	26174.9	8724.98
2595	0.16316	15058.3	5019.43
2596	0.37722	34813.4	6962.69
2597	0.06294	5808.42	2904.21
2598	0.21617	19950.3	6650.1
2599	0.28826	26603.8	5320.77
2600	0.27598	25470.3	8490.08
