#IID	F_ROH	ROH_length_kB	KBAVG
4551	0.78575	72544.8	12090.8
4552	0.34627	31970	10656.7
4553	0.16844	15551.8	5183.93
4554	0.34694	32031.6	8007.89
4555	0.32426	29938	5987.6
4556	0.46940	43337.9	8667.58
4557	0.22888	21131.9	7043.96
4558	0.43711	40356.5	8071.29
4559	0.33413	30849.3	6169.86
4560	0.39778	36725.7	7345.13
4561	0.51369	47426.5	9485.3
4562	0.56020	51720.8	7388.68
4563	0.34379	31741	5290.16
4564	0.46399	42838.7	7139.78
4565	0.59789	55200.5	7885.78
4566	0.58174	53709.3	6713.66
4567	0.37621	34734.2	6946.84
4568	0.58703	54198.2	9033.03
4569	0.30639	28288	5657.61
4570	0.45252	41779	5968.43
4571	0.41972	38751.4	9687.85
4572	0.44672	41243.6	5891.95
4573	0.53475	49371.2	8228.53
4574	0.68303	63061.2	12612.2
4575	0.45520	42027	8405.4
4576	0.40229	37141.7	7428.34
4577	0.29342	27090.3	6772.57
4578	0.30940	28565.6	4760.93
4579	0.28472	26287.3	5257.46
4580	0.43701	40347	8069.41
4581	0.34965	32281.5	4611.65
4582	0.42492	39231	5604.43
4583	0.55567	51303	12825.8
4584	0.38442	35492.4	5915.41
4585	0.42526	39262.6	6543.76
4586	0.43869	40502.3	5786.04
4587	0.32439	29950	7487.5
4588	0.37750	34853	5808.83
4589	0.24388	22516.5	4503.29
4590	0.44328	40926.3	10231.6
4591	0.41792	38584.9	5512.12
4592	0.39399	36375.4	6062.56
4593	0.46428	42865.1	8573.02
4594	0.73228	67608.3	16902.1
4595	0.45108	41646.2	10411.5
4596	0.86517	79877.9	26626
4597	0.60495	55852.3	7978.9
4598	0.45766	42253.7	6036.24
4599	0.59279	54730	9121.66
4600	0.41569	38378.8	6396.46
