#IID	F_ROH	ROH_length_kB	KBAVG
2551	0.16343	15341.1	5113.69
2552	0.25825	24241.9	4848.38
2553	0.48560	45583.6	9116.71
2554	0.12944	12151	12151
2555	0.18386	17259.4	5753.13
2556	0.18598	17458.7	5819.58
2557	0.24988	23456.9	7818.97
2558	0.52993	49745.7	12436.4
2559	0.09801	9200.49	4600.24
2560	0.19789	18575.8	9287.89
2561	0.36512	34274.1	11424.7
2562	0.46476	43627.6	10906.9
2563	0.14876	13964.4	4654.81
2564	0.14370	13489.6	4496.52
2565	0.19097	17926.6	4481.65
2566	0.25678	24104.7	4820.95
2567	0.35481	33306.8	6661.35
2568	0.21147	19851.2	4962.81
2569	0.24313	22823.3	7607.78
2570	0.17411	16344.1	8172.06
2571	0.40556	38070.2	7614.05
2572	0.16011	15029.9	5009.98
2573	0.38239	35896	5982.67
2574	0.09108	8549.82	4274.91
2575	0.46831	43960.9	21980.5
2576	0.10419	9780.86	4890.43
2577	0.42047	39469.8	9867.44
2578	0.47714	44789.8	7464.97
2579	0.66719	62629.8	12526
2580	0.30539	28667.8	7166.95
2581	0.36289	34064.6	5677.43
2582	0.23038	21626.1	5406.51
2583	0.28340	26603.4	5320.68
2584	0.18921	17761	8880.51
2585	0.10775	10114.2	5057.09
2586	0.55505	52103.8	17367.9
2587	0.29654	27836.9	5567.38
2588	0.46975	44096.6	11024.2
2589	0.34031	31945.5	10648.5
2590	0.19036	17869.2	5956.41
2591	0.16966	15926.6	5308.86
2592	0.27395	25716.4	6429.1
2593	0.29229	27438.1	9146.03
2594	0.11683	10967.3	10967.3
2595	0.36642	34396.3	6879.27
2596	0.31001	29101.6	7275.41
2597	0.35328	33162.8	11054.3
2598	0.25694	24119.3	6029.84
2599	0.43534	40865.7	8173.13
2600	0.16834	15802.1	5267.36
