#IID	F_ROH	ROH_length_kB	KBAVG
2551	0.23167	21764.4	7254.8
2552	0.17235	16192.3	5397.44
2553	0.23879	22433.7	5608.42
2554	0.33310	31293.8	5215.63
2555	0.29737	27937.3	6984.32
2556	0.02851	2678.33	2678.33
2557	0.23420	22002.7	11001.3
2558	0.31786	29862	7465.51
2559	0.26000	24426.4	4885.28
2560	0.31786	29862	7465.51
2561	0.17670	16600.3	5533.45
2562	0.26097	24517.5	8172.51
2563	0.28125	26422.6	5284.52
2564	0.28556	26827.7	6706.91
2565	0.09206	8649.24	8649.24
2566	0.30081	28260.7	9420.24
2567	0.45884	43107	10776.7
2568	0.30279	28446.2	7111.56
2569	0.34958	32841.9	6568.38
2570	0.12674	11906.9	5953.47
2571	0.04762	4473.49	4473.49
2572	0.24675	23181.7	11590.8
2573	0.34073	32010.9	16005.4
2574	0.27111	25470.2	8490.07
2575	0.22334	20982.3	5245.58
2576	0.22204	20860.3	10430.1
2577	0.20603	19356.3	6452.08
2578	0.14107	13253.4	4417.79
2579	0.28597	26865.8	8955.28
2580	0.17853	16772.2	5590.74
2581	0.47070	44220.7	6317.25
2582	0.18275	17168.7	17168.7
2583	0.40216	37781.5	18890.8
2584	0.24654	23161.5	5790.38
2585	0.05284	4964.33	4964.33
2586	0.14326	13458.5	4486.18
2587	0.26687	25071.5	8357.16
2588	0.23694	22260	7419.99
2589	0.22985	21593.6	7197.88
2590	0.40532	38079.3	9519.81
2591	0.38344	36023.3	7204.67
2592	0.22339	20987.3	6995.77
2593	0.51345	48237	16079
2594	0.33232	31220.5	7805.12
2595	0.14487	13610.4	6805.2
2596	0.35913	33739.5	6747.89
2597	0.25697	24141.6	8047.2
2598	0.37460	35192.5	5865.41
2599	0.00000	0	0
2600	0.11274	10591.5	5295.74
