#IID	F_ROH	ROH_length_kB	KBAVG
4551	0.13913	13075.1	4358.38
4552	0.23684	22257.8	7419.26
4553	0.09440	8871.46	4435.73
4554	0.59324	55752.8	27876.4
4555	0.26126	24553.3	12276.6
4556	0.13705	12879.8	4293.25
4557	0.25844	24288.6	8096.18
4558	0.16930	15910.4	5303.45
4559	0.18884	17747.2	8873.58
4560	0.15917	14958.8	3739.71
4561	0.28545	26826.5	13413.2
4562	0.64536	60650.6	30325.3
4563	0.12229	11493.1	3831.03
4564	0.32441	30487.7	10162.6
4565	0.27164	25528.9	5105.78
4566	0.24079	22629.2	4525.84
4567	0.19503	18328.8	6109.61
4568	0.29661	27875.7	6968.92
4569	0.14077	13230	3307.5
4570	0.33745	31713.8	5285.64
4571	0.28766	27034	4505.66
4572	0.06690	6287.03	6287.03
4573	0.42125	39589.2	7917.85
4574	0.16569	15571.9	3892.98
4575	0.14712	13826.4	4608.81
4576	0.24455	22983.1	5745.78
4577	0.39101	36747.6	9186.91
4578	0.20292	19070	6356.68
4579	0.62690	58915.9	19638.6
4580	0.11564	10868.3	5434.16
4581	0.28609	26886.4	8962.12
4582	0.22043	20716.3	6905.43
4583	0.03053	2869.11	2869.11
4584	0.12693	11929.3	5964.67
4585	0.14404	13536.9	4512.3
4586	0.46728	43915.3	10978.8
4587	0.06419	6032.81	6032.81
4588	0.10896	10240.3	5120.15
4589	0.13898	13061.2	6530.58
4590	0.17401	16353.2	5451.07
4591	0.36261	34078.2	11359.4
4592	0.34101	32048	10682.7
4593	0.24473	22999.5	5749.87
4594	0.14778	13888.5	6944.26
4595	0.15368	14442.8	4814.28
4596	0.13255	12456.7	4152.22
4597	0.25811	24257.5	8085.82
4598	0.11250	10572.7	10572.7
4599	0.29875	28076.1	9358.72
4600	0.28952	27209	9069.68
