#IID	F_ROH	ROH_length_kB	KBAVG
6551	0.37272	35019.5	8754.88
6552	0.19179	18020.5	4505.13
6553	0.12144	11410	5704.98
6554	0.53485	50252.8	8375.46
6555	0.28981	27229.8	6807.44
6556	0.23516	22095	7364.98
6557	0.10077	9468.08	4734.04
6558	0.30923	29054.5	7263.64
6559	0.31716	29799.3	9933.09
6560	0.28014	26321.1	8773.7
6561	0.30851	28987.1	5797.42
6562	0.41469	38963.2	19481.6
6563	0.08128	7637.15	3818.58
6564	0.20749	19494.8	19494.8
6565	0.12839	12063.4	6031.72
6566	0.44326	41647.8	8329.55
6567	0.41157	38670.4	6445.06
6568	0.35495	33350.5	6670.1
6569	0.06765	6355.76	6355.76
6570	0.24925	23418.9	4683.78
6571	0.52433	49264.8	12316.2
6572	0.42820	40232.9	8046.59
6573	0.21713	20400.8	20400.8
6574	0.49109	46141.5	9228.31
6575	0.14223	13363.9	13363.9
6576	0.38888	36537.8	18268.9
6577	0.25046	23532.7	5883.17
6578	0.30955	29084.3	7271.07
6579	0.30829	28966.3	4138.05
6580	0.39369	36989.9	36989.9
6581	0.14717	13827.5	4609.18
6582	0.16823	15806.7	5268.89
6583	0.35814	33650	8412.49
6584	0.11010	10345	5172.52
6585	0.24127	22668.7	22668.7
6586	0.54069	50801.3	16933.8
6587	0.21347	20056.6	5014.15
6588	0.04830	4537.93	4537.93
6589	0.44540	41848.6	10462.2
6590	0.27411	25754.5	6438.61
6591	0.13440	12627.7	4209.22
6592	0.76855	72211.2	14442.2
6593	0.18511	17392.7	5797.57
6594	0.00000	0	0
6595	0.03737	3511.08	3511.08
6596	0.55365	52019.7	13004.9
6597	0.15162	14245.8	7122.88
6598	0.20798	19540.9	4885.23
6599	0.28912	27165.1	13582.5
6600	0.38169	35862.7	11954.2
