#IID	F_ROH	ROH_length_kB	KBAVG
2551	0.27754	26082.2	6520.54
2552	0.18450	17339.2	8669.59
2553	0.13216	12420.2	4140.06
2554	0.49609	46621.4	23310.7
2555	0.10721	10075.2	5037.62
2556	0.28384	26674.3	5334.86
2557	0.21706	20399.1	10199.6
2558	0.39631	37244.5	9311.13
2559	0.45505	42764.3	14254.8
2560	0.21820	20505.6	6835.22
2561	0.22669	21304.1	5326.02
2562	0.20425	19194.6	3838.92
2563	0.43208	40605.6	6767.61
2564	0.38548	36226	12075.3
2565	0.31188	29310	9770
2566	0.38416	36102.5	9025.63
2567	0.36995	34766.9	8691.73
2568	0.45000	42289.8	14096.6
2569	0.86188	80996.8	40498.4
2570	0.36643	34436.4	6887.28
2571	0.23057	21668.7	7222.91
2572	0.49169	46207.5	23103.8
2573	0.45929	43162.5	8632.49
2574	0.31397	29506.1	5901.21
2575	0.18666	17541.9	5847.31
2576	0.21260	19979.2	9989.61
2577	0.09718	9132.58	9132.58
2578	0.47462	44603.6	14867.9
2579	0.39048	36696.5	9174.14
2580	0.23486	22071.2	7357.08
2581	0.33609	31584.7	6316.93
2582	0.32456	30501.3	7625.32
2583	0.05074	4767.98	4767.98
2584	0.19120	17968.6	5989.52
2585	0.37593	35328.8	8832.2
2586	0.46763	43946.5	8789.31
2587	0.26852	25234.3	8411.44
2588	0.20016	18810.4	6270.14
2589	0.30362	28532.9	9510.96
2590	0.15473	14541.5	4847.17
2591	0.18482	17369.3	4342.32
2592	0.36654	34446.5	6889.31
2593	0.21825	20510.2	6836.74
2594	0.42287	39740.1	6623.35
2595	0.22698	21331	7110.34
2596	0.20053	18844.9	4711.23
2597	0.38154	35856.2	8964.05
2598	0.27152	25516.5	6379.13
2599	0.13739	12911.9	6455.93
2600	0.32214	30274.2	5045.7
