#IID	F_ROH	ROH_length_kB	KBAVG
18551	0.37556	34544.9	8636.23
18552	0.30102	27688.5	6922.13
18553	0.19476	17914.8	8957.41
18554	0.26917	24759.2	4951.83
18555	0.35003	32197.3	16098.7
18556	0.36470	33546.7	4792.39
18557	0.42666	39245.4	7849.08
18558	0.28108	25854.8	5170.96
18559	0.27898	25661.2	5132.23
18560	0.44521	40951.5	8190.31
18561	0.36202	33299.5	5549.91
18562	0.50517	46467.2	11616.8
18563	0.10085	9276.6	9276.6
18564	0.35944	33062.4	5510.39
18565	0.19056	17528.2	3505.63
18566	0.34646	31868.5	5311.41
18567	0.10765	9902.21	4951.11
18568	0.33731	31027.2	7756.79
18569	0.31673	29133.8	4855.63
18570	0.57909	53266.5	13316.6
18571	0.21558	19830.2	6610.08
18572	0.18335	16865.4	4216.36
18573	0.24054	22125.5	5531.39
18574	0.29886	27489.7	6872.43
18575	0.16378	15064.6	3766.16
18576	0.26678	24539	6134.75
18577	0.20525	18879.9	6293.28
18578	0.16667	15330.5	15330.5
18579	0.15770	14505.6	4835.19
18580	0.19118	17585.1	3517.02
18581	0.11623	10690.9	5345.47
18582	0.47005	43236.8	21618.4
18583	0.24779	22793	7597.68
18584	0.29625	27250.4	9083.47
18585	0.52904	48662.9	16221
18586	0.53127	48868.2	9773.63
18587	0.36466	33542.4	11180.8
18588	0.22106	20334	6777.99
18589	0.32212	29629.9	7407.47
18590	0.45929	42246.8	8449.36
18591	0.57659	53037	8839.5
18592	0.39628	36451.2	6075.2
18593	0.14286	13141.1	6570.56
18594	0.21506	19781.9	6593.98
18595	0.43878	40360.8	13453.6
18596	0.21191	19492.6	4873.14
18597	0.34418	31658.9	7914.72
18598	0.50707	46641.7	23320.8
18599	0.30435	27994.7	6998.68
18600	0.19645	18070	4517.5
