#IID	F_ROH	ROH_length_kB	KBAVG
16551	0.06092	5724.24	5724.24
16552	0.32441	30481.7	15240.8
16553	0.06092	5724.24	5724.24
16554	0.29913	28106.2	9368.72
16555	0.14084	13233.2	6616.62
16556	0.14601	13719.2	13719.2
16557	0.39142	36777.6	6129.61
16558	0.35525	33378.9	11126.3
16559	0.27083	25446.9	8482.3
16560	0.11156	10482.2	10482.2
16561	0.17914	16831.4	5610.46
16562	0.24211	22748.5	7582.83
16563	0.31022	29148	9715.99
16564	0.31401	29504.2	7376.04
16565	0.20082	18868.5	9434.23
16566	0.80870	75984.7	37992.3
16567	0.45274	42539.1	10634.8
16568	0.36418	34217.6	8554.41
16569	0.22264	20918.8	10459.4
16570	0.19875	18674.7	6224.9
16571	0.38570	36240.3	12080.1
16572	0.07062	6635.44	3317.72
16573	0.23422	22007.3	11003.7
16574	0.31948	30018	10006
16575	0.30347	28513.7	7128.43
16576	0.26264	24677.5	6169.37
16577	0.18694	17564.5	8782.23
16578	0.41336	38839	9709.74
16579	0.23015	21625.1	10812.6
16580	0.32899	30911.9	10304
16581	0.14465	13590.8	4530.27
16582	0.38907	36556.8	9139.21
16583	0.00000	0	0
16584	0.59956	56334.2	18778.1
16585	0.30519	28675.6	14337.8
16586	0.08897	8359.37	4179.68
16587	0.40770	38307.4	9576.85
16588	0.33396	31378.9	7844.71
16589	0.24609	23122.7	11561.3
16590	0.15889	14929.2	7464.6
16591	0.25714	24161	8053.65
16592	0.40157	37731.2	9432.8
16593	0.29681	27887.6	9295.86
16594	0.22713	21340.6	7113.53
16595	0.18207	17106.9	5702.3
16596	0.36647	34433.6	8608.4
16597	0.13360	12553.1	4184.36
16598	0.19723	18531.5	9265.75
16599	0.47557	44683.8	8936.76
16600	0.35545	33397.7	11132.6
