#IID	F_ROH	ROH_length_kB	KBAVG
12551	0.20864	19595.7	9797.84
12552	0.45629	42855.2	7142.54
12553	0.23238	21825.3	5456.32
12554	0.19059	17900.2	8950.08
12555	0.57966	54442.5	7777.5
12556	0.25452	23905	5976.24
12557	0.12144	11405.5	11405.5
12558	0.35931	33746.6	8436.66
12559	0.26181	24589.7	8196.57
12560	0.36166	33968	11322.7
12561	0.25169	23639.4	11819.7
12562	0.38251	35925.7	8981.43
12563	0.52931	49713.1	9942.62
12564	0.33237	31216.4	10405.5
12565	0.24585	23090.7	5772.66
12566	0.20082	18861.5	9430.76
12567	0.30853	28977.6	7244.4
12568	0.18379	17262	8631.01
12569	0.49497	46488.6	11622.1
12570	0.24792	23285.1	11642.5
12571	0.48161	45233.4	9046.68
12572	0.37299	35031.3	8757.83
12573	0.26545	24931.3	6232.81
12574	0.54070	50782.8	12695.7
12575	0.13057	12262.9	4087.65
12576	0.33805	31750	7937.51
12577	0.36832	34593.3	11531.1
12578	0.29739	27930.8	9310.28
12579	0.30988	29104.8	7276.19
12580	0.36376	34165.2	6833.04
12581	0.22985	21588.1	7196.04
12582	0.21442	20138.6	10069.3
12583	0.42224	39656.9	9914.23
12584	0.31686	29760.3	7440.06
12585	0.25966	24387.9	4877.58
12586	0.43097	40476.9	6746.15
12587	0.27784	26095	6523.74
12588	0.53865	50590.5	16863.5
12589	0.40416	37959.2	7591.85
12590	0.39357	36964.8	5280.69
12591	0.29310	27528.2	9176.07
12592	0.36806	34568.6	6913.72
12593	0.04666	4382.53	4382.53
12594	0.28026	26322.1	6580.53
12595	0.24292	22815.2	7605.05
12596	0.23494	22065.7	7355.24
12597	0.10611	9966.34	4983.17
12598	0.38423	36087.1	12029
12599	0.30443	28592.3	7148.07
12600	0.34825	32707.8	6541.55
