#IID	F_ROH	ROH_length_kB	KBAVG
2551	0.14232	13366.8	6683.4
2552	0.20633	19379.3	9689.64
2553	0.41332	38820.1	12940
2554	0.84183	79067.1	15813.4
2555	0.23898	22445.6	5611.4
2556	0.73572	69101.2	13820.2
2557	0.62678	58869.2	14717.3
2558	0.18348	17232.6	5744.21
2559	0.29753	27945.2	6986.3
2560	0.03154	2962.15	2962.15
2561	0.44292	41600.4	10400.1
2562	0.56152	52739.8	8789.96
2563	0.43563	40916.1	10229
2564	0.34994	32867.1	8216.78
2565	0.32927	30926	10308.7
2566	0.10456	9820.16	9820.16
2567	0.30968	29086.2	7271.54
2568	0.18932	17781.7	5927.24
2569	0.16691	15676.3	15676.3
2570	0.22320	20963.9	10482
2571	0.17852	16766.8	8383.39
2572	0.40744	38268.4	7653.69
2573	0.33199	31181.9	7795.49
2574	0.29299	27518.7	6879.68
2575	0.32673	30687.9	7671.98
2576	0.24546	23054.1	7684.69
2577	0.25535	23983	11991.5
2578	0.40021	37588.8	12529.6
2579	0.45404	42644.6	10661.2
2580	0.10567	9925.17	4962.58
2581	0.17459	16398.3	8199.15
2582	0.23014	21615	7205.01
2583	0.18459	17337.1	5779.02
2584	0.47836	44928.8	8985.77
2585	0.55648	52265.9	8710.99
2586	0.06774	6362.8	6362.8
2587	0.48753	45790.7	15263.6
2588	0.31327	29423.4	5884.69
2589	0.24445	22959.8	7653.25
2590	0.34751	32639.5	8159.88
2591	0.18975	17822.1	8911.04
2592	0.14277	13409.8	4469.92
2593	0.31817	29883.6	5976.71
2594	0.57120	53648.9	10729.8
2595	0.24374	22893.2	7631.07
2596	0.35256	33113.7	8278.42
2597	0.97402	91483	30494.3
2598	0.34815	32698.9	6539.79
2599	0.29759	27951	13975.5
2600	0.29635	27834	6958.51
