#IID	F_ROH	ROH_length_kB	KBAVG
2551	0.30299	28463	5692.6
2552	0.30869	28998.7	9666.24
2553	0.09578	8997.36	4498.68
2554	0.35274	33136.8	11045.6
2555	0.28261	26548.9	6637.23
2556	0.27209	25560.9	6390.23
2557	0.24758	23258.2	7752.74
2558	0.25576	24026.2	8008.72
2559	0.26063	24483.7	4896.75
2560	0.19448	18269.4	6089.8
2561	0.18112	17014.6	8507.32
2562	0.25829	24264.3	6066.07
2563	0.30282	28447.2	14223.6
2564	0.09646	9061.65	4530.82
2565	0.17646	16576.8	5525.6
2566	0.09785	9192.4	4596.2
2567	0.40226	37788.7	7557.73
2568	0.25157	23633.3	7877.77
2569	0.28723	26982.5	13491.3
2570	0.29151	27384.4	5476.87
2571	0.36410	34204.3	8551.07
2572	0.17271	16224.7	8112.37
2573	0.42034	39487.4	6581.23
2574	0.19228	18063.3	6021.11
2575	0.19741	18544.8	18544.8
2576	0.19496	18315.1	9157.53
2577	0.40928	38448.1	7689.63
2578	0.20934	19666.1	6555.38
2579	0.21929	20600.2	5150.04
2580	0.13682	12852.8	6426.42
2581	0.30127	28301.6	9433.86
2582	0.11824	11107.4	11107.4
2583	0.22216	20870	6956.68
2584	0.53649	50398.3	16799.4
2585	0.19970	18760.3	6253.43
2586	0.30426	28582.2	7145.55
2587	0.09107	8555.7	4277.85
2588	0.37841	35548	8886.99
2589	0.29496	27708.7	6927.18
2590	0.08384	7875.91	3937.95
2591	0.19271	18103.1	9051.53
2592	0.27288	25634.8	5126.96
2593	0.22085	20747.3	6915.76
2594	0.27919	26227.8	6556.96
2595	0.31784	29858.1	5971.61
2596	0.23714	22277.5	7425.84
2597	0.20077	18861	9430.52
2598	0.41354	38848.6	7769.72
2599	0.13961	13115.4	6557.69
2600	0.36423	34216.5	6843.3
