#IID	F_ROH	ROH_length_kB	KBAVG
6551	0.27117	25059.4	6264.86
6552	0.33110	30597.5	15298.7
6553	0.12990	12004.3	6002.16
6554	0.34651	32022	8005.5
6555	0.26477	24467.7	6116.92
6556	0.43874	40544.9	10136.2
6557	0.24129	22298.5	5574.62
6558	0.44312	40949.9	10237.5
6559	0.38174	35277.4	7055.48
6560	0.23229	21466.2	7155.4
6561	0.59591	55069.5	11013.9
6562	0.29916	27646.3	9215.43
6563	0.10216	9440.63	4720.31
6564	0.21502	19870.2	6623.39
6565	0.32467	30003.8	7500.96
6566	0.23519	21734.5	4346.91
6567	0.55556	51341.1	10268.2
6568	0.28810	26623.9	6655.98
6569	0.31360	28980.6	7245.15
6570	0.22327	20632.8	4126.55
6571	0.47593	43982.2	8796.43
6572	0.38443	35525.9	7105.17
6573	0.28342	26191.6	8730.54
6574	0.98798	91302.2	45651.1
6575	0.12471	11524.4	5762.2
6576	0.10120	9351.97	4675.98
6577	0.34032	31449.4	6289.87
6578	0.68855	63630.6	10605.1
6579	0.43924	40591	6765.17
6580	0.18830	17401.5	4350.37
6581	0.44855	41451.9	8290.38
6582	0.27382	25304.1	6326.03
6583	0.30022	27744.5	5548.89
6584	0.24446	22591.2	5647.79
6585	0.26601	24582.5	4916.5
6586	0.09023	8337.94	4168.97
6587	0.18166	16788.1	5596.05
6588	0.30503	28188.3	7047.06
6589	0.24685	22811.8	7603.95
6590	0.15252	14094.8	4698.26
6591	0.35773	33058.4	6611.69
6592	0.31907	29486	5897.21
6593	0.18184	16804.5	5601.52
6594	0.32972	30470.7	10156.9
6595	0.33075	30565.1	6113.01
6596	0.14768	13647.5	6823.74
6597	0.35755	33042.2	6608.44
6598	0.18445	17045.5	4261.37
6599	0.23704	21905.7	7301.89
6600	0.31688	29283.6	4880.6
