#IID	F_ROH	ROH_length_kB	KBAVG
8551	0.26541	24927.4	4985.49
8552	0.21281	19987.9	3997.58
8553	0.24536	23044.3	5761.06
8554	0.53960	50680.2	16893.4
8555	0.24294	22817.8	5704.45
8556	0.57459	53966.7	8994.44
8557	0.31727	29798.5	5959.7
8558	0.18017	16921.9	5640.63
8559	0.31246	29347.3	7336.82
8560	0.34360	32272	6454.4
8561	0.48456	45510.5	15170.2
8562	0.34123	32049	8012.25
8563	0.21901	20569.9	4113.97
8564	0.25160	23630.4	4726.08
8565	0.26870	25236.7	8412.22
8566	0.44114	41432.8	10358.2
8567	0.28251	26533.7	8844.57
8568	0.42499	39916.2	7983.25
8569	0.17358	16302.7	5434.23
8570	0.35658	33490.9	8372.72
8571	0.26175	24584.5	4916.91
8572	0.24220	22748.1	5687.02
8573	0.42721	40124	10031
8574	0.26900	25264.9	5052.99
8575	0.29423	27634.6	27634.6
8576	0.20226	18996.2	4749.04
8577	0.28620	26880.6	6720.14
8578	0.55325	51962	12990.5
8579	0.30686	28821.3	5764.27
8580	0.24525	23034.6	4606.93
8581	0.41945	39395.6	6565.94
8582	0.38848	36487.2	7297.44
8583	0.27993	26291.5	5258.29
8584	0.22176	20827.8	6942.6
8585	0.42029	39474.5	9868.63
8586	0.21853	20524.9	4104.98
8587	0.30770	28899.9	9633.29
8588	0.25496	23946.5	11973.2
8589	0.54790	51459.9	10292
8590	0.21591	20278.8	4055.76
8591	0.32729	30739.8	7684.94
8592	0.43364	40728.3	8145.65
8593	0.42674	40080.4	10020.1
8594	0.19482	18297.8	6099.28
8595	0.04643	4360.4	4360.4
8596	0.22870	21479.7	4295.93
8597	0.31038	29151.1	7287.77
8598	0.31598	29677.2	4946.19
8599	0.29360	27575.1	6893.76
8600	0.11685	10974.6	5487.29
