#IID	F_ROH	ROH_length_kB	KBAVG
12551	0.46277	43398.9	8679.77
12552	0.21524	20185.3	6728.44
12553	0.25697	24098.5	6024.62
12554	0.16949	15895.2	5298.41
12555	0.10602	9942.33	4971.16
12556	0.32134	30135.2	6027.04
12557	0.14465	13565.6	6782.81
12558	0.47125	44194.4	8838.88
12559	0.54774	51367.3	25683.6
12560	0.25725	24125.3	12062.7
12561	0.18874	17700.5	5900.18
12562	0.15601	14631	4876.99
12563	0.32655	30624.3	6124.85
12564	0.30009	28142.8	7035.7
12565	0.11284	10582.2	5291.09
12566	0.30055	28185.5	5637.1
12567	0.20197	18941.1	4735.27
12568	0.65047	61000.9	20333.6
12569	0.20957	19653.3	6551.1
12570	0.12648	11861.6	5930.81
12571	0.31248	29304.5	14652.2
12572	0.24330	22816.6	5704.16
12573	0.32511	30488.6	6097.72
12574	0.18524	17372.2	5790.72
12575	0.18486	17335.9	5778.62
12576	0.31660	29691	7422.75
12577	0.27531	25818.9	4303.16
12578	0.25091	23530.5	5882.62
12579	0.10666	10002.8	5001.4
12580	0.25545	23956.2	7985.39
12581	0.06659	6244.81	6244.81
12582	0.21296	19971.4	4992.85
12583	0.12656	11869.2	11869.2
12584	0.36685	34403.1	6880.63
12585	0.25750	24148.7	6037.17
12586	0.35878	33646.2	11215.4
12587	0.11546	10827.9	10827.9
12588	0.23527	22063.4	5515.85
12589	0.39953	37467.7	6244.61
12590	0.42818	40155.3	13385.1
12591	0.17224	16153.1	5384.35
12592	0.38199	35823.6	5970.61
12593	0.34109	31987.6	7996.9
12594	0.26672	25013.3	5002.65
12595	0.40033	37543	5363.28
12596	0.38171	35796.7	5966.11
12597	0.34337	32201.1	6440.23
12598	0.19195	18000.8	4500.2
12599	0.09319	8739.28	4369.64
12600	0.21284	19960.6	6653.52
