#IID	F_ROH	ROH_length_kB	KBAVG
12551	0.21834	20510	6836.67
12552	0.31166	29275.7	7318.92
12553	0.22711	21333	5333.25
12554	0.42818	40220.3	10055.1
12555	0.30916	29041	7260.26
12556	0.08799	8265.63	8265.63
12557	0.28544	26812.6	8937.53
12558	0.44605	41899.2	13966.4
12559	0.29726	27923.3	6980.82
12560	0.22359	21002.9	10501.4
12561	0.30521	28669.7	5733.94
12562	0.20096	18877.2	6292.41
12563	0.04263	4004.01	4004.01
12564	0.19833	18630.2	6210.08
12565	0.22658	21283.3	5320.83
12566	0.18767	17628.2	8814.11
12567	0.20198	18972.8	6324.26
12568	0.21776	20455	5113.74
12569	0.23099	21697.9	5424.48
12570	0.15469	14530.4	7265.19
12571	0.52315	49141.8	12285.4
12572	0.70631	66346.5	66346.5
12573	0.21855	20529.1	5132.26
12574	0.40738	38267	9566.74
12575	0.22833	21448.3	7149.43
12576	0.05436	5106.36	5106.36
12577	0.20862	19596.1	6532.05
12578	0.37807	35513.3	8878.33
12579	0.16043	15070.2	7535.12
12580	0.15880	14916.3	4972.09
12581	0.26184	24595.3	6148.84
12582	0.08598	8076.56	8076.56
12583	0.18670	17537.2	8768.62
12584	0.17981	16890.5	5630.17
12585	0.45228	42484.7	14161.6
12586	0.22177	20832.2	5208.05
12587	0.15183	14261.7	4753.9
12588	0.04886	4589.56	4589.56
12589	0.30232	28397.9	28397.9
12590	0.04423	4154.41	4154.41
12591	0.03410	3203.16	3203.16
12592	0.19693	18498.1	9249.06
12593	0.11111	10436.8	5218.42
12594	0.32933	30935.3	10311.8
12595	0.28505	26776.1	8925.36
12596	0.10046	9436.67	4718.34
12597	0.56417	52995.1	13248.8
12598	0.73129	68693.5	34346.8
12599	0.21239	19950.4	19950.4
12600	0.20028	18812.9	9406.46
