#IID	F_ROH	ROH_length_kB	KBAVG
8551	0.10935	9784.08	4892.04
8552	0.00000	0	0
8553	0.43622	39030.5	9757.63
8554	0.64594	57795.2	14448.8
8555	0.61569	55088.8	11017.8
8556	0.37061	33159.8	11053.3
8557	0.20688	18510.4	18510.4
8558	0.16447	14716	7357.98
8559	0.59462	53203.6	13300.9
8560	0.26755	23938.7	5984.67
8561	0.18708	16739.1	5579.7
8562	0.67851	60709.4	15177.4
8563	0.07474	6687.14	6687.14
8564	0.38977	34874.1	11624.7
8565	0.15406	13784.2	4594.75
8566	0.00000	0	0
8567	0.71274	63771.7	10628.6
8568	0.21340	19094.2	6364.72
8569	0.04839	4330.01	4330.01
8570	0.22834	20430.9	6810.31
8571	0.75179	67265.8	22421.9
8572	0.33223	29726.3	7431.59
8573	0.15366	13748.3	6874.15
8574	0.33508	29981.4	7495.36
8575	0.30092	26924.7	13462.3
8576	0.41902	37491.3	9372.81
8577	0.04403	3939.5	3939.5
8578	0.27435	24547.2	4909.44
8579	0.04821	4313.54	4313.54
8580	0.14287	12783	4260.98
8581	0.38860	34769.8	5794.96
8582	0.36755	32886.2	10962.1
8583	0.20527	18366.2	18366.2
8584	0.04697	4202.51	4202.51
8585	0.20609	18439.4	9219.72
8586	0.14270	12768.2	12768.2
8587	0.38811	34725.7	8681.42
8588	0.18638	16676	8338.02
8589	0.07002	6264.62	6264.62
8590	0.13948	12480.1	6240.03
8591	0.19536	17480.1	5826.71
8592	0.31535	28215.5	9405.18
8593	0.23969	21446.5	10723.3
8594	0.23596	21112	10556
8595	0.30897	27644.9	9214.96
8596	0.18870	16883.7	5627.91
8597	0.27306	24432.1	8144.04
8598	0.25944	23213.5	11606.8
8599	0.37815	33835.1	11278.4
8600	0.29851	26709.4	6677.35
