#IID	F_ROH	ROH_length_kB	KBAVG
14551	0.45201	42441.5	21220.7
14552	0.09540	8957.58	8957.58
14553	0.15047	14128.7	7064.34
14554	0.32203	30236.9	7559.24
14555	0.29660	27849.7	6962.43
14556	0.27471	25793.6	5158.72
14557	0.27413	25739.6	8579.87
14558	0.26215	24615	8205.01
14559	0.23525	22089.2	5522.3
14560	0.23814	22360.1	7453.38
14561	0.27000	25351.6	8450.53
14562	0.16144	15158.1	5052.7
14563	0.10846	10184	10184
14564	0.27812	26113.7	6528.42
14565	0.04171	3916.42	3916.42
14566	0.11102	10423.9	5211.93
14567	0.11085	10408.1	10408.1
14568	0.16064	15083	5027.67
14569	0.29649	27838.8	9279.61
14570	0.22031	20686.3	5171.59
14571	0.05045	4737.37	4737.37
14572	0.22186	20832	5207.99
14573	0.31554	29627.9	7406.98
14574	0.13405	12587	4195.67
14575	0.24737	23227	11613.5
14576	0.24613	23110.4	7703.47
14577	0.34347	32249.7	6449.93
14578	0.61943	58161.8	14540.5
14579	0.09047	8494.63	4247.32
14580	0.20491	19240.2	4810.06
14581	0.15416	14474.5	7237.26
14582	0.16337	15339.7	5113.25
14583	0.44499	41782.5	8356.51
14584	0.24813	23298.3	7766.1
14585	0.26306	24699.9	6174.98
14586	0.16034	15055.4	7527.68
14587	0.33092	31071.6	7767.9
14588	0.21500	20187.3	4037.45
14589	0.32155	30192.4	15096.2
14590	0.13739	12900.2	6450.1
14591	0.11029	10355.6	5177.78
14592	0.12088	11349.6	5674.82
14593	0.16275	15281.8	5093.95
14594	0.31411	29493.5	7373.37
14595	0.18817	17668.4	4417.1
14596	0.17194	16144.4	4036.1
14597	0.32032	30076.4	7519.09
14598	0.27953	26246.5	13123.2
14599	0.12392	11635.6	5817.8
14600	0.21670	20347.5	10173.8
