#IID	F_ROH	ROH_length_kB	KBAVG
2551	0.28806	27072.6	6768.16
2552	0.15459	14528.4	7264.18
2553	0.34871	32772.6	6554.53
2554	0.17395	16348.2	5449.39
2555	0.41304	38818.7	19409.3
2556	0.28600	26878.9	5375.78
2557	0.13169	12376.3	6188.13
2558	0.33731	31701	6340.2
2559	0.27071	25442.2	12721.1
2560	0.04293	4035.08	4035.08
2561	0.11065	10399.3	10399.3
2562	0.27611	25949.8	8649.95
2563	0.11290	10610.5	5305.27
2564	0.11730	11024.4	5512.21
2565	0.46912	44088.7	11022.2
2566	0.18561	17443.8	5814.6
2567	0.28740	27010.4	5402.08
2568	0.57099	53662.8	26831.4
2569	0.42415	39862.3	9965.58
2570	0.18045	16959.5	5653.17
2571	0.12603	11844.1	11844.1
2572	0.20930	19670.7	9835.33
2573	0.14464	13593.5	6796.75
2574	0.08667	8145.49	8145.49
2575	0.27847	26171.1	8723.68
2576	0.18814	17682	5894
2577	0.37391	35140.5	7028.09
2578	0.10679	10036.2	5018.12
2579	0.28149	26455.3	8818.45
2580	0.25023	23516.8	11758.4
2581	0.44631	41945	8389
2582	0.07943	7465.37	3732.69
2583	0.16069	15101.9	5033.97
2584	0.23815	22381.5	11190.8
2585	0.23106	21715.4	7238.47
2586	0.15107	14197.9	7098.93
2587	0.08824	8292.66	8292.66
2588	0.17552	16495.8	5498.61
2589	0.24272	22811.8	7603.93
2590	0.46722	43910.6	14636.9
2591	0.40933	38469.6	7693.93
2592	0.17839	16765	8382.5
2593	0.23181	21786	5446.49
2594	0.28798	27064.9	5412.98
2595	0.19873	18677.3	6225.77
2596	0.23063	21675.3	7225.09
2597	0.13725	12898.7	6449.36
2598	0.35508	33371.2	6674.25
2599	0.32862	30884.6	10294.9
2600	0.20789	19538.1	9769.06
