#IID	F_ROH	ROH_length_kB	KBAVG
8551	0.27943	26249	13124.5
8552	0.22866	21479.4	4295.88
8553	0.30220	28387.5	5677.51
8554	0.17590	16523.5	5507.84
8555	0.18593	17466.2	8733.11
8556	0.30452	28605.6	7151.39
8557	0.40681	38214.7	12738.2
8558	0.42540	39960.8	7992.15
8559	0.42087	39535.4	13178.5
8560	0.25668	24112.2	6028.06
8561	0.58838	55270.6	13817.7
8562	0.00000	0	0
8563	0.34764	32656.8	8164.19
8564	0.19142	17981.6	5993.88
8565	0.58627	55072.5	13768.1
8566	0.19147	17986.5	5995.51
8567	0.24824	23318.8	5829.7
8568	0.14624	13737.8	4579.26
8569	0.30943	29067.1	9689.04
8570	0.33547	31513.2	6302.63
8571	0.29797	27990.9	4665.14
8572	0.25094	23572.7	5893.18
8573	0.16088	15112.4	5037.48
8574	0.24152	22687.5	5671.88
8575	0.57671	54174.7	18058.2
8576	0.41064	38574.7	9643.69
8577	0.00000	0	0
8578	0.40082	37652.4	9413.1
8579	0.25314	23779.6	4755.91
8580	0.33973	31913.8	5318.97
8581	0.15097	14181.7	7090.87
8582	0.43317	40690.4	5812.92
8583	0.27074	25433	6358.25
8584	0.24895	23385.9	5846.48
8585	0.45451	42695.5	6099.36
8586	0.15775	14818.7	7409.36
8587	0.00000	0	0
8588	0.16168	15187.5	7593.74
8589	0.16210	15227.4	3806.84
8590	0.28633	26897	5379.4
8591	0.20441	19201.7	4800.43
8592	0.33906	31850.1	6370.01
8593	0.22791	21409.3	5352.33
8594	0.22983	21589.5	5397.37
8595	0.03562	3345.72	3345.72
8596	0.28338	26620.3	6655.08
8597	0.39898	37479.6	6246.6
8598	0.03934	3695.35	3695.35
8599	0.13339	12530.3	4176.77
8600	0.14349	13479.3	6739.65
