#IID	F_ROH	ROH_length_kB	KBAVG
2551	0.64809	60736.1	12147.2
2552	0.21531	20178	6726
2553	0.17915	16788.8	4197.2
2554	0.16296	15271.5	7635.77
2555	0.13233	12401.7	6200.87
2556	0.00000	0	0
2557	0.36342	34057.6	17028.8
2558	0.10249	9604.8	4802.4
2559	0.40178	37652.8	12550.9
2560	0.23236	21775.3	7258.44
2561	0.08882	8324.18	8324.18
2562	0.25169	23587	4717.41
2563	0.31086	29132.2	7283.06
2564	0.03503	3283.09	3283.09
2565	0.13985	13105.8	4368.6
2566	0.41389	38787.8	6464.64
2567	0.11210	10505.7	3501.91
2568	0.09651	9044.17	9044.17
2569	0.33664	31548.1	6309.61
2570	0.09789	9173.36	4586.68
2571	0.23688	22199	4439.8
2572	0.13703	12841.4	4280.47
2573	0.19195	17988.3	5996.09
2574	0.19189	17983.4	5994.46
2575	0.17717	16603.2	8301.62
2576	0.23059	21609.4	5402.35
2577	0.14850	13916.5	13916.5
2578	0.35740	33493.8	8373.45
2579	0.07348	6886.11	3443.06
2580	0.20679	19379.3	9689.67
2581	0.07901	7404.36	7404.36
2582	0.41488	38880.6	12960.2
2583	0.11750	11011.3	5505.63
2584	0.41537	38926.8	12975.6
2585	0.16654	15607.8	7803.92
2586	0.27215	25504.4	8501.46
2587	0.17064	15991.4	5330.47
2588	0.82708	77510.6	15502.1
2589	0.36178	33904.6	11301.5
2590	0.08150	7637.6	3818.8
2591	0.19515	18288.3	9144.14
2592	0.37309	34964.3	8741.07
2593	0.10187	9546.83	4773.42
2594	0.12657	11861.9	3953.98
2595	0.30950	29004.6	9668.19
2596	0.32049	30035.1	10011.7
2597	0.15742	14752.3	7376.14
2598	0.15566	14588.2	4862.74
2599	0.74701	70005.9	23335.3
2600	0.16635	15589.4	3897.34
