#IID	F_ROH	ROH_length_kB	KBAVG
10551	0.19187	18008.3	6002.76
10552	0.39745	37303.8	12434.6
10553	0.36361	34127.3	5687.89
10554	0.10758	10097.1	5048.57
10555	0.28575	26819.4	8939.79
10556	0.14774	13866.1	3466.54
10557	0.65913	61863.8	20621.3
10558	0.20216	18974	6324.68
10559	0.30335	28471.5	9490.51
10560	0.20720	19447.3	9723.64
10561	0.27912	26197.2	8732.41
10562	0.27836	26125.9	5225.18
10563	0.13940	13083.7	6541.84
10564	0.25313	23757.9	4751.57
10565	0.16463	15452.1	5150.7
10566	0.14150	13280.7	6640.36
10567	0.24544	23036.7	5759.17
10568	0.24544	23036.7	5759.17
10569	0.94877	89048.8	29682.9
10570	0.32888	30867.8	6173.56
10571	0.31608	29666.9	7416.72
10572	0.26214	24604	12302
10573	0.12676	11897.4	3965.8
10574	0.40804	38297.3	7659.46
10575	0.49308	46279.2	15426.4
10576	0.23725	22267.2	11133.6
10577	0.03357	3150.6	3150.6
10578	0.22532	21147.8	7049.28
10579	0.08305	7795.05	3897.53
10580	0.31937	29975.6	7493.89
10581	0.39731	37290.4	7458.08
10582	0.34080	31986.2	7996.56
10583	0.14016	13154.9	6577.46
10584	0.24827	23301.8	7767.26
10585	0.31615	29673.4	5934.69
10586	0.21359	20046.8	5011.7
10587	0.00000	0	0
10588	0.29883	28047.6	7011.89
10589	0.42478	39868.6	13289.5
10590	0.18036	16927.8	4231.95
10591	0.27243	25569.8	5113.96
10592	0.13612	12776.2	4258.72
10593	0.22593	21205.5	5301.39
10594	0.43402	40736.2	10184
10595	0.45408	42618.3	8523.67
10596	0.40178	37710.2	6285.03
10597	0.33580	31517.1	7879.29
10598	0.10428	9787.24	4893.62
10599	0.16134	15143	5047.66
10600	0.34709	32577.4	6515.48
