#IID	F_ROH	ROH_length_kB	KBAVG
2551	0.36527	33775.5	6755.1
2552	0.36608	33850.6	8462.66
2553	0.16844	15575.1	3893.78
2554	0.39344	36380.2	7276.04
2555	0.15574	14400.9	3600.22
2556	0.23089	21349.7	5337.42
2557	0.46976	43437.5	10859.4
2558	0.26369	24382.3	4876.45
2559	0.56215	51980	10396
2560	0.24754	22889.5	5722.38
2561	0.20966	19387	4846.76
2562	0.17839	16495.3	4123.83
2563	0.10589	9790.95	4895.48
2564	0.47346	43779.7	7296.61
2565	0.31405	29039.2	7259.8
2566	0.15620	14443.6	4814.53
2567	0.12190	11271.5	3757.18
2568	0.20592	19040.7	3808.14
2569	0.21040	19455.1	4863.78
2570	0.19118	17678.2	8839.09
2571	0.27520	25446.7	5089.34
2572	0.65702	60752.6	10125.4
2573	0.47156	43603.6	6229.09
2574	0.32431	29987.8	7496.96
2575	0.26922	24893.9	4978.77
2576	0.09425	8714.72	4357.36
2577	0.27964	25857.7	5171.55
2578	0.26961	24929.8	8309.93
2579	0.24890	23015.4	4603.08
2580	0.33410	30893.1	10297.7
2581	0.42082	38912.1	12970.7
2582	0.18011	16654.2	4163.55
2583	0.42607	39397.2	6566.2
2584	0.05514	5098.38	5098.38
2585	0.10255	9482.29	4741.14
2586	0.08887	8217.16	4108.58
2587	0.22752	21038.5	5259.63
2588	0.31380	29016	4836
2589	0.13956	12904.8	6452.42
2590	0.33723	31182.4	5197.06
2591	0.39962	36952	6158.66
2592	0.25189	23291.9	7763.96
2593	0.13957	12905.3	4301.76
2594	0.13553	12531.8	4177.28
2595	0.12930	11956.1	5978.04
2596	0.10283	9508.08	4754.04
2597	0.40986	37899	12633
2598	0.24995	23112.1	5778.04
2599	0.20815	19247.1	4811.77
2600	0.31011	28675.1	4779.19
