#IID	F_ROH	ROH_length_kB	KBAVG
34551	0.16063	14837.8	7418.91
34552	0.13922	12860.3	4286.77
34553	0.43073	39788.2	7957.63
34554	0.12164	11236.1	5618.04
34555	0.32396	29925.6	5985.13
34556	0.31865	29435.1	5887.03
34557	0.17771	16415.2	5471.73
34558	0.28625	26441.9	6610.47
34559	0.17557	16218.2	4054.56
34560	0.07324	6765.82	3382.91
34561	0.45610	42131.7	8426.34
34562	0.29558	27303.3	5460.66
34563	0.28134	25988.1	6497.01
34564	0.44313	40933.5	6822.25
34565	0.14635	13518.6	6759.29
34566	0.23832	22014	5503.49
34567	0.26549	24523.9	6130.97
34568	0.38310	35387.9	11796
34569	0.10475	9675.94	4837.97
34570	0.72490	66961.4	33480.7
34571	0.20690	19111.8	4777.95
34572	0.41877	38683.2	12894.4
34573	0.59159	54647.3	6830.92
34574	0.41060	37928.9	18964.4
34575	0.25782	23815.6	5953.89
34576	0.22607	20883.1	10441.5
34577	0.28169	26020.3	5204.07
34578	0.23129	21364.9	5341.23
34579	0.27617	25510.7	5102.15
34580	0.45742	42253	8450.61
34581	0.11507	10629.1	5314.56
34582	0.07117	6574.48	6574.48
34583	0.38406	35477.2	4434.64
34584	0.31288	28901.4	7225.36
34585	0.14564	13453.4	6726.72
34586	0.07600	7020.68	3510.34
34587	0.43096	39809.5	7961.9
34588	0.30778	28430.3	4738.39
34589	0.13797	12744.8	6372.39
34590	0.41193	38051.2	6341.86
34591	0.32411	29939.1	5987.81
34592	0.20668	19091.7	6363.9
34593	0.32666	30174.5	5029.09
34594	0.19865	18350.4	9175.21
34595	0.38205	35291.2	7058.24
34596	0.20038	18509.7	9254.84
34597	0.51280	47369.4	9473.89
34598	0.28989	26778.5	6694.62
34599	0.22391	20683.3	5170.84
34600	0.34806	32151.9	8037.98
