#IID	F_ROH	ROH_length_kB	KBAVG
14551	0.10225	9611.39	4805.7
14552	0.15774	14827.4	7413.72
14553	0.23116	21728	7242.68
14554	0.16736	15731.2	7865.62
14555	0.35309	33189.1	6637.82
14556	0.38738	36412	7282.39
14557	0.19009	17867.4	5955.79
14558	0.14475	13606	13606
14559	0.22288	20949.9	5237.47
14560	0.37760	35493.1	8873.28
14561	0.15313	14393.5	7196.73
14562	0.76739	72132.2	36066.1
14563	0.23303	21903.9	7301.29
14564	0.35868	33714.7	6742.93
14565	0.21241	19965.5	6655.17
14566	0.15769	14822.3	7411.15
14567	0.43894	41258.4	13752.8
14568	0.33936	31898.9	6379.79
14569	0.09958	9360.28	4680.14
14570	0.31292	29413.4	7353.35
14571	0.19448	18280.7	6093.57
14572	0.39622	37243.7	6207.28
14573	0.15622	14684.2	4894.73
14574	0.33086	31099.5	10366.5
14575	0.18948	17810.8	4452.69
14576	0.00000	0	0
14577	0.33422	31415.5	7853.88
14578	0.32618	30659.6	6131.91
14579	0.32244	30308.1	6061.63
14580	0.34016	31973.8	6394.75
14581	0.10600	9963.66	9963.66
14582	0.14322	13462.2	4487.39
14583	0.40401	37975.5	9493.87
14584	0.58075	54588.7	10917.7
14585	0.10257	9640.91	4820.45
14586	0.37117	34888.3	8722.08
14587	0.23779	22351.5	11175.8
14588	0.21980	20660.8	6886.93
14589	0.00000	0	0
14590	0.55901	52544.7	8757.44
14591	0.39389	37024.7	9256.18
14592	0.26270	24693.2	6173.3
14593	0.30722	28877.3	9625.76
14594	0.41890	39375.3	7875.06
14595	0.94668	88985	44492.5
14596	0.00000	0	0
14597	0.26513	24921	6230.26
14598	0.15947	14989.5	7494.76
14599	0.37807	35536.8	35536.8
14600	0.34517	32444.4	8111.09
