#IID	F_ROH	ROH_length_kB	KBAVG
14551	0.45092	41661.1	10415.3
14552	0.20118	18586.8	6195.61
14553	0.66494	61434.1	10239
14554	0.21295	19674.8	6558.26
14555	0.18532	17121.4	4280.35
14556	0.51919	47968.6	11992.2
14557	0.19164	17706	5901.98
14558	0.23173	21409.3	5352.33
14559	0.11766	10870.3	5435.14
14560	0.65273	60306.2	15076.5
14561	0.39139	36160.7	9040.18
14562	0.44703	41301.8	5900.25
14563	0.47554	43935.5	7322.59
14564	0.28637	26457.5	6614.38
14565	0.24276	22428.5	7476.17
14566	0.51631	47702.4	9540.48
14567	0.71080	65670.9	13134.2
14568	0.52594	48592.1	12148
14569	0.18228	16841	5613.68
14570	0.34161	31561.9	7890.47
14571	0.32086	29644.2	7411.06
14572	0.47216	43623.5	8724.69
14573	0.40272	37207.9	7441.58
14574	0.08346	7710.88	3855.44
14575	0.63027	58230.7	9705.12
14576	0.33073	30556.3	6111.25
14577	0.56377	52087.2	8681.19
14578	0.57970	53558.8	10711.8
14579	0.27704	25596.1	6399.04
14580	0.45711	42232.5	8446.49
14581	0.25734	23775.5	4755.11
14582	0.66801	61718	10286.3
14583	0.44164	40803.8	10201
14584	0.30746	28406.2	9468.74
14585	0.34517	31890.5	7972.63
14586	0.50477	46635.8	15545.3
14587	0.23745	21937.8	5484.44
14588	0.39805	36776	7355.21
14589	0.57712	53320.3	7617.19
14590	0.11282	10423.2	5211.62
14591	0.21182	19570.6	6523.55
14592	0.57584	53202.5	6650.31
14593	0.17542	16207.6	5402.52
14594	0.62764	57987.9	9664.65
14595	0.44391	41013.3	6835.56
14596	0.42562	39322.9	7864.58
14597	0.24372	22517.5	7505.82
14598	0.53170	49124.5	9824.91
14599	0.29773	27507.1	6876.77
14600	0.48491	44801	14933.7
