#IID	F_ROH	ROH_length_kB	KBAVG
2551	0.27116	25477.5	8492.5
2552	0.41982	39445.2	7889.04
2553	0.31533	29627.3	5925.46
2554	0.28773	27033.9	9011.29
2555	0.22015	20684.4	5171.09
2556	0.22477	21118.6	7039.53
2557	0.24590	23104.4	7701.46
2558	0.26247	24661.3	12330.6
2559	0.23637	22208.8	11104.4
2560	0.22125	20787.8	6929.26
2561	0.25435	23897.6	7965.87
2562	0.22048	20715.5	6905.16
2563	0.25620	24072	12036
2564	0.17903	16820.8	5606.94
2565	0.34529	32442.3	8110.57
2566	0.32736	30757.8	10252.6
2567	0.27766	26087.8	6521.95
2568	0.20899	19636.1	6545.37
2569	0.33944	31893.2	7973.31
2570	0.19348	18178.8	6059.6
2571	0.18659	17531.9	8765.96
2572	0.30770	28910.2	9636.73
2573	0.10513	9878.05	4939.02
2574	0.28764	27026.3	6756.59
2575	0.18731	17598.8	5866.26
2576	0.11487	10792.7	5396.33
2577	0.35052	32933.5	6586.7
2578	0.20821	19563.2	6521.08
2579	0.19651	18463.2	6154.41
2580	0.14111	13258.3	6629.14
2581	0.22444	21087.8	7029.27
2582	0.21510	20210.5	6736.82
2583	0.17061	16030.5	5343.51
2584	0.19887	18685.2	9342.59
2585	0.22799	21421.2	10710.6
2586	0.24891	23387.3	5846.83
2587	0.34825	32720.7	8180.17
2588	0.44087	41422.7	13807.6
2589	0.22411	21057	5264.24
2590	0.25204	23681	11840.5
2591	0.14220	13360.7	6680.35
2592	0.29605	27815.6	9271.88
2593	0.29810	28008.9	7002.22
2594	0.42802	40215.4	10053.8
2595	0.19538	18357.2	6119.07
2596	0.13306	12502.3	6251.16
2597	0.14261	13399.2	6699.62
2598	0.05262	4944.29	4944.29
2599	0.20252	19028.1	6342.7
2600	0.26534	24930.3	12465.1
