#IID	F_ROH	ROH_length_kB	KBAVG
2551	0.05400	4990.35	4990.35
2552	0.25299	23381.8	7793.94
2553	0.38698	35765.9	5109.42
2554	0.31596	29201.6	7300.4
2555	0.23430	21654.4	4330.87
2556	0.34701	32071.2	6414.24
2557	0.59200	54714.2	18238.1
2558	0.29650	27402.8	4567.13
2559	0.33074	30567.4	6113.48
2560	0.33794	31233.2	7808.29
2561	0.21588	19951.8	4987.95
2562	0.16748	15479	5159.66
2563	0.49605	45845.6	22922.8
2564	0.28113	25982.8	12991.4
2565	0.57016	52695.2	10539
2566	0.14562	13458.1	6729.05
2567	0.54196	50089	8348.17
2568	0.06905	6381.46	3190.73
2569	0.14710	13595.4	4531.79
2570	0.36596	33823	11274.3
2571	0.61805	57121.1	14280.3
2572	0.57362	53015.4	17671.8
2573	0.22365	20670.4	6890.15
2574	0.39064	36104	9026
2575	0.46237	42733.3	8546.66
2576	0.24101	22274.3	4454.85
2577	0.54554	50420.3	12605.1
2578	0.09614	8885.65	4442.82
2579	0.31529	29139.9	7284.98
2580	0.21328	19711.6	6570.52
2581	0.24832	22950.4	22950.4
2582	0.14227	13148.9	4382.96
2583	0.47289	43705.5	7284.24
2584	0.13322	12312.9	6156.44
2585	0.35356	32677	5446.17
2586	0.25326	23407.1	7802.38
2587	0.23310	21543.5	5385.87
2588	0.23778	21975.9	4395.19
2589	0.34589	31968.1	10656
2590	0.34517	31901	6380.2
2591	0.35874	33155.5	11051.8
2592	0.31778	29369.7	7342.42
2593	0.32677	30201.1	7550.27
2594	0.08272	7644.78	7644.78
2595	0.15541	14363.3	7181.66
2596	0.28472	26314.5	5262.9
2597	0.36295	33544.4	5590.73
2598	0.32768	30285.3	6057.06
2599	0.35449	32763.1	10921
2600	0.26420	24417.6	12208.8
