#IID	F_ROH	ROH_length_kB	KBAVG
8551	0.15215	14282.9	7141.47
8552	0.27816	26110.7	5222.14
8553	0.29255	27461.5	6865.38
8554	0.03641	3418.19	3418.19
8555	0.11568	10859.2	5429.58
8556	0.38364	36012.3	7202.46
8557	0.18927	17766.5	5922.17
8558	0.28738	26976.7	6744.17
8559	0.19705	18497.6	6165.86
8560	0.10880	10212.8	10212.8
8561	0.41646	39093.3	13031.1
8562	0.26193	24588	4917.6
8563	0.34799	32666.4	6533.29
8564	0.30001	28161.8	5632.37
8565	0.41960	39388	7877.6
8566	0.30763	28877.4	9625.81
8567	0.18752	17603	8801.5
8568	0.18416	17287	5762.32
8569	0.33835	31761.6	5293.61
8570	0.27280	25608.1	6402.04
8571	0.48564	45587.3	7597.88
8572	0.09615	9025.25	4512.62
8573	0.19707	18498.9	4624.72
8574	0.21816	20478.9	6826.29
8575	0.10613	9962.47	4981.23
8576	0.15299	14361.1	4787.02
8577	0.34581	32461.3	6492.27
8578	0.07329	6879.61	6879.61
8579	0.30386	28523.4	7130.84
8580	0.18139	17027	5675.67
8581	0.23124	21706.9	7235.63
8582	0.31731	29786.5	9928.84
8583	0.35510	33333.5	16666.7
8584	0.14908	13994.1	4664.71
8585	1.00000	93870.8	93870.8
8586	0.29219	27428	9142.67
8587	0.13225	12414.3	6207.17
8588	0.25767	24187.9	6046.97
8589	0.38045	35713.4	8928.36
8590	0.28933	27159.9	6789.97
8591	0.22602	21216.4	5304.09
8592	0.23839	22377.5	11188.8
8593	0.06768	6353.62	3176.81
8594	0.27741	26041.1	8680.38
8595	0.61430	57664.8	9610.79
8596	0.19216	18038.6	9019.29
8597	0.31321	29400.9	4900.16
8598	0.06325	5937.71	2968.85
8599	0.29109	27324.8	5464.96
8600	0.09645	9053.6	9053.6
