#IID	F_ROH	ROH_length_kB	KBAVG
2551	0.28422	25001.4	6250.34
2552	0.20045	17633.1	4408.27
2553	0.64749	56956.8	14239.2
2554	0.48080	42293.7	8458.74
2555	0.08035	7068.38	7068.38
2556	0.31804	27976.6	6994.14
2557	0.12134	10673.7	5336.84
2558	0.31590	27788.6	6947.16
2559	0.25039	22026.1	7342.04
2560	0.49087	43179.5	10794.9
2561	0.53503	47064.7	9412.93
2562	0.14223	12511	6255.5
2563	0.29590	26028.7	8676.22
2564	0.17274	15195.2	7597.61
2565	0.45242	39797.4	7959.47
2566	0.49315	43380.2	14460.1
2567	0.23312	20506.7	5126.69
2568	0.11320	9957.74	9957.74
2569	0.25471	22405.6	11202.8
2570	0.13745	12090.6	4030.19
2571	0.05772	5077.64	5077.64
2572	0.71202	62632.9	12526.6
2573	0.15134	13312.4	4437.47
2574	0.37522	33006.5	5501.08
2575	0.13700	12051.2	4017.07
2576	0.31419	27637.8	9212.6
2577	0.23312	20506.4	5126.59
2578	0.39399	34657.4	8664.35
2579	0.18540	16308.7	5436.22
2580	0.32135	28267.4	7066.85
2581	0.14181	12474.3	6237.16
2582	0.51187	45026.6	7504.43
2583	0.48490	42654.7	14218.2
2584	0.24342	21412.5	5353.12
2585	0.29530	25976.1	12988.1
2586	0.05630	4952.44	4952.44
2587	0.21285	18723.6	6241.21
2588	0.23657	20810.3	5202.57
2589	0.29283	25759.2	6439.81
2590	0.07517	6612.46	6612.46
2591	0.25473	22407.2	5601.79
2592	0.43587	38341.5	19170.8
2593	0.16713	14701.9	7350.93
2594	0.51946	45694.9	11423.7
2595	0.38288	33680.4	8420.09
2596	0.36613	32206.5	5367.75
2597	0.23039	20266.7	6755.57
2598	0.14023	12335.8	4111.94
2599	0.17715	15583	5194.35
2600	0.29020	25528	6382
