#IID	F_ROH	ROH_length_kB	KBAVG
4551	0.43533	40889.9	13630
4552	0.04467	4195.34	4195.34
4553	0.29470	27680.6	6920.15
4554	0.30964	29084.2	7271.04
4555	0.19607	18416.9	4604.23
4556	0.25850	24280.9	12140.4
4557	0.32018	30074.2	10024.7
4558	0.38388	36057.1	12019
4559	0.07144	6709.87	6709.87
4560	0.23462	22037.1	5509.28
4561	0.34230	32152.1	6430.42
4562	0.08247	7746.12	7746.12
4563	0.04938	4637.72	4637.72
4564	0.24583	23090.5	7696.82
4565	0.34327	32242.8	6448.56
4566	0.00000	0	0
4567	0.58210	54675.8	9112.63
4568	0.05529	5193.69	5193.69
4569	0.13807	12968.9	6484.47
4570	0.12951	12165.1	6082.56
4571	0.16188	15204.8	7602.38
4572	0.22218	20868.9	10434.4
4573	0.19126	17964.5	4491.13
4574	0.32685	30700.3	7675.08
4575	0.25383	23842.1	7947.35
4576	0.28920	27163.9	9054.65
4577	0.23946	22492.3	5623.07
4578	0.00000	0	0
4579	0.33399	31371.5	7842.88
4580	0.00000	0	0
4581	0.15090	14174.1	7087.07
4582	0.19004	17850	5950
4583	0.30884	29009.1	7252.29
4584	0.33173	31158.5	6231.69
4585	0.41090	38594.9	9648.71
4586	0.20808	19544.7	6514.9
4587	0.30873	28998.3	7249.58
4588	0.14221	13357.7	6678.85
4589	0.26451	24845	6211.26
4590	0.11955	11229.1	5614.54
4591	0.40365	37914.3	9478.59
4592	0.17392	16335.6	8167.78
4593	0.43695	41041.7	13680.6
4594	0.43399	40763.7	10190.9
4595	0.33149	31135.9	10378.6
4596	0.37830	35533.2	8883.29
4597	0.48500	45555.6	9111.12
4598	0.19791	18589.6	6196.53
4599	0.09456	8882.26	4441.13
4600	0.27067	25423.7	6355.92
