#IID	F_ROH	ROH_length_kB	KBAVG
2551	0.19086	17636.5	4409.13
2552	0.14753	13632.7	4544.24
2553	0.39811	36787.3	9196.83
2554	0.31671	29265	7316.24
2555	0.27800	25688.2	5137.65
2556	0.18560	17150.3	5716.78
2557	0.11301	10443	5221.5
2558	0.39519	36517.5	7303.49
2559	0.38991	36029.7	5147.1
2560	0.44664	41271.7	5895.96
2561	0.16365	15122.1	5040.7
2562	0.25908	23940.6	4788.12
2563	0.16750	15477.9	5159.32
2564	0.20447	18894	6297.99
2565	0.15622	14435.7	4811.89
2566	0.27177	25112.8	12556.4
2567	0.05543	5121.55	2560.78
2568	0.24099	22268.7	11134.3
2569	0.42131	38930.8	9732.7
2570	0.32993	30487.2	4355.32
2571	0.27934	25812.1	6453.04
2572	0.37158	34335.9	6867.19
2573	0.23925	22107.5	7369.16
2574	0.14038	12971.8	6485.9
2575	0.35585	32881.8	6576.37
2576	0.48036	44387.1	11096.8
2577	0.10265	9485.22	4742.61
2578	0.75899	70134	17533.5
2579	0.36623	33841.2	6768.24
2580	0.33387	30851	7712.74
2581	0.09516	8793.35	4396.68
2582	0.30395	28086.3	5617.26
2583	0.52820	48807.9	16269.3
2584	0.22912	21171.9	7057.3
2585	0.38377	35462.3	5910.38
2586	0.34130	31537.9	6307.59
2587	0.39584	36577.8	6096.3
2588	0.27661	25559.6	8519.86
2589	0.33613	31059.7	6211.94
2590	0.30412	28101.8	9367.26
2591	0.09896	9144.28	4572.14
2592	0.06270	5793.78	2896.89
2593	0.25432	23500.7	5875.19
2594	0.06173	5704.58	5704.58
2595	0.10118	9349.81	4674.9
2596	0.40997	37882.7	9470.69
2597	0.13847	12795.2	4265.06
2598	0.14347	13257.7	4419.23
2599	0.15964	14751.2	4917.07
2600	0.17063	15766.8	3941.69
