#IID	F_ROH	ROH_length_kB	KBAVG
36551	0.33672	31642.1	10547.4
36552	0.26835	25216.8	6304.2
36553	0.25048	23537.9	5884.46
36554	0.11822	11108.8	3702.95
36555	0.12714	11947.9	5973.93
36556	0.13091	12302.2	6151.12
36557	0.21379	20090.1	6696.72
36558	0.15043	14135.9	3533.98
36559	0.09429	8860.38	4430.19
36560	0.20806	19551.4	6517.12
36561	0.19349	18182	3636.4
36562	0.05860	5506.35	5506.35
36563	0.28971	27223.9	6805.97
36564	0.43958	41307.5	10326.9
36565	0.20635	19391.2	6463.74
36566	0.26174	24595.5	4919.11
36567	0.08161	7669.11	7669.11
36568	0.33080	31085.9	7771.48
36569	0.18595	17473.9	4368.48
36570	0.11473	10781	5390.52
36571	0.07931	7452.61	7452.61
36572	0.16063	15094.7	5031.56
36573	0.42470	39909.4	9977.35
36574	0.19993	18787.3	4696.83
36575	0.09687	9102.76	4551.38
36576	0.18993	17847.9	5949.29
36577	0.07650	7188.32	7188.32
36578	0.00000	0	0
36579	0.37162	34921.2	6984.25
36580	0.52576	49405.8	12351.4
36581	0.15892	14933.5	4977.83
36582	0.15559	14621.3	4873.77
36583	0.30334	28505.5	7126.38
36584	0.10930	10271.3	3423.77
36585	0.34661	32571.7	16285.8
36586	0.16750	15739.7	5246.57
36587	0.05801	5450.9	5450.9
36588	0.16223	15244.5	7622.23
36589	0.47874	44987.9	14996
36590	0.15310	14386.8	7193.38
36591	0.13440	12629.7	4209.89
36592	0.22681	21313.9	7104.62
36593	0.20695	19447.7	6482.55
36594	0.16612	15610.7	5203.56
36595	0.11631	10929.6	5464.8
36596	0.23230	21829.4	7276.48
36597	0.37668	35397.2	8849.3
36598	0.27848	26169.1	13084.6
36599	0.15655	14711	7355.5
36600	0.21304	20020	6673.33
