#IID	F_ROH	ROH_length_kB	KBAVG
8551	0.42102	39550.7	9887.66
8552	0.11467	10772.5	10772.5
8553	0.18784	17646.3	5882.12
8554	0.36882	34647.1	8661.77
8555	0.13547	12726.3	6363.14
8556	0.53399	50163.7	10032.7
8557	0.34326	32246.3	8061.58
8558	0.36873	34639	5773.16
8559	0.16042	15069.8	5023.28
8560	0.17824	16743.8	5581.28
8561	0.52406	49230.6	9846.12
8562	0.38096	35788	7157.59
8563	0.03741	3514.02	3514.02
8564	0.57930	54420.1	10884
8565	0.28230	26519.6	8839.87
8566	0.39234	36856.4	9214.1
8567	0.40968	38485.8	12828.6
8568	0.13950	13104.7	6552.33
8569	0.25759	24198	6049.49
8570	0.10860	10202	10202
8571	0.59088	55507.8	18502.6
8572	0.13513	12694.4	4231.48
8573	0.40774	38303.9	12768
8574	0.35040	32916.9	8229.21
8575	0.35984	33803.3	11267.8
8576	0.41600	39079.2	9769.81
8577	0.97159	91272.4	45636.2
8578	0.62698	58898.7	29449.3
8579	0.37222	34967	11655.7
8580	0.41560	39041.7	9760.43
8581	0.41667	39142.3	13047.4
8582	0.37467	35196.9	8799.23
8583	0.08051	7563.24	7563.24
8584	0.31192	29302.2	14651.1
8585	0.21967	20636.1	6878.7
8586	0.27379	25720.1	8573.35
8587	0.62063	58303	19434.3
8588	0.27758	26076.4	8692.13
8589	0.22426	21066.9	5266.73
8590	0.21029	19754.7	6584.9
8591	0.30119	28293.8	9431.28
8592	0.43748	41097.4	10274.3
8593	0.37091	34843.9	8710.98
8594	0.39344	36960	9239.99
8595	0.04656	4374.24	4374.24
8596	0.49794	46777.1	7796.18
8597	0.21869	20543.5	10271.7
8598	0.22031	20696.5	6898.83
8599	0.31614	29698.6	5939.72
8600	0.16042	15069.9	5023.29
