#IID	F_ROH	ROH_length_kB	KBAVG
4551	0.21324	19690.8	6563.59
4552	0.49178	45410.6	11352.6
4553	0.04317	3986.39	3986.39
4554	0.16926	15629.7	5209.9
4555	0.33791	31202.4	15601.2
4556	0.38709	35743.5	8935.87
4557	0.11450	10573	5286.52
4558	0.48705	44974.1	8994.81
4559	0.13438	12408.2	4136.07
4560	0.52258	48254.4	8042.4
4561	0.50243	46393.7	11598.4
4562	0.07935	7327.46	7327.46
4563	0.17614	16265.1	5421.7
4564	0.12231	11293.7	11293.7
4565	0.19787	18270.9	6090.32
4566	0.26181	24175.8	4835.16
4567	0.19454	17963.3	4490.83
4568	0.16905	15610.1	15610.1
4569	0.09034	8342.21	8342.21
4570	0.35612	32883.7	32883.7
4571	0.00000	0	0
4572	0.23453	21656.2	4331.25
4573	0.06764	6246.03	6246.03
4574	0.54779	50582.2	12645.5
4575	0.49725	45915.4	5739.42
4576	0.32924	30401.6	6080.31
4577	0.44203	40816.6	6802.77
4578	0.33623	31047	5174.5
4579	0.09502	8773.97	8773.97
4580	0.21974	20290.9	5072.72
4581	0.24509	22631.5	11315.8
4582	0.42942	39652.3	9913.06
4583	0.21465	19820.2	3964.03
4584	0.03043	2809.51	2809.51
4585	0.34328	31698.1	15849
4586	0.43311	39992.7	7998.55
4587	0.24015	22175.5	5543.87
4588	0.20384	18822.7	6274.24
4589	0.43041	39743.7	7948.75
4590	0.17228	15908.3	3977.09
4591	0.33380	30823	15411.5
4592	0.35790	33047.9	5507.98
4593	0.56454	52129.3	13032.3
4594	0.40747	37625.1	9406.26
4595	0.42099	38873.5	6478.91
4596	0.23411	21618	5404.51
4597	0.71622	66134.8	33067.4
4598	0.12089	11162.9	3720.95
4599	0.32791	30279	5046.51
4600	0.39823	36772.1	5253.15
