#IID	F_ROH	ROH_length_kB	KBAVG
18551	0.03261	3012.19	3012.19
18552	0.19507	18017.4	4504.35
18553	0.10431	9634.69	4817.34
18554	0.22246	20546.9	5136.73
18555	0.31675	29256.4	7314.11
18556	0.44073	40707.2	10176.8
18557	0.20056	18524.6	6174.86
18558	0.10828	10001	5000.52
18559	0.29461	27210.8	6802.71
18560	0.19966	18441.2	3688.24
18561	0.26816	24767.8	6191.95
18562	0.28366	26199.3	8733.1
18563	0.26813	24765.4	4953.09
18564	0.23117	21351.3	5337.82
18565	0.16944	15650.3	5216.76
18566	0.33035	30512.3	15256.1
18567	0.20773	19186.2	4796.55
18568	0.00000	0	0
18569	0.06585	6081.98	3040.99
18570	0.13580	12543.1	12543.1
18571	0.21233	19611	6537
18572	0.15675	14477.5	4825.84
18573	0.15575	14385.8	4795.26
18574	0.12643	11677.9	3892.65
18575	0.03332	3077.99	3077.99
18576	0.30440	28115.5	9371.84
18577	0.29323	27083.7	6770.92
18578	0.18379	16975.3	4243.82
18579	0.21798	20133.1	6711.02
18580	0.45395	41928.2	6988.03
18581	0.22060	20375.3	5093.84
18582	0.13905	12843.4	3210.86
18583	0.26147	24150.3	8050.09
18584	0.38966	35990	17995
18585	0.22333	20627.8	10313.9
18586	0.24927	23023.2	4604.64
18587	0.41326	38170.4	7634.08
18588	0.18987	17536.9	8768.44
18589	0.33015	30493.7	7623.42
18590	0.40685	37577.7	12525.9
18591	0.12935	11947.1	3982.36
18592	0.06942	6411.41	3205.7
18593	0.12795	11817.4	5908.7
18594	0.70142	64785	32392.5
18595	0.14197	13112.6	3278.16
18596	0.30157	27853.8	13926.9
18597	0.23043	21283	5320.76
18598	0.18715	17285.3	3457.06
18599	0.29809	27532.8	5506.56
18600	0.25143	23222.7	7740.9
