#IID	F_ROH	ROH_length_kB	KBAVG
4551	0.31872	29930.5	7482.63
4552	0.04722	4433.86	4433.86
4553	0.21903	20568.7	6856.24
4554	0.61082	57360.6	9560.09
4555	0.39811	37385.9	9346.46
4556	0.34695	32581	4654.43
4557	0.18632	17497	8748.5
4558	0.21303	20005	6668.32
4559	0.42784	40177	13392.3
4560	0.37389	35111.5	8777.88
4561	0.47281	44400.7	22200.3
4562	0.95478	89660.8	44830.4
4563	0.41815	39267.4	7853.48
4564	0.30931	29046.5	9682.17
4565	0.29822	28005.3	5601.05
4566	0.15402	14463.2	14463.2
4567	0.24797	23286.2	5821.55
4568	0.40491	38024	7604.79
4569	0.29357	27568.1	9189.37
4570	0.26741	25111.6	5022.31
4571	0.10833	10172.8	5086.4
4572	0.87914	82557.5	41278.8
4573	0.19477	18290.3	6096.78
4574	0.39990	37553.8	6258.97
4575	0.31867	29925.7	9975.23
4576	0.42726	40123.1	8024.62
4577	0.17502	16435.7	8217.85
4578	0.07266	6822.9	6822.9
4579	0.39746	37324.1	6220.69
4580	0.35623	33452.8	6690.56
4581	0.25293	23751.6	7917.19
4582	0.33092	31075.7	10358.6
4583	0.45886	43089.9	21545
4584	0.37793	35490.3	7098.06
4585	0.42120	39553.9	9888.49
4586	0.18803	17657.3	8828.67
4587	0.18318	17201.8	5733.93
4588	0.11173	10492.5	5246.27
4589	0.42869	40256.7	5750.96
4590	0.62318	58521.2	9753.54
4591	0.37456	35173.5	8793.38
4592	0.29051	27281.2	6820.3
4593	0.22936	21538.2	10769.1
4594	0.13841	12997.9	6498.94
4595	0.21544	20231.4	5057.85
4596	0.24612	23112.1	7704.04
4597	0.28360	26631.8	26631.8
4598	0.53626	50358.4	16786.1
4599	0.19177	18008.8	6002.93
4600	0.20117	18891	9445.48
