#IID	F_ROH	ROH_length_kB	KBAVG
6551	0.50857	47008	11752
6552	0.53774	49705	8284.17
6553	0.81451	75286.9	12547.8
6554	0.54686	50547.3	10109.5
6555	0.61396	56749.4	7093.68
6556	0.51315	47431.6	9486.32
6557	0.33058	30556.5	6111.29
6558	0.65546	60585.7	10097.6
6559	0.25164	23259.7	4651.95
6560	0.74676	69024.9	9860.7
6561	0.70426	65096.3	9299.48
6562	0.37044	34240.8	8560.19
6563	0.52962	48954	6993.43
6564	0.61387	56741.2	9456.87
6565	0.82009	75802.8	15160.6
6566	0.54223	50120	10024
6567	0.59839	55310.4	11062.1
6568	0.63637	58820.7	11764.1
6569	0.69710	64434.3	9204.89
6570	0.72130	66671.1	11111.8
6571	0.59502	54998.9	9166.48
6572	0.79877	73831.7	12305.3
6573	0.76727	70920.2	17730
6574	0.48817	45122.4	7520.41
6575	0.65682	60711.1	7588.88
6576	0.52517	48542.5	8090.41
6577	0.41437	38301.3	9575.33
6578	0.61615	56952.5	9492.08
6579	0.40576	37505.2	9376.3
6580	0.67535	62424.3	12484.9
6581	0.39181	36215.5	9053.88
6582	0.56945	52635.4	8772.57
6583	0.52179	48230.7	8038.46
6584	0.46653	43122.7	8624.53
6585	0.65873	60887.5	15221.9
6586	0.58539	54108.9	10821.8
6587	0.49395	45657.2	7609.54
6588	0.83370	77061.1	12843.5
6589	0.49030	45319.1	7553.19
6590	0.63746	58921.9	29460.9
6591	0.57429	53082.6	6635.33
6592	0.70244	64928.5	10821.4
6593	0.56686	52396.1	10479.2
6594	0.71978	66531.2	11088.5
6595	0.68592	63401.2	21133.7
6596	0.71163	65777.3	10962.9
6597	0.59000	54535.2	18178.4
6598	0.79939	73889.6	18472.4
6599	0.59081	54610	18203.3
6600	0.63106	58330.6	8332.94
