#IID	F_ROH	ROH_length_kB	KBAVG
2551	0.55778	51503.4	7357.63
2552	0.43976	40605.9	6767.65
2553	0.29988	27689.5	9229.84
2554	0.24083	22237.1	7412.38
2555	0.55572	51313.4	10262.7
2556	0.40892	37758	9439.51
2557	0.43162	39854.7	9963.68
2558	0.61702	56973.6	18991.2
2559	0.66236	61159.6	8737.08
2560	0.38711	35744.2	8936.04
2561	0.28306	26137.2	8712.41
2562	0.57399	53000	10600
2563	0.74439	68734.5	13746.9
2564	0.39359	36342.3	7268.45
2565	0.43895	40530.8	8106.17
2566	0.53084	49016.3	16338.8
2567	0.69523	64195.2	32097.6
2568	0.44332	40934.4	6822.41
2569	0.71936	66423.3	33211.6
2570	0.30222	27905.6	9301.86
2571	0.41347	38178.2	9544.56
2572	0.42900	39612.5	13204.2
2573	0.78597	72574.1	18143.5
2574	0.42970	39677.3	7935.45
2575	0.25744	23771	11885.5
2576	0.39386	36367.3	12122.4
2577	0.46572	43003.3	14334.4
2578	0.37254	34399.3	8599.82
2579	0.49043	45284.8	22642.4
2580	0.35227	32527.7	6505.55
2581	0.54272	50112.5	10022.5
2582	0.41078	37930.2	12643.4
2583	0.46469	42907.5	10726.9
2584	0.42356	39110.3	6518.38
2585	0.39452	36429	9107.24
2586	0.40110	37036.4	9259.09
2587	0.28972	26751.5	8917.16
2588	0.55507	51252.8	12813.2
2589	0.29671	27397.4	6849.35
2590	0.42554	39293.3	7858.65
2591	0.37980	35069.2	11689.7
2592	0.50138	46296	11574
2593	0.47060	43453.1	8690.62
2594	0.39762	36714.8	7342.96
2595	0.40856	37725.2	9431.29
2596	0.49283	45505.8	11376.5
2597	0.30941	28570	7142.49
2598	0.42639	39371.7	13123.9
2599	0.75389	69611.6	13922.3
2600	0.27828	25695.2	8565.08
