#IID	F_ROH	ROH_length_kB	KBAVG
10551	0.27478	25402.4	6350.6
10552	0.52868	48873.8	8145.63
10553	0.11536	10664.2	3554.73
10554	0.31317	28951.2	9650.4
10555	0.36668	33897.4	6779.49
10556	0.10523	9727.86	4863.93
10557	0.40326	37279.9	9319.97
10558	0.19091	17648.8	5882.92
10559	0.13376	12365.9	4121.98
10560	0.20630	19071.6	3814.33
10561	0.21013	19425.2	6475.06
10562	0.19938	18431.7	4607.92
10563	0.36901	34113.1	11371
10564	0.38713	35788.1	11929.4
10565	0.47195	43629.7	14543.2
10566	0.22029	20365.1	10182.6
10567	0.21461	19839.8	4959.96
10568	0.23405	21637.2	7212.42
10569	0.18432	17039.8	3407.95
10570	0.31655	29264	14632
10571	0.28557	26399.6	13199.8
10572	0.24198	22370.3	5592.58
10573	0.20519	18969.3	6323.1
10574	0.18932	17502	5834.01
10575	0.67108	62038.2	15509.5
10576	0.37935	35069.2	5844.86
10577	0.29927	27666.1	27666.1
10578	0.12352	11418.6	5709.29
10579	0.15503	14331.7	4777.24
10580	0.20792	19220.9	4805.23
10581	0.37223	34411.2	8602.8
10582	0.12964	11984.4	5992.19
10583	0.25140	23240.9	3873.48
10584	0.20079	18562.4	6187.46
10585	0.46314	42815.2	14271.7
10586	0.46863	43322.2	10830.5
10587	0.35296	32629.7	5438.28
10588	0.30585	28274.1	4712.36
10589	0.07794	7205.41	7205.41
10590	0.16849	15576.5	5192.18
10591	0.70474	65150.1	9307.15
10592	0.04417	4083.3	4083.3
10593	0.24416	22571.2	5642.8
10594	0.30323	28031.8	4004.55
10595	0.48955	45257	9051.39
10596	0.11912	11012.5	11012.5
10597	0.28324	26184.2	8728.06
10598	0.36328	33583.7	8395.93
10599	0.28832	26653.5	5330.7
10600	0.23212	21458.7	3576.45
