#IID	F_ROH	ROH_length_kB	KBAVG
8551	0.28788	26575.4	5315.07
8552	0.34764	32092.8	6418.55
8553	0.57790	53348.6	17782.9
8554	0.42378	39121	6520.16
8555	0.44660	41227.6	8245.52
8556	0.27747	25614.7	8538.23
8557	0.60615	55957	6994.63
8558	0.77884	71898.5	23966.2
8559	0.42805	39515.7	5645.09
8560	0.55793	51505.1	12876.3
8561	0.50480	46600.6	9320.12
8562	0.46115	42570.8	6081.54
8563	0.38204	35268.1	7053.63
8564	0.49778	45952.8	9190.56
8565	0.30298	27969.4	9323.15
8566	0.39063	36061.5	9015.37
8567	0.42799	39509.6	9877.39
8568	0.39434	36403.4	9100.85
8569	0.48791	45041.5	9008.31
8570	0.72620	67039.1	13407.8
8571	0.66541	61427.9	8775.42
8572	0.35996	33230.1	5538.35
8573	0.59140	54595.7	13648.9
8574	0.40285	37189.6	6198.27
8575	0.57238	52839.2	7548.46
8576	0.37661	34767.3	8691.83
8577	0.26707	24654.6	8218.21
8578	0.44671	41238.3	6873.04
8579	0.55216	50972.6	7281.8
8580	0.27916	25770.4	8590.15
8581	0.52231	48217.3	6888.18
8582	0.25487	23528	4705.6
8583	0.50393	46520.8	7753.47
8584	0.43200	39880.4	5697.2
8585	0.30974	28593.9	5718.79
8586	0.28915	26692.8	5338.56
8587	0.46279	42722.7	7120.44
8588	0.38610	35642.9	5091.84
8589	0.59130	54586.4	10917.3
8590	0.27801	25664.6	6416.14
8591	0.51224	47287.9	5910.99
8592	0.38489	35531.1	8882.77
8593	0.45988	42453.6	8490.71
8594	0.39250	36233.3	12077.8
8595	0.40766	37633.6	7526.72
8596	0.35742	32995.3	6599.06
8597	0.33380	30815.2	10271.7
8598	0.56218	51897.6	8649.6
8599	0.47026	43412.4	7235.39
8600	0.48666	44925.8	7487.64
