#IID	F_ROH	ROH_length_kB	KBAVG
4551	0.13527	12505.9	4168.62
4552	0.20267	18737.3	4684.33
4553	0.08624	7972.88	3986.44
4554	0.49316	45594.5	15198.2
4555	0.29303	27091.7	5418.34
4556	0.54334	50234	12558.5
4557	0.17745	16405.7	5468.56
4558	0.19072	17632.8	8816.42
4559	0.43580	40291.6	10072.9
4560	0.21234	19631.5	4907.87
4561	0.45513	42078.4	8415.67
4562	0.34297	31709.1	7927.29
4563	0.59611	55113.3	11022.7
4564	0.10546	9750.43	9750.43
4565	0.74955	69299.2	17324.8
4566	0.17448	16131.2	8065.6
4567	0.30079	27809.4	9269.79
4568	0.26873	24845.6	8281.87
4569	0.29773	27526.7	6881.69
4570	0.19566	18089.9	9044.94
4571	0.24951	23068.2	5767.06
4572	0.27866	25763.1	6440.78
4573	0.28403	26259.4	6564.86
4574	0.21831	20183.7	6727.91
4575	0.24406	22564.1	7521.37
4576	0.00000	0	0
4577	0.13491	12473.3	12473.3
4578	0.18784	17366.4	8683.22
4579	0.33217	30710.3	6142.05
4580	0.46243	42753.7	8550.74
4581	0.31563	29181.5	7295.38
4582	0.22870	21144.7	5286.18
4583	0.38991	36048.9	9012.22
4584	0.27497	25422.1	6355.52
4585	0.32103	29680.3	9893.43
4586	0.13051	12065.8	4021.92
4587	0.04319	3992.82	3992.82
4588	0.26653	24642.2	8214.06
4589	0.53359	49332.7	9866.53
4590	0.29683	27443.3	5488.67
4591	0.95007	87838.1	29279.4
4592	0.27981	25870	6467.49
4593	0.37070	34273.2	11424.4
4594	0.44023	40701	13567
4595	0.29524	27296	6824.01
4596	0.43307	40039.4	13346.5
4597	0.16978	15696.7	3924.16
4598	0.19986	18478.1	6159.36
4599	0.64409	59548.8	8506.98
4600	0.30530	28226.1	7056.54
