#IID	F_ROH	ROH_length_kB	KBAVG
4551	0.49094	45356.3	9071.27
4552	0.36868	34060.7	5676.78
4553	0.39243	36255.3	6042.54
4554	0.21798	20138.2	6712.73
4555	0.39599	36583.8	7316.75
4556	0.31901	29471.8	5894.35
4557	0.35626	32913.5	6582.7
4558	0.29601	27347	5469.4
4559	0.50088	46273.8	5784.23
4560	0.39984	36939.7	12313.2
4561	0.23382	21601.7	10800.9
4562	0.20926	19332.5	9666.27
4563	0.27776	25661.2	5132.23
4564	0.18894	17455.2	8727.62
4565	0.36449	33674.1	6734.82
4566	0.34776	32128.4	8032.11
4567	0.49815	46022.2	6574.6
4568	0.33590	31032.3	7758.08
4569	0.24598	22725.1	4545.02
4570	0.60510	55902.6	9317.09
4571	0.58834	54354.5	6794.31
4572	0.23427	21643.3	7214.42
4573	0.42628	39382.2	5626.03
4574	0.41723	38546	6424.34
4575	0.30909	28555.9	7138.99
4576	0.45861	42369.3	10592.3
4577	0.40946	37828	7565.6
4578	0.43861	40521.2	6753.53
4579	0.29631	27374.5	6843.61
4580	0.66746	61663.6	10277.3
4581	0.45522	42056.2	14018.7
4582	0.48872	45150.9	7525.14
4583	0.24731	22848.1	4569.63
4584	0.52384	48395.3	8065.89
4585	0.21606	19960.5	6653.49
4586	0.36172	33417.5	4773.93
4587	0.38188	35280.5	5880.08
4588	0.17910	16546.6	8273.29
4589	0.20553	18988.3	3797.65
4590	0.29312	27080.1	4513.36
4591	0.75457	69711.5	23237.2
4592	0.23795	21983.5	4396.71
4593	0.28799	26606.3	6651.58
4594	0.54230	50101	7157.29
4595	0.37686	34816.4	8704.11
4596	0.45212	41769.6	8353.91
4597	0.32271	29813.6	7453.4
4598	0.28969	26763.5	5352.7
4599	0.38306	35389	5898.16
4600	0.40310	37240.9	7448.18
