#IID	F_ROH	ROH_length_kB	KBAVG
2551	0.33187	30683.8	7670.96
2552	0.11658	10778.9	10778.9
2553	0.18431	17040.7	8520.36
2554	0.11744	10857.6	5428.78
2555	0.38475	35572.9	11857.6
2556	0.19238	17787.1	5929.02
2557	0.35599	32913.7	6582.74
2558	0.23601	21820.1	7273.36
2559	0.42465	39261.8	6543.64
2560	0.33537	31007.3	10335.8
2561	0.20708	19146.2	6382.07
2562	0.09731	8997.21	4498.61
2563	0.64511	59644.1	14911
2564	0.15905	14705.1	4901.71
2565	0.44582	41218.7	6869.79
2566	0.30481	28181.2	9393.75
2567	0.33286	30774.6	6154.93
2568	0.28664	26501.2	8833.73
2569	0.44303	40960.4	10240.1
2570	0.13537	12515.8	4171.93
2571	0.51391	47514.2	9502.84
2572	0.27003	24965.7	6241.43
2573	0.26938	24906	12453
2574	0.25473	23551.2	5887.79
2575	0.25291	23383.4	4676.67
2576	0.24157	22334.2	4466.84
2577	0.29061	26868.3	6717.07
2578	0.18512	17115.5	5705.16
2579	0.27303	25243.3	8414.43
2580	0.45658	42213.9	6030.55
2581	0.41515	38382.7	6397.11
2582	0.28590	26433.6	6608.4
2583	0.22117	20448.2	5112.06
2584	0.39722	36725.2	9181.3
2585	0.23651	21866.5	7288.83
2586	0.04368	4038.53	4038.53
2587	0.19931	18427.5	6142.51
2588	0.20817	19246.3	4811.57
2589	0.59846	55330.8	13832.7
2590	0.47866	44254.9	8850.99
2591	0.22251	20572.7	5143.19
2592	0.10769	9956.78	3318.93
2593	0.35682	32989.7	10996.6
2594	0.10509	9716.35	4858.18
2595	0.18484	17090	4272.5
2596	0.34523	31918.6	10639.5
2597	0.46833	43299.6	14433.2
2598	0.39569	36583.9	12194.6
2599	0.35668	32977.2	16488.6
2600	0.35953	33241	6648.2
