#IID	F_ROH	ROH_length_kB	KBAVG
2551	0.18715	17573.8	5857.95
2552	0.25472	23918.5	5979.64
2553	0.32571	30584.9	6116.97
2554	0.15240	14310.8	4770.25
2555	0.41521	38988.9	7797.78
2556	0.16810	15785.2	7892.59
2557	0.16612	15599.2	7799.61
2558	0.31162	29261.7	5852.34
2559	0.20011	18790.2	6263.41
2560	0.63798	59906.8	19968.9
2561	0.40162	37712.7	9428.16
2562	0.38186	35857.3	8964.33
2563	0.15208	14280.4	4760.12
2564	0.16301	15307	5102.33
2565	0.11784	11064.9	5532.45
2566	0.09906	9301.67	4650.84
2567	0.28566	26823.5	5364.71
2568	0.05619	5276.1	5276.1
2569	0.28421	26687.2	6671.8
2570	0.39309	36911.7	12303.9
2571	0.11123	10444.8	5222.38
2572	0.19458	18271.7	6090.57
2573	0.17936	16841.9	5613.95
2574	0.28891	27128.8	13564.4
2575	0.52107	48929.4	24464.7
2576	0.40983	38483.1	9620.77
2577	0.24151	22678.1	11339
2578	0.16074	15093.4	7546.72
2579	0.37745	35443	11814.3
2580	0.36271	34058.5	5676.42
2581	0.24429	22938.9	11469.5
2582	0.00000	0	0
2583	0.30154	28315	9438.33
2584	0.44407	41698.9	13899.6
2585	0.05619	5276.1	5276.1
2586	0.57261	53768.7	10753.7
2587	0.23172	21758.4	7252.81
2588	0.10257	9631.29	4815.65
2589	0.19604	18408	4602
2590	0.22175	20822.8	6940.92
2591	0.27124	25469.9	6367.46
2592	0.05843	5486.8	5486.8
2593	0.24499	23005.2	7668.39
2594	0.33637	31585.9	10528.6
2595	0.39386	36983.9	12328
2596	0.05659	5313.62	5313.62
2597	0.13617	12786.9	6393.47
2598	0.13127	12326.2	4108.74
2599	0.19836	18626.4	4656.61
2600	0.33752	31693.6	6338.73
