#IID	F_ROH	ROH_length_kB	KBAVG
6551	0.18777	17628.8	8814.42
6552	0.37599	35298.9	7059.78
6553	0.25366	23814.9	7938.32
6554	0.44383	41668.1	6944.68
6555	0.16915	15880	15880
6556	0.35364	33200.5	11066.8
6557	0.10064	9448.89	9448.89
6558	0.38416	36066	6011
6559	0.37113	34842.5	11614.2
6560	0.10903	10236.5	5118.23
6561	0.27490	25809	6452.26
6562	0.21630	20306.8	10153.4
6563	0.29960	28127.9	7031.97
6564	0.31804	29858.9	7464.73
6565	0.25515	23954.2	5988.54
6566	0.45956	43145.1	8629.02
6567	0.23432	21998.3	5499.59
6568	0.05105	4793.07	4793.07
6569	0.45770	42970.7	10742.7
6570	0.09404	8828.87	4414.43
6571	0.37722	35415.1	8853.77
6572	0.33887	31814.5	7953.62
6573	0.43556	40891.6	20445.8
6574	0.31233	29323	5864.59
6575	0.51420	48274.6	9654.92
6576	0.19104	17935.2	5978.39
6577	0.35187	33034.8	5505.79
6578	0.39916	37474.1	7494.83
6579	0.36557	34320.8	6864.15
6580	0.31774	29830.5	9943.51
6581	0.64302	60369.1	10061.5
6582	0.07579	7115.68	7115.68
6583	0.35934	33736	8434
6584	0.14685	13786.5	4595.51
6585	0.33702	31640.3	7910.08
6586	0.22005	20658.6	6886.2
6587	0.14426	13543.3	4514.42
6588	0.43055	40421.2	10105.3
6589	0.31548	29618.2	14809.1
6590	0.17966	16867.5	5622.5
6591	0.20889	19611.5	4902.87
6592	0.16371	15369.2	7684.58
6593	0.29060	27282.9	9094.29
6594	0.12659	11884.9	5942.46
6595	0.37683	35377.8	7075.57
6596	0.42974	40345.3	10086.3
6597	0.13004	12209	6104.51
6598	0.26188	24586.6	4917.32
6599	0.48005	45068.3	11267.1
6600	0.16196	15205.2	3801.29
