#IID	F_ROH	ROH_length_kB	KBAVG
4551	0.22004	20316.4	10158.2
4552	0.37060	34217.2	6843.44
4553	0.63204	58356.5	7294.56
4554	0.49499	45702.4	6528.92
4555	0.37046	34204.4	5700.73
4556	0.50403	46537.2	6648.17
4557	0.47332	43701.5	8740.3
4558	0.54247	50086.3	8347.72
4559	0.63518	58646.7	7330.83
4560	0.42655	39383.3	6563.88
4561	0.47741	44079.8	7346.64
4562	0.38452	35503.1	5917.18
4563	0.23970	22131.2	5532.81
4564	0.22348	20634.2	4126.83
4565	0.52140	48140.9	9628.17
4566	0.42257	39016.2	13005.4
4567	0.48432	44717.2	6388.18
4568	0.45680	42176.4	14058.8
4569	0.31579	29157.3	5831.45
4570	0.48556	44831.8	8966.35
4571	0.62044	57285.6	14321.4
4572	0.22813	21063.2	7021.05
4573	1.00000	92330.2	92330.2
4574	0.22018	20329.7	6776.57
4575	0.46347	42792.4	7132.07
4576	0.44859	41418.6	5916.95
4577	0.48805	45061.6	7510.27
4578	0.46130	42591.8	6084.54
4579	0.92757	85642.5	28547.5
4580	0.27741	25613.2	5122.63
4581	0.49678	45867.9	9173.58
4582	0.44991	41540.1	6923.35
4583	0.51099	47179.8	7863.3
4584	0.55256	51018.1	7288.29
4585	0.47467	43826.1	10956.5
4586	0.42777	39496.2	7899.24
4587	0.49797	45977.4	5747.18
4588	0.56201	51890.2	8648.37
4589	0.49315	45533	7588.83
4590	0.56995	52623.4	7517.63
4591	0.35115	32421.3	6484.25
4592	0.33521	30949.7	6189.94
4593	0.45000	41548.7	6924.79
4594	0.58246	53778.8	8963.13
4595	0.40385	37287.8	7457.56
4596	0.62591	57790.6	9631.77
4597	0.98167	90637.6	90637.6
4598	0.60673	56019.9	14005
4599	0.41502	38319	7663.8
4600	0.42159	38925.3	5560.75
