#IID	F_ROH	ROH_length_kB	KBAVG
8551	0.19837	18241.8	6080.6
8552	0.77553	71316.3	17829.1
8553	0.28628	26325.7	5265.15
8554	0.29944	27536.3	5507.27
8555	0.21797	20044.1	5011.03
8556	0.13060	12009.7	6004.87
8557	0.28025	25771.4	6442.85
8558	0.23676	21772.4	7257.46
8559	0.43504	40005.3	8001.07
8560	0.08190	7531.51	3765.75
8561	0.45409	41756.9	8351.38
8562	0.38083	35020.7	8755.18
8563	0.25833	23755.4	4751.07
8564	0.34223	31470.8	7867.71
8565	0.25089	23071.7	5767.93
8566	0.24170	22225.9	5556.49
8567	0.31384	28860.6	14430.3
8568	0.34900	32093.9	8023.47
8569	0.34376	31611.5	6322.31
8570	0.28506	26214	5242.8
8571	0.23228	21359.9	5339.96
8572	0.15196	13974.4	4658.13
8573	0.40793	37512.3	12504.1
8574	0.09550	8781.86	4390.93
8575	0.48461	44564.3	7427.38
8576	0.06792	6245.74	6245.74
8577	0.21944	20179.2	5044.79
8578	0.25095	23076.6	7692.19
8579	0.19310	17757.3	4439.33
8580	0.17555	16143	5381
8581	0.40689	37417	7483.4
8582	0.39361	36196	9048.99
8583	0.31781	29225.3	9741.76
8584	0.06234	5732.27	5732.27
8585	0.15623	14367.1	4789.05
8586	0.48694	44778.2	8955.65
8587	0.00000	0	0
8588	0.29787	27391.8	6847.95
8589	0.25513	23460.9	7820.29
8590	0.19304	17751.5	8875.73
8591	0.20406	18765.1	6255.05
8592	0.26744	24593.6	4918.73
8593	0.39474	36300	12100
8594	0.49389	45417.3	7569.55
8595	0.05477	5036.2	5036.2
8596	0.47583	43756.3	7292.71
8597	0.27662	25437.1	5087.42
8598	0.18342	16867.3	5622.45
8599	0.10882	10007.3	5003.64
8600	0.29375	27012.6	4502.1
