#IID	F_ROH	ROH_length_kB	KBAVG
8551	0.21417	19778.2	4944.55
8552	0.50585	46715.6	6673.66
8553	0.12420	11470	5734.98
8554	0.46032	42511	10627.8
8555	0.15273	14104.3	4701.43
8556	0.42647	39384.8	13128.3
8557	0.24858	22956.4	5739.09
8558	0.43291	39979	5711.29
8559	0.30791	28435.3	7108.82
8560	0.50529	46663.2	9332.64
8561	0.27951	25812.9	6453.23
8562	0.43747	40400.1	10100
8563	0.42045	38828.4	9707.09
8564	0.29648	27380.3	6845.07
8565	0.24915	23009.1	5752.27
8566	0.30567	28228.4	9409.46
8567	0.29550	27289.8	6822.45
8568	0.24314	22454.2	5613.54
8569	0.17321	15995.6	7997.8
8570	0.79539	73454.3	36727.1
8571	0.25729	23760.5	7920.18
8572	0.28851	26643.9	6660.98
8573	0.53331	49251.2	9850.23
8574	0.28986	26768.2	5353.65
8575	0.29813	27531.9	6882.97
8576	0.44503	41098.7	13699.6
8577	0.22239	20537.7	5134.43
8578	0.10481	9679.52	4839.76
8579	0.11988	11070.6	11070.6
8580	0.31584	29168.2	7292.05
8581	0.30731	28380.3	5676.06
8582	0.26407	24387.1	6096.77
8583	0.21115	19500	6500
8584	0.46894	43306.5	7217.75
8585	0.12874	11889	5944.48
8586	0.27378	25283.5	6320.89
8587	0.15823	14612.7	4870.9
8588	0.48608	44889.5	14963.2
8589	0.09080	8385.02	4192.51
8590	0.38911	35934.6	8983.66
8591	0.26341	24325.6	8108.54
8592	0.37939	35036.5	7007.29
8593	0.31343	28945.4	5789.07
8594	0.62528	57744.2	14436
8595	0.04384	4048.95	4048.95
8596	0.31937	29493.8	7373.45
8597	0.33267	30722.2	7680.54
8598	0.38723	35760.8	7152.15
8599	0.22887	21135.8	7045.26
8600	0.22583	20855.1	5213.78
