#IID	F_ROH	ROH_length_kB	KBAVG
2551	0.25395	23842.8	5960.7
2552	0.41900	39339.4	9834.85
2553	0.28530	26786	8928.67
2554	0.17066	16023	5340.99
2555	0.61111	57376.2	28688.1
2556	0.33212	31182.3	7795.57
2557	0.04107	3855.71	3855.71
2558	0.30884	28996.5	5799.3
2559	0.20725	19458.6	6486.19
2560	0.19005	17843.2	5947.74
2561	0.19099	17931.5	4482.87
2562	0.32185	30217.8	7554.44
2563	0.78421	73628.4	14725.7
2564	0.56392	52945.5	17648.5
2565	0.28274	26545.6	8848.54
2566	0.21048	19761.8	4940.45
2567	0.29380	27584.5	6896.13
2568	0.42014	39446.2	6574.37
2569	0.08768	8231.82	4115.91
2570	0.29895	28067.6	5613.51
2571	0.11731	11013.6	5506.8
2572	0.27777	26079	6519.74
2573	0.24888	23366.6	4673.31
2574	0.48523	45557.6	11389.4
2575	0.05669	5322.2	5322.2
2576	0.16945	15909.6	5303.2
2577	0.14609	13716.1	6858.04
2578	0.33735	31673.5	7918.38
2579	0.44683	41952.3	6992.04
2580	0.14404	13523.7	4507.9
2581	0.25517	23957.9	7985.98
2582	0.46484	43643.2	10910.8
2583	0.10101	9483.97	4741.99
2584	0.08566	8042.85	8042.85
2585	0.28571	26824.4	6706.1
2586	0.50095	47033.4	9406.69
2587	0.14804	13898.9	4632.98
2588	0.24700	23190.5	5797.62
2589	0.15744	14781.8	7390.88
2590	0.07844	7364.14	7364.14
2591	0.05140	4826.04	4826.04
2592	0.44359	41647.8	10412
2593	0.47076	44198.9	11049.7
2594	0.13102	12301.6	6150.79
2595	0.19743	18536.2	4634.06
2596	0.23382	21952.8	5488.21
2597	0.38704	36338.6	12112.9
2598	0.42231	39649.8	9912.46
2599	0.10543	9898.94	9898.94
2600	0.11364	10669.4	5334.7
