#IID	F_ROH	ROH_length_kB	KBAVG
10551	0.25155	23633.9	7877.96
10552	0.40917	38443.8	9610.96
10553	0.25373	23839.5	7946.51
10554	0.18304	17197.5	8598.75
10555	0.28125	26424.4	6606.11
10556	0.17431	16377.4	16377.4
10557	0.23221	21817.1	7272.35
10558	0.17237	16195.4	8097.69
10559	0.44265	41589	20794.5
10560	0.89079	83693.9	27898
10561	0.36800	34575.6	6915.11
10562	0.33973	31919.2	7979.81
10563	0.03895	3659.98	3659.98
10564	0.18416	17303.1	17303.1
10565	0.07013	6588.94	6588.94
10566	0.33602	31571.1	15785.5
10567	0.63185	59365	14841.2
10568	0.42179	39629.5	9907.37
10569	0.56415	53004.2	17668.1
10570	0.09425	8854.92	4427.46
10571	0.00000	0	0
10572	0.00000	0	0
10573	0.16856	15837	3959.26
10574	0.09071	8522.35	4261.18
10575	0.13148	12353.5	12353.5
10576	0.46136	43346.5	10836.6
10577	0.32473	30509.9	7627.48
10578	0.14696	13808	6904
10579	0.13581	12759.7	6379.87
10580	0.42493	39923.8	19961.9
10581	0.42800	40212.9	13404.3
10582	0.31654	29740.3	7435.08
10583	0.04851	4558.07	4558.07
10584	0.00000	0	0
10585	0.32562	30593.7	7648.44
10586	0.05091	4783.48	4783.48
10587	0.09682	9096.82	4548.41
10588	0.17257	16214.2	16214.2
10589	0.07437	6987.15	6987.15
10590	0.13259	12457.8	6228.9
10591	0.44088	41422.4	10355.6
10592	0.34995	32879.1	16439.6
10593	0.04669	4387.08	4387.08
10594	0.38084	35781.9	11927.3
10595	0.11319	10634.5	5317.25
10596	0.07827	7354	3677
10597	0.29534	27748.3	13874.1
10598	0.16963	15937.9	15937.9
10599	0.32324	30369.6	10123.2
10600	0.27550	25884.5	12942.3
