#IID	F_ROH	ROH_length_kB	KBAVG
14551	0.43140	39871.7	9967.93
14552	0.25816	23859.9	7953.31
14553	0.41738	38576.2	12858.7
14554	0.16986	15699.2	5233.07
14555	0.28258	26117.7	6529.42
14556	0.35328	32651.2	10883.7
14557	0.26281	24290	12145
14558	0.22034	20365.1	10182.6
14559	0.29164	26954.8	5390.96
14560	0.36821	34031.7	11343.9
14561	0.08232	7608.29	3804.15
14562	0.32839	30351.3	6070.26
14563	0.16741	15472.9	5157.62
14564	0.36143	33405.3	6681.07
14565	0.42331	39124	7824.8
14566	0.27830	25721.7	8573.91
14567	0.35269	32596.8	6519.35
14568	0.18226	16845.2	5615.07
14569	0.26320	24325.9	8108.63
14570	0.09890	9140.39	9140.39
14571	0.16921	15639.4	7819.68
14572	0.23905	22093.8	11046.9
14573	0.26818	24786.6	8262.2
14574	0.40839	37745.1	9436.27
14575	0.29817	27558.3	9186.1
14576	0.26908	24869.2	6217.3
14577	0.33353	30826.5	7706.63
14578	0.30318	28020.8	7005.21
14579	0.16983	15696	7848.02
14580	0.17607	16272.8	4068.21
14581	0.24455	22602.6	5650.65
14582	0.33564	31021.3	6204.27
14583	0.34104	31520.7	5253.45
14584	0.19531	18051.2	6017.07
14585	0.24513	22656	5663.99
14586	0.15379	14213.9	4737.97
14587	0.20817	19239.9	9619.93
14588	0.22485	20781.3	6927.11
14589	0.12241	11313.3	3771.11
14590	0.43588	40285.7	10071.4
14591	0.32762	30280.3	5046.72
14592	0.20187	18657.4	4664.36
14593	0.26468	24462.6	6115.64
14594	0.04995	4616.3	4616.3
14595	0.27777	25672.9	8557.62
14596	0.24490	22634.7	4526.94
14597	0.25527	23593	5898.24
14598	0.30325	28027.8	5605.57
14599	0.18199	16820.7	5606.91
14600	0.05217	4821.52	4821.52
