#IID	F_ROH	ROH_length_kB	KBAVG
4551	0.38427	36059.8	12019.9
4552	0.29660	27832.7	6958.18
4553	0.42887	40245.2	40245.2
4554	0.05741	5386.92	5386.92
4555	0.16766	15733.1	7866.54
4556	0.00000	0	0
4557	0.17558	16476.3	5492.12
4558	0.12721	11937	5968.48
4559	0.03674	3447.33	3447.33
4560	0.98079	92038.1	46019
4561	0.31448	29511.4	9837.14
4562	0.18906	17741.1	8870.54
4563	0.24358	22858	7619.33
4564	0.00000	0	0
4565	0.30372	28501.2	7125.31
4566	0.20579	19311.5	6437.18
4567	0.57770	54212.1	10842.4
4568	0.10314	9678.46	9678.46
4569	0.22767	21364.3	5341.07
4570	0.27802	26089.5	4348.25
4571	0.15932	14950.5	4983.5
4572	0.06685	6273.33	6273.33
4573	0.11702	10981.1	5490.57
4574	0.07902	7414.94	3707.47
4575	0.14014	13150.4	4383.47
4576	0.14495	13602.1	6801.06
4577	0.23272	21838.1	7279.35
4578	0.38771	36382.6	9095.65
4579	0.58258	54669.4	18223.1
4580	0.00000	0	0
4581	0.16925	15882.6	5294.21
4582	0.11903	11170.1	3723.36
4583	0.14713	13806.4	4602.13
4584	0.37016	34735.7	8683.93
4585	0.17065	16013.6	5337.85
4586	0.15280	14338.6	7169.29
4587	0.11088	10405.1	5202.53
4588	0.22163	20797.5	5199.37
4589	0.43287	40620.5	10155.1
4590	0.08403	7885.28	3942.64
4591	0.35805	33599.3	11199.8
4592	0.25946	24348	8115.99
4593	0.29741	27909	9303
4594	0.12716	11932.3	3977.44
4595	0.37008	34728.3	5788.05
4596	0.12336	11576.4	5788.19
4597	0.51729	48542.4	16180.8
4598	0.23873	22403	22403
4599	0.46530	43664	14554.7
4600	0.17421	16348	8174
