#IID	F_ROH	ROH_length_kB	KBAVG
2551	0.34960	32825.5	8206.38
2552	0.20822	19550.6	6516.86
2553	0.31854	29909.2	7477.31
2554	0.03550	3333.6	3333.6
2555	0.24782	23269.5	7756.48
2556	0.05012	4705.69	4705.69
2557	0.34837	32710.4	8177.59
2558	0.15595	14643.4	7321.71
2559	0.31587	29658.5	14829.3
2560	0.04024	3778.57	3778.57
2561	0.34885	32755.1	4679.31
2562	0.39331	36930.1	5275.73
2563	0.36649	34411.6	8602.91
2564	0.23908	22448.2	5612.04
2565	0.23451	22019.5	5504.88
2566	0.17501	16432.2	4108.04
2567	0.36817	34569.1	4938.45
2568	0.48503	45542.5	7590.41
2569	0.40411	37944	6324
2570	0.40116	37666.8	6277.8
2571	0.25750	24178.4	4835.67
2572	0.21099	19810.6	4952.65
2573	0.23261	21841.1	5460.29
2574	0.09466	8888.25	2962.75
2575	0.12498	11734.7	11734.7
2576	0.42253	39673.2	5667.6
2577	0.08619	8092.61	8092.61
2578	0.12566	11798.5	3932.83
2579	0.42666	40061.4	10015.4
2580	0.23974	22510.9	4502.17
2581	0.22429	21059.9	5264.97
2582	0.09156	8596.94	4298.47
2583	0.30804	28923.8	14461.9
2584	0.18704	17561.9	8780.93
2585	0.44158	41462.6	10365.6
2586	0.40275	37816	4727
2587	0.12965	12173.3	4057.75
2588	0.30799	28918.9	9639.64
2589	0.25219	23679.2	5919.81
2590	0.06599	6195.8	6195.8
2591	0.51562	48414.7	8069.11
2592	0.46006	43197.9	6171.13
2593	0.51323	48190.4	8031.73
2594	0.48616	45647.9	7607.98
2595	0.21192	19898.5	6632.84
2596	0.25610	24046.8	4007.79
2597	0.29670	27858.5	5571.69
2598	0.10495	9854.3	4927.15
2599	0.23410	21980.5	5495.13
2600	0.15059	14139.6	7069.79
