#IID	F_ROH	ROH_length_kB	KBAVG
4551	0.26495	24888.7	8296.22
4552	0.09912	9311.11	9311.11
4553	0.09998	9391.65	4695.82
4554	0.17369	16315.9	5438.65
4555	0.29082	27319.1	6829.78
4556	0.34827	32715.8	10905.3
4557	0.09626	9042.17	9042.17
4558	0.27690	26011.4	6502.86
4559	0.87451	82149.8	41074.9
4560	0.32414	30449.1	7612.29
4561	0.18189	17086.1	5695.37
4562	0.11144	10468.9	5234.45
4563	0.32695	30713.2	6142.64
4564	0.11332	10644.7	3548.23
4565	0.13967	13120.1	6560.07
4566	0.27259	25606.4	6401.59
4567	0.13278	12472.8	4157.59
4568	0.15826	14866.9	4955.63
4569	0.24116	22654.4	7551.47
4570	0.50094	47056.9	9411.38
4571	0.21267	19977.8	4994.46
4572	0.27776	26092.6	8697.55
4573	0.34541	32446.8	10815.6
4574	0.13320	12512.5	4170.84
4575	0.28228	26516.4	6629.09
4576	0.16166	15186.4	5062.12
4577	0.26064	24483.8	6120.94
4578	0.50659	47588	11897
4579	0.64458	60550.4	20183.5
4580	0.15139	14221.6	7110.78
4581	0.22344	20989.4	6996.45
4582	0.19261	18093.4	6031.14
4583	0.23561	22132.4	7377.47
4584	0.19849	18645.4	6215.14
4585	0.23928	22477.9	7492.63
4586	0.06397	6009.15	6009.15
4587	0.11020	10351.8	3450.59
4588	0.61869	58118.2	11623.6
4589	0.29928	28113.4	7028.34
4590	0.15060	14147.1	4715.69
4591	0.20996	19723	4930.76
4592	0.18787	17648.2	8824.08
4593	0.31268	29372.5	14686.2
4594	0.03459	3249.19	3249.19
4595	0.30420	28575.7	7143.92
4596	0.41811	39276.6	9819.16
4597	0.53813	50550.8	50550.8
4598	0.25179	23652.9	5913.22
4599	0.09134	8580.24	4290.12
4600	0.21102	19823.1	6607.69
