#IID	F_ROH	ROH_length_kB	KBAVG
6551	0.20174	18959.1	6319.71
6552	0.14007	13164	6582
6553	0.22426	21075.7	5268.94
6554	0.08434	7926.22	7926.22
6555	0.13696	12871.2	6435.62
6556	0.27174	25538.2	6384.55
6557	0.19726	18538.8	9269.4
6558	0.40485	38047.9	38047.9
6559	0.13321	12518.7	4172.91
6560	0.44446	41770.1	8354.01
6561	0.38506	36188.1	9047.03
6562	0.68997	64842.9	10807.1
6563	0.22613	21251.5	7083.83
6564	0.29688	27901	5580.2
6565	0.49353	46382.2	11595.6
6566	0.30953	29089.2	7272.29
6567	0.08898	8361.9	8361.9
6568	0.21383	20096.1	6698.7
6569	0.18568	17450.3	5816.75
6570	0.18916	17777.4	5925.79
6571	0.77175	72528.6	24176.2
6572	0.25821	24266.1	6066.54
6573	0.25268	23747	7915.67
6574	0.14211	13355.1	4451.71
6575	0.09106	8557.74	4278.87
6576	0.19129	17977.2	4494.29
6577	0.16626	15624.6	7812.31
6578	0.29874	28075.7	9358.57
6579	0.34516	32438.1	10812.7
6580	0.20354	19129	4782.24
6581	0.20994	19730.3	6576.76
6582	0.56101	52723.8	26361.9
6583	0.19324	18160.7	6053.57
6584	0.27558	25898.7	8632.91
6585	0.17071	16043.5	5347.85
6586	0.00000	0	0
6587	0.20018	18813.1	4703.29
6588	0.24562	23082.8	7694.25
6589	0.23100	21709.7	5427.43
6590	0.32961	30976.6	15488.3
6591	0.32114	30180.6	7545.16
6592	0.32796	30821.1	10273.7
6593	0.29453	27679.6	6919.9
6594	0.21702	20395.4	6798.48
6595	0.12487	11734.8	5867.38
6596	0.14310	13448.9	4482.97
6597	0.28459	26746	8915.33
6598	0.03948	3710.29	3710.29
6599	0.03946	3708.77	3708.77
6600	0.25683	24137.1	8045.7
