#IID	F_ROH	ROH_length_kB	KBAVG
2551	0.10984	10134.3	3378.1
2552	0.27501	25374.3	8458.1
2553	0.17231	15898.3	5299.44
2554	0.18071	16673.6	8336.79
2555	0.32380	29876.1	9958.69
2556	0.18563	17127.4	8563.72
2557	0.39712	36641.2	9160.3
2558	0.15749	14531.5	7265.77
2559	0.18158	16753.8	5584.61
2560	0.37396	34504	6900.8
2561	0.20455	18872.9	6290.97
2562	0.18005	16612.5	5537.5
2563	0.32186	29696.8	7424.2
2564	0.28781	26555.2	6638.8
2565	0.18221	16811.6	8405.81
2566	0.13893	12818.3	6409.17
2567	0.27838	25684.8	8561.61
2568	0.15192	14017.2	7008.59
2569	0.21319	19670.4	6556.79
2570	0.32686	30158.5	7539.62
2571	0.20341	18768.2	6256.08
2572	0.24684	22775.1	7591.72
2573	0.38052	35109.1	17554.5
2574	0.38247	35289.7	17644.9
2575	0.32208	29717.1	5943.41
2576	0.40538	37403	9350.75
2577	0.30567	28203.6	9401.19
2578	0.16694	15403.3	5134.43
2579	0.18498	17067.2	8533.58
2580	0.22879	21109.4	5277.35
2581	0.12839	11845.9	5922.95
2582	0.26027	24013.8	8004.58
2583	0.17479	16127	8063.48
2584	0.23113	21325.6	7108.54
2585	0.23460	21645.7	7215.23
2586	0.07177	6621.87	3310.93
2587	0.26000	23989	7996.33
2588	0.16759	15462.6	5154.21
2589	0.26971	24884.8	8294.94
2590	0.15347	14160.2	7080.11
2591	0.26282	24249.3	8083.11
2592	0.08548	7887.07	7887.07
2593	0.14102	13011.9	13011.9
2594	0.00000	0	0
2595	0.16191	14939	4979.68
2596	0.19861	18324.8	9162.4
2597	0.29276	27011.7	6752.92
2598	0.21331	19681.2	6560.4
2599	0.19049	17575.8	5858.6
2600	0.15477	14280	7140.01
