#IID	F_ROH	ROH_length_kB	KBAVG
10551	0.57192	53727.7	13431.9
10552	0.78637	73874.4	24624.8
10553	0.31035	29155.3	7288.82
10554	0.23848	22403.3	5600.82
10555	0.21435	20136.3	10068.1
10556	0.12976	12190.4	6095.19
10557	0.38156	35845.5	5974.25
10558	0.40031	37606.7	9401.66
10559	0.17562	16498.3	5499.44
10560	0.21863	20539	6846.32
10561	0.26851	25224.6	6306.15
10562	0.24619	23127.9	7709.28
10563	0.18902	17757.2	5919.07
10564	0.18352	17240.9	5746.97
10565	0.13459	12643.6	3160.89
10566	0.33164	31155	6231.01
10567	0.19595	18408.5	6136.15
10568	0.04595	4316.43	4316.43
10569	0.30963	29087.4	9695.81
10570	0.23280	21870.1	7290.04
10571	0.34345	32265.2	8066.31
10572	0.25787	24225.3	8075.11
10573	0.13606	12781.5	6390.74
10574	0.13258	12454.6	6227.29
10575	0.28742	27001.3	5400.26
10576	0.27182	25535.3	5107.06
10577	0.14918	14014.4	4671.48
10578	0.38758	36411	9102.75
10579	0.33488	31459.3	6291.85
10580	0.34255	32180.4	5363.39
10581	0.23518	22093.3	5523.32
10582	0.26187	24601.3	6150.32
10583	0.17612	16545.2	5515.06
10584	0.15150	14232.8	4744.26
10585	0.22714	21338.6	5334.66
10586	0.32256	30302.8	6060.57
10587	0.35655	33495.5	8373.87
10588	0.18985	17835.5	3567.1
10589	0.29598	27805.4	6951.36
10590	0.22662	21289.5	5322.37
10591	0.22773	21393.4	7131.13
10592	0.26973	25339.3	12669.7
10593	0.11680	10972.7	5486.37
10594	0.44369	41681.6	6946.94
10595	0.16265	15280.3	3820.08
10596	0.04291	4030.7	4030.7
10597	0.28795	27050.7	6762.66
10598	0.06408	6020.32	6020.32
10599	0.47210	44350.6	6335.8
10600	0.08160	7666.06	3833.03
