#IID	F_ROH	ROH_length_kB	KBAVG
2551	0.44595	41213.6	6868.94
2552	0.25511	23576.8	5894.19
2553	0.34047	31464.9	5244.14
2554	0.46305	42794.1	8558.82
2555	0.34096	31510.3	6302.06
2556	0.67464	62348.5	31174.2
2557	0.57464	53106.8	8851.13
2558	0.60326	55751.4	9291.91
2559	0.52540	48556.3	6936.61
2560	0.38225	35326.6	7065.31
2561	0.34126	31538	4505.43
2562	0.40837	37740.5	6290.09
2563	0.75800	70052.4	17513.1
2564	0.26848	24812.2	4962.43
2565	0.33263	30740.8	6148.15
2566	0.69333	64075.5	64075.5
2567	0.74512	68861.9	22954
2568	0.38357	35448.6	7089.73
2569	0.32895	30400.7	7600.18
2570	0.55800	51568.5	12892.1
2571	0.53547	49486.5	9897.29
2572	0.68740	63527.9	9075.41
2573	0.32371	29916.7	14958.3
2574	0.66875	61803.9	8829.13
2575	0.53475	49420.4	8236.73
2576	0.40216	37166.8	5309.55
2577	0.16268	15034.4	7517.22
2578	0.36995	34189.3	11396.4
2579	0.61749	57066.5	7133.32
2580	0.48002	44362.2	7393.71
2581	0.58664	54215.6	10843.1
2582	0.38308	35403.1	11801
2583	0.60609	56012.7	18670.9
2584	0.43335	40048.8	10012.2
2585	0.46210	42705.8	10676.5
2586	0.45953	42468	8493.6
2587	0.41507	38359.9	7671.98
2588	0.23087	21336.2	7112.05
2589	0.46909	43351.6	14450.5
2590	0.81135	74982.3	74982.3
2591	0.34473	31859.3	6371.85
2592	0.61342	56690.2	9448.37
2593	0.63421	58612	8373.14
2594	0.52713	48715.6	8119.26
2595	0.30739	28407.9	7101.97
2596	0.35226	32554.9	5425.82
2597	0.64845	59927.5	11985.5
2598	0.31244	28874.7	7218.68
2599	0.61315	56665.1	11333
2600	0.48601	44915.8	8983.16
