#IID	F_ROH	ROH_length_kB	KBAVG
12551	0.32077	30133.4	6026.68
12552	0.40650	38187.2	9546.8
12553	0.42577	39998	13332.7
12554	0.15908	14944.7	7472.33
12555	0.07069	6641.08	6641.08
12556	0.19906	18700.3	6233.44
12557	0.23557	22129.7	11064.9
12558	0.35903	33727.7	8431.93
12559	0.15585	14641.2	14641.2
12560	0.15134	14216.7	7108.37
12561	0.12968	12182.2	4060.72
12562	0.19432	18255.2	6085.05
12563	0.25551	24003	6000.74
12564	0.05604	5264.95	5264.95
12565	0.29516	27728.3	9242.77
12566	0.37453	35183.6	7036.71
12567	0.26477	24873.3	6218.33
12568	0.10233	9613.39	4806.7
12569	0.31465	29558.8	9852.92
12570	0.07698	7231.75	3615.87
12571	0.09584	9003.54	4501.77
12572	0.28537	26807.8	5361.56
12573	0.17572	16507.6	5502.52
12574	0.24549	23061.6	7687.19
12575	0.23826	22382.8	5595.71
12576	0.36112	33924.5	8481.12
12577	0.39422	37033.7	7406.75
12578	0.15471	14534.1	4844.71
12579	0.17359	16307.8	8153.88
12580	0.26912	25281.3	6320.33
12581	0.48651	45703.5	7617.24
12582	0.25985	24410.8	8136.93
12583	0.41746	39216.9	7843.39
12584	0.13095	12301.3	6150.67
12585	0.20298	19067.9	9533.97
12586	0.07373	6926.17	6926.17
12587	0.11510	10813.1	5406.56
12588	0.27707	26028.5	6507.13
12589	0.28074	26372.8	6593.2
12590	0.15664	14715.3	4905.11
12591	0.08356	7850.09	7850.09
12592	0.21809	20488.1	6829.38
12593	0.20518	19275.1	9637.57
12594	0.33516	31485.6	15742.8
12595	0.41827	39293.1	9823.29
12596	0.44909	42188.3	14062.8
12597	0.41247	38748.2	7749.64
12598	0.30895	29023.4	9674.48
12599	0.00000	0	0
12600	0.00000	0	0
