#IID	F_ROH	ROH_length_kB	KBAVG
34551	0.30173	28358	7089.49
34552	0.58256	54750.8	18250.3
34553	0.77485	72823.1	14564.6
34554	0.26498	24903.4	6225.84
34555	0.46813	43996.7	14665.6
34556	0.56324	52935	17645
34557	0.06089	5722.75	5722.75
34558	0.55570	52227.1	13056.8
34559	0.10535	9901.29	4950.64
34560	0.77222	72576.1	24192
34561	0.09219	8664.32	8664.32
34562	0.11751	11043.6	3681.21
34563	0.25269	23748.7	7916.24
34564	0.16891	15874.3	5291.45
34565	0.22529	21173.5	5293.37
34566	0.46144	43367.3	6195.32
34567	0.35875	33716.2	8429.06
34568	0.11651	10949.9	5474.93
34569	0.26591	24990.9	8330.31
34570	0.21086	19817.4	9908.68
34571	0.22090	20761	6920.33
34572	0.17286	16246.3	8123.13
34573	0.26958	25336.3	5067.25
34574	0.23600	22180.2	5545.06
34575	0.31992	30066.8	7516.7
34576	0.18129	17037.9	5679.31
34577	0.42544	39984.8	9996.21
34578	0.13207	12412.3	4137.45
34579	0.27786	26114	6528.5
34580	0.28286	26584.6	8861.54
34581	0.28859	27122.8	6780.7
34582	0.11343	10660.8	5330.38
34583	0.14553	13677.5	4559.16
34584	0.36305	34120.4	6824.07
34585	0.28444	26732.6	6683.15
34586	0.27456	25804.2	6451.05
34587	0.29394	27625.3	6906.32
34588	0.26775	25164	6291.01
34589	0.07665	7204.24	3602.12
34590	0.19811	18618.8	6206.27
34591	0.28517	26801.5	6700.38
34592	0.40145	37729.3	9432.33
34593	0.41843	39325.2	7865.04
34594	0.24416	22947.4	5736.86
34595	0.14256	13397.9	4465.96
34596	0.18083	16995.3	5665.11
34597	0.29236	27477.4	5495.48
34598	0.19351	18187.2	6062.39
34599	0.11751	11043.6	3681.21
34600	0.15165	14252.9	14252.9
