#IID	F_ROH	ROH_length_kB	KBAVG
2551	0.17029	15996.7	5332.23
2552	0.14517	13637.2	6818.62
2553	0.16403	15408.6	7704.3
2554	0.31937	30000.9	7500.22
2555	0.37256	34997.3	6999.46
2556	0.09662	9076.62	9076.62
2557	0.29866	28055	7013.74
2558	0.29219	27447.4	6861.85
2559	0.18602	17474.5	8737.25
2560	0.33813	31763.3	6352.66
2561	0.29712	27910.8	6977.71
2562	0.40476	38021.8	6336.97
2563	0.38070	35762	7152.39
2564	0.32008	30066.9	5011.14
2565	0.28552	26820.9	5364.18
2566	0.17405	16349.6	5449.88
2567	0.27027	25388.1	6347.04
2568	0.37597	35317.9	17659
2569	0.24136	22672.2	5668.06
2570	0.34288	32209	6441.8
2571	0.24144	22679.8	4535.96
2572	0.30415	28571	7142.75
2573	0.20848	19583.9	6527.96
2574	0.32118	30170.5	7542.63
2575	0.28503	26774.7	6693.68
2576	0.93625	87948.4	43974.2
2577	0.15503	14562.8	4854.26
2578	0.49769	46751.5	11687.9
2579	0.19024	17870.5	4467.62
2580	0.49185	46202.9	15401
2581	0.04673	4389.83	4389.83
2582	0.48943	45975.8	7662.63
2583	0.30601	28746	7186.5
2584	0.40676	38209.4	7641.89
2585	0.50456	47396.4	11849.1
2586	0.15630	14682.2	4894.06
2587	0.18169	17067.1	8533.54
2588	0.63731	59866.6	14966.7
2589	0.42408	39837.2	9959.31
2590	0.28619	26883.4	5376.69
2591	0.20885	19618.9	6539.63
2592	0.32021	30079.8	10026.6
2593	0.23119	21717	4343.39
2594	0.28383	26662.3	5332.47
2595	0.13717	12885.8	6442.92
2596	0.26821	25194.9	6298.73
2597	0.33356	31334	5222.33
2598	0.31491	29581.9	9860.65
2599	0.21350	20055.9	5013.98
2600	0.37829	35535.2	7107.04
