#IID	F_ROH	ROH_length_kB	KBAVG
10551	0.15283	14129.1	7064.54
10552	0.34279	31691.1	5281.85
10553	0.92831	85822.7	42911.3
10554	0.28759	26588.1	6647.03
10555	0.25178	23277.5	7759.17
10556	0.16054	14842.1	7421.04
10557	0.51257	47386.7	11846.7
10558	0.54156	50067.1	12516.8
10559	0.35880	33170.9	8292.73
10560	0.21458	19838.3	9919.13
10561	0.14525	13428.6	4476.21
10562	0.34895	32260.1	6452.01
10563	0.00000	0	0
10564	0.51926	48006	6858.01
10565	0.20395	18855	6285.01
10566	0.14759	13645.1	4548.37
10567	0.16832	15560.9	7780.47
10568	0.16276	15047.6	15047.6
10569	0.33930	31368.1	7842.04
10570	0.31003	28661.9	5732.37
10571	0.35726	33029	8257.25
10572	0.36819	34039.3	8509.82
10573	0.38630	35713.4	11904.5
10574	0.16398	15159.5	5053.16
10575	0.11535	10663.7	5331.84
10576	0.28339	26199.4	5239.89
10577	0.16590	15337.1	15337.1
10578	0.10069	9308.47	4654.23
10579	0.26435	24438.7	6109.67
10580	0.39892	36880.3	12293.4
10581	0.44258	40916.2	10229
10582	0.11617	10740.1	5370.03
10583	0.27223	25167.6	8389.2
10584	0.36716	33943.7	6788.74
10585	0.41761	38608.1	7721.63
10586	0.49673	45923	9184.61
10587	0.31854	29448.8	7362.21
10588	0.00000	0	0
10589	0.28670	26505.5	8835.17
10590	0.37395	34571.3	8642.82
10591	0.09723	8988.68	4494.34
10592	0.20023	18510.9	6170.31
10593	0.38817	35886.3	5981.06
10594	0.20522	18972.6	6324.2
10595	0.27814	25714.2	8571.41
10596	0.36864	34080.7	17040.3
10597	0.27964	25852.3	6463.07
10598	0.27912	25804.4	6451.09
10599	0.00000	0	0
10600	0.10940	10114.3	5057.17
