#IID	F_ROH	ROH_length_kB	KBAVG
2551	0.39620	36634.8	9158.7
2552	0.62995	58249	7281.13
2553	0.56585	52322	6540.25
2554	0.70892	65550.9	16387.7
2555	1.00000	92465.7	92465.7
2556	0.41498	38371.6	9592.91
2557	0.47336	43769.2	6252.74
2558	0.60346	55799.6	9299.93
2559	0.57937	53571.7	17857.2
2560	0.44122	40797.9	8159.57
2561	0.45849	42394.6	8478.93
2562	0.72475	67014.7	11169.1
2563	0.51495	47615.6	7935.94
2564	0.38577	35670.8	5945.13
2565	0.50637	46822.1	9364.43
2566	0.60723	56147.7	8021.1
2567	0.53212	49203.1	7029.01
2568	0.56248	52010.3	10402.1
2569	0.45321	41906	6984.33
2570	0.33570	31040.8	6208.15
2571	0.51603	47715.4	6816.49
2572	0.44526	41171.1	10292.8
2573	0.41978	38814.9	5544.99
2574	0.38109	35237.5	5872.92
2575	0.46389	42894.3	7149.04
2576	0.58314	53920	8986.67
2577	0.54693	50572.6	7224.66
2578	0.29017	26830.9	13415.4
2579	0.44166	40838.7	6806.44
2580	0.31342	28980.3	9660.11
2581	0.66263	61270.8	12254.2
2582	0.50491	46686.6	9337.32
2583	0.45468	42042.5	10510.6
2584	0.36287	33553	8388.26
2585	0.63270	58502.8	11700.6
2586	0.31878	29476.2	4912.71
2587	0.39477	36502.5	9125.62
2588	0.66642	61620.8	7702.59
2589	0.49161	45457.1	5682.14
2590	0.30113	27844.2	6961.06
2591	0.65453	60521.7	12104.3
2592	0.30419	28127.4	7031.84
2593	0.72248	66804.5	9543.5
2594	0.59957	55439.2	11087.8
2595	0.50744	46921	11730.2
2596	0.58811	54380.4	7768.63
2597	0.59998	55477.3	7925.34
2598	0.61042	56443.2	14110.8
2599	0.27599	25519.7	8506.58
2600	0.56669	52399.8	10480
