#IID	F_ROH	ROH_length_kB	KBAVG
8551	0.52520	49336.5	16445.5
8552	0.23354	21938.2	10969.1
8553	0.45898	43115.8	8623.16
8554	0.42633	40048.7	8009.74
8555	0.60501	56832.9	14208.2
8556	0.32048	30105.1	7526.28
8557	0.25138	23613.7	5903.43
8558	0.23223	21815.1	5453.77
8559	0.29961	28145	9381.66
8560	0.17407	16351.8	8175.89
8561	0.20213	18987.3	4746.82
8562	0.29327	27549.3	9183.11
8563	0.23128	21725.7	10862.9
8564	0.07892	7413.67	3706.84
8565	0.13362	12552.2	6276.11
8566	0.03409	3202.52	3202.52
8567	0.21478	20175.9	6725.3
8568	0.08269	7767.52	7767.52
8569	0.37722	35434.9	8858.72
8570	0.11794	11078.6	5539.28
8571	0.39002	36637.9	12212.6
8572	0.03096	2908.64	2908.64
8573	0.14225	13362.5	6681.23
8574	0.50834	47752.2	15917.4
8575	0.49237	46251.8	15417.3
8576	0.34142	32072.6	6414.53
8577	0.40188	37751.3	5393.04
8578	0.13236	12433.7	4144.55
8579	0.28564	26832.1	5366.42
8580	0.55459	52096.7	10419.3
8581	0.35665	33502.6	6700.52
8582	0.12442	11688.1	5844.04
8583	0.23912	22462.8	5615.71
8584	0.28852	27102.6	9034.21
8585	0.17706	16632.5	8316.25
8586	0.24213	22744.7	7581.56
8587	0.49543	46539.5	15513.2
8588	0.10962	10297	3432.35
8589	0.14413	13539.4	6769.71
8590	0.27115	25471.6	12735.8
8591	0.43417	40785	10196.2
8592	0.30370	28529.2	7132.31
8593	0.09102	8550.07	4275.03
8594	0.16910	15885.2	7942.6
8595	0.32541	30568.2	6113.65
8596	0.14164	13305.7	6652.86
8597	0.50193	47150.3	9430.05
8598	0.33566	31531.4	7882.85
8599	0.31675	29754.4	9918.14
8600	0.35677	33514.2	5585.69
