#IID	F_ROH	ROH_length_kB	KBAVG
10551	0.22818	21400.1	7133.35
10552	0.16018	15022.1	5007.36
10553	0.16611	15578.1	5192.72
10554	0.24063	22567.3	4513.46
10555	0.10805	10133.6	5066.82
10556	0.18249	17114.6	5704.88
10557	0.19310	18109.9	6036.63
10558	0.19891	18654.7	9327.35
10559	0.22769	21353.4	5338.34
10560	0.21874	20514.3	5128.57
10561	0.31053	29122.6	7280.65
10562	0.24895	23347.5	5836.88
10563	0.21529	20191	5047.75
10564	0.33523	31439	7859.76
10565	0.17665	16567.3	5522.43
10566	0.75656	70953.9	23651.3
10567	0.24836	23292.6	7764.2
10568	0.33971	31859.7	7964.93
10569	0.14396	13501.2	6750.58
10570	0.54042	50683.4	12670.9
10571	0.58836	55178.8	7882.69
10572	0.31457	29501.9	5900.38
10573	0.28062	26317.5	5263.5
10574	0.06507	6102.37	6102.37
10575	0.26900	25228.2	6307.06
10576	0.17613	16518.3	5506.09
10577	0.26730	25068.4	6267.09
10578	0.10464	9813.56	4906.78
10579	0.26072	24451.7	8150.58
10580	0.17405	16323.2	5441.08
10581	0.27411	25707.3	5141.46
10582	0.35661	33444.6	8361.16
10583	0.37091	34785.9	6957.18
10584	0.46545	43651.7	8730.34
10585	0.03912	3668.45	3668.45
10586	0.44188	41441.1	10360.3
10587	0.16928	15875.5	7937.74
10588	0.14545	13640.8	4546.95
10589	0.43921	41190.8	8238.16
10590	0.08068	7566.1	3783.05
10591	0.30424	28532.6	5706.53
10592	0.21200	19882.7	19882.7
10593	0.53862	50514.5	7216.36
10594	0.22007	20638.7	5159.67
10595	0.56453	52944.5	8824.09
10596	0.17408	16325.7	5441.9
10597	0.08071	7569.08	3784.54
10598	0.40282	37778.1	12592.7
10599	0.21925	20562.3	5140.57
10600	0.21211	19892.9	4973.23
