#IID	F_ROH	ROH_length_kB	KBAVG
2551	0.16566	15566.1	3891.53
2552	0.50781	47716	9543.2
2553	0.31762	29844.5	7461.11
2554	0.50350	47310.5	15770.2
2555	0.27736	26061.6	6515.4
2556	0.26852	25231.1	8410.38
2557	0.22071	20738.7	6912.9
2558	0.24968	23461.1	4692.22
2559	0.21651	20344	5086
2560	0.19582	18400.4	4600.09
2561	0.20971	19705.5	9852.73
2562	0.36279	34089.4	8522.34
2563	0.45476	42730.7	8546.14
2564	0.63356	59531.3	9921.89
2565	0.31442	29544.1	7386.03
2566	0.19345	18177.7	4544.43
2567	0.38385	36067.7	7213.53
2568	0.28475	26756	6689.01
2569	0.37056	34819.5	11606.5
2570	0.28693	26961.1	5392.22
2571	0.12472	11719.2	3906.41
2572	0.23836	22397.6	7465.87
2573	0.14844	13947.6	4649.2
2574	0.28499	26778.5	4463.08
2575	0.12151	11417.5	5708.77
2576	0.30750	28893.9	7223.48
2577	0.39183	36818.1	7363.63
2578	0.16621	15618	5205.99
2579	0.30338	28506.6	9502.18
2580	0.24523	23042.6	4608.52
2581	0.50968	47891.7	11972.9
2582	0.28575	26850	5369.99
2583	0.27944	26256.8	6564.2
2584	0.22041	20710.3	6903.44
2585	0.29658	27868.1	9289.36
2586	0.50807	47739.9	9547.97
2587	0.23348	21938.3	5484.58
2588	0.16170	15194	5064.66
2589	0.28414	26698.5	6674.62
2590	0.08161	7668.33	3834.16
2591	0.37392	35135.3	5855.89
2592	0.61704	57979.8	11596
2593	0.25175	23655.2	7885.06
2594	0.75775	71201.4	23733.8
2595	0.48956	46000.6	9200.11
2596	0.38966	36614.3	6102.38
2597	0.34294	32223.5	4603.36
2598	0.12998	12213.5	6106.75
2599	0.61178	57485.3	9580.89
2600	0.18405	17293.9	4323.47
