#IID	F_ROH	ROH_length_kB	KBAVG
12551	0.49550	45797.3	9159.47
12552	0.52954	48944	12236
12553	0.33048	30545.5	7636.38
12554	0.23804	22001.1	11000.6
12555	0.51121	47249.4	11812.3
12556	0.44407	41044.1	13681.4
12557	0.46477	42957.6	10739.4
12558	0.68285	63114.4	12622.9
12559	0.39909	36887.1	7377.43
12560	0.80941	74812	24937.3
12561	0.51541	47638.4	5954.8
12562	0.62387	57662.8	9610.46
12563	0.43461	40169.8	8033.97
12564	0.43137	39870.5	6645.08
12565	0.49720	45954.9	6564.98
12566	0.41390	38255.2	6375.87
12567	0.56177	51922.5	6490.32
12568	0.46131	42638	7106.33
12569	0.54167	50065.5	7152.22
12570	0.63730	58904.3	6544.92
12571	0.49596	45840.1	9168.01
12572	0.51391	47499.4	7916.57
12573	0.89288	82526.7	27508.9
12574	0.47375	43787.3	14595.8
12575	0.48211	44560.5	8912.11
12576	0.37625	34775.6	8693.89
12577	0.37486	34647.2	8661.79
12578	0.41007	37902.1	9475.52
12579	0.46974	43417.1	7236.18
12580	0.49961	46177.4	9235.49
12581	0.50228	46424.8	7737.47
12582	0.29341	27118.9	6779.73
12583	0.51667	47754.1	7959.01
12584	0.42529	39308.1	7861.62
12585	0.91843	84887.7	21221.9
12586	0.36422	33663.9	8415.98
12587	0.43786	40470.3	5781.48
12588	0.44923	41521.4	10380.3
12589	0.38145	35256.1	8814.03
12590	0.53037	49020.5	12255.1
12591	0.29019	26821.6	8940.52
12592	0.63096	58318.2	14579.5
12593	0.54611	50475.6	10095.1
12594	0.66856	61793	8827.57
12595	0.48788	45093.4	9018.67
12596	0.75552	69831	17457.8
12597	0.37378	34547.5	8636.86
12598	0.47645	44036.8	14678.9
12599	0.32639	30167.3	10055.8
12600	0.62365	57642.6	7205.33
