#IID	F_ROH	ROH_length_kB	KBAVG
2551	0.39536	37149.1	5307.02
2552	0.23557	22135.3	5533.82
2553	0.20653	19406.2	3881.23
2554	0.27413	25758.3	8586.11
2555	0.32892	30906.1	7726.53
2556	0.31825	29903.9	7475.99
2557	0.33798	31757.9	7939.49
2558	0.51382	48280	8046.66
2559	0.23780	22344.7	4468.94
2560	0.31825	29904.1	5980.82
2561	0.30352	28520	9506.67
2562	0.23542	22120.8	7373.6
2563	0.34541	32456.2	8114.05
2564	0.24715	23223.4	5805.85
2565	0.43698	41060.5	6843.41
2566	0.42565	39995.6	6665.94
2567	0.43678	41040.8	13680.3
2568	0.27810	26131.3	6532.84
2569	0.39953	37541.2	7508.24
2570	0.34865	32759.9	6551.98
2571	0.22131	20794.6	6931.54
2572	0.55872	52499.3	10499.9
2573	0.51277	48181.5	6022.69
2574	0.33870	31825.7	7956.43
2575	0.61048	57362.8	9560.46
2576	0.30310	28479.8	5695.96
2577	0.27085	25450.3	5090.06
2578	0.64645	60742.8	20247.6
2579	0.25303	23775.7	3962.61
2580	0.27602	25935.4	6483.86
2581	0.74091	69618.4	69618.4
2582	0.54378	51094.9	12773.7
2583	0.38493	36169.5	6028.25
2584	0.26209	24627.2	4925.44
2585	0.16207	15228.4	5076.12
2586	0.27579	25914.5	6478.62
2587	0.40019	37602.9	12534.3
2588	0.32235	30289.4	10096.5
2589	0.27449	25791.5	6447.89
2590	0.19715	18524.4	9262.21
2591	0.28821	27081.1	5416.22
2592	0.10239	9620.72	3206.91
2593	0.21808	20491.2	6830.4
2594	0.25771	24215.7	8071.9
2595	0.21762	20448.3	6816.11
2596	0.37379	35122.1	7024.43
2597	0.33506	31483.4	7870.86
2598	0.36511	34307.3	6861.46
2599	0.37148	34905.3	11635.1
2600	0.28753	27017.1	5403.42
