#IID	F_ROH	ROH_length_kB	KBAVG
2551	0.20370	19138.3	4784.57
2552	0.48281	45361.6	7560.26
2553	0.07036	6610.8	6610.8
2554	0.26600	24991.4	8330.47
2555	0.38858	36508.5	5215.5
2556	0.39256	36882.3	6147.06
2557	0.36700	34481	8620.26
2558	0.75182	70635.9	23545.3
2559	0.18004	16915	8457.51
2560	0.19202	18041.3	4510.33
2561	0.24999	23487.6	7829.2
2562	0.19307	18139.4	9069.69
2563	0.51968	48825.6	8137.6
2564	0.27616	25945.7	5189.14
2565	0.22126	20788	4157.61
2566	0.12935	12153.2	4051.06
2567	0.33346	31329.9	7832.47
2568	0.37932	35638.3	8909.58
2569	0.51102	48012.3	8002.05
2570	0.56107	52714.5	8785.75
2571	0.25855	24291.4	6072.86
2572	0.27755	26076.9	6519.23
2573	0.32476	30512.5	7628.13
2574	0.35655	33499	8374.75
2575	0.09625	9042.76	3014.25
2576	0.31634	29721.6	7430.4
2577	0.15047	14136.9	7068.43
2578	0.34691	32593.1	5432.19
2579	0.19198	18037.4	9018.71
2580	0.18856	17715.7	4428.93
2581	0.27399	25742	6435.5
2582	0.15720	14769.2	4923.08
2583	0.10099	9488.08	4744.04
2584	0.28243	26535.4	6633.85
2585	0.32655	30680.1	4382.87
2586	0.61765	58030.5	11606.1
2587	0.17048	16017.6	5339.19
2588	0.03887	3652.29	3652.29
2589	0.15047	14136.9	7068.43
2590	0.15380	14449.6	7224.8
2591	0.19999	18789.5	6263.17
2592	0.11641	10936.9	3645.63
2593	0.25726	24170	4834.01
2594	0.19446	18270.6	4567.64
2595	0.55000	51674.7	17224.9
2596	0.26540	24935.2	4987.04
2597	0.22977	21587.6	5396.9
2598	0.31062	29183.5	7295.87
2599	0.22744	21368.6	4273.73
2600	0.56978	53532.9	8922.15
