#IID	F_ROH	ROH_length_kB	KBAVG
2551	0.05990	5539.11	5539.11
2552	0.56887	52606.4	17535.5
2553	0.14081	13021.5	6510.75
2554	0.17894	16547.3	4136.82
2555	0.18828	17411.6	5803.88
2556	0.26820	24802	6200.5
2557	0.20417	18881.1	9440.57
2558	0.22110	20446.5	6815.51
2559	0.14435	13348.7	4449.56
2560	0.59089	54643	10928.6
2561	0.29818	27574.7	6893.68
2562	0.54548	50443.7	16814.6
2563	0.08327	7700.53	7700.53
2564	0.15524	14355.8	7177.92
2565	0.00000	0	0
2566	0.34261	31683.2	10561.1
2567	0.13151	12161.3	6080.63
2568	0.09556	8837.27	4418.64
2569	0.46719	43204.1	10801
2570	0.49698	45958.7	7659.78
2571	0.09803	9065.34	4532.67
2572	0.25201	23304.9	5826.23
2573	0.38752	35836.6	8959.15
2574	0.17482	16166.9	4041.72
2575	0.22754	21042.2	5260.56
2576	0.10343	9564.89	9564.89
2577	0.30212	27938.8	9312.93
2578	0.13763	12727.6	6363.78
2579	0.20444	18905.8	9452.9
2580	0.13375	12368.2	6184.1
2581	0.28411	26273.3	6568.32
2582	0.15247	14099.8	4699.93
2583	0.34831	32210.2	8052.55
2584	0.05598	5176.88	5176.88
2585	0.27160	25116	5023.2
2586	0.16180	14962.5	4987.49
2587	0.64712	59842.7	14960.7
2588	0.14865	13746.4	6873.22
2589	0.56491	52240.3	17413.4
2590	0.25554	23631	5907.75
2591	0.13999	12946.1	4315.37
2592	0.33016	30531.5	7632.89
2593	0.61089	56492.6	14123.2
2594	0.17097	15810.9	5270.31
2595	0.09924	9177.24	4588.62
2596	0.15880	14685.3	7342.67
2597	0.42148	38976.6	7795.31
2598	0.12536	11592.8	3864.26
2599	0.31747	29358.6	7339.66
2600	0.38608	35703.1	7140.61
