#IID	F_ROH	ROH_length_kB	KBAVG
2551	0.15014	14103	4701
2552	0.05740	5391.53	5391.53
2553	0.25587	24033.6	6008.39
2554	0.56329	52909.4	10581.9
2555	0.07829	7353.46	3676.73
2556	0.27608	25932.1	6483.04
2557	0.18480	17357.9	17357.9
2558	0.19944	18733.1	9366.56
2559	0.30161	28330.2	5666.03
2560	0.42561	39977.8	6662.97
2561	0.16338	15346.1	5115.35
2562	0.19446	18266	6088.66
2563	0.04546	4269.73	4269.73
2564	0.52699	49500	8250
2565	0.20518	19272.1	4818.04
2566	0.19017	17862.4	5954.12
2567	0.08449	7935.74	3967.87
2568	0.08827	8291.57	4145.79
2569	0.68917	64733.6	9247.66
2570	0.30239	28403.5	5680.7
2571	0.28994	27234.1	5446.82
2572	0.27430	25764.5	5152.9
2573	0.41498	38978.9	12993
2574	0.33956	31894.9	6378.97
2575	0.18800	17658.3	8829.17
2576	0.15594	14647.7	7323.83
2577	0.19986	18773.2	4693.3
2578	0.26726	25103.7	6275.93
2579	0.60222	56566.3	18855.4
2580	0.48393	45455.4	11363.9
2581	0.38931	36567.3	7313.46
2582	0.25630	24073.8	8024.59
2583	0.24369	22890.1	7630.04
2584	0.11799	11082.4	5541.19
2585	0.11514	10815	5407.49
2586	0.17818	16736.7	4184.17
2587	0.13523	12702.3	4234.09
2588	0.23744	22302.8	5575.71
2589	0.15497	14556.6	4852.19
2590	0.34245	32166.5	5361.09
2591	0.22221	20872	5218
2592	0.35395	33246.2	6649.24
2593	0.17868	16783.6	8391.82
2594	0.16480	15480	7739.98
2595	0.25289	23753.6	7917.86
2596	0.29962	28142.7	9380.89
2597	0.35765	33593.7	8398.42
2598	0.18958	17807.3	4451.83
2599	0.26807	25180.1	8393.36
2600	0.21348	20052.2	6684.08
