#IID	F_ROH	ROH_length_kB	KBAVG
12551	0.30422	28112.4	7028.09
12552	0.35026	32367.5	6473.5
12553	0.33926	31350.4	7837.61
12554	0.32242	29794.8	4256.4
12555	0.34761	32122.6	8030.65
12556	0.26547	24532.1	6133.03
12557	0.61036	56403.1	18801
12558	0.48954	45237.6	9047.52
12559	0.31970	29543.4	7385.84
12560	0.18593	17181.5	8590.76
12561	0.46666	43123.6	10780.9
12562	0.62964	58185	14546.3
12563	0.21985	20316.6	6772.2
12564	0.59282	54781.9	10956.4
12565	0.15083	13938.1	13938.1
12566	0.33638	31084.6	15542.3
12567	0.51302	47407.5	7901.25
12568	0.25737	23783.6	7927.88
12569	0.43109	39836.9	7967.39
12570	0.69882	64577.3	12915.5
12571	0.38345	35434.7	17717.4
12572	0.15650	14462.2	4820.72
12573	0.98686	91195.5	30398.5
12574	0.46084	42586.3	14195.4
12575	0.43562	40255.8	10063.9
12576	0.36134	33391.5	8347.88
12577	0.45611	42149	7024.84
12578	0.22894	21156.6	7052.2
12579	0.26212	24222.2	6055.54
12580	0.33037	30529.6	6105.92
12581	0.13332	12320.2	4106.73
12582	0.32704	30221.3	7555.34
12583	0.31145	28780.8	9593.59
12584	0.23528	21742.5	7247.5
12585	0.27182	25118.3	6279.56
12586	0.17530	16199.4	8099.69
12587	0.05585	5161.08	5161.08
12588	0.28028	25900.1	6475.03
12589	0.38614	35682.9	5947.15
12590	0.33501	30958.5	7739.64
12591	0.49071	45346.2	7557.71
12592	0.42390	39172.1	9793.02
12593	0.32610	30134.8	7533.7
12594	0.54431	50299.4	16766.5
12595	0.27188	25124.6	5024.92
12596	0.15977	14763.8	4921.27
12597	0.30786	28448.9	7112.22
12598	0.55717	51487.7	12871.9
12599	0.27774	25665.3	12832.7
12600	0.24891	23001.2	7667.06
