#IID	F_ROH	ROH_length_kB	KBAVG
8551	0.26493	24902	6225.51
8552	0.11626	10927.7	5463.86
8553	0.27111	25482.7	6370.67
8554	0.33804	31773.3	10591.1
8555	0.21523	20229.8	10114.9
8556	0.03695	3473.39	3473.39
8557	0.18064	16979.2	4244.8
8558	0.23924	22486.9	7495.64
8559	0.14194	13341.5	6670.77
8560	0.18453	17344.7	5781.58
8561	0.05112	4804.87	4804.87
8562	0.33780	31751.2	6350.24
8563	0.23529	22116	5529
8564	0.10985	10325.4	10325.4
8565	0.16926	15909.2	5303.06
8566	0.13302	12502.9	4167.64
8567	0.24310	22850.1	4570.01
8568	0.22278	20939.4	6979.81
8569	0.21187	19914.2	4978.56
8570	0.04208	3955.61	3955.61
8571	0.28580	26863	6715.76
8572	0.07945	7467.9	7467.9
8573	0.14064	13219.6	6609.81
8574	0.11378	10694.1	5347.04
8575	0.13391	12587	4195.67
8576	0.31195	29321.3	4886.88
8577	0.29986	28185	7046.25
8578	0.10641	10001.8	10001.8
8579	0.30347	28524.4	7131.1
8580	0.37457	35206.7	17603.3
8581	0.22699	21335.4	10667.7
8582	0.29496	27724.6	6931.15
8583	0.07939	7461.97	3730.98
8584	0.11423	10736.6	5368.29
8585	0.10733	10088.1	5044.03
8586	0.22807	21437.4	5359.36
8587	0.81386	76496.9	38248.5
8588	0.33089	31101.6	6220.31
8589	0.00000	0	0
8590	0.04302	4043.46	4043.46
8591	0.23503	22091.6	5522.91
8592	0.05389	5065.32	5065.32
8593	0.16554	15559.6	5186.53
8594	0.00000	0	0
8595	0.24575	23099.1	7699.71
8596	0.20131	18922	4730.51
8597	0.19615	18436.6	6145.54
8598	0.15163	14251.7	7125.84
8599	0.23168	21776.3	10888.2
8600	0.12881	12107.4	4035.79
