#IID	F_ROH	ROH_length_kB	KBAVG
2551	0.23144	21747	7248.99
2552	0.04947	4648.02	4648.02
2553	0.25417	23883	7961
2554	0.06806	6395.11	6395.11
2555	0.16916	15894.8	5298.28
2556	0.32307	30356.4	10118.8
2557	0.10509	9874.29	4937.15
2558	0.20443	19209	6403
2559	0.47140	44294	22147
2560	0.38285	35974.2	8993.56
2561	0.30067	28252	9417.34
2562	0.17719	16649.3	5549.78
2563	0.13476	12662.9	6331.45
2564	0.22686	21316	7105.34
2565	0.39839	37433.5	6238.92
2566	0.61005	57322.3	14330.6
2567	0.21564	20262.1	5065.53
2568	0.26001	24431.4	12215.7
2569	0.41681	39165	7833.01
2570	0.23322	21914.5	7304.83
2571	0.39268	36897.1	18448.5
2572	0.04863	4569.51	4569.51
2573	0.14609	13726.7	6863.33
2574	0.25098	23583	5895.75
2575	0.04957	4657.33	4657.33
2576	0.11485	10791.3	5395.64
2577	0.24096	22640.9	11320.4
2578	0.57715	54230.5	54230.5
2579	0.16244	15263.5	7631.75
2580	0.46896	44064.5	22032.3
2581	0.20161	18943.9	6314.62
2582	0.24071	22618.1	11309
2583	0.24310	22842.4	7614.14
2584	0.13221	12422.6	6211.32
2585	0.15958	14994.7	7497.37
2586	0.65203	61266.8	15316.7
2587	0.11538	10841.8	5420.92
2588	0.10151	9538.63	9538.63
2589	0.00000	0	0
2590	0.47525	44656.1	14885.4
2591	0.16802	15787.8	7893.92
2592	0.19509	18331.1	6110.37
2593	0.33246	31238.5	7809.63
2594	0.38770	36429.3	9107.33
2595	0.26828	25208.7	8402.89
2596	0.21701	20391	6796.99
2597	0.07681	7216.88	7216.88
2598	0.14399	13529.5	4509.85
2599	0.10420	9790.89	4895.45
2600	0.21833	20515.1	5128.78
