#IID	F_ROH	ROH_length_kB	KBAVG
8551	0.33536	30993.1	15496.6
8552	0.11876	10975.1	5487.54
8553	0.33981	31404.4	6280.88
8554	0.32494	30029.5	7507.38
8555	0.10413	9623.75	4811.88
8556	0.14723	13606.6	4535.54
8557	0.20685	19116.4	4779.09
8558	0.12453	11508.4	5754.2
8559	0.04511	4169.01	4169.01
8560	0.14360	13271.5	3317.89
8561	0.19341	17874.6	5958.21
8562	0.34734	32099.9	6419.98
8563	0.19749	18251.3	4562.83
8564	0.17672	16331.9	8165.97
8565	0.00000	0	0
8566	0.22707	20984.7	5246.18
8567	0.14143	13070.2	6535.09
8568	0.19524	18043.1	9021.54
8569	0.23420	21644.5	10822.2
8570	0.15827	14626.9	7313.45
8571	0.06125	5660.49	5660.49
8572	0.24484	22627.2	5656.79
8573	0.00000	0	0
8574	0.23741	21940.4	7313.46
8575	0.72348	66861.7	13372.3
8576	0.00000	0	0
8577	0.09988	9230.54	4615.27
8578	0.07495	6926.43	3463.21
8579	0.25746	23793.4	11896.7
8580	0.77713	71819.6	17954.9
8581	0.23386	21612.9	10806.5
8582	0.02694	2490.14	2490.14
8583	0.03857	3564.42	3564.42
8584	0.08901	8226.43	8226.43
8585	0.28263	26119.5	8706.49
8586	0.21542	19908.4	3981.69
8587	0.50649	46807.8	23403.9
8588	0.33970	31393.9	6278.77
8589	0.18729	17308.6	8654.28
8590	0.25339	23417.9	4683.57
8591	0.27102	25047	8348.99
8592	0.12286	11354.5	5677.25
8593	0.33963	31387.3	6277.46
8594	0.37500	34655.9	8663.98
8595	0.10896	10069.8	5034.91
8596	0.19717	18221.4	6073.78
8597	0.08785	8118.54	4059.27
8598	0.20544	18985.9	9492.95
8599	0.32929	30432.4	10144.1
8600	0.19921	18410.3	9205.15
