#IID	F_ROH	ROH_length_kB	KBAVG
2551	0.19485	18307.6	4576.89
2552	0.17777	16702.8	5567.6
2553	0.29222	27455.4	9151.81
2554	0.47465	44596.2	14865.4
2555	0.06914	6496.52	3248.26
2556	0.18815	17678	4419.51
2557	0.57406	53936.6	53936.6
2558	0.37411	35150.1	8787.51
2559	0.20276	19050.1	6350.04
2560	0.34125	32062.3	6412.46
2561	0.59572	55971.4	11194.3
2562	0.09045	8498.65	4249.32
2563	0.30095	28276.1	5655.22
2564	0.59384	55794.7	9299.11
2565	0.59746	56134.6	14033.6
2566	0.28840	27096.7	5419.35
2567	0.10467	9834.49	9834.49
2568	0.22300	20951.9	5237.98
2569	0.18650	17522.8	4380.71
2570	0.30259	28429.6	9476.53
2571	0.12209	11471.3	5735.63
2572	0.13799	12965.4	4321.8
2573	0.35136	33012.3	5502.05
2574	0.28374	26658.5	5331.71
2575	0.09267	8706.67	8706.67
2576	0.26016	24443.9	4888.77
2577	0.17746	16673.2	5557.74
2578	0.44517	41826.6	13942.2
2579	0.76501	71876.8	23958.9
2580	0.19209	18047.7	9023.85
2581	0.21668	20358	6785.99
2582	0.16716	15705.7	5235.22
2583	0.17357	16307.6	8153.82
2584	0.16411	15419.4	5139.8
2585	0.31478	29575.4	7393.85
2586	0.31214	29327.2	5865.44
2587	0.25937	24369.3	8123.11
2588	0.11747	11037	5518.5
2589	0.29657	27864.4	4644.06
2590	0.26098	24521	6130.26
2591	0.15477	14541.3	4847.11
2592	0.04292	4032.15	4032.15
2593	0.14120	13266.8	4422.27
2594	0.84860	79731.1	39865.6
2595	0.54756	51445.9	8574.31
2596	0.42286	39729.6	19864.8
2597	0.18679	17549.8	5849.92
2598	0.14007	13160.3	6580.13
2599	0.32959	30966.4	7741.6
2600	0.36877	34647.9	11549.3
