#IID	F_ROH	ROH_length_kB	KBAVG
2551	0.33661	31607.7	7901.94
2552	0.19426	18240.7	6080.22
2553	0.07133	6697.64	3348.82
2554	0.24159	22685.5	7561.83
2555	0.42328	39745.1	7949.02
2556	0.33976	31902.9	15951.4
2557	0.19200	18028.4	9014.21
2558	0.52112	48932.7	8155.45
2559	0.21752	20424.8	4084.95
2560	0.26124	24530.5	4906.1
2561	0.20631	19372.4	4843.09
2562	0.26624	25000	6249.99
2563	0.14280	13408.5	4469.5
2564	0.55213	51844.7	10368.9
2565	0.49479	46460.4	9292.08
2566	0.21495	20183.3	6727.76
2567	0.06912	6490.25	6490.25
2568	0.68137	63980.2	15995.1
2569	0.58544	54971.8	13743
2570	0.42086	39518.7	19759.3
2571	0.00000	0	0
2572	0.18126	17019.7	5673.23
2573	0.38250	35915.9	7183.19
2574	0.17634	16557.8	4139.45
2575	0.23984	22520.4	7506.82
2576	0.35210	33062	11020.7
2577	0.10249	9623.91	3207.97
2578	0.11627	10917.4	5458.68
2579	0.27411	25738.5	5147.7
2580	0.35514	33346.9	8336.72
2581	0.22056	20710.2	6903.42
2582	0.51083	47966.3	9593.26
2583	0.17867	16777	5592.32
2584	0.00000	0	0
2585	0.12271	11522.6	3840.88
2586	0.26351	24742.9	8247.63
2587	0.19937	18720.4	4680.11
2588	0.25410	23860.2	5965.04
2589	0.46653	43806.6	8761.33
2590	0.25209	23670.6	5917.64
2591	0.13102	12302.9	6151.47
2592	0.22031	20686.7	6895.55
2593	0.09881	9278.59	9278.59
2594	0.38055	35732.8	5955.47
2595	0.22723	21336.6	7112.19
2596	0.28408	26674.7	8891.55
2597	0.12272	11523	3840.99
2598	0.10753	10097.1	3365.71
2599	0.29475	27676.7	9225.55
2600	0.07342	6894.25	3447.13
