#IID	F_ROH	ROH_length_kB	KBAVG
4551	0.33350	31332	10444
4552	0.40432	37985	7597
4553	0.07463	7011.19	3505.6
4554	0.41037	38553.5	6425.58
4555	0.18685	17554.2	5851.39
4556	0.41248	38751.5	7750.29
4557	0.51458	48344	9668.79
4558	0.46382	43575.4	10893.8
4559	0.54136	50860.4	8476.73
4560	0.29823	28018.7	9339.56
4561	0.13825	12988.5	12988.5
4562	0.25461	23920.1	5980.03
4563	0.22156	20814.8	4162.96
4564	0.14799	13903.8	4634.61
4565	0.12776	12003.3	4001.08
4566	0.25638	24086.5	8028.84
4567	0.33354	31335.2	6267.04
4568	0.42215	39660.8	7932.16
4569	0.32673	30695.5	5115.92
4570	0.09404	8834.89	4417.45
4571	0.22001	20669.4	6889.79
4572	0.20736	19481.2	4870.31
4573	0.27583	25913.4	6478.36
4574	0.29913	28102.4	14051.2
4575	0.14955	14050.4	14050.4
4576	0.11116	10443.6	5221.79
4577	0.17180	16140.3	8070.17
4578	0.30689	28831.4	9610.47
4579	0.29924	28113.6	7028.4
4580	0.32590	30617.5	6123.5
4581	0.55256	51911.9	8651.99
4582	0.19535	18353.2	4588.3
4583	0.34904	32791.9	10930.6
4584	0.14988	14081.3	14081.3
4585	0.20698	19445.4	4861.35
4586	0.27747	26067.6	6516.91
4587	0.30374	28536.2	7134.06
4588	0.35348	33209.3	6641.86
4589	0.35444	33299.2	16649.6
4590	0.28067	26368.6	13184.3
4591	0.40830	38358.9	6393.16
4592	0.22259	20911.6	5227.91
4593	0.50650	47585.3	9517.05
4594	0.37999	35699.1	5949.86
4595	0.13037	12248.5	4082.84
4596	0.43844	41191.1	10297.8
4597	0.34885	32774.1	10924.7
4598	0.07254	6815.2	6815.2
4599	0.48420	45489.5	22744.8
4600	0.22294	20944.7	6981.57
