#IID	F_ROH	ROH_length_kB	KBAVG
28551	0.13699	12650.3	6325.17
28552	0.17509	16168.7	8084.35
28553	0.53391	49304.6	7043.51
28554	0.18249	16852.4	5617.46
28555	0.15247	14080.2	7040.1
28556	0.42398	39152.9	7830.58
28557	0.25186	23258.7	5814.67
28558	0.52680	48648.4	6949.77
28559	0.14848	13711.7	6855.84
28560	0.19944	18418	6139.32
28561	0.26992	24925.8	4985.17
28562	0.17933	16560.5	8280.27
28563	0.35590	32865.7	6573.14
28564	0.40609	37501.3	6250.22
28565	0.22326	20617.5	4123.5
28566	0.18774	17337.1	4334.27
28567	0.27255	25168.7	12584.4
28568	0.42681	39414.6	9853.65
28569	0.15022	13872.3	6936.17
28570	0.18915	17467.8	5822.6
28571	0.26357	24339.7	6084.92
28572	0.21201	19578.1	6526.04
28573	0.44531	41123.2	10280.8
28574	0.32732	30226.7	6045.34
28575	0.37563	34688.1	11562.7
28576	0.29411	27160.5	5432.1
28577	0.23786	21965.5	5491.38
28578	0.18642	17215.6	5738.55
28579	0.05726	5287.56	5287.56
28580	0.45346	41875.1	6979.19
28581	0.16170	14932.5	4977.5
28582	0.20154	18611.4	9305.69
28583	0.26435	24411.7	6102.93
28584	0.39561	36533.7	12177.9
28585	0.34490	31850.8	6370.15
28586	0.27852	25720.1	6430.03
28587	0.30970	28599.6	7149.89
28588	0.07680	7091.79	7091.79
28589	0.24524	22646.7	5661.69
28590	0.19487	17996	5998.65
28591	0.75700	69906.6	23302.2
28592	0.16780	15495.9	7747.93
28593	0.24402	22534.5	4506.91
28594	0.32316	29842.9	7460.73
28595	0.15514	14326.5	4775.49
28596	0.15309	14137.7	4712.58
28597	0.36054	33294.9	6658.98
28598	0.11791	10888.4	3629.47
28599	0.43501	40171.6	10042.9
28600	0.35988	33233.9	6646.77
