#IID	F_ROH	ROH_length_kB	KBAVG
2551	0.36887	34644	6928.81
2552	0.06648	6243.51	6243.51
2553	0.25277	23739.3	5934.82
2554	0.18607	17475.3	5825.1
2555	0.17688	16612.4	5537.46
2556	0.28416	26687.6	6671.89
2557	0.20363	19124.2	6374.75
2558	0.26420	24813.2	6203.3
2559	0.34032	31962.1	7990.54
2560	0.25885	24310.4	8103.48
2561	0.31744	29813.1	7453.28
2562	0.37251	34985.8	8746.46
2563	0.24431	22945.5	7648.5
2564	0.21004	19726.7	6575.57
2565	0.32253	30291.7	15145.8
2566	0.05304	4981.42	4981.42
2567	0.75382	70797.8	17699.4
2568	0.11372	10680.2	5340.11
2569	0.25949	24370.8	8123.59
2570	0.45622	42847.2	7141.2
2571	0.46974	44116.8	7352.8
2572	0.36663	34433.4	6886.68
2573	0.38598	36251	7250.21
2574	0.34205	32124.6	8031.16
2575	0.34522	32422.8	10807.6
2576	0.25782	24213.7	4842.74
2577	0.21811	20484.2	5121.05
2578	0.00000	0	0
2579	0.30564	28705.4	7176.36
2580	0.23445	22019.2	5504.8
2581	0.19844	18636.9	9318.43
2582	0.00000	0	0
2583	0.35629	33462.3	8365.58
2584	0.41953	39401.5	7880.31
2585	0.13563	12737.8	6368.88
2586	0.34455	32359.7	8089.93
2587	0.24626	23128.2	5782.04
2588	0.48139	45211.4	11302.9
2589	0.54215	50917.9	7273.98
2590	0.22605	21230.5	5307.63
2591	0.22102	20757.5	5189.38
2592	0.05459	5126.99	5126.99
2593	0.19676	18479.5	9239.73
2594	0.24015	22554.1	7518.02
2595	0.29836	28021.5	7005.39
2596	0.31523	29606.2	4934.37
2597	0.49394	46389.8	7731.63
2598	0.40600	38131.2	7626.24
2599	0.28221	26504.7	13252.4
2600	0.27513	25839.5	6459.87
