#IID	F_ROH	ROH_length_kB	KBAVG
16551	0.19871	18660.7	4665.18
16552	0.31155	29257.9	5851.58
16553	0.28715	26966.6	6741.64
16554	0.30173	28335.9	9445.3
16555	0.24825	23313.5	5828.37
16556	0.51321	48196	12049
16557	0.27534	25857.3	8619.11
16558	0.26584	24965.1	8321.69
16559	0.42272	39698	9924.49
16560	0.35881	33695.9	5615.99
16561	0.33815	31755.5	6351.09
16562	0.23920	22463.3	5615.83
16563	0.56076	52661.2	13165.3
16564	0.04794	4502.38	4502.38
16565	0.08399	7887.47	3943.73
16566	0.33438	31401.9	6280.38
16567	0.49131	46139.6	7689.93
16568	0.47454	44563.9	14854.6
16569	0.13170	12368.3	6184.16
16570	0.21067	19783.9	6594.64
16571	0.21045	19763.8	3952.77
16572	0.14591	13702.2	4567.41
16573	0.45674	42892.8	7148.8
16574	0.20519	19269.1	6423.05
16575	0.54028	50737.7	16912.6
16576	0.42664	40066	6677.67
16577	0.31920	29976.1	5995.23
16578	0.20178	18948.9	6316.31
16579	0.45836	43044.7	10761.2
16580	0.35426	33268.8	16634.4
16581	0.74135	69620.8	17405.2
16582	0.43808	41139.9	10285
16583	0.42978	40361.1	8072.22
16584	0.23645	22205	5551.26
16585	0.22631	21253.3	10626.6
16586	0.30752	28879.3	7219.84
16587	0.29680	27872.6	13936.3
16588	0.37395	35117.5	8779.38
16589	0.43303	40666.2	20333.1
16590	0.19689	18489.8	6163.26
16591	0.33415	31380.1	10460
16592	0.38959	36586.7	12195.6
16593	0.31101	29207.6	9735.85
16594	0.21452	20145.8	6715.25
16595	0.28669	26922.9	5384.59
16596	0.53777	50502.5	16834.2
16597	0.34512	32410.1	10803.4
16598	0.33618	31571.3	6314.26
16599	0.23203	21790.1	5447.52
16600	0.35491	33329.9	8332.48
