#IID	F_ROH	ROH_length_kB	KBAVG
2551	0.07401	6838.68	3419.34
2552	0.31531	29134.8	5826.96
2553	0.31370	28985.8	7246.46
2554	0.24269	22424.5	5606.12
2555	0.35264	32583.8	8145.96
2556	0.51179	47289.2	7881.53
2557	0.18091	16715.7	5571.91
2558	0.56780	52465	13116.3
2559	0.15026	13883.8	4627.93
2560	0.22583	20866.8	10433.4
2561	0.47768	44137.9	8827.59
2562	0.19929	18414	6138.01
2563	0.37919	35037.1	5005.3
2564	0.04529	4185.08	4185.08
2565	0.25641	23692.1	4738.42
2566	0.14632	13519.8	6759.88
2567	0.43293	40002.6	6667.1
2568	0.23306	21534.8	7178.26
2569	0.36965	34155.8	6831.17
2570	0.04632	4279.86	4279.86
2571	0.26868	24825.7	12412.8
2572	0.36681	33893.1	6778.62
2573	0.13095	12099.9	6049.93
2574	0.24494	22632.7	5658.17
2575	0.41646	38480.9	7696.19
2576	0.28603	26429.5	8809.84
2577	0.46385	42859.5	10714.9
2578	0.11216	10363.4	5181.71
2579	0.31279	28902	5780.4
2580	0.32750	30260.7	10086.9
2581	0.26960	24911.1	6227.77
2582	0.13366	12350	6175
2583	0.26322	24321.2	6080.29
2584	0.39290	36303.6	9075.91
2585	0.03664	3385.72	3385.72
2586	0.43037	39765.8	13255.3
2587	0.41682	38514.1	12838
2588	0.34851	32202.7	6440.54
2589	0.18190	16807.6	8403.79
2590	0.37446	34600.3	5766.71
2591	0.16336	15094.6	5031.53
2592	0.38736	35791.7	8947.92
2593	0.28637	26460.8	6615.21
2594	0.09683	8946.78	4473.39
2595	0.48331	44657.9	11164.5
2596	0.16982	15690.9	5230.3
2597	0.18376	16979.5	5659.84
2598	0.36879	34076.3	8519.08
2599	0.51568	47648.3	15882.8
2600	0.09682	8945.82	4472.91
