#IID	F_ROH	ROH_length_kB	KBAVG
4551	0.20622	19058.3	6352.75
4552	0.27546	25457.6	6364.4
4553	0.47147	43572.1	8714.41
4554	0.32639	30164.5	6032.9
4555	0.04660	4306.32	4306.32
4556	0.25725	23774.8	5943.69
4557	0.14060	12993.5	6496.74
4558	0.41693	38531.4	7706.27
4559	0.13499	12475.1	12475.1
4560	0.22647	20929.4	10464.7
4561	0.35827	33110.4	5518.4
4562	0.15835	14634.2	4878.05
4563	0.41210	38085.6	7617.11
4564	0.34763	32127.1	8031.79
4565	0.31365	28987	7246.75
4566	0.27869	25756.3	6439.08
4567	0.13656	12620.4	6310.2
4568	0.32466	30004.4	10001.5
4569	0.35458	32769.4	8192.34
4570	0.39274	36296	7259.21
4571	0.33583	31037	7759.25
4572	0.25925	23959.7	11979.9
4573	0.24375	22527	11263.5
4574	0.09694	8958.7	4479.35
4575	0.47169	43592.1	5449.01
4576	0.34160	31570	15785
4577	0.33488	30949.3	6189.87
4578	0.35702	32994.8	6598.95
4579	0.29297	27075.2	9025.08
4580	0.30481	28170.1	5634.02
4581	0.10315	9533.19	4766.6
4582	0.49593	45833.2	11458.3
4583	0.39756	36741.4	7348.27
4584	0.27090	25036.2	8345.39
4585	0.31590	29194.5	7298.62
4586	0.18988	17548.5	5849.49
4587	0.61991	57290.3	19096.8
4588	0.52497	48516.5	6930.93
4589	0.40484	37414.2	12471.4
4590	0.23010	21264.9	5316.21
4591	0.26020	24047.1	6011.78
4592	0.26997	24949.7	8316.58
4593	0.11297	10440.8	3480.26
4594	0.21935	20272.1	6757.36
4595	0.32971	30470.8	7617.69
4596	0.18711	17292.3	5764.09
4597	0.18961	17523.5	5841.18
4598	0.30808	28472.5	7118.12
4599	0.34507	31890.8	10630.3
4600	0.04227	3906.08	3906.08
