#IID	F_ROH	ROH_length_kB	KBAVG
8551	0.46844	44025.9	14675.3
8552	0.42899	40318.2	5759.74
8553	0.16263	15284.6	5094.87
8554	0.34433	32362	8090.49
8555	0.32097	30166.2	7541.56
8556	0.26879	25262.3	12631.2
8557	0.38663	36337.1	9084.29
8558	0.06559	6164.04	6164.04
8559	0.20105	18895.6	9447.81
8560	0.40471	38036.7	7607.34
8561	0.34036	31988.3	6397.67
8562	0.11319	10637.7	5318.87
8563	0.10832	10180.2	3393.39
8564	0.17437	16388.6	4097.15
8565	0.13885	13049.5	6524.77
8566	0.00000	0	0
8567	0.22522	21167.5	5291.88
8568	0.16494	15502.1	7751.04
8569	0.16002	15039.5	3759.88
8570	0.09544	8970.24	4485.12
8571	0.56311	52924.1	26462
8572	0.29672	27887.2	5577.44
8573	0.29131	27378.4	5475.68
8574	0.48780	45845.5	9169.1
8575	0.16796	15785.6	7892.78
8576	0.07276	6838.42	6838.42
8577	0.99254	93283.8	93283.8
8578	0.11401	10714.8	5357.38
8579	0.10338	9716.08	4858.04
8580	0.51954	48828.5	12207.1
8581	0.29115	27363.8	6840.95
8582	0.23461	22049.6	5512.39
8583	0.29927	28126.9	4687.82
8584	0.40745	38293.8	6382.3
8585	0.49757	46764	23382
8586	0.05232	4917.02	4917.02
8587	0.21237	19959.9	3991.99
8588	0.05721	5376.82	5376.82
8589	0.52648	49481.5	7068.79
8590	0.19765	18575.8	4643.96
8591	0.09892	9296.78	4648.39
8592	0.19026	17881.3	5960.44
8593	0.15138	14227.4	7113.68
8594	0.20137	18925.3	6308.43
8595	0.28586	26866.6	5373.31
8596	0.17707	16642	8321.01
8597	0.16393	15406.5	7703.25
8598	0.43503	40886.6	6814.43
8599	0.68792	64654.1	12930.8
8600	0.40878	38419.4	12806.5
