#IID	F_ROH	ROH_length_kB	KBAVG
2551	0.30305	28077.9	7019.48
2552	0.19575	18135.9	9067.93
2553	0.21206	19647.6	6549.21
2554	0.12131	11239.7	5619.84
2555	0.34497	31961.5	6392.3
2556	0.30974	28697	9565.65
2557	0.56645	52481.2	13120.3
2558	0.38009	35215.1	8803.78
2559	0.23194	21489.3	7163.11
2560	0.27913	25861.3	5172.26
2561	0.20349	18853.6	4713.4
2562	0.26815	24844.4	8281.46
2563	0.34839	32278.2	10759.4
2564	0.05545	5137.62	5137.62
2565	0.12832	11889	5944.5
2566	0.33088	30655.8	7663.96
2567	0.22953	21266	7088.67
2568	0.31660	29333.4	4888.91
2569	0.24359	22568.6	7522.87
2570	0.12407	11495.1	5747.57
2571	0.27616	25586.7	12793.4
2572	0.20580	19067	9533.51
2573	0.31485	29170.5	9723.49
2574	0.12191	11295.1	5647.55
2575	0.09966	9233.91	4616.95
2576	0.31947	29599.1	7399.78
2577	0.16862	15622.6	5207.53
2578	0.19276	17859.1	5953.04
2579	0.03460	3205.8	3205.8
2580	0.24614	22804.7	7601.58
2581	0.20594	19080.8	6360.26
2582	0.23499	21771.4	5442.85
2583	0.34534	31995.5	7998.88
2584	0.36250	33585.2	6717.03
2585	0.37343	34598.4	6919.67
2586	0.15091	13981.8	6990.92
2587	0.28847	26726.4	6681.59
2588	0.28583	26482.3	5296.45
2589	0.10598	9819.26	3273.09
2590	0.22885	21203	5300.76
2591	0.36877	34166.4	6833.28
2592	0.46994	43540.1	8708.02
2593	0.24835	23009.3	7669.78
2594	0.12291	11387.6	11387.6
2595	0.09718	9003.88	4501.94
2596	0.30132	27917.4	6979.36
2597	0.15263	14141.5	4713.83
2598	0.17517	16229.8	8114.88
2599	0.38822	35969	8992.25
2600	0.17267	15998.2	5332.72
