#IID	F_ROH	ROH_length_kB	KBAVG
6551	0.16356	15345.4	5115.13
6552	0.06289	5900.84	5900.84
6553	0.06224	5839.98	5839.98
6554	0.00000	0	0
6555	0.00000	0	0
6556	0.03754	3522.37	3522.37
6557	0.08823	8277.68	4138.84
6558	0.16183	15183	7591.49
6559	0.10123	9497.32	9497.32
6560	0.05828	5467.72	5467.72
6561	0.31928	29955.7	7488.92
6562	0.16190	15189.5	5063.16
6563	0.00000	0	0
6564	0.17752	16655.7	8327.83
6565	0.31928	29955.7	7488.92
6566	0.10262	9627.8	4813.9
6567	0.24175	22681.7	7560.58
6568	0.27907	26183.4	8727.79
6569	0.00000	0	0
6570	0.23522	22069.3	5517.32
6571	0.03013	2826.44	2826.44
6572	0.26392	24762.1	8254.02
6573	0.21972	20614.9	6871.65
6574	0.12633	11852.3	11852.3
6575	0.29595	27766.5	13883.3
6576	0.16679	15648.8	7824.42
6577	0.30042	28186	7046.51
6578	0.34975	32814.6	8203.64
6579	0.29569	27742.7	9247.57
6580	0.20646	19371	9685.49
6581	0.21542	20211.3	6737.11
6582	0.24411	22902.8	11451.4
6583	0.12249	11492.8	5746.42
6584	0.23991	22509.2	7503.08
6585	0.13528	12692	6346.01
6586	0.34991	32830.1	8207.54
6587	0.22728	21323.8	7107.92
6588	0.18937	17766.9	8883.47
6589	0.28862	27079.6	5415.92
6590	0.00000	0	0
6591	0.10962	10285.2	10285.2
6592	0.15911	14927.8	7463.88
6593	0.23941	22461.8	5615.46
6594	0.18325	17192.7	5730.91
6595	0.13908	13049	4349.66
6596	0.09977	9361.12	4680.56
6597	0.59660	55974.6	18658.2
6598	0.21472	20145.5	10072.8
6599	0.31199	29272.3	7318.08
6600	0.17147	16088.1	5362.7
