#IID	F_ROH	ROH_length_kB	KBAVG
2551	0.23425	22017.8	7339.26
2552	0.24169	22717.1	7572.36
2553	0.13913	13077.7	4359.22
2554	0.40411	37983.1	6330.52
2555	0.37684	35420.7	7084.13
2556	0.04839	4548.33	4548.33
2557	0.13543	12729.2	12729.2
2558	0.14850	13957.5	4652.5
2559	0.24994	23493	7831.01
2560	0.34303	32242.6	8060.66
2561	0.16057	15092.7	5030.9
2562	0.54504	51229.5	10245.9
2563	0.40973	38512	7702.4
2564	0.33716	31690.7	7922.67
2565	0.44292	41631.1	6938.52
2566	0.34338	32274.9	8068.72
2567	0.24196	22742.5	5685.63
2568	0.54169	50915	8485.83
2569	0.45996	43232.7	10808.2
2570	0.05244	4928.79	4928.79
2571	0.18794	17665	8832.48
2572	0.14020	13177.4	4392.47
2573	0.32896	30919.7	7729.93
2574	0.34394	32327.6	6465.52
2575	0.18188	17095.9	5698.64
2576	0.34048	32002.9	16001.5
2577	0.32878	30903.1	15451.6
2578	0.09818	9228.22	9228.22
2579	0.25162	23650.3	11825.2
2580	0.90123	84709.5	21177.4
2581	0.22712	21347.3	7115.78
2582	0.33191	31197.5	15598.7
2583	0.24604	23126	7708.68
2584	0.25118	23609	7869.65
2585	0.22948	21569.2	7189.74
2586	0.13143	12353.7	6176.85
2587	0.39459	37088.6	12362.9
2588	0.30652	28810.3	7202.58
2589	0.45924	43165.5	10791.4
2590	0.05056	4752.75	4752.75
2591	0.14020	13177.4	4392.47
2592	0.53273	50072.5	16690.8
2593	0.24002	22560.6	5640.14
2594	0.13906	13070.4	4356.79
2595	0.18311	17211.2	4302.8
2596	0.21705	20401.6	4080.31
2597	0.30290	28470.3	9490.11
2598	0.31692	29787.8	5957.56
2599	0.30933	29075.2	7268.8
2600	0.29948	28149.3	9383.11
