#IID	F_ROH	ROH_length_kB	KBAVG
6551	0.64051	60181.7	30090.8
6552	0.22433	21077.7	7025.89
6553	0.43859	41210	6868.33
6554	0.28010	26318	5263.6
6555	0.16916	15894.2	3973.55
6556	0.13884	13045.7	4348.57
6557	0.32800	30818.9	7704.71
6558	0.28060	26364.8	5272.95
6559	0.32963	30972.2	10324.1
6560	0.53044	49839.8	6229.97
6561	0.00000	0	0
6562	0.19114	17959.8	4489.94
6563	0.30954	29083.8	5816.77
6564	0.11966	11243.6	5621.8
6565	0.16239	15258.2	5086.08
6566	0.12549	11791.4	5895.7
6567	0.50389	47345.2	5918.15
6568	0.41293	38798.4	7759.68
6569	0.23201	21799.1	5449.76
6570	0.43198	40588.4	6764.74
6571	0.14899	13999	4666.34
6572	0.07807	7335.68	7335.68
6573	0.40542	38092.6	7618.51
6574	0.11961	11238.3	5619.16
6575	0.32882	30895.7	6179.14
6576	0.06663	6260.89	3130.44
6577	0.00000	0	0
6578	0.26309	24719.5	8239.83
6579	0.12540	11782.2	5891.12
6580	0.14034	13186	4395.35
6581	0.10611	9970.35	4985.18
6582	0.37509	35243	8810.74
6583	0.39857	37449.3	12483.1
6584	0.32564	30597.2	5099.53
6585	0.22162	20822.9	5205.72
6586	0.30129	28309.5	9436.5
6587	0.56398	52991.5	13247.9
6588	0.45117	42391.9	7065.32
6589	0.28159	26458.5	8819.49
6590	0.36151	33967.6	6793.51
6591	0.11258	10578.4	5289.19
6592	0.18196	17096.9	8548.45
6593	0.35731	33572.5	6714.5
6594	0.29843	28040.4	9346.81
6595	0.10362	9735.74	4867.87
6596	0.36609	34397.9	6879.59
6597	0.28147	26446.6	13223.3
6598	0.27152	25511.9	12756
6599	0.20190	18970.1	3794.03
6600	0.21028	19757.7	6585.88
