#IID	F_ROH	ROH_length_kB	KBAVG
4551	0.14925	14026.2	4675.42
4552	0.66273	62283.9	12456.8
4553	0.28088	26397.6	8799.21
4554	0.19784	18593	6197.66
4555	0.30520	28682.9	9560.97
4556	0.43809	41171.7	10292.9
4557	0.33685	31657.2	6331.44
4558	0.20063	18855.4	6285.14
4559	0.34146	32090.6	8022.66
4560	0.47373	44521.5	11130.4
4561	0.31870	29952	5990.39
4562	0.32153	30217.9	7554.47
4563	0.08044	7559.34	7559.34
4564	0.36892	34671.6	4953.09
4565	0.41684	39174.5	7834.9
4566	0.46721	43908.6	43908.6
4567	0.14830	13937	6968.52
4568	0.24865	23368.3	5842.08
4569	0.17385	16338.7	5446.22
4570	0.32913	30931.5	7732.89
4571	0.30050	28241	5648.2
4572	0.33571	31550.5	7887.62
4573	0.52407	49252.8	9850.56
4574	0.41241	38758.2	7751.64
4575	0.25426	23895.4	11947.7
4576	0.51082	48007.5	16002.5
4577	0.31618	29714.8	5942.96
4578	0.28202	26504.6	6626.14
4579	0.15541	14605.1	14605.1
4580	0.20637	19394.7	6464.89
4581	0.18560	17442.8	4360.7
4582	0.12167	11434.2	5717.11
4583	0.37867	35587.9	8896.97
4584	0.24809	23315.5	7771.83
4585	0.35797	33641.8	11213.9
4586	0.44602	41917	8383.41
4587	0.57282	53833.5	13458.4
4588	0.23418	22008.4	5502.09
4589	0.18360	17255.1	5751.68
4590	0.20228	19010.5	4752.62
4591	0.50767	47710.7	9542.13
4592	0.28990	27245.3	9081.77
4593	0.12375	11629.7	5814.83
4594	0.34454	32379.7	6475.93
4595	0.30463	28629.2	9543.06
4596	0.20453	19221.4	3844.28
4597	0.14519	13644.6	6822.3
4598	0.27574	25914.4	8638.14
4599	0.41153	38675.6	6445.93
4600	0.12078	11351.1	5675.57
