#IID	F_ROH	ROH_length_kB	KBAVG
28551	0.17732	16387.7	8193.87
28552	0.10617	9811.51	4905.75
28553	0.21147	19543.1	3908.61
28554	0.24920	23029.9	5757.48
28555	0.52345	48375.6	9675.13
28556	0.33820	31255.3	6251.05
28557	0.44172	40822.2	8164.45
28558	0.51701	47780.5	6825.78
28559	0.38908	35957.4	5992.89
28560	0.27716	25614	5122.8
28561	0.10057	9294.71	4647.36
28562	0.16162	14936.4	4978.8
28563	0.18520	17115.9	8557.95
28564	0.16744	15474.4	3868.61
28565	0.37470	34628.3	6925.67
28566	0.21769	20118.6	10059.3
28567	0.25085	23183.1	4636.62
28568	0.09903	9151.6	4575.8
28569	0.12850	11876	5937.98
28570	0.15548	14369.4	4789.8
28571	0.33758	31197.8	7799.45
28572	0.44864	41462.4	13820.8
28573	0.24544	22683	7561.01
28574	0.45838	42362	4706.89
28575	0.43710	40395.3	6732.56
28576	0.52460	48481.6	8080.27
28577	0.19402	17931.2	4482.8
28578	0.09409	8695.76	4347.88
28579	0.37810	34942.8	6988.56
28580	0.21046	19449.7	6483.24
28581	0.25057	23156.8	7718.94
28582	0.12011	11100	3700
28583	0.21876	20217.3	5054.33
28584	0.30118	27834.4	13917.2
28585	0.10029	9268.84	4634.42
28586	0.09189	8492.38	8492.38
28587	0.27273	25204.9	4200.81
28588	0.24523	22663.3	5665.82
28589	0.42266	39061.2	9765.3
28590	0.67143	62052	20684
28591	0.25145	23238.1	5809.53
28592	0.32547	30079.3	6015.86
28593	0.29575	27332.1	5466.42
28594	0.28701	26524.8	4420.8
28595	0.21122	19520.7	4880.18
28596	0.20734	19162	6387.34
28597	0.00000	0	0
28598	0.30045	27766.8	5553.35
28599	0.15660	14472.9	3618.23
28600	0.42261	39056.8	5579.55
