#IID	F_ROH	ROH_length_kB	KBAVG
2551	0.21836	20511.3	5127.82
2552	0.32250	30294.3	10098.1
2553	0.44432	41737.1	13912.4
2554	0.45135	42397.4	8479.48
2555	0.19298	18127.6	9063.79
2556	0.26689	25070.6	25070.6
2557	0.26011	24433.9	6108.48
2558	0.05370	5044.38	5044.38
2559	0.46262	43456.4	7242.73
2560	0.04755	4466.55	4466.55
2561	0.26545	24935.5	12467.7
2562	0.14237	13373.5	4457.82
2563	0.58080	54557.7	27278.9
2564	0.11899	11177.6	5588.81
2565	0.22827	21442.5	7147.51
2566	0.26699	25079.8	6269.95
2567	0.41830	39292.9	19646.4
2568	0.14390	13517.7	6758.84
2569	0.47628	44739	11184.7
2570	0.25191	23663.5	5915.88
2571	0.35360	33215	6643
2572	0.37170	34916	8729
2573	0.37184	34928.8	11642.9
2574	0.42315	39748.3	6624.72
2575	0.29064	27301.3	6825.31
2576	0.46481	43662.4	7277.07
2577	0.87966	82631.2	41315.6
2578	0.25795	24230.6	6057.64
2579	0.25927	24354.6	12177.3
2580	0.83694	78617.7	39308.9
2581	0.34262	32183.8	6436.76
2582	0.15680	14729.4	7364.7
2583	0.45445	42688.9	8537.77
2584	0.64642	60721.4	12144.3
2585	0.36325	34122.3	17061.2
2586	0.68163	64029.4	32014.7
2587	0.24624	23130.8	23130.8
2588	0.29746	27942	9313.99
2589	0.68416	64266.9	64266.9
2590	0.85903	80692.9	40346.4
2591	0.36340	34136.4	17068.2
2592	0.38998	36632.4	12210.8
2593	0.87345	82047.3	27349.1
2594	0.06870	6453.6	3226.8
2595	0.34346	32262.5	8065.61
2596	0.31662	29741.5	14870.8
2597	0.46250	43444.9	14481.6
2598	0.20370	19134.7	9567.34
2599	0.26647	25030.8	12515.4
2600	0.36041	33855.5	8463.87
