#IID	F_ROH	ROH_length_kB	KBAVG
2551	0.21156	19551.6	6517.2
2552	0.25622	23679.1	5919.78
2553	0.69805	64511.9	12902.4
2554	0.18845	17416.4	8708.21
2555	0.23641	21848.6	10924.3
2556	0.20343	18800.4	6266.82
2557	0.48893	45185.5	11296.4
2558	0.17071	15776.4	5258.8
2559	0.29710	27457.3	9152.43
2560	0.17225	15918.4	7959.19
2561	0.18683	17266.1	8633.05
2562	0.46305	42793.9	10698.5
2563	0.21263	19650.5	6550.17
2564	0.34023	31443.4	5240.57
2565	0.24746	22869.8	7623.26
2566	0.34289	31689.1	7922.27
2567	0.39410	36421.5	18210.8
2568	0.20740	19167.1	9583.54
2569	0.31341	28964	9654.66
2570	0.23736	21935.6	5483.89
2571	0.09459	8741.87	4370.94
2572	0.13749	12706.3	6353.15
2573	0.52707	48709.8	12177.5
2574	0.28393	26239.9	6559.97
2575	0.35837	33119.5	6623.89
2576	0.17063	15769.1	5256.38
2577	0.32693	30214	7553.5
2578	0.38797	35854.8	7170.96
2579	0.21152	19547.6	6515.86
2580	0.25614	23672	7890.67
2581	0.19175	17720.8	5906.94
2582	0.13131	12135.2	4045.06
2583	0.40589	37510.7	9377.68
2584	0.25508	23573.5	5893.38
2585	0.32034	29604.8	7401.2
2586	0.00000	0	0
2587	0.29990	27715.6	4619.26
2588	0.28310	26163.3	6540.83
2589	0.12600	11644.4	5822.18
2590	0.25767	23812.6	7937.52
2591	0.34359	31753.8	6350.77
2592	0.13040	12050.8	6025.38
2593	0.25729	23777.7	11888.9
2594	0.35356	32675	6535
2595	0.04863	4494.52	4494.52
2596	0.21469	19840.9	6613.62
2597	0.28003	25879.3	6469.83
2598	0.13812	12764.2	6382.1
2599	0.58216	53801.6	13450.4
2600	0.21896	20235.2	10117.6
