#IID	F_ROH	ROH_length_kB	KBAVG
8551	0.45034	42319.9	8463.98
8552	0.50569	47520.7	9504.14
8553	0.09094	8545.61	4272.8
8554	0.18712	17584	5861.33
8555	0.21010	19743.6	4935.91
8556	0.15963	15001.1	5000.35
8557	0.28393	26681.3	6670.33
8558	0.22423	21071.8	7023.92
8559	0.27237	25595.3	5119.07
8560	0.27058	25427.1	5085.42
8561	0.17866	16789.4	4197.36
8562	0.07334	6891.86	6891.86
8563	0.24595	23112.5	5778.12
8564	0.04180	3928.23	3928.23
8565	0.38924	36578.1	7315.62
8566	0.18772	17640.6	5880.19
8567	0.19649	18464.9	6154.98
8568	0.19294	18130.9	4532.73
8569	0.23702	22273.8	5568.44
8570	0.22394	21044.3	5261.07
8571	0.24598	23115.4	4623.09
8572	0.04833	4541.74	4541.74
8573	0.05370	5046.05	5046.05
8574	0.29830	28031.6	5606.32
8575	0.15552	14614.4	4871.45
8576	0.40942	38474.7	5496.38
8577	0.48796	45855.2	9171.03
8578	0.25192	23673.2	7891.06
8579	0.15512	14577.1	3644.26
8580	0.16370	15383.5	5127.83
8581	0.16131	15158.8	3789.69
8582	0.06261	5883.36	5883.36
8583	0.34302	32234.7	6446.93
8584	0.15359	14433.4	7216.69
8585	0.20189	18972	4743
8586	0.07093	6665.33	6665.33
8587	0.24460	22985.8	5746.45
8588	0.35708	33555.7	5592.62
8589	0.21936	20613.7	5153.43
8590	0.17984	16899.6	5633.19
8591	0.30580	28736.4	4789.4
8592	0.24358	22890	5722.49
8593	0.26672	25064.5	6266.13
8594	0.14016	13171.3	4390.43
8595	0.31550	29648.1	4941.35
8596	0.18054	16966	4241.5
8597	0.13710	12883.4	4294.46
8598	0.35245	33120.9	5520.15
8599	0.27399	25747.8	8582.59
8600	0.17718	16650.3	5550.1
