#IID	F_ROH	ROH_length_kB	KBAVG
2551	0.14660	13759.8	4586.59
2552	0.09206	8640.94	8640.94
2553	0.07311	6862.38	3431.19
2554	0.26301	24686.3	8228.76
2555	0.48293	45327.9	15109.3
2556	0.28389	26646.4	13323.2
2557	0.38860	36474.6	7294.92
2558	0.07646	7176.29	3588.14
2559	0.24470	22968	7656.01
2560	0.25803	24218.8	6054.69
2561	0.13351	12531.6	4177.2
2562	0.38655	36281.8	36281.8
2563	0.21578	20253.6	6751.21
2564	0.32637	30633.6	10211.2
2565	0.05730	5377.93	5377.93
2566	0.17097	16047.5	5349.17
2567	0.54331	50995.5	25497.7
2568	0.08091	7594.09	7594.09
2569	0.21544	20221.1	6740.36
2570	0.23980	22507.5	7502.5
2571	0.04910	4608.74	4608.74
2572	0.11748	11026.7	5513.36
2573	0.70739	66396.5	16599.1
2574	0.24451	22950.1	11475
2575	0.14852	13940.5	4646.82
2576	0.18978	17812.6	5937.55
2577	0.21693	20361.5	20361.5
2578	0.53806	50503.1	16834.4
2579	0.26309	24694.1	6173.53
2580	0.24934	23402.9	11701.5
2581	0.27354	25674.5	6418.63
2582	0.40319	37843.7	9460.94
2583	0.00000	0	0
2584	0.58973	55352.2	13838.1
2585	0.11377	10678.4	5339.21
2586	0.38704	36327.9	12109.3
2587	0.03437	3226.04	3226.04
2588	0.05793	5437.73	5437.73
2589	0.05004	4697.06	4697.06
2590	0.86001	80720.8	40360.4
2591	0.21494	20174.6	5043.65
2592	0.09206	8640.94	8640.94
2593	0.44617	41877.4	13959.1
2594	0.18455	17321.9	5773.95
2595	0.20350	19100.9	4775.22
2596	0.15323	14382.6	7191.31
2597	0.22628	21238.4	5309.59
2598	0.12543	11772.8	5886.41
2599	0.30689	28805.1	7201.27
2600	0.09127	8566.71	8566.71
