#IID	F_ROH	ROH_length_kB	KBAVG
6551	0.39177	36811.5	7362.3
6552	0.14756	13865	6932.5
6553	0.17836	16758.8	5586.27
6554	0.26815	25195.6	6298.91
6555	0.31717	29802.3	5960.46
6556	0.22761	21386.5	5346.62
6557	0.12686	11920	5960.02
6558	0.30484	28643.6	7160.9
6559	0.37340	35086	5847.67
6560	0.26288	24700.4	6175.09
6561	0.04936	4637.75	4637.75
6562	0.31918	29991.3	9997.09
6563	0.32041	30106.1	7526.52
6564	0.30831	28969.8	14484.9
6565	0.16156	15180.8	3795.2
6566	0.35008	32894.4	10964.8
6567	0.30265	28438.1	9479.38
6568	0.05211	4896.49	4896.49
6569	0.22067	20734.7	5183.66
6570	0.35741	33582.9	6716.58
6571	0.46589	43776.1	8755.22
6572	0.27271	25624.8	6406.19
6573	0.23690	22259.7	5564.91
6574	0.33318	31306.7	10435.6
6575	0.23321	21913.4	5478.36
6576	0.47528	44658.2	11164.6
6577	0.43361	40742.8	10185.7
6578	0.26379	24786	8261.99
6579	0.27190	25548.3	4258.06
6580	0.09837	9242.68	4621.34
6581	0.27036	25403.6	8467.86
6582	0.22028	20698.1	4139.62
6583	0.20050	18839.1	6279.68
6584	0.12193	11456.5	5728.24
6585	0.09422	8852.91	4426.46
6586	0.17635	16570.5	4142.62
6587	0.11055	10387.3	5193.63
6588	0.05851	5497.52	2748.76
6589	0.14960	14056.4	4685.48
6590	0.21092	19819	4954.75
6591	0.28616	26888.7	8962.91
6592	0.18518	17400.3	8700.15
6593	0.22544	21183.3	7061.09
6594	0.19394	18222.9	6074.32
6595	0.10559	9921.92	4960.96
6596	0.18913	17771.1	8885.53
6597	0.33460	31439.4	10479.8
6598	0.25300	23772.1	4754.42
6599	0.11114	10442.9	5221.45
6600	0.04583	4305.91	4305.91
