#IID	F_ROH	ROH_length_kB	KBAVG
6551	0.25647	23714.3	7904.76
6552	0.57196	52884.8	52884.8
6553	0.06205	5737.64	5737.64
6554	0.15125	13984.9	4661.63
6555	0.32764	30294.2	7573.55
6556	0.17472	16155.4	5385.14
6557	0.14399	13313.8	4437.95
6558	0.15666	14485.1	7242.54
6559	0.47006	43462.6	21731.3
6560	0.15006	13874.9	6937.43
6561	0.26329	24344.8	8114.95
6562	0.15939	14737.3	4912.42
6563	0.15030	13897.3	6948.66
6564	0.17150	15857.5	3964.38
6565	0.05199	4807.03	4807.03
6566	0.20641	19084.8	9542.4
6567	0.14493	13400.2	6700.12
6568	0.19785	18293.5	6097.82
6569	0.15896	14698.3	4899.43
6570	0.29456	27235.8	9078.6
6571	0.10625	9823.88	4911.94
6572	0.28074	25958.3	6489.58
6573	0.15030	13896.7	6948.36
6574	0.32069	29651.6	14825.8
6575	0.15006	13874.9	6937.43
6576	0.28916	26736.4	8912.14
6577	0.15119	13979.4	4659.81
6578	0.42835	39606	39606
6579	0.25930	23975.2	5993.81
6580	0.16116	14901.6	7450.81
6581	0.03126	2890.24	2890.24
6582	0.16152	14934.7	7467.33
6583	0.19324	17867.6	5955.86
6584	0.17720	16384.4	5461.46
6585	0.05052	4671.23	4671.23
6586	0.28070	25954	12977
6587	0.05214	4821.18	4821.18
6588	0.26597	24592.4	12296.2
6589	0.05616	5192.36	5192.36
6590	0.26130	24160.5	12080.3
6591	0.10189	9421.16	4710.58
6592	0.13559	12536.6	6268.3
6593	0.19359	17900	5966.66
6594	0.21468	19849.5	6616.5
6595	0.10398	9614.45	4807.23
6596	0.14669	13563.5	6781.77
6597	0.17009	15727.4	3931.84
6598	0.07970	7368.89	7368.89
6599	0.24531	22682	7560.68
6600	0.13772	12733.6	6366.81
