#IID	F_ROH	ROH_length_kB	KBAVG
2551	0.58722	55189.8	11038
2552	0.29150	27396.4	5479.27
2553	0.38191	35893.6	8973.4
2554	0.32431	30479.8	6095.96
2555	0.53184	49984.5	8330.75
2556	0.26033	24467.2	12233.6
2557	0.58684	55154.3	9192.38
2558	0.21945	20624.7	10312.4
2559	0.19931	18732.5	9366.23
2560	0.27517	25861.6	6465.41
2561	0.39851	37453.4	9363.36
2562	0.10659	10018.2	5009.09
2563	0.40358	37930.2	7586.04
2564	0.24301	22839.5	7613.17
2565	0.31699	29792.5	5958.5
2566	0.27843	26168	6542.01
2567	0.10172	9559.75	4779.88
2568	0.10711	10066.3	5033.14
2569	0.36965	34741.1	8685.28
2570	0.35251	33130.6	6626.12
2571	0.27112	25481.4	6370.34
2572	0.56349	52959.1	13239.8
2573	0.33164	31169.2	7792.31
2574	0.17021	15996.9	5332.29
2575	0.24189	22733.6	7577.87
2576	0.29440	27668.8	9222.93
2577	0.12283	11544.2	5772.12
2578	0.26677	25072.3	6268.08
2579	0.24515	23040.6	7680.2
2580	0.52958	49772.1	12443
2581	0.16036	15071.8	5023.92
2582	0.19133	17982.5	8991.23
2583	0.15790	14840.6	4946.85
2584	0.27457	25805	5161
2585	0.08473	7963.59	3981.8
2586	0.26444	24853.1	8284.35
2587	0.07426	6979.1	6979.1
2588	0.35483	33349	6669.79
2589	0.44336	41669.4	10417.4
2590	0.32202	30265.3	10088.4
2591	0.16355	15371.3	5123.76
2592	0.39278	36915.6	9228.89
2593	0.37696	35428.4	7085.69
2594	0.09770	9182.57	4591.29
2595	0.24225	22768.2	7589.41
2596	0.12526	11772.6	5886.31
2597	0.14364	13499.6	4499.87
2598	0.27671	26006.1	6501.52
2599	0.33522	31505.1	7876.27
2600	0.29539	27761.9	5552.38
