#IID	F_ROH	ROH_length_kB	KBAVG
6551	0.22501	21132.8	7044.28
6552	0.34971	32844.5	10948.2
6553	0.21285	19990.8	6663.6
6554	0.23652	22213.9	5553.47
6555	0.27943	26243.8	8747.93
6556	0.14227	13362	4454
6557	0.08913	8370.96	4185.48
6558	0.14153	13292	4430.68
6559	0.32103	30150.5	7537.62
6560	0.25573	24017.7	6004.42
6561	0.08105	7612.5	3806.25
6562	0.07710	7241.63	3620.81
6563	0.35190	33050.6	16525.3
6564	0.28762	27012.8	5402.55
6565	0.38464	36125.2	6020.86
6566	0.42836	40231.3	5747.32
6567	0.23132	21725.3	7241.77
6568	0.12453	11696.1	5848.03
6569	0.09110	8555.91	4277.95
6570	0.19738	18538	6179.34
6571	0.11516	10815.6	10815.6
6572	0.63895	60010.1	20003.4
6573	0.39293	36903.5	7380.7
6574	0.30819	28945.2	9648.39
6575	0.10281	9656.15	4828.08
6576	0.08929	8386.44	4193.22
6577	0.23042	21640.7	7213.56
6578	0.11459	10762.2	5381.11
6579	0.63548	59683.8	9947.31
6580	0.24279	22802.9	7600.97
6581	0.23335	21916.2	7305.38
6582	0.04827	4533.57	4533.57
6583	0.11436	10740.8	5370.38
6584	0.25973	24393.6	6098.4
6585	0.26395	24790.3	12395.1
6586	0.44923	42191.6	8438.31
6587	0.09320	8753.03	4376.52
6588	0.43626	40973.5	13657.8
6589	0.10181	9562.3	4781.15
6590	0.20751	19489.6	9744.82
6591	0.04005	3761.18	3761.18
6592	0.26992	25350.4	5070.08
6593	0.04005	3761.18	3761.18
6594	0.08440	7926.43	3963.22
6595	0.43864	41196.8	13732.3
6596	0.24345	22864.9	7621.65
6597	0.11099	10423.7	3474.57
6598	0.38129	35810.9	7162.18
6599	0.15184	14260.9	7130.47
6600	0.13886	13041.5	6520.76
