#IID	F_ROH	ROH_length_kB	KBAVG
2551	0.12376	11443.3	3814.42
2552	0.32585	30128.6	10042.9
2553	0.19474	18006.4	9003.22
2554	0.23658	21874.4	7291.47
2555	0.32943	30459.7	7614.94
2556	0.37721	34877.5	6975.49
2557	0.23180	21433.2	4286.64
2558	0.13445	12431.6	6215.81
2559	0.36226	33495.3	11165.1
2560	0.17795	16453.8	4113.44
2561	0.09847	9105.11	4552.55
2562	0.21698	20062.6	6687.55
2563	0.11317	10464	5231.99
2564	0.20801	19233.2	6411.07
2565	0.33031	30541	7635.26
2566	0.32721	30254.7	7563.69
2567	0.24105	22287.8	5571.95
2568	0.18737	17324.9	5774.96
2569	0.43371	40102	20051
2570	0.18782	17365.9	5788.62
2571	0.23580	21802.4	7267.47
2572	0.04229	3909.78	3909.78
2573	0.18737	17324.9	5774.96
2574	0.27875	25774.1	6443.52
2575	0.11330	10476.3	5238.15
2576	0.13051	12067.5	4022.49
2577	0.20377	18840.8	9420.4
2578	0.33436	30915.9	5152.65
2579	0.17927	16575.3	4143.82
2580	0.15655	14475.1	3618.77
2581	0.17363	16053.9	16053.9
2582	0.13236	12238.6	4079.53
2583	0.19428	17963.2	4490.81
2584	0.20257	18730.5	6243.51
2585	0.23941	22136.4	4427.27
2586	0.26365	24377.7	6094.43
2587	0.15129	13988.3	4662.78
2588	0.17551	16228.3	5409.43
2589	0.06840	6324.76	3162.38
2590	0.09526	8807.64	8807.64
2591	0.13308	12304.5	6152.27
2592	0.18417	17028.4	8514.22
2593	0.25888	23936.8	4787.35
2594	0.17489	16171	4042.76
2595	0.07760	7175.11	3587.55
2596	0.32113	29692.4	7423.1
2597	0.13974	12920.7	4306.89
2598	0.26650	24640.8	8213.61
2599	0.26174	24200.6	8066.85
2600	0.23911	22109	3684.84
