#IID	F_ROH	ROH_length_kB	KBAVG
2551	0.49984	46116.4	7686.07
2552	0.23943	22090.9	5522.72
2553	0.32773	30237.4	7559.34
2554	0.27093	24997.1	4999.42
2555	0.36960	34100.4	6820.09
2556	0.19141	17659.9	4414.97
2557	0.09734	8980.71	4490.36
2558	0.12002	11073	5536.52
2559	0.36185	33385.4	8346.34
2560	0.56781	52387.6	10477.5
2561	0.26980	24892.2	12446.1
2562	0.26085	24066.9	12033.5
2563	0.83338	76889.7	19222.4
2564	0.57331	52895	13223.8
2565	0.36756	33912	11304
2566	0.32053	29573	9857.68
2567	0.33693	31085.9	6217.19
2568	0.20777	19169.3	6389.77
2569	0.25927	23921.1	7973.71
2570	0.32425	29916.7	7479.17
2571	0.23401	21590.5	5397.62
2572	0.27065	24971.2	4994.23
2573	0.24344	22460.2	7486.74
2574	0.26486	24436.9	6109.23
2575	0.17291	15953.2	5317.74
2576	0.46886	43258.7	7209.78
2577	0.23096	21308.6	5327.15
2578	0.36970	34109.9	6821.99
2579	0.28689	26469.2	8823.07
2580	0.27526	25396.2	5079.25
2581	0.39803	36723.4	7344.69
2582	0.30287	27943.5	5588.71
2583	0.37517	34614.7	6922.93
2584	0.17780	16404	4100.99
2585	0.32127	29641.6	7410.39
2586	0.11771	10860.5	3620.17
2587	0.62351	57527.1	9587.84
2588	0.46362	42774.9	14258.3
2589	0.50000	46131.4	15377.1
2590	0.42513	39223.7	6537.28
2591	0.35303	32572	5428.67
2592	0.18104	16703	4175.76
2593	0.24625	22719.6	7573.21
2594	0.03877	3577.11	3577.11
2595	0.26648	24586.4	8195.47
2596	0.14827	13679.7	4559.91
2597	0.42573	39279.2	7855.84
2598	0.32004	29527.9	5905.59
2599	0.21562	19893.7	4973.43
2600	0.39607	36542.8	12180.9
