#IID	F_ROH	ROH_length_kB	KBAVG
4551	0.15190	14043.7	4681.23
4552	0.37419	34596	17298
4553	0.47016	43468.4	10867.1
4554	0.11165	10322.9	3440.98
4555	0.07480	6915.4	3457.7
4556	0.46137	42655.6	14218.5
4557	0.40723	37650.3	9412.57
4558	0.25916	23960.8	5990.2
4559	0.12772	11808.6	5904.29
4560	0.35089	32441.9	6488.39
4561	0.22204	20528.3	5132.08
4562	0.30694	28378.4	5675.68
4563	0.19992	18483.6	6161.2
4564	0.55970	51747.4	17249.1
4565	0.35803	33101.3	11033.8
4566	0.34493	31890.8	10630.3
4567	0.39596	36608.6	9152.14
4568	0.57245	52926	10585.2
4569	0.11651	10772.1	3590.7
4570	0.16220	14996.3	4998.77
4571	0.23737	21946.4	4389.29
4572	0.45630	42186.8	10546.7
4573	0.25294	23385.5	11692.8
4574	0.37482	34653.6	8663.39
4575	0.21233	19631.2	6543.73
4576	0.66226	61229.1	15307.3
4577	0.40497	37441.2	6240.2
4578	0.45489	42056.9	10514.2
4579	0.21152	19555.8	6518.62
4580	0.21633	20001	4000.2
4581	0.17716	16379.1	8189.55
4582	0.28367	26226.9	4371.16
4583	0.26580	24574.6	8191.55
4584	0.24563	22709.3	5677.32
4585	0.23640	21856	4371.21
4586	0.18562	17161.5	5720.5
4587	0.36698	33929.4	4847.05
4588	0.25746	23803.7	5950.94
4589	0.30144	27869.4	6967.35
4590	0.10623	9821.14	4910.57
4591	0.46248	42758.5	10689.6
4592	0.64756	59870.3	19956.8
4593	0.57132	52821.4	8803.56
4594	0.59713	55207.8	18402.6
4595	0.25059	23168	5791.99
4596	0.14897	13773.3	6886.66
4597	0.38545	35636.5	5939.41
4598	0.65125	60211.1	30105.5
4599	0.17457	16139.5	5379.82
4600	0.20711	19148.7	6382.9
