#IID	F_ROH	ROH_length_kB	KBAVG
8551	0.69641	65428.3	21809.4
8552	0.29944	28132.4	9377.47
8553	0.25813	24251.9	4850.38
8554	0.03787	3558.17	3558.17
8555	0.13323	12517.1	4172.37
8556	0.18651	17522.9	5840.96
8557	0.35108	32984.4	8246.11
8558	0.22166	20825.1	5206.28
8559	0.28460	26738.1	6684.53
8560	0.30681	28824.8	4804.13
8561	0.09862	9265.74	3088.58
8562	0.33276	31263.6	6252.73
8563	0.31457	29554.7	7388.68
8564	0.14010	13162.6	6581.29
8565	0.12797	12023	6011.51
8566	0.25051	23535.5	7845.17
8567	0.14521	13642.5	6821.27
8568	0.20694	19442.5	4860.61
8569	0.18005	16915.7	5638.55
8570	0.22216	20872.7	6957.55
8571	0.19720	18527.4	3705.47
8572	0.30326	28492.1	7123.03
8573	0.30130	28307.2	7076.8
8574	0.37033	34793.1	8698.27
8575	0.23868	22424.5	7474.82
8576	0.37151	34903.5	6980.71
8577	0.32665	30689	6137.8
8578	0.25643	24092.2	6023.05
8579	0.26698	25083.1	12541.5
8580	0.25300	23769.3	4753.87
8581	0.56913	53470.1	10694
8582	0.22670	21298.5	7099.51
8583	0.32555	30586.3	6117.25
8584	0.17934	16849.2	5616.39
8585	0.10520	9883.32	4941.66
8586	0.13851	13013.3	6506.66
8587	0.27574	25906.5	8635.49
8588	0.45433	42685.2	7114.2
8589	0.11576	10875.4	5437.7
8590	0.40100	37674.8	7534.97
8591	0.35311	33175.5	8293.88
8592	0.13760	12928	6463.99
8593	0.39903	37489.5	12496.5
8594	0.42124	39575.9	7915.18
8595	0.53689	50441.4	16813.8
8596	0.17476	16419.4	16419.4
8597	0.12477	11722.3	5861.13
8598	0.25075	23558.2	7852.74
8599	0.17610	16545.1	8272.57
8600	0.37583	35309.6	8827.39
