#IID	F_ROH	ROH_length_kB	KBAVG
22551	0.17493	16419.4	5473.14
22552	0.00000	0	0
22553	0.12137	11392.2	5696.11
22554	0.31962	30001	10000.3
22555	0.29828	27998.3	13999.2
22556	0.16384	15379.1	3844.77
22557	0.05644	5297.58	5297.58
22558	0.16537	15522.2	5174.08
22559	0.34395	32284.6	8071.16
22560	0.27725	26023.7	8674.58
22561	0.05623	5278.16	5278.16
22562	0.18432	17301.2	5767.06
22563	0.08089	7592.76	3796.38
22564	0.12906	12114.4	6057.22
22565	0.43448	40782.7	10195.7
22566	0.24070	22593.2	11296.6
22567	1.00000	93865.1	93865.1
22568	0.29888	28054.8	5610.96
22569	0.31533	29598.1	14799.1
22570	0.28085	26361.7	8787.25
22571	0.11372	10674.6	5337.32
22572	0.24500	22996.7	11498.4
22573	0.07863	7380.95	3690.48
22574	0.10896	10227.1	5113.54
22575	0.55785	52362.7	17454.2
22576	0.43948	41251.9	6875.32
22577	0.11155	10470.7	5235.34
22578	0.38931	36542.2	7308.44
22579	0.32047	30081	7520.24
22580	0.38887	36501	9125.24
22581	0.13778	12932.6	6466.32
22582	0.32699	30692.6	6138.52
22583	0.52012	48820.7	16273.6
22584	0.32646	30643	10214.3
22585	0.11213	10524.8	10524.8
22586	0.14269	13394	6697.02
22587	0.42083	39500.9	7900.17
22588	0.69784	65503.1	32751.6
22589	0.13250	12436.8	4145.59
22590	0.48776	45783.6	11445.9
22591	0.35021	32872.9	6574.57
22592	0.21999	20649.6	6883.19
22593	0.25210	23663.3	5915.83
22594	0.25097	23557.6	7852.52
22595	0.98320	92288	92288
22596	0.25236	23688	4737.6
22597	0.11856	11129	5564.48
22598	0.07699	7226.64	3613.32
22599	0.14126	13259.1	4419.69
22600	0.11952	11219	3739.67
