#IID	F_ROH	ROH_length_kB	KBAVG
8551	0.19985	18768	9383.99
8552	0.04373	4106.43	4106.43
8553	0.34852	32729.4	8182.36
8554	0.34359	32265.8	6453.16
8555	0.07243	6801.81	6801.81
8556	0.22165	20814.7	5203.68
8557	0.17592	16520.1	5506.69
8558	0.39870	37441.4	12480.5
8559	0.40841	38352.7	9588.18
8560	0.46047	43242.2	8648.44
8561	0.36585	34356	8589.01
8562	0.23615	22176.8	4435.37
8563	0.40466	38001.1	19000.6
8564	0.10126	9508.8	4754.4
8565	0.08769	8235.11	8235.11
8566	0.18928	17775.2	5925.07
8567	0.08143	7646.55	3823.28
8568	0.13392	12575.8	4191.92
8569	0.30800	28923.5	14461.8
8570	0.08428	7914.74	3957.37
8571	0.19505	18317	4579.26
8572	0.12822	12041	4013.66
8573	0.16650	15635.7	5211.89
8574	0.06816	6400.64	6400.64
8575	0.04142	3890.15	3890.15
8576	0.50955	47851.4	11962.8
8577	0.38213	35885	8971.26
8578	0.24144	22673.4	11336.7
8579	0.30089	28256.5	7064.12
8580	0.34208	32124.4	6424.87
8581	0.15384	14447	4815.66
8582	0.38737	36377.7	9094.43
8583	0.07625	7160.81	3580.4
8584	0.28394	26664	6666
8585	0.10824	10164.3	5082.16
8586	0.00000	0	0
8587	0.10172	9552.68	4776.34
8588	0.13112	12312.9	6156.46
8589	0.21850	20518.8	6839.59
8590	0.12289	11540.6	5770.3
8591	0.31232	29329.3	9776.43
8592	0.24298	22817.5	5704.36
8593	0.22934	21536.5	7178.83
8594	0.32706	30713.6	7678.4
8595	0.13231	12424.6	6212.31
8596	0.18123	17019.3	5673.09
8597	0.11616	10908.2	5454.09
8598	0.14034	13179.5	4393.17
8599	0.27333	25667.7	6416.92
8600	0.17951	16857.7	5619.23
