#IID	F_ROH	ROH_length_kB	KBAVG
4551	0.85568	80414.8	40207.4
4552	0.63024	59228.2	11845.6
4553	0.42556	39993	6665.51
4554	0.15492	14558.6	4852.88
4555	0.00000	0	0
4556	0.18815	17681.6	5893.87
4557	0.35090	32977.1	6595.42
4558	0.29234	27473.9	4578.98
4559	0.10303	9682.79	4841.4
4560	0.16500	15506.8	5168.92
4561	0.18372	17265.9	5755.31
4562	0.16692	15686.8	5228.95
4563	0.41091	38616.5	9654.13
4564	0.32250	30308	6061.61
4565	0.12555	11798.8	5899.39
4566	0.24485	23010.2	4602.05
4567	0.32897	30915.9	10305.3
4568	0.23501	22086	4417.2
4569	0.47809	44930.1	7488.35
4570	0.09996	9393.74	3131.25
4571	0.39954	37548	12516
4572	0.42853	40272	6711.99
4573	0.29813	28017.6	5603.52
4574	0.14917	14019	7009.48
4575	0.48309	45399.6	9079.93
4576	0.21570	20271.4	6757.13
4577	0.04462	4193.21	4193.21
4578	0.18072	16983.3	8491.64
4579	0.29541	27761.7	9253.91
4580	0.06235	5859.78	5859.78
4581	0.13849	13015.4	6507.68
4582	0.09908	9311.59	4655.8
4583	0.22187	20851.2	6950.41
4584	0.40396	37963.7	6327.28
4585	0.21387	20098.8	10049.4
4586	0.63889	60041.5	10006.9
4587	0.41736	39222.6	6537.1
4588	0.19276	18115.2	4528.81
4589	0.16743	15734.6	5244.87
4590	0.20421	19191.4	4797.85
4591	0.14681	13796.5	6898.24
4592	0.05914	5557.38	5557.38
4593	0.38059	35766.8	8941.7
4594	0.50735	47679.3	9535.87
4595	0.18863	17727.4	5909.13
4596	0.16404	15416.3	5138.77
4597	0.37253	35009.3	7001.86
4598	0.26575	24975	6243.75
4599	0.16150	15177.7	5059.24
4600	0.13178	12384.8	4128.27
