#IID	F_ROH	ROH_length_kB	KBAVG
34551	0.25491	23927.7	5981.93
34552	0.31627	29687.5	4947.91
34553	0.18839	17683.5	5894.51
34554	0.03064	2875.62	2875.62
34555	0.18831	17675.8	3535.16
34556	0.22747	21351.5	7117.15
34557	0.30422	28556	7139
34558	0.21686	20355.7	5088.93
34559	0.23652	22201.1	5550.27
34560	0.29003	27224	9074.65
34561	0.14207	13335.9	4445.3
34562	0.52278	49072.1	8178.68
34563	0.37714	35400.8	8850.19
34564	0.03220	3022.96	3022.96
34565	0.24796	23275	5818.76
34566	0.14508	13618.1	3404.52
34567	0.14083	13219.4	13219.4
34568	0.14873	13960.9	4653.63
34569	0.33944	31862.5	6372.49
34570	0.18311	17188	5729.35
34571	0.16087	15100.2	5033.39
34572	0.20365	19116.5	9558.27
34573	0.21401	20088.8	5022.2
34574	0.29941	28105.1	7026.28
34575	0.13494	12666.1	4222.03
34576	0.20557	19296.4	6432.12
34577	0.38024	35692	8922.99
34578	0.14377	13495.2	3373.8
34579	0.17393	16326.4	5442.14
34580	0.16664	15641.6	5213.87
34581	0.31681	29738.3	7434.57
34582	0.24939	23409.6	5852.4
34583	0.31336	29414.6	9804.88
34584	0.37893	35569.4	8892.35
34585	0.34714	32585.3	16292.6
34586	0.13629	12793.3	6396.65
34587	0.13905	13052.4	6526.2
34588	0.28071	26349.1	6587.28
34589	0.25744	24164.7	8054.9
34590	0.27461	25776.7	8592.22
34591	0.19303	18118.9	6039.63
34592	0.09905	9297.31	4648.65
34593	0.08336	7824.51	3912.25
34594	0.34041	31953.6	10651.2
34595	0.42025	39447.8	7889.56
34596	0.27141	25476.9	8492.31
34597	0.48332	45367.5	15122.5
34598	0.16035	15051.2	7525.6
34599	0.34112	32020	10673.3
34600	0.39170	36768.2	7353.65
