#IID	F_ROH	ROH_length_kB	KBAVG
20551	0.14634	13750.9	3437.72
20552	0.21823	20506.2	5126.56
20553	0.31460	29561.9	5912.38
20554	0.27780	26103.8	6525.95
20555	0.14732	13843	4614.34
20556	0.51545	48435	8072.5
20557	0.34125	32065.8	6413.16
20558	0.10778	10127.3	5063.64
20559	0.87300	82032.5	41016.2
20560	0.16691	15684.3	5228.1
20561	0.21656	20349.2	5087.3
20562	0.11881	11164.6	5582.3
20563	0.45227	42498.2	10624.5
20564	0.12303	11561.1	3853.69
20565	0.33540	31516.8	7879.21
20566	0.18189	17091.8	5697.26
20567	0.17142	16107.8	5369.26
20568	0.29408	27633.5	3947.65
20569	0.08146	7654.35	3827.18
20570	0.38221	35915.3	7183.06
20571	0.43327	40712.7	10178.2
20572	0.52260	49107.2	7015.31
20573	0.18543	17424.3	5808.1
20574	0.23397	21985.8	4397.16
20575	0.39913	37504.5	9376.12
20576	0.22579	21216.4	7072.13
20577	0.52552	49381.6	9876.33
20578	0.22378	21028.1	5257.02
20579	0.11142	10470.1	3490.02
20580	0.18436	17323.9	4330.97
20581	0.21116	19841.7	6613.89
20582	0.18632	17507.7	5835.89
20583	0.28308	26599.8	4433.3
20584	0.10096	9487.23	9487.23
20585	0.25490	23951.7	11975.8
20586	0.18021	16933.8	5644.61
20587	0.44909	42199.8	6028.54
20588	0.06537	6142.51	6142.51
20589	0.07250	6812.18	3406.09
20590	0.17935	16852.7	4213.16
20591	0.16907	15887.4	3971.85
20592	0.30904	29039.7	7259.92
20593	0.26709	25097.7	6274.42
20594	0.19266	18103.7	6034.58
20595	0.43169	40564.5	20282.3
20596	0.48202	45294.1	7549.02
20597	0.22948	21563.4	5390.85
20598	0.22570	21208.1	5302.02
20599	0.40491	38048	12682.7
20600	0.14580	13700.7	4566.91
