#IID	F_ROH	ROH_length_kB	KBAVG
4551	0.25294	23755.5	11877.8
4552	0.35358	33207.5	8301.87
4553	0.17670	16595.8	5531.92
4554	0.14012	13159.4	6579.72
4555	0.10520	9880.03	4940.02
4556	0.07287	6843.92	3421.96
4557	0.37824	35523.5	7104.69
4558	0.64091	60193.4	15048.3
4559	0.28977	27214.5	6803.63
4560	0.13987	13136.5	13136.5
4561	0.45197	42447.9	42447.9
4562	0.20069	18848.1	9424.05
4563	0.33372	31342.3	10447.4
4564	0.08152	7656.39	3828.19
4565	0.15139	14218	4739.32
4566	0.37434	35157.1	17578.5
4567	0.48163	45233.8	22616.9
4568	0.44748	42026.6	14008.9
4569	0.17205	16158.9	5386.29
4570	0.23595	22159.8	5539.94
4571	0.23509	22079.6	7359.86
4572	0.50256	47199.6	11799.9
4573	0.23716	22273.3	5568.32
4574	0.27761	26072.9	8690.97
4575	0.23694	22252.6	5563.14
4576	0.19907	18696.3	6232.1
4577	0.33015	31006.9	7751.73
4578	0.23417	21992.9	7330.96
4579	0.54793	51460.3	17153.4
4580	0.15647	14695.8	7347.89
4581	0.24017	22555.9	5638.97
4582	0.25891	24316.5	8105.5
4583	0.16230	15243.3	3810.82
4584	0.43290	40657.3	13552.4
4585	0.14642	13751.8	6875.88
4586	0.24807	23298.4	7766.14
4587	0.25812	24242.4	6060.61
4588	0.42457	39875.1	13291.7
4589	0.19309	18134.9	9067.45
4590	0.12823	12043.3	4014.42
4591	0.08162	7665.59	7665.59
4592	0.49231	46236.8	9247.37
4593	0.09580	8997.23	4498.61
4594	0.15542	14596.6	4865.52
4595	0.78678	73893.2	73893.2
4596	0.35242	33099	11033
4597	0.33986	31918.7	6383.74
4598	0.52325	49142.5	16380.8
4599	0.54201	50904.5	12726.1
4600	0.35603	33438.2	6687.65
