#IID	F_ROH	ROH_length_kB	KBAVG
2551	0.24286	22815.4	7605.14
2552	0.21106	19828.5	6609.52
2553	0.33809	31762.1	7940.52
2554	0.26293	24701.7	4116.95
2555	0.48225	45305.7	6472.25
2556	0.23245	21837.4	7279.14
2557	0.21681	20368.9	10184.5
2558	0.29215	27446.6	6861.64
2559	0.46679	43853.3	8770.66
2560	0.15656	14708.6	4902.85
2561	0.22792	21412.7	5353.18
2562	0.26369	24773.1	4128.85
2563	0.19151	17991.3	4497.82
2564	0.29253	27481.9	6870.48
2565	0.23017	21623.3	7207.76
2566	0.30429	28587.4	7146.85
2567	0.46280	43478.4	6211.2
2568	0.32199	30250.2	15125.1
2569	0.28081	26381.4	5276.28
2570	0.36696	34474.5	11491.5
2571	0.53533	50292.3	10058.5
2572	0.40355	37912.1	5416.01
2573	0.19970	18761	4690.24
2574	0.28040	26342.8	4390.47
2575	0.20909	19643.5	6547.83
2576	0.43053	40446.8	6741.14
2577	0.18577	17452.6	4363.14
2578	0.20144	18925	6308.33
2579	0.46086	43296.4	8659.29
2580	0.33170	31162.1	10387.4
2581	0.24897	23390.2	5847.56
2582	0.40965	38485	7697
2583	0.42919	40320.5	6720.08
2584	0.56087	52691.6	7527.37
2585	0.34532	32441.5	6488.3
2586	0.27073	25434.3	5086.87
2587	0.37299	35041.1	5005.88
2588	0.40781	38312.6	7662.52
2589	0.31751	29829.4	7457.35
2590	0.16591	15586.8	5195.58
2591	0.54384	51092.3	10218.5
2592	0.36095	33910.1	11303.4
2593	0.35019	32898.8	6579.77
2594	0.26113	24532.5	6133.12
2595	0.21720	20405	5101.24
2596	0.39643	37243.1	7448.62
2597	0.38490	36160.1	6026.68
2598	0.11849	11132	11132
2599	0.38323	36003	9000.74
2600	0.40421	37974.5	6329.09
