#IID	F_ROH	ROH_length_kB	KBAVG
4551	0.22761	21343	5335.76
4552	0.36156	33903.2	8475.8
4553	0.03897	3654.47	3654.47
4554	0.43723	40999.4	6833.24
4555	0.21638	20290.4	5072.6
4556	0.28666	26880.2	8960.07
4557	0.32988	30933	5155.5
4558	0.51350	48151.6	12037.9
4559	0.57496	53914.5	7702.07
4560	0.39127	36689.7	9172.42
4561	0.10576	9917.41	9917.41
4562	0.27415	25707.6	6426.9
4563	0.35775	33546	16773
4564	0.32106	30106	10035.3
4565	0.23939	22448	5611.99
4566	0.36666	34382.3	6876.45
4567	0.29858	27997.8	6999.46
4568	0.47063	44131.5	7355.25
4569	0.06646	6231.96	6231.96
4570	0.17354	16272.7	8136.33
4571	0.35496	33284.5	8321.12
4572	0.32831	30785.5	15392.8
4573	0.32135	30133.2	10044.4
4574	0.24244	22733.4	5683.36
4575	0.31510	29547.3	7386.82
4576	0.40470	37949	9487.26
4577	0.18955	17773.9	8886.93
4578	0.62872	58955.1	14738.8
4579	0.46711	43801.3	8760.25
4580	0.06308	5914.96	5914.96
4581	0.46038	43170.2	10792.5
4582	0.05193	4869.2	4869.2
4583	0.16461	15435.4	7717.72
4584	0.31723	29746.7	9915.55
4585	0.34744	32579.9	6515.98
4586	0.46827	43910.2	8782.05
4587	0.46028	43160.7	8632.14
4588	0.11882	11142.2	5571.1
4589	0.70031	65668.5	32834.3
4590	0.43551	40838.4	13612.8
4591	0.41966	39351.3	7870.27
4592	0.69825	65475.5	9353.65
4593	0.09518	8925.19	8925.19
4594	0.13979	13108.4	6554.21
4595	0.47226	44284.1	11071
4596	0.22025	20653.2	6884.39
4597	0.07186	6738.49	6738.49
4598	0.50943	47769.9	7961.65
4599	0.40535	38010	6335
4600	0.40565	38038.1	7607.62
