#IID	F_ROH	ROH_length_kB	KBAVG
20551	0.31867	29945.1	7486.27
20552	0.27632	25965.2	6491.31
20553	0.15187	14271.1	7135.57
20554	0.17019	15992.1	7996.04
20555	0.26411	24818.2	6204.56
20556	0.14394	13525.9	4508.64
20557	0.14378	13510.9	6755.47
20558	0.10319	9696.55	4848.27
20559	0.15843	14887.3	4962.45
20560	0.07155	6723.66	3361.83
20561	0.12644	11881.8	3960.61
20562	0.22222	20881.9	6960.65
20563	0.25100	23585.7	5896.42
20564	0.13995	13151	6575.48
20565	0.19195	18037.6	6012.52
20566	0.16938	15916.4	5305.48
20567	0.14829	13934.7	6967.36
20568	0.52625	49450.9	12362.7
20569	0.83872	78813.1	19703.3
20570	0.74214	69737.6	17434.4
20571	0.34890	32785.4	6557.07
20572	0.22629	21264.1	7088.03
20573	0.00000	0	0
20574	0.13039	12252.9	6126.44
20575	0.13677	12851.7	6425.87
20576	0.26917	25293.6	12646.8
20577	0.34196	32133.3	8033.32
20578	0.00000	0	0
20579	0.04621	4342.05	4342.05
20580	0.39114	36755.2	9188.79
20581	0.26925	25301.5	8433.82
20582	0.16641	15637.8	5212.59
20583	0.14785	13893.3	6946.66
20584	0.17671	16605.4	5535.13
20585	0.30278	28451.7	5690.34
20586	0.26643	25036.5	6259.12
20587	0.19756	18564.7	4641.18
20588	0.20831	19575.1	6525.05
20589	0.05845	5492.61	5492.61
20590	0.23196	21796.7	7265.57
20591	0.16857	15839.9	7919.95
20592	0.03580	3364.3	3364.3
20593	0.24402	22930.2	5732.56
20594	0.27347	25697.8	12848.9
20595	0.16478	15484.6	5161.53
20596	0.00000	0	0
20597	0.08029	7544.72	3772.36
20598	0.03293	3094.08	3094.08
20599	0.36628	34419	8604.76
20600	0.03797	3567.53	3567.53
