#IID	F_ROH	ROH_length_kB	KBAVG
8551	0.48887	45171.9	15057.3
8552	0.30873	28526.4	7131.61
8553	0.45252	41813.2	6968.87
8554	0.09629	8896.96	4448.48
8555	0.20101	18573.8	6191.28
8556	0.19535	18050.6	6016.88
8557	0.57630	53250.5	13312.6
8558	0.11418	10550.2	5275.08
8559	0.50677	46825.9	9365.17
8560	0.20658	19087.9	6362.63
8561	0.31061	28700.6	9566.86
8562	0.08835	8163.43	4081.71
8563	0.28103	25967.6	6491.9
8564	0.21629	19985.4	4996.34
8565	0.11669	10782.2	3594.08
8566	0.22395	20693.3	5173.33
8567	0.36740	33947.6	5657.94
8568	0.27719	25612.2	8537.41
8569	0.17270	15957.6	3989.41
8570	0.22648	20926.9	5231.72
8571	0.15061	13916.2	4638.73
8572	0.98687	91187	45593.5
8573	0.19787	18283.1	6094.37
8574	0.07220	6671.2	3335.6
8575	0.41151	38024	5432
8576	0.13109	12112.4	6056.2
8577	0.16749	15476.4	5158.8
8578	0.37153	34329.1	5721.52
8579	0.41013	37896.2	37896.2
8580	0.42258	39046.6	7809.33
8581	0.20714	19139.4	9569.72
8582	0.12834	11858.9	5929.47
8583	0.02664	2461.12	2461.12
8584	0.49140	45406	6486.57
8585	0.31324	28943.6	7235.9
8586	0.13764	12718.1	6359.05
8587	0.14109	13036.6	4345.54
8588	0.10450	9655.57	4827.79
8589	0.23916	22098.2	7366.08
8590	0.18490	17084.7	5694.91
8591	0.15085	13938.8	6969.4
8592	0.28064	25931.4	8643.79
8593	0.25506	23567.3	11783.6
8594	0.38597	35663.8	8915.96
8595	0.42030	38835.5	6472.59
8596	0.28657	26478.9	5295.78
8597	0.57369	53009	13252.3
8598	0.30407	28096.2	14048.1
8599	0.23506	21719.3	5429.83
8600	0.47308	43713.1	7285.52
