#IID	F_ROH	ROH_length_kB	KBAVG
2551	0.25691	24133.4	6033.36
2552	0.46755	43921.4	8784.27
2553	0.04012	3769.12	3769.12
2554	0.40807	38334	7666.81
2555	0.26572	24961.4	12480.7
2556	0.28953	27197.7	9065.9
2557	0.09227	8667.83	8667.83
2558	0.23157	21753.7	7251.22
2559	0.30864	28993.1	9664.37
2560	0.53793	50532.1	12633
2561	0.05311	4988.71	4988.71
2562	0.05697	5351.34	5351.34
2563	0.26854	25226.7	8408.9
2564	0.19790	18590.4	9295.21
2565	0.24276	22804.2	22804.2
2566	0.30350	28510.4	4751.74
2567	0.14843	13943	6971.51
2568	0.10897	10236.7	5118.33
2569	0.30035	28214.5	7053.63
2570	0.39197	36821.2	12273.7
2571	0.56440	53019.1	17673
2572	0.22429	21069.4	7023.12
2573	0.10950	10286.2	5143.1
2574	0.25267	23735.9	5933.98
2575	0.63583	59729	19909.7
2576	0.35192	33058.8	16529.4
2577	0.17253	16206.8	5402.28
2578	0.05999	5635.83	5635.83
2579	0.75240	70679.4	14135.9
2580	0.21157	19874.9	4968.73
2581	0.28513	26784.8	6696.19
2582	0.23316	21902.7	7300.9
2583	0.09985	9379.38	4689.69
2584	0.09834	9238.34	4619.17
2585	0.48074	45160.2	11290.1
2586	0.06367	5981.37	5981.37
2587	0.21668	20354.3	10177.1
2588	0.27823	26136.2	13068.1
2589	0.46044	43253.2	10813.3
2590	0.11175	10497.8	10497.8
2591	0.26714	25095.1	6273.79
2592	0.19861	18656.9	6218.96
2593	0.09364	8796.06	4398.03
2594	0.21320	20027.4	5006.84
2595	0.18939	17790.9	4447.72
2596	0.13771	12936.3	3234.08
2597	0.00000	0	0
2598	0.23815	22371.1	5592.78
2599	0.17225	16181.3	5393.78
2600	0.20466	19225.5	6408.49
