#IID	F_ROH	ROH_length_kB	KBAVG
2551	0.18773	17351.2	17351.2
2552	0.17635	16299	5433
2553	0.15001	13864.9	6932.44
2554	0.06299	5821.48	2910.74
2555	0.10348	9564.31	3188.1
2556	0.16319	15083.1	5027.71
2557	0.18713	17295	5765
2558	0.14520	13420.2	6710.09
2559	0.41667	38510.4	12836.8
2560	0.12389	11450.3	11450.3
2561	0.21518	19887.8	4971.94
2562	0.00000	0	0
2563	0.03320	3068.38	3068.38
2564	0.34248	31653.1	10551
2565	0.30246	27954.7	6988.69
2566	0.16028	14813.7	14813.7
2567	0.07463	6897.85	3448.92
2568	0.29208	26995	8998.32
2569	0.09390	8678.83	4339.42
2570	0.06045	5586.6	5586.6
2571	0.13735	12694.9	3173.74
2572	0.58668	54223.6	10844.7
2573	0.30951	28606.5	7151.62
2574	0.08238	7613.83	7613.83
2575	0.11234	10382.6	5191.31
2576	0.32161	29724.8	9908.26
2577	0.10012	9253.36	3084.45
2578	0.06631	6129.07	3064.53
2579	0.56003	51759.9	10352
2580	0.18356	16965.2	5655.08
2581	0.25406	23480.9	7826.98
2582	0.21073	19476.7	6492.23
2583	0.47066	43500.4	14500.1
2584	0.38767	35830.5	7166.11
2585	0.39371	36388.2	9097.04
2586	0.19222	17765.8	5921.93
2587	0.02976	2750.64	2750.64
2588	0.22901	21166.1	7055.38
2589	0.38507	35589.9	8897.49
2590	0.16397	15154.4	5051.47
2591	0.22245	20559.7	5139.91
2592	0.19171	17718.9	4429.72
2593	0.17772	16425.4	5475.12
2594	0.09052	8366.22	4183.11
2595	0.19657	18167.5	6055.82
2596	0.24555	22695.2	7565.07
2597	0.16687	15422.8	5140.93
2598	0.37040	34234	5705.66
2599	0.26126	24146.3	8048.77
2600	0.19284	17823.4	5941.12
