#IID	F_ROH	ROH_length_kB	KBAVG
6551	0.33804	31749.8	6349.96
6552	0.21283	19989.6	6663.2
6553	0.30964	29083	9694.32
6554	0.14687	13794.4	6897.21
6555	0.12306	11558.2	5779.09
6556	0.45116	42374.9	14125
6557	0.18709	17572	4393.01
6558	0.22060	20719.5	5179.87
6559	0.22606	21232.6	7077.52
6560	0.29670	27866.9	6966.74
6561	0.16213	15227.5	5075.83
6562	0.25453	23906.5	4781.31
6563	0.16126	15146.5	5048.83
6564	0.28592	26855	8951.66
6565	0.34339	32253	8063.25
6566	0.23145	21738.8	7246.25
6567	0.24255	22781.3	5695.33
6568	0.51898	48744.8	12186.2
6569	0.00000	0	0
6570	0.32468	30495.4	6099.09
6571	0.23339	21921.2	10960.6
6572	0.21379	20080	6693.33
6573	0.30223	28386.8	5677.37
6574	0.37658	35370.1	7074.01
6575	0.14291	13423	6711.48
6576	0.20702	19444	6481.34
6577	0.47509	44622.4	14874.1
6578	0.47043	44185.1	11046.3
6579	0.17411	16353.4	5451.15
6580	0.19835	18630.1	6210.02
6581	0.14890	13985	4661.65
6582	0.09304	8738.73	4369.37
6583	0.19635	18442.2	4610.56
6584	0.36485	34268.5	5711.42
6585	0.18514	17389.5	4347.37
6586	0.49943	46909	15636.3
6587	0.25966	24388.8	6097.2
6588	0.19386	18207.9	6069.3
6589	0.20505	19259	9629.52
6590	0.19739	18539.9	6179.95
6591	0.07242	6801.84	3400.92
6592	0.07598	7136.52	3568.26
6593	0.33868	31810.2	7952.54
6594	0.12624	11857.1	11857.1
6595	0.23560	22128.5	7376.18
6596	0.31016	29131.7	4855.29
6597	0.14539	13656	4551.99
6598	0.24547	23055.4	5763.86
6599	0.39522	37121	7424.2
6600	0.37154	34896.8	8724.19
