#IID	F_ROH	ROH_length_kB	KBAVG
2551	0.33811	31772.8	7943.2
2552	0.23423	22010.8	5502.69
2553	0.31207	29325.4	5865.08
2554	0.48966	46014	9202.8
2555	0.31317	29428.6	5885.71
2556	0.10094	9485.09	4742.55
2557	0.30644	28796.3	7199.09
2558	0.38451	36132.5	9033.13
2559	0.40145	37724.4	6287.4
2560	0.58947	55392.8	13848.2
2561	0.56251	52859.8	8809.96
2562	0.55224	51894.7	10378.9
2563	0.30800	28943	9647.66
2564	0.48299	45387.1	6483.87
2565	0.26714	25103.2	6275.79
2566	0.37622	35353.6	5892.27
2567	0.22284	20940.9	6980.31
2568	0.63884	60032.5	8576.07
2569	0.54398	51118	17039.3
2570	0.46262	43472.9	10868.2
2571	0.16924	15904	5301.32
2572	0.52523	49356.7	7050.95
2573	0.37062	34827.8	6965.56
2574	0.31846	29926.1	5985.23
2575	0.22059	20729.2	5182.3
2576	0.25394	23862.7	5965.68
2577	0.30507	28667.9	5733.58
2578	0.36152	33972	6794.4
2579	0.36569	34364.1	6872.82
2580	0.22563	21202.2	5300.55
2581	0.30235	28412.2	9470.74
2582	0.40959	38489.5	4811.19
2583	0.35121	33003.4	8250.85
2584	0.31149	29270.5	7317.63
2585	0.23416	22004.5	5501.11
2586	0.52211	49063.2	12265.8
2587	0.33652	31623.1	4517.59
2588	0.25748	24195.3	8065.11
2589	0.15884	14926.6	4975.52
2590	0.44187	41523	8304.61
2591	0.31120	29244.1	7311.02
2592	0.45057	42340.1	6048.59
2593	0.33250	31245	6248.99
2594	0.24250	22788.3	5697.08
2595	0.28567	26844.3	6711.07
2596	0.46087	43308.3	8661.67
2597	0.40909	38442.2	9610.56
2598	0.43905	41257.6	8251.52
2599	0.23709	22279.6	5569.91
2600	0.19954	18751.3	6250.42
