#IID	F_ROH	ROH_length_kB	KBAVG
8551	0.44698	41297.3	10324.3
8552	0.29146	26928.2	5385.65
8553	0.59944	55383.1	11076.6
8554	0.45120	41686.9	6947.81
8555	0.60272	55686.6	9281.09
8556	0.58805	54330.7	13582.7
8557	0.61283	56620.6	14155.2
8558	0.56790	52469	10493.8
8559	0.50052	46243.5	9248.69
8560	0.53973	49866.4	8311.07
8561	0.56388	52097.8	8682.97
8562	0.33808	31236.2	7809.06
8563	0.33485	30937.3	5156.22
8564	0.29915	27638.7	9212.89
8565	0.23948	22125.8	4425.16
8566	0.21997	20323.2	6774.41
8567	0.86202	79643.6	26547.9
8568	0.36554	33773.3	8443.31
8569	0.70521	65156	13031.2
8570	0.49904	46107	9221.41
8571	0.44372	40996.4	5856.63
8572	0.22784	21050.9	4210.17
8573	0.43994	40646.8	6774.46
8574	0.33020	30507.9	6101.57
8575	0.21784	20126.9	5031.72
8576	0.38201	35294.3	7058.85
8577	0.47675	44047.5	8809.5
8578	0.40983	37864.5	7572.89
8579	0.56035	51771.5	8628.58
8580	0.50620	46769.1	7794.84
8581	0.52535	48537.9	8089.65
8582	0.41750	38574	6429
8583	0.47174	43584.7	14528.2
8584	0.59752	55206.4	7886.63
8585	0.56682	52369.3	7481.32
8586	0.18427	17024.7	4256.18
8587	0.29791	27524.5	6881.12
8588	0.23565	21771.8	4354.37
8589	0.70693	65314.6	16328.6
8590	0.31801	29381.2	7345.3
8591	0.26739	24704.5	6176.14
8592	0.45884	42393.5	7065.59
8593	0.43645	40324.8	13441.6
8594	0.19481	17999	4499.75
8595	0.35942	33207.1	5534.52
8596	0.61687	56993.7	9498.94
8597	0.54524	50375.3	7196.48
8598	0.39182	36201.3	9050.32
8599	0.63380	58557.6	14639.4
8600	0.37307	34468.5	6893.69
