#IID	F_ROH	ROH_length_kB	KBAVG
2551	0.20905	18206.3	4551.57
2552	0.16009	13942.6	4647.53
2553	0.24884	21671.5	5417.86
2554	0.47275	41171.9	13724
2555	0.49563	43163.9	6166.27
2556	0.14143	12317.2	4105.74
2557	0.13119	11425.6	3808.53
2558	0.26136	22761.9	5690.47
2559	0.32732	28505.8	5701.15
2560	0.07043	6133.64	6133.64
2561	0.33697	29346.2	4891.03
2562	0.34650	30176.7	6035.34
2563	0.14940	13011.6	6505.78
2564	0.30309	26396.1	5279.22
2565	0.38101	33182	6636.4
2566	0.19487	16971.6	4242.9
2567	0.30082	26198.1	8732.71
2568	0.25518	22223.4	5555.84
2569	0.08240	7175.92	7175.92
2570	0.24601	21425.1	4285.02
2571	0.46545	40536	6756
2572	0.14803	12892	6446.02
2573	0.09272	8074.61	8074.61
2574	0.17511	15250.5	7625.27
2575	0.24971	21746.9	7248.95
2576	0.35215	30668.7	6133.74
2577	0.55051	47943.7	23971.8
2578	0.12471	10860.9	5430.44
2579	0.11746	10229.2	5114.61
2580	0.46877	40824.8	8164.96
2581	0.18120	15780.5	5260.18
2582	0.17143	14929.7	3732.42
2583	0.36270	31587.4	10529.1
2584	0.28275	24624.3	6156.07
2585	0.37732	32860.4	8215.11
2586	0.16250	14152	4717.34
2587	0.21135	18406.2	6135.41
2588	0.24773	21574.3	4314.86
2589	0.30641	26685.3	6671.33
2590	0.05050	4398.24	4398.24
2591	0.40055	34884.2	6976.85
2592	0.20267	17650.6	5883.52
2593	0.22331	19448.4	4862.1
2594	0.25210	21955.1	4391.02
2595	0.36808	32055.6	10685.2
2596	0.32756	28526.7	7131.66
2597	0.11167	9725.33	4862.67
2598	0.28591	24899.7	8299.92
2599	0.15164	13206.5	4402.15
2600	0.19281	16791.5	5597.18
