#IID	F_ROH	ROH_length_kB	KBAVG
12551	0.27309	25642.1	12821
12552	0.14507	13621.2	4540.39
12553	0.32936	30925.4	6185.09
12554	0.20643	19382.6	6460.88
12555	0.23265	21845.4	7281.79
12556	0.17667	16588.9	5529.63
12557	0.00000	0	0
12558	0.11912	11185.4	3728.48
12559	0.22312	20950.1	6983.37
12560	0.25732	24161.8	12080.9
12561	0.24949	23426.5	7808.84
12562	0.26607	24983.1	6245.76
12563	0.24706	23198.3	7732.78
12564	0.10002	9391.74	4695.87
12565	0.09228	8664.4	4332.2
12566	0.45889	43088.5	10772.1
12567	0.26442	24827.8	8275.92
12568	0.58810	55220.6	9203.43
12569	0.59100	55492.4	11098.5
12570	0.09850	9249.08	4624.54
12571	0.47918	44992.9	14997.6
12572	0.25335	23789	5947.26
12573	0.36538	34307.5	5717.91
12574	0.35990	33793.3	6758.67
12575	0.03570	3352.36	3352.36
12576	0.21538	20223.2	6741.07
12577	0.04937	4635.53	4635.53
12578	0.17828	16739.9	8369.97
12579	0.17531	16461.4	5487.14
12580	0.15111	14188.5	4729.49
12581	0.24129	22656.1	11328.1
12582	0.27485	25807	5161.41
12583	0.18778	17632.1	5877.37
12584	0.23383	21955.8	7318.59
12585	0.38541	36188.2	7237.63
12586	0.23937	22476.2	5619.04
12587	0.37718	35415.8	8853.95
12588	0.23992	22528	11264
12589	0.23851	22395.1	5598.78
12590	0.26292	24687.5	12343.8
12591	0.20114	18886.5	6295.51
12592	0.28301	26574	6643.49
12593	0.22540	21164.1	7054.7
12594	0.32419	30440.6	10146.9
12595	0.17719	16637.8	16637.8
12596	0.19525	18333.5	6111.17
12597	0.33749	31689.2	7922.31
12598	0.32682	30687.1	6137.42
12599	0.35221	33070.8	8267.7
12600	0.14049	13191.1	4397.02
