#IID	F_ROH	ROH_length_kB	KBAVG
4551	0.51317	47360.2	6765.75
4552	0.45762	42233.1	8446.61
4553	0.52848	48772.7	12193.2
4554	0.36467	33654.8	11218.3
4555	0.48822	45057.5	22528.7
4556	0.34959	32262.8	8065.69
4557	0.47534	43868.2	8773.64
4558	0.35529	32789.2	5464.86
4559	0.58936	54391.3	9065.21
4560	0.37726	34817.1	8704.27
4561	0.38406	35444	5907.33
4562	0.38271	35320.3	17660.2
4563	0.34919	32226.6	8056.65
4564	0.86547	79872.9	15974.6
4565	0.75135	69341.1	23113.7
4566	0.67968	62726.7	7840.84
4567	0.51286	47331	15777
4568	0.40419	37302.6	7460.52
4569	0.38651	35670.1	7134.03
4570	0.45221	41733.6	13911.2
4571	0.59000	54450.4	9075.06
4572	0.40371	37258.3	6209.72
4573	0.54279	50093	7156.14
4574	0.64760	59766.5	8538.07
4575	0.50139	46272.6	7712.1
4576	0.66391	61271.7	10212
4577	0.58464	53955.8	10791.2
4578	0.58816	54280.9	10856.2
4579	0.52331	48295.7	8049.28
4580	0.38600	35623.9	7124.78
4581	0.52820	48746.7	12186.7
4582	0.38757	35768.8	8942.21
4583	0.64584	59603.6	14900.9
4584	0.48495	44755.7	8951.14
4585	0.43635	40270.5	6711.75
4586	0.34408	31754.9	7938.72
4587	0.33912	31297	10432.3
4588	0.48821	45055.9	7509.32
4589	0.71548	66030.9	16507.7
4590	0.52329	48293.6	6899.08
4591	0.32781	30252.9	7563.23
4592	0.55450	51173.9	8528.99
4593	0.51730	47740.9	7956.82
4594	0.57944	53476.1	13369
4595	0.39996	36911.9	7382.38
4596	0.72459	66871.7	22290.6
4597	0.59584	54988.9	9164.81
4598	0.39167	36146.7	9036.68
4599	0.41845	38617.8	5516.83
4600	0.71768	66233.6	66233.6
