#IID	F_ROH	ROH_length_kB	KBAVG
2551	0.21380	19768.3	6589.42
2552	0.22303	20622.2	6874.06
2553	0.46297	42807.1	7134.52
2554	0.39792	36792.5	9198.13
2555	0.35246	32589.4	8147.35
2556	0.30906	28576.4	7144.11
2557	0.22682	20971.9	10485.9
2558	0.39726	36731.1	9182.77
2559	0.26281	24299.5	6074.87
2560	0.27757	25664.8	12832.4
2561	0.22050	20387.6	6795.88
2562	0.20406	18867.4	9433.68
2563	0.45995	42527.4	7087.91
2564	0.27659	25574	12787
2565	0.38095	35223.6	8805.91
2566	0.45182	41776.5	5968.08
2567	0.27582	25502.7	12751.3
2568	0.26948	24916.3	6229.08
2569	0.39149	36198.2	6033.04
2570	0.30837	28512.7	7128.17
2571	0.13998	12943	6471.51
2572	0.23936	22131.4	7377.13
2573	0.32712	30246.5	7561.62
2574	0.09953	9202.8	9202.8
2575	0.30369	28079.7	5615.94
2576	0.15886	14688.5	4896.18
2577	0.50851	47017.7	15672.6
2578	0.22120	20452.5	5113.12
2579	0.54462	50356.9	25178.4
2580	0.76732	70947.9	14189.6
2581	0.41539	38408	7681.6
2582	0.18107	16742.2	5580.74
2583	0.34512	31910.2	6382.03
2584	0.46581	43070	7178.34
2585	0.16600	15349.1	7674.57
2586	0.52572	48608.8	24304.4
2587	0.30435	28140.7	4690.12
2588	0.41161	38057.9	6342.98
2589	0.12842	11874.2	5937.08
2590	0.17158	15864.5	7932.24
2591	0.33212	30708	7676.99
2592	0.26538	24537.6	8179.21
2593	0.25387	23473	7824.32
2594	0.59490	55005.7	7857.96
2595	0.38473	35572.4	7114.47
2596	0.35142	32492.8	8123.21
2597	0.18008	16650.2	5550.08
2598	0.25348	23437.1	5859.27
2599	0.07300	6749.65	6749.65
2600	0.24560	22708.2	5677.04
