#IID	F_ROH	ROH_length_kB	KBAVG
8551	0.13302	12494.8	4164.93
8552	0.53316	50079.9	25040
8553	0.00000	0	0
8554	0.44108	41431.1	20715.6
8555	0.19903	18695.1	3739.03
8556	0.29654	27853.9	6963.48
8557	0.37998	35691.8	8922.96
8558	0.14140	13281.7	6640.87
8559	0.30698	28835.1	5767.02
8560	0.24818	23311.6	5827.9
8561	0.23396	21975.9	4395.18
8562	0.18423	17305.2	5768.4
8563	0.03290	3090.64	3090.64
8564	0.00000	0	0
8565	0.21567	20258.5	6752.84
8566	0.20658	19403.8	4850.96
8567	0.27480	25811.9	6452.97
8568	0.20770	19509.7	4877.43
8569	0.27593	25917.9	12958.9
8570	0.12357	11607.1	3869.03
8571	0.16601	15593.9	7796.93
8572	0.67456	63361.6	12672.3
8573	0.19390	18213.3	9106.63
8574	0.27267	25611.8	12805.9
8575	0.05816	5463.28	5463.28
8576	0.33409	31381.4	7845.35
8577	0.60845	57151.7	8164.53
8578	0.34388	32300.7	10766.9
8579	0.08373	7864.89	7864.89
8580	0.34247	32168.3	16084.2
8581	0.28394	26670.4	13335.2
8582	0.16511	15508.9	5169.62
8583	0.25861	24291.8	8097.26
8584	0.39503	37105.7	7421.13
8585	0.19957	18746.1	6248.71
8586	0.47343	44469.3	6352.76
8587	0.23400	21980.2	5495.04
8588	0.24178	22710.6	7570.21
8589	0.25167	23640	11820
8590	0.80953	76040	25346.7
8591	0.20491	19247	6415.67
8592	0.35577	33418	5569.67
8593	0.37198	34940.3	6988.06
8594	0.28772	27026.1	5405.21
8595	0.44041	41368.1	41368.1
8596	0.09815	9219.68	4609.84
8597	0.29147	27377.9	13689
8598	0.27873	26181	8726.99
8599	0.27654	25975.7	12987.9
8600	0.48658	45704.5	22852.2
