#IID	F_ROH	ROH_length_kB	KBAVG
2551	0.19550	18354.9	6118.31
2552	0.08924	8378.54	4189.27
2553	0.19990	18767.9	4691.96
2554	0.45450	42672.1	7112.02
2555	0.29442	27642.4	9214.13
2556	0.33204	31174.2	6234.83
2557	0.19287	18108.2	6036.07
2558	0.35342	33181.7	8295.43
2559	0.17583	16508.5	4127.12
2560	0.19550	18354.9	6118.31
2561	0.19305	18125.4	4531.36
2562	0.45794	42995	10748.8
2563	0.32925	30912.6	6182.52
2564	0.15535	14585.7	3646.42
2565	0.27851	26148.3	8716.1
2566	0.21514	20199	5049.75
2567	0.16452	15446.8	7723.38
2568	0.03506	3292.08	3292.08
2569	0.26968	25319.2	8439.73
2570	0.33032	31013.1	6202.63
2571	0.36381	34157.6	8539.41
2572	0.16975	15937.4	3984.36
2573	0.29621	27810.4	9270.12
2574	0.22771	21379.1	4275.82
2575	0.29863	28037.6	4672.94
2576	0.30455	28593.1	14296.6
2577	0.25412	23858.6	5964.64
2578	0.08255	7750.54	7750.54
2579	0.31326	29411.4	7352.84
2580	0.06310	5924.21	5924.21
2581	0.21935	20594	5148.49
2582	0.23038	21629.7	7209.9
2583	0.91344	85760.8	42880.4
2584	0.24935	23410.4	4682.09
2585	0.23557	22116.6	7372.19
2586	0.21590	20270.1	6756.71
2587	0.18792	17643.2	4410.8
2588	0.40574	38093.9	7618.77
2589	0.18483	17352.9	4338.24
2590	0.57760	54229.3	9038.22
2591	0.58680	55092.9	55092.9
2592	0.20726	19458.8	6486.26
2593	0.23179	21762.3	7254.1
2594	0.27779	26080.5	5216.1
2595	0.21350	20045.1	6681.69
2596	0.50050	46990.5	6712.92
2597	0.17341	16280.6	8140.32
2598	0.14627	13733.1	4577.71
2599	0.33438	31393.8	10464.6
2600	0.53806	50516.7	10103.3
