#IID	F_ROH	ROH_length_kB	KBAVG
2551	0.23078	21334.1	5333.52
2552	0.38598	35681.5	7136.3
2553	0.47092	43533.6	5441.69
2554	0.37938	35071.4	8767.86
2555	0.21836	20186.2	5046.54
2556	0.54192	50096.6	12524.2
2557	0.87699	81072.2	27024.1
2558	0.10055	9294.89	4647.44
2559	0.37393	34567.7	8641.92
2560	0.13576	12549.7	4183.23
2561	0.26668	24652.7	4930.55
2562	0.28724	26553.8	5310.76
2563	0.26882	24850.5	8283.51
2564	0.20698	19133.8	6377.93
2565	0.20712	19147.1	6382.38
2566	0.18274	16893.4	5631.13
2567	0.31319	28952	7237.99
2568	0.17827	16479.7	5493.23
2569	0.10382	9597.59	4798.79
2570	0.34987	32343.2	6468.65
2571	0.27009	24968.3	8322.78
2572	0.16960	15678	5226
2573	0.39541	36552.8	7310.56
2574	0.29174	26969.8	6742.45
2575	0.23673	21884.1	4376.83
2576	0.17381	16067.6	5355.87
2577	0.20169	18644.9	6214.96
2578	0.20605	19048.4	6349.47
2579	0.28416	26268.6	6567.15
2580	0.27700	25606.8	6401.71
2581	0.29508	27278.4	5455.67
2582	0.12344	11411.3	5705.64
2583	0.33705	31158.5	7789.62
2584	0.30564	28254.3	5650.87
2585	0.17798	16453	5484.34
2586	0.15124	13981.6	4660.53
2587	0.28545	26387.6	4397.94
2588	0.32028	29607.6	7401.91
2589	0.32727	30254.3	6050.87
2590	0.20863	19286.8	6428.95
2591	0.22069	20401.6	5100.41
2592	0.31760	29360.3	5872.07
2593	0.13852	12805	4268.32
2594	0.26863	24832.8	8277.59
2595	0.29848	27592.7	9197.58
2596	0.34293	31701.8	7925.45
2597	0.16890	15613.8	5204.59
2598	0.29692	27448.3	9149.43
2599	0.40760	37679.8	6279.97
2600	0.20899	19319.7	4829.93
