#IID	F_ROH	ROH_length_kB	KBAVG
10551	0.35732	33037.1	6607.41
10552	0.20383	18845.6	4711.4
10553	0.27787	25691.2	6422.79
10554	0.48966	45273.5	9054.69
10555	0.09854	9110.92	4555.46
10556	0.16923	15647.1	7823.57
10557	0.19343	17884.4	5961.47
10558	1.00000	92458.5	92458.5
10559	0.23001	21266.8	7088.94
10560	0.35667	32977.1	16488.6
10561	0.42258	39070.8	5581.54
10562	0.28080	25962.4	6490.6
10563	0.34037	31469.8	6293.97
10564	0.07235	6689.36	3344.68
10565	0.30873	28544.3	7136.08
10566	0.37803	34952	4993.14
10567	0.27364	25300.5	8433.49
10568	0.33407	30887.5	6177.5
10569	0.18762	17346.7	4336.67
10570	0.28132	26010.8	6502.69
10571	0.24919	23039.4	5759.84
10572	0.16048	14837.8	3709.45
10573	0.30827	28502.4	4750.4
10574	0.29162	26962.8	8987.61
10575	0.46510	43002.4	7167.07
10576	0.25924	23968.7	5992.17
10577	0.24483	22636.3	5659.09
10578	0.27096	25052.2	6263.05
10579	0.32686	30221.2	7555.3
10580	0.38164	35285.7	5880.95
10581	0.28027	25913.8	6478.46
10582	0.31876	29472.1	9824.03
10583	0.22711	20998.3	10499.2
10584	0.32013	29598.5	7399.61
10585	0.38687	35769.5	8942.37
10586	0.16623	15369.8	7684.9
10587	0.18673	17264.7	8632.37
10588	0.33686	31145.2	6229.04
10589	0.20011	18502.3	6167.44
10590	0.39878	36870.3	18435.2
10591	0.46549	43038.8	14346.3
10592	0.20032	18521.7	4630.43
10593	0.12589	11639.4	5819.69
10594	0.32617	30157.2	4308.17
10595	0.04475	4137.95	4137.95
10596	0.09666	8937.49	4468.75
10597	0.29168	26968.4	13484.2
10598	0.32423	29977.5	5995.5
10599	0.44125	40797	6799.5
10600	0.43049	39802.1	9950.53
