#IID	F_ROH	ROH_length_kB	KBAVG
10551	0.31653	29748.8	9916.28
10552	0.14931	14033	7016.49
10553	0.37616	35353.2	8838.3
10554	0.13921	13083.3	6541.67
10555	0.13670	12847.2	4282.39
10556	0.65418	61482.9	20494.3
10557	0.20864	19609	4902.26
10558	0.24859	23363.5	4672.7
10559	0.14611	13731.8	6865.89
10560	0.43953	41308.5	13769.5
10561	0.19730	18543.5	6181.16
10562	0.23473	22061	5515.25
10563	0.13524	12710.1	4236.7
10564	0.18122	17031.9	5677.29
10565	0.29144	27390.9	6847.72
10566	0.13671	12848.3	4282.75
10567	0.11347	10664.1	5332.07
10568	0.28879	27141.4	5428.28
10569	0.25211	23694.4	11847.2
10570	0.26235	24657	6164.25
10571	0.38230	35930.7	11976.9
10572	0.22951	21570.3	21570.3
10573	0.24667	23183.4	7727.8
10574	0.40947	38484.2	9621.06
10575	0.39163	36807.3	7361.46
10576	0.20304	19082.8	4770.69
10577	0.36766	34554.6	6910.92
10578	0.27845	26169.5	13084.8
10579	0.44527	41848	13949.3
10580	0.10483	9852.46	4926.23
10581	0.35693	33546.1	8386.54
10582	0.13168	12375.4	4125.13
10583	0.17509	16455.7	8227.85
10584	0.22072	20743.8	10371.9
10585	0.23719	22291.8	5572.95
10586	0.23163	21769.7	5442.42
10587	0.17413	16365.8	5455.26
10588	0.33482	31467.5	6293.51
10589	0.36005	33838.8	11279.6
10590	0.13147	12356.2	6178.11
10591	0.62850	59069.6	14767.4
10592	0.28755	27025.3	5405.05
10593	0.25841	24286.7	8095.57
10594	0.24568	23089.7	5772.42
10595	0.25751	24201.7	6050.42
10596	0.22179	20844.4	6948.12
10597	0.29110	27358.7	5471.75
10598	0.17094	16065.6	8032.81
10599	0.33377	31369.2	7842.31
10600	0.26244	24664.8	6166.21
