#IID	F_ROH	ROH_length_kB	KBAVG
6551	0.17699	16338	16338
6552	0.13002	12002.3	6001.17
6553	0.15045	13887.9	3471.98
6554	0.14150	13062.1	4354.03
6555	0.26668	24617.3	6154.32
6556	0.27181	25090.7	8363.56
6557	0.27359	25255.5	6313.87
6558	0.31320	28911.5	5782.31
6559	0.10330	9535.25	3178.42
6560	0.19865	18337.9	6112.63
6561	0.30460	28117.6	5623.53
6562	0.13547	12505.5	4168.51
6563	0.24463	22582.1	4516.42
6564	0.60770	56097.3	28048.6
6565	0.37410	34533.7	6906.74
6566	0.25729	23750.8	4750.16
6567	0.00000	0	0
6568	0.08256	7621.54	3810.77
6569	0.37121	34266.6	8566.65
6570	0.34686	32018.8	8004.7
6571	0.36553	33742.5	6748.5
6572	0.21172	19544	4886
6573	0.20389	18821.4	3764.28
6574	0.28969	26741	5348.21
6575	0.14789	13652.2	6826.09
6576	0.22682	20937.7	5234.41
6577	0.03245	2995.04	2995.04
6578	0.24685	22786.8	5696.69
6579	0.30171	27850.6	9283.52
6580	0.32661	30149.3	10049.8
6581	0.11865	10952.6	3650.86
6582	0.13083	12076.8	6038.42
6583	0.06919	6387.18	6387.18
6584	0.51174	47238.8	11809.7
6585	0.14060	12978.9	6489.45
6586	0.00000	0	0
6587	0.36999	34154.4	8538.59
6588	0.04099	3783.85	3783.85
6589	0.33785	31187	10395.7
6590	0.06506	6005.83	6005.83
6591	0.25354	23404.6	5851.14
6592	0.37108	34255	6850.99
6593	0.18742	17300.9	8650.47
6594	0.45141	41669.8	6944.97
6595	0.31968	29509.6	7377.39
6596	0.29175	26931.5	6732.88
6597	0.30112	27796.5	6949.12
6598	0.23340	21545.6	5386.41
6599	0.23869	22033.5	5508.37
6600	0.15183	14015.6	4671.87
