#IID	F_ROH	ROH_length_kB	KBAVG
4551	0.32154	30207	6041.4
4552	0.12231	11490.9	3830.3
4553	0.13789	12954.4	4318.14
4554	0.18411	17296.6	8648.28
4555	0.49680	46672	11668
4556	0.33821	31773.7	6354.73
4557	0.08174	7679.06	7679.06
4558	0.11246	10565.1	5282.56
4559	0.30252	28420.4	5684.09
4560	0.32503	30535	5089.17
4561	0.30763	28900.1	5780.03
4562	0.42369	39803.8	7960.76
4563	0.38376	36052.6	5150.37
4564	0.35663	33503.4	8375.86
4565	0.25482	23939.5	11969.8
4566	0.26600	24989.8	6247.45
4567	0.39902	37486.2	9371.55
4568	0.14301	13434.8	13434.8
4569	0.12544	11784.5	5892.26
4570	0.21090	19813.4	9906.7
4571	0.43213	40596.2	8119.24
4572	0.65366	61408.2	12281.6
4573	0.24606	23115.9	7705.29
4574	0.08684	8158.39	8158.39
4575	0.57053	53598.8	17866.3
4576	0.23051	21655.6	10827.8
4577	0.08443	7931.77	7931.77
4578	0.41888	39352.2	7870.45
4579	0.16940	15914	5304.65
4580	0.10649	10004	5001.98
4581	0.13801	12965.2	6482.59
4582	0.25509	23964.3	7988.11
4583	0.13925	13081.8	6540.88
4584	0.10905	10244.5	5122.24
4585	0.26772	25151.2	5030.24
4586	0.42338	39774.1	7954.81
4587	0.53334	50104.9	12526.2
4588	0.12111	11377.4	3792.46
4589	0.25357	23821.7	4764.35
4590	0.32361	30401.7	5066.95
4591	0.50668	47600.5	9520.11
4592	0.12058	11327.6	3775.85
4593	0.42630	40049	10012.3
4594	0.21756	20439	5109.74
4595	0.17100	16064.4	5354.79
4596	0.27606	25934.5	5186.91
4597	0.22191	20847.8	5211.96
4598	0.45393	42644.6	5330.57
4599	0.22528	21164.4	7054.8
4600	0.50978	47891.5	6841.65
