#IID	F_ROH	ROH_length_kB	KBAVG
2551	0.08388	7883.84	3941.92
2552	0.11755	11048.5	3682.82
2553	0.12783	12014.9	4004.95
2554	0.15114	14205.3	4735.1
2555	0.07946	7468.43	3734.21
2556	0.22772	21403.5	7134.49
2557	0.36967	34745.8	6949.16
2558	0.27053	25427.1	5085.42
2559	0.15373	14449.2	7224.6
2560	0.49393	46425	11606.2
2561	0.48890	45952	15317.3
2562	0.17579	16522.5	4130.62
2563	0.00000	0	0
2564	0.11948	11230.2	5615.09
2565	0.14550	13676.1	3419.02
2566	0.30627	28786.9	9595.64
2567	0.17925	16847.4	5615.81
2568	0.05907	5552.07	5552.07
2569	0.11969	11249.5	5624.73
2570	0.12292	11553.1	3851.03
2571	0.11003	10342	5170.98
2572	0.03412	3206.84	3206.84
2573	0.33587	31568.9	6313.79
2574	0.16716	15711.9	5237.31
2575	0.21279	20000.3	5000.07
2576	0.26774	25165.3	12582.6
2577	0.03412	3206.84	3206.84
2578	0.03797	3568.55	3568.55
2579	0.92960	87373.9	43687
2580	0.24263	22805	5701.24
2581	0.25949	24389.9	6097.47
2582	0.32261	30322.4	5053.73
2583	0.13968	13129	4376.34
2584	0.30585	28746.8	4791.13
2585	0.25838	24284.9	8094.98
2586	0.78720	73989.5	73989.5
2587	0.07917	7440.99	3720.5
2588	0.23386	21981.1	4396.22
2589	0.19691	18507.8	6169.28
2590	0.41290	38808.8	12936.3
2591	0.95781	90025.7	45012.8
2592	0.12397	11652.4	3884.14
2593	0.26376	24791.3	12395.6
2594	0.19358	18194.4	4548.61
2595	0.12974	12194.8	4064.94
2596	0.40710	38263.6	6377.26
2597	0.35616	33475.5	11158.5
2598	0.49606	46624.8	46624.8
2599	0.56328	52943.3	52943.3
2600	0.21758	20450.6	5112.65
