#IID	F_ROH	ROH_length_kB	KBAVG
8551	0.00000	0	0
8552	0.00000	0	0
8553	0.17353	16036.6	5345.52
8554	0.04370	4038.86	4038.86
8555	0.09560	8834.77	4417.38
8556	0.30670	28343.9	7085.97
8557	0.14182	13106	4368.67
8558	0.14302	13217.2	4405.72
8559	0.03480	3215.94	3215.94
8560	0.00000	0	0
8561	0.46963	43400.5	14466.8
8562	0.21494	19863.8	4965.95
8563	0.17644	16305.5	4076.38
8564	0.08894	8219.79	8219.79
8565	0.19998	18481.2	6160.41
8566	0.23117	21364	5340.99
8567	0.10503	9706.59	4853.29
8568	0.16680	15414.6	5138.18
8569	0.05339	4934.1	4934.1
8570	0.33670	31116.2	15558.1
8571	0.04140	3826.26	3826.26
8572	0.25968	23998.1	5999.52
8573	0.31040	28686.1	9562.04
8574	0.16199	14969.9	4989.96
8575	0.00000	0	0
8576	0.00000	0	0
8577	0.08217	7593.65	3796.83
8578	0.29666	27415.9	9138.62
8579	0.04540	4195.43	4195.43
8580	0.21444	19817.9	6605.96
8581	0.17270	15959.7	5319.89
8582	0.03496	3231.08	3231.08
8583	0.11191	10341.9	5170.95
8584	0.31932	29509.6	5901.92
8585	0.17526	16196.8	5398.94
8586	0.19700	18205.7	6068.57
8587	0.10198	9424.24	4712.12
8588	0.51034	47162.7	47162.7
8589	0.17778	16429.5	4107.37
8590	0.10416	9626.18	4813.09
8591	0.24608	22741.8	5685.46
8592	0.13095	12102.1	6051.06
8593	0.05924	5474.82	5474.82
8594	0.27644	25547.3	8515.77
8595	0.18648	17233.2	17233.2
8596	0.11140	10295.3	5147.63
8597	0.25152	23244.6	5811.16
8598	0.31539	29146.5	4857.75
8599	0.13893	12839.4	4279.79
8600	0.20730	19157.4	4789.36
