#IID	F_ROH	ROH_length_kB	KBAVG
2551	0.31083	29192.4	29192.4
2552	0.45712	42931.7	10732.9
2553	0.12451	11693.3	11693.3
2554	0.20936	19663	9831.5
2555	0.00000	0	0
2556	0.28824	27070.8	9023.62
2557	0.14691	13797.7	4599.23
2558	0.15827	14864.8	7432.42
2559	0.13883	13038.9	6519.44
2560	0.26656	25034.4	6258.6
2561	0.17364	16307.7	5435.89
2562	0.33587	31544.1	6308.83
2563	0.25357	23814.8	5953.69
2564	0.32403	30431.8	10143.9
2565	0.21060	19779.3	9889.63
2566	0.31508	29591.1	14795.6
2567	0.26482	24871.2	6217.79
2568	0.23030	21629.3	5407.34
2569	0.06257	5876.76	2938.38
2570	0.36233	34029.2	8507.3
2571	0.19712	18513.3	4628.32
2572	0.43375	40737.1	8147.41
2573	0.09268	8704.63	8704.63
2574	0.04554	4277.06	4277.06
2575	0.20162	18935.9	4733.97
2576	0.40930	38440.8	7688.15
2577	0.14806	13905	4635
2578	0.59070	55476.7	18492.2
2579	0.15927	14958.4	7479.18
2580	0.02663	2500.98	2500.98
2581	0.12329	11578.7	5789.35
2582	0.23356	21935.6	10967.8
2583	0.29381	27594	6898.5
2584	0.37923	35616.5	5936.09
2585	0.27949	26249.1	6562.26
2586	0.06754	6342.75	3171.37
2587	0.14532	13647.7	6823.86
2588	0.20746	19484.5	6494.82
2589	0.35897	33713.2	8428.3
2590	0.14439	13560.8	6780.39
2591	0.07744	7272.66	3636.33
2592	0.09243	8680.85	8680.85
2593	0.30237	28397.4	9465.8
2594	0.25250	23714.1	7904.69
2595	0.34985	32857.4	8214.35
2596	0.27442	25773.1	12886.5
2597	0.34009	31940.9	7985.22
2598	0.17849	16763.8	5587.94
2599	0.03985	3742.77	3742.77
2600	0.33979	31911.9	7977.97
