#IID	F_ROH	ROH_length_kB	KBAVG
4551	0.41385	38254	19127
4552	0.16001	14790.7	7395.37
4553	0.19638	18151.8	9075.9
4554	0.41042	37936.1	6322.69
4555	0.34142	31558.9	7889.72
4556	0.29528	27294.1	6823.53
4557	0.10443	9653.1	4826.55
4558	0.45959	42481.6	10620.4
4559	0.31724	29323.4	9774.47
4560	0.85097	78657.9	19664.5
4561	0.41147	38033.4	9508.36
4562	0.08647	7992.46	3996.23
4563	0.03265	3017.74	3017.74
4564	0.28157	26026.2	8675.39
4565	0.12895	11918.9	5959.44
4566	0.29361	27139.1	5427.83
4567	0.38561	35643.2	7128.64
4568	0.12334	11400.7	11400.7
4569	0.19357	17891.9	5963.95
4570	0.27239	25177.6	8392.54
4571	0.39444	36459.6	7291.92
4572	0.23523	21742.9	10871.4
4573	0.25481	23553.4	5888.35
4574	0.37115	34306.7	8576.67
4575	0.05466	5052.87	5052.87
4576	0.22430	20732.7	6910.91
4577	0.50705	46868.8	9373.76
4578	0.36260	33516	16758
4579	0.33810	31252.1	7813.03
4580	0.26000	24033	8010.98
4581	0.21562	19930.4	4982.6
4582	0.61244	56609.9	9434.98
4583	0.09368	8658.76	4329.38
4584	0.46145	42653.9	8530.77
4585	0.03842	3551.52	3551.52
4586	0.41783	38621.5	9655.36
4587	0.17751	16407.5	8203.74
4588	0.44139	40799	10199.8
4589	0.06761	6249.8	6249.8
4590	0.21306	19693.7	4923.42
4591	0.49010	45301.6	9060.32
4592	0.18821	17396.5	4349.13
4593	0.09048	8363.73	4181.86
4594	0.17582	16251.7	4062.92
4595	0.26735	24712	8237.35
4596	0.17707	16366.8	5455.61
4597	0.21668	20028.4	10014.2
4598	0.08164	7545.92	7545.92
4599	0.34389	31786.9	6357.37
4600	0.27087	25037.9	6259.47
