#IID	F_ROH	ROH_length_kB	KBAVG
2551	0.22365	20676.8	5169.19
2552	0.23772	21977.7	10988.9
2553	0.14493	13399.3	4466.44
2554	0.20256	18726.8	6242.28
2555	0.22267	20586.7	10293.3
2556	0.12941	11964.3	3988.09
2557	0.04076	3768.39	3768.39
2558	0.27812	25712.8	6428.19
2559	0.15186	14039.7	7019.83
2560	0.11128	10287.8	10287.8
2561	0.47335	43762.5	10940.6
2562	0.29482	27256.7	6814.17
2563	0.05646	5219.64	5219.64
2564	0.34857	32226.2	8056.55
2565	0.44433	41079.4	10269.8
2566	0.30658	28344.5	9448.16
2567	0.00000	0	0
2568	0.32606	30145.1	7536.28
2569	0.20775	19207.4	4801.85
2570	0.52008	48082.7	8013.78
2571	0.64018	59186.5	8455.22
2572	0.10317	9538.21	4769.1
2573	0.00000	0	0
2574	0.34651	32035.8	10678.6
2575	0.08390	7756.38	3878.19
2576	0.15878	14679.8	4893.25
2577	0.28108	25986.6	5197.32
2578	0.23326	21565.1	7188.35
2579	0.29648	27410.6	4568.44
2580	0.28917	26734.5	6683.64
2581	0.16452	15210.4	5070.14
2582	0.34349	31756.8	7939.2
2583	0.37963	35097.6	8774.4
2584	0.25051	23160.6	5790.14
2585	0.27063	25020.5	12510.2
2586	0.28860	26681.4	13340.7
2587	0.35495	32816.1	8204.03
2588	0.07685	7104.77	7104.77
2589	0.31573	29190.5	7297.63
2590	0.30447	28148.9	4691.49
2591	0.11389	10529.5	10529.5
2592	0.14411	13323.1	4441.02
2593	0.16641	15385.1	7692.54
2594	0.17152	15857.5	5285.84
2595	0.33743	31195.9	10398.6
2596	0.00000	0	0
2597	0.00000	0	0
2598	0.23887	22084.3	7361.45
2599	0.56376	52121	17373.7
2600	0.20252	18723.8	9361.92
