#IID	F_ROH	ROH_length_kB	KBAVG
4551	0.33895	31322.4	5220.41
4552	0.22511	20802.5	5200.61
4553	0.36503	33732.4	5622.07
4554	0.92794	85750.2	85750.2
4555	0.41898	38717.4	7743.48
4556	0.46479	42951.1	8590.22
4557	0.43980	40641.9	6773.64
4558	0.40225	37172.2	5310.32
4559	0.39566	36562.5	6093.76
4560	0.63782	58940.4	11788.1
4561	0.36669	33886	11295.3
4562	0.25520	23583.3	7861.09
4563	0.35908	33182.5	6636.5
4564	0.45717	42246.6	6035.22
4565	0.29430	27195.8	5439.15
4566	0.24989	23092.4	5773.1
4567	0.49258	45519.4	7586.57
4568	0.28347	26195.1	5239.03
4569	0.24440	22585.3	7528.44
4570	0.08156	7536.57	3768.28
4571	0.32817	30325.7	7581.42
4572	0.15178	14025.5	4675.16
4573	0.19810	18306.3	9153.14
4574	0.37280	34450.3	6890.05
4575	0.28277	26130.8	6532.7
4576	0.25451	23519	5879.75
4577	0.44027	40685.6	6780.93
4578	0.28207	26066.1	5213.21
4579	0.40598	37516.8	7503.37
4580	0.22162	20479.9	5119.98
4581	0.28184	26045.1	6511.27
4582	0.28199	26058.6	8686.19
4583	0.28689	26511	6627.76
4584	0.32217	29771.6	7442.9
4585	0.22185	20501	5125.24
4586	0.41529	38376.7	7675.35
4587	0.58673	54219.2	6777.4
4588	0.32415	29954.4	7488.59
4589	0.72133	66657.9	16664.5
4590	0.24104	22274.5	5568.63
4591	0.40270	37213.3	7442.67
4592	0.23586	21795.3	5448.82
4593	0.33367	30834.1	10278
4594	0.34340	31733.5	15866.7
4595	0.42344	39129.5	7825.9
4596	0.20165	18634.6	6211.52
4597	0.64984	60051	10008.5
4598	0.13573	12543.1	6271.55
4599	0.46680	43136.9	8627.38
4600	0.56989	52663.5	52663.5
