#IID	F_ROH	ROH_length_kB	KBAVG
8551	0.32759	30253.5	6050.71
8552	0.30054	27755.4	5551.08
8553	0.35312	32611.4	6522.28
8554	0.27174	25096.2	5019.24
8555	0.31132	28751.3	7187.82
8556	0.41610	38428	12809.3
8557	0.49027	45277.9	11319.5
8558	0.35742	33008.4	6601.68
8559	0.26798	24748.4	6187.11
8560	0.36816	34000.7	6800.14
8561	0.40522	37423.4	6237.23
8562	0.53354	49273.7	16424.6
8563	0.49205	45441.9	22721
8564	0.26483	24458	8152.68
8565	0.19213	17743.7	5914.56
8566	0.27948	25810.9	6452.71
8567	0.28177	26022.4	5204.48
8568	0.38938	35960.1	7192.02
8569	0.36925	34101.5	5683.58
8570	0.43531	40201.7	20100.8
8571	0.33683	31107.1	10369
8572	0.28324	26157.7	13078.8
8573	0.12168	11237.7	5618.86
8574	0.42405	39162.2	7832.43
8575	0.26395	24376.5	6094.12
8576	0.23146	21375.9	5343.98
8577	0.53807	49692	7098.86
8578	0.42883	39603.3	7920.66
8579	0.37983	35078.4	8769.6
8580	0.20479	18912.9	9456.45
8581	0.33897	31305.1	6261.02
8582	0.50935	47039.4	6719.91
8583	0.35506	32791.1	6558.23
8584	0.40286	37205.2	7441.05
8585	0.69731	64398	16099.5
8586	0.83920	77502.5	25834.2
8587	0.41004	37868.5	6311.41
8588	0.11635	10744.9	5372.47
8589	0.38880	35906.7	5984.45
8590	0.14565	13451.5	4483.82
8591	0.25626	23666.6	7888.85
8592	0.16402	15147.8	5049.28
8593	0.69860	64517.4	21505.8
8594	0.14619	13500.7	4500.24
8595	0.41383	38218.5	7643.71
8596	0.44225	40843.3	8168.66
8597	0.41707	38517.2	6419.54
8598	0.53455	49366.9	9873.39
8599	0.27691	25573.5	6393.37
8600	0.19237	17766.2	4441.56
