#IID	F_ROH	ROH_length_kB	KBAVG
6551	0.33839	31794.2	7948.55
6552	0.09390	8822.11	4411.06
6553	0.08750	8221.58	4110.79
6554	0.65772	61797.3	10299.5
6555	0.38378	36058.5	7211.7
6556	0.27823	26141.6	6535.39
6557	0.24413	22937.5	7645.83
6558	0.15827	14870	4956.66
6559	0.04625	4345.16	4345.16
6560	0.10181	9566	4783
6561	0.04887	4591.19	4591.19
6562	0.48986	46025.7	4602.57
6563	0.29422	27643.6	6910.89
6564	0.09661	9077.32	4538.66
6565	0.17489	16432	5477.33
6566	0.20575	19331.2	6443.72
6567	0.26706	25091.8	5018.36
6568	0.00000	0	0
6569	0.32690	30714.2	5119.03
6570	0.06426	6037.19	3018.6
6571	0.16960	15934.7	5311.57
6572	0.50083	47056.2	11764
6573	0.09609	9028.54	4514.27
6574	0.13496	12680.2	6340.1
6575	0.16905	15882.9	3970.73
6576	0.46314	43514.8	21757.4
6577	0.08030	7544.83	3772.41
6578	0.42023	39482.8	7896.56
6579	0.74810	70288.6	14057.7
6580	0.02314	2173.81	2173.81
6581	0.21268	19982.9	6660.97
6582	0.31926	29996.4	14998.2
6583	0.19024	17874.4	8937.2
6584	0.13502	12685.9	6342.95
6585	0.30464	28623	4770.5
6586	0.28816	27074.1	9024.72
6587	0.21807	20488.9	5122.23
6588	0.11084	10414.5	5207.27
6589	0.16197	15218.5	5072.84
6590	0.45716	42953	7158.83
6591	0.00000	0	0
6592	0.10672	10027.1	10027.1
6593	0.15168	14251.1	7125.53
6594	0.03453	3244.39	3244.39
6595	0.22131	20793.9	5198.47
6596	0.12723	11953.7	3984.56
6597	0.31325	29432.1	5886.42
6598	0.27726	26049.9	6512.48
6599	0.25310	23779.9	23779.9
6600	0.30208	28382.4	9460.81
