#IID	F_ROH	ROH_length_kB	KBAVG
2551	0.26297	24707.2	8235.74
2552	0.05127	4817.19	4817.19
2553	0.18874	17732.3	8866.16
2554	0.33426	31404.5	6280.9
2555	0.39210	36838.8	9209.71
2556	0.27858	26173.4	5234.68
2557	0.41395	38892.2	9723.05
2558	0.40128	37701.6	12567.2
2559	0.16681	15672.1	3918.02
2560	0.15100	14186.5	7093.25
2561	0.17297	16250.7	16250.7
2562	0.30201	28374.4	9458.15
2563	0.30210	28383	4730.49
2564	0.42592	40016.5	10004.1
2565	0.40672	38212.5	7642.5
2566	0.25303	23772.5	11886.2
2567	0.32157	30212.2	10070.7
2568	0.03922	3684.87	3684.87
2569	0.24221	22756.6	7585.53
2570	0.03163	2971.95	2971.95
2571	0.43140	40531.7	8106.33
2572	0.06072	5704.46	5704.46
2573	0.18468	17351.2	8675.62
2574	0.18519	17399.5	5799.82
2575	0.21656	20346.2	4069.25
2576	0.17163	16125.1	5375.05
2577	0.12003	11277.5	5638.76
2578	0.15493	14556.2	7278.12
2579	0.82335	77356.6	25785.5
2580	0.21861	20538.8	4107.77
2581	0.00000	0	0
2582	0.11708	11000.4	5500.2
2583	0.22814	21434.6	5358.65
2584	0.40827	38357.9	7671.58
2585	0.36842	34613.8	8653.46
2586	0.18889	17746.5	4436.63
2587	0.30547	28700.2	9566.73
2588	0.32051	30112.7	10037.6
2589	0.07522	7066.77	3533.38
2590	0.13207	12408	6204.01
2591	0.15174	14256.4	7128.19
2592	0.14309	13444.1	4481.35
2593	0.35044	32924.6	10974.9
2594	0.47823	44930.7	11232.7
2595	0.14415	13543.4	6771.72
2596	0.15197	14278.2	7139.11
2597	0.15773	14819.3	7409.66
2598	0.35137	33011.8	5501.96
2599	0.19530	18349.1	9174.55
2600	0.17231	16189.1	5396.36
