#IID	F_ROH	ROH_length_kB	KBAVG
8551	0.03462	3197.86	3197.86
8552	0.29055	26840.3	6710.07
8553	0.05102	4712.91	4712.91
8554	0.63655	58801.8	8400.26
8555	0.34585	31948	6389.6
8556	0.15672	14477.5	7238.73
8557	0.17982	16610.8	5536.94
8558	0.11364	10497.7	10497.7
8559	0.31246	28863.8	14431.9
8560	0.12760	11787.2	3929.08
8561	0.27978	25845.3	4307.54
8562	0.46039	42528.8	8505.76
8563	0.33750	31177	7794.26
8564	0.36129	33374.7	6674.95
8565	0.27209	25134.6	6283.65
8566	0.69772	64452.6	16113.1
8567	0.16771	15492.5	7746.27
8568	0.40588	37493.6	7498.72
8569	0.33503	30948.7	5158.11
8570	0.21664	20012.7	5003.17
8571	0.15492	14311.3	4770.42
8572	0.28689	26501.5	6625.37
8573	0.28806	26610	6652.49
8574	0.25638	23683.3	5920.82
8575	0.33153	30625.6	6125.12
8576	0.28887	26684.8	6671.19
8577	0.33695	31126.7	6225.34
8578	0.19886	18370	6123.34
8579	0.39264	36270.8	9067.7
8580	0.34421	31797	10599
8581	0.26622	24592.5	4918.51
8582	0.36135	33380.5	6676.1
8583	0.22110	20424.2	5106.05
8584	0.34461	31833.6	15916.8
8585	0.22238	20542.8	6847.61
8586	0.36524	33739.2	6747.85
8587	0.41109	37974.6	7594.91
8588	0.24533	22662.8	4532.57
8589	0.34371	31750.7	5291.78
8590	0.23125	21362.1	5340.53
8591	0.43799	40460.2	5057.52
8592	0.11659	10770.2	5385.08
8593	0.34917	32255.3	5375.89
8594	0.41765	38581.2	9645.3
8595	0.24706	22822.5	5705.62
8596	0.43189	39896.3	6649.38
8597	0.29318	27083.4	5416.68
8598	0.42232	39012.8	7802.55
8599	0.23812	21996.3	7332.1
8600	0.28724	26534.5	6633.63
