#IID	F_ROH	ROH_length_kB	KBAVG
2551	0.40676	38233.5	6372.25
2552	0.16079	15113.9	7556.97
2553	0.10523	9891.44	4945.72
2554	0.46674	43871.2	8774.23
2555	0.15931	14974	4991.35
2556	0.11614	10916.7	3638.91
2557	0.04060	3816.32	3816.32
2558	0.40634	38194.4	12731.5
2559	0.32198	30264.4	6052.87
2560	0.23505	22093.3	7364.44
2561	0.29251	27494.9	13747.4
2562	0.23971	22531.4	5632.86
2563	0.11676	10975	3658.34
2564	0.46639	43838.3	14612.8
2565	0.26490	24899.5	6224.88
2566	0.21801	20491.6	6830.52
2567	0.15682	14740.5	4913.48
2568	0.34333	32271.3	16135.6
2569	0.71588	67289.2	33644.6
2570	0.23468	22058.6	5514.64
2571	0.51262	48183.8	16061.3
2572	0.36470	34280.1	8570.03
2573	0.29214	27459.7	6864.92
2574	0.46431	43643	14547.7
2575	0.28326	26625	8874.99
2576	0.00000	0	0
2577	0.06693	6291.24	6291.24
2578	0.29192	27439.5	13719.7
2579	0.14801	13912.2	4637.42
2580	0.04060	3816.32	3816.32
2581	0.20774	19526.7	6508.92
2582	0.29919	28122.5	9374.16
2583	0.13685	12863	4287.65
2584	0.27045	25420.7	12710.4
2585	0.17404	16358.5	5452.84
2586	0.40039	37634.7	37634.7
2587	0.23201	21808.1	7269.35
2588	0.20149	18938.9	6312.97
2589	0.18109	17021.3	5673.77
2590	0.36943	34724.9	8681.22
2591	0.40402	37976	9493.99
2592	0.19032	17889.1	5963.02
2593	0.22469	21120	5280
2594	0.18407	17301.6	5767.22
2595	0.33275	31277.3	6255.47
2596	0.35231	33115.5	5519.26
2597	0.16675	15673.4	5224.46
2598	0.30220	28405.5	7101.37
2599	0.20370	19146.6	6382.2
2600	0.16024	15062.1	7531.05
