#IID	F_ROH	ROH_length_kB	KBAVG
4551	0.52668	49495.1	12373.8
4552	0.22979	21595.3	7198.44
4553	0.23898	22458.3	4491.66
4554	0.46722	43908.1	10977
4555	0.09397	8831.08	4415.54
4556	0.15477	14544.8	4848.27
4557	0.14378	13511.9	4503.96
4558	0.00000	0	0
4559	0.18878	17740.5	4435.14
4560	0.22947	21565	5391.25
4561	0.14597	13717.7	6858.84
4562	0.35944	33778.5	6755.71
4563	0.19423	18252.7	6084.23
4564	0.17837	16762.3	4190.58
4565	0.04332	4070.9	4070.9
4566	0.33061	31069.2	5178.2
4567	0.23778	22345.5	7448.5
4568	0.50366	47332.4	7888.73
4569	0.46533	43729.7	10932.4
4570	0.12540	11784.8	5892.41
4571	0.21498	20202.6	10101.3
4572	0.00000	0	0
4573	0.47920	45033.7	11258.4
4574	0.15975	15012.5	5004.16
4575	0.29028	27279.5	6819.88
4576	0.43480	40860.9	13620.3
4577	0.39220	36857.5	6142.92
4578	0.46626	43817.7	8763.54
4579	0.35476	33339	11113
4580	0.13040	12254.3	6127.14
4581	0.51938	48809.8	12202.4
4582	0.13380	12574.1	6287.06
4583	0.38786	36450.1	9112.52
4584	0.21244	19964.4	3992.89
4585	0.30045	28234.9	4705.81
4586	0.22355	21008.5	7002.84
4587	0.16071	15103.2	5034.42
4588	0.75066	70544.6	17636.2
4589	0.08437	7928.64	3964.32
4590	0.39237	36873.8	12291.3
4591	0.16950	15928.6	3982.15
4592	0.17752	16682.3	4170.58
4593	0.24228	22769	4553.81
4594	0.38595	36270	6045
4595	0.37486	35228.3	7045.67
4596	0.32424	30471	6094.19
4597	0.26928	25306.4	6326.6
4598	0.04345	4083.08	4083.08
4599	0.11456	10765.7	5382.86
4600	0.14491	13618.6	4539.53
