#IID	F_ROH	ROH_length_kB	KBAVG
40551	0.29088	26895.3	5379.06
40552	0.30663	28352	14176
40553	0.14492	13399.6	4466.53
40554	0.22634	20927.9	6975.98
40555	0.16808	15541.2	7770.59
40556	0.30667	28355.1	28355.1
40557	0.14829	13711.5	4570.5
40558	0.06810	6296.31	3148.15
40559	0.22810	21090.8	7030.27
40560	0.09713	8980.62	4490.31
40561	0.15875	14678.8	7339.4
40562	0.29604	27372.3	9124.11
40563	0.27748	25656.5	4276.08
40564	0.67600	62504	15626
40565	0.14491	13398.6	6699.31
40566	0.15530	14359.6	4786.52
40567	0.16875	15603.4	7801.7
40568	0.33948	31388.6	7847.16
40569	0.33204	30701.3	7675.31
40570	0.36777	34004.9	6800.98
40571	0.03050	2820.52	2820.52
40572	0.42750	39527.4	9881.85
40573	0.09159	8468.88	4234.44
40574	0.70718	65387	65387
40575	0.16935	15658.1	3914.52
40576	0.43305	40041	13347
40577	0.23169	21422.2	21422.2
40578	0.74230	68635	34317.5
40579	0.35803	33104.2	5517.37
40580	0.13739	12703.2	6351.58
40581	0.06355	5875.75	2937.88
40582	0.33446	30925.3	10308.4
40583	0.73100	67589.7	33794.9
40584	0.02882	2664.4	2664.4
40585	0.08936	8262.75	4131.37
40586	0.11860	10965.9	5482.94
40587	0.51735	47834.8	11958.7
40588	0.66270	61275	20425
40589	0.34045	31479.1	15739.5
40590	0.31800	29402.8	5880.57
40591	0.18021	16662.5	5554.18
40592	0.27061	25021.2	4170.2
40593	0.26364	24376.5	12188.3
40594	0.03550	3282.34	3282.34
40595	0.06065	5607.89	5607.89
40596	0.35436	32765.1	10921.7
40597	0.13171	12178.4	4059.46
40598	0.24068	22254.2	7418.05
40599	0.17978	16622.8	5540.94
40600	0.15177	14033.4	7016.72
