#IID	F_ROH	ROH_length_kB	KBAVG
38551	0.36386	34155	8538.75
38552	0.27482	25797.7	8599.25
38553	0.36574	34331.5	11443.8
38554	0.19510	18313.9	6104.63
38555	0.27241	25571.3	12785.6
38556	0.41016	38501.4	9625.34
38557	0.51605	48441.8	9688.36
38558	0.22354	20984	6994.67
38559	0.09004	8451.85	4225.92
38560	0.16475	15465.5	7732.74
38561	0.09483	8902.03	4451.02
38562	0.04799	4504.52	4504.52
38563	0.13449	12624.9	6312.45
38564	0.33090	31061.5	10353.8
38565	0.31707	29763.4	4960.57
38566	0.47949	45010	15003.3
38567	0.19930	18708.7	4677.17
38568	0.11826	11101.3	11101.3
38569	0.10005	9391.66	9391.66
38570	0.32773	30763.9	6152.79
38571	0.36383	34152.2	17076.1
38572	0.14027	13167	4389.01
38573	0.28930	27156.7	6789.18
38574	0.37180	34900.3	8725.09
38575	0.15855	14883.4	3720.86
38576	0.15753	14787.7	4929.23
38577	0.34801	32667.3	10889.1
38578	0.23150	21731.2	5432.79
38579	0.14847	13937.2	6968.59
38580	0.19453	18260.7	6086.9
38581	0.42588	39977	7995.39
38582	0.42106	39525	7905.01
38583	0.33597	31537.7	5256.28
38584	0.59409	55766.7	18588.9
38585	0.62381	58557.3	11711.5
38586	0.39627	37197.7	9299.43
38587	0.03988	3743.72	3743.72
38588	0.06896	6473.72	6473.72
38589	0.64755	60785.3	30392.7
38590	0.38873	36489.9	7297.97
38591	0.16994	15952.6	7976.31
38592	0.18118	17007.5	5669.17
38593	0.26187	24581.5	4916.3
38594	0.47439	44530.9	11132.7
38595	0.42742	40122.2	8024.43
38596	0.26235	24627.1	6156.77
38597	0.39284	36875.6	9218.9
38598	0.23040	21627.8	7209.28
38599	0.39558	37133.2	6188.86
38600	0.50017	46950.7	7825.12
