#IID	F_ROH	ROH_length_kB	KBAVG
6551	0.20831	19573.5	4893.37
6552	0.30101	28284.5	9428.16
6553	0.20987	19720.6	6573.55
6554	0.23124	21728.4	5432.1
6555	0.36738	34521.2	8630.31
6556	0.30796	28937.8	7234.45
6557	0.41358	38862	6477
6558	0.04925	4627.63	4627.63
6559	0.35964	33794.1	5632.35
6560	0.21836	20518	4103.6
6561	0.29915	28109.8	5621.95
6562	0.42061	39523	9880.74
6563	0.15115	14202.4	4734.12
6564	0.24662	23173.4	5793.35
6565	0.14499	13623.6	4541.21
6566	0.18428	17315.9	8657.96
6567	0.89695	84282.1	42141.1
6568	0.32706	30732.2	6146.43
6569	0.22176	20838.1	6946.03
6570	0.19889	18688.4	6229.47
6571	0.35237	33110.5	8277.62
6572	0.42811	40227.9	5746.84
6573	0.07760	7292.09	3646.05
6574	0.34324	32252.7	6450.53
6575	0.29112	27355.2	6838.8
6576	0.10262	9642.47	9642.47
6577	0.37720	35443.6	11814.5
6578	0.25319	23791	4758.19
6579	0.35753	33595.1	8398.78
6580	0.11337	10652.9	5326.47
6581	0.20733	19481.8	4870.44
6582	0.21130	19854.4	4963.59
6583	0.36220	34034.4	8508.6
6584	0.15548	14609.6	4869.85
6585	0.12612	11851.1	3950.37
6586	0.21108	19833.8	6611.25
6587	0.30204	28381.5	5676.31
6588	0.38404	36086	12028.7
6589	0.35578	33431.4	6686.29
6590	0.10417	9787.93	4893.97
6591	0.21474	20178.1	5044.52
6592	0.32374	30420.1	7605.03
6593	0.38413	36094.5	9023.63
6594	0.33740	31703.7	5283.95
6595	0.60387	56742.6	8106.09
6596	0.26008	24438.4	4073.06
6597	0.18931	17788.8	5929.6
6598	0.38540	36213.8	9053.45
6599	0.34580	32492.9	5415.48
6600	0.39796	37394.1	9348.53
