#IID	F_ROH	ROH_length_kB	KBAVG
2551	0.29615	27829.5	6957.37
2552	0.49527	46541.3	7756.88
2553	0.19616	18433.3	9216.65
2554	0.17647	16583.3	16583.3
2555	0.24445	22971.1	11485.5
2556	0.29081	27327.7	9109.22
2557	0.19394	18225.2	6075.08
2558	0.10318	9695.68	4847.84
2559	0.20786	19533.3	4883.32
2560	0.36498	34298.1	5716.35
2561	0.23982	22535.9	11267.9
2562	0.18153	17058.6	5686.21
2563	0.30863	29002.7	7250.67
2564	0.19996	18790.5	6263.49
2565	0.31824	29905.4	7476.36
2566	0.25070	23558.5	7852.84
2567	0.26664	25056.5	12528.3
2568	0.04526	4253.07	4253.07
2569	0.12526	11771	3923.66
2570	0.07756	7288.61	3644.31
2571	0.09365	8799.95	4399.98
2572	0.16793	15780.4	5260.13
2573	0.25653	24106.8	8035.6
2574	0.20381	19152.2	9576.12
2575	0.16753	15743.1	5247.69
2576	0.16237	15258.2	5086.05
2577	0.32238	30294.5	10098.2
2578	0.40926	38459	12819.7
2579	0.10705	10059.7	5029.86
2580	0.14046	13199.5	4399.84
2581	0.46366	43570.8	7261.79
2582	0.03669	3447.42	3447.42
2583	0.24027	22578.5	7526.16
2584	0.19913	18712.1	9356.03
2585	0.17948	16865.6	5621.87
2586	0.07533	7078.63	3539.32
2587	0.27715	26044.6	6511.14
2588	0.28246	26543	8847.67
2589	0.46442	43642.1	8728.42
2590	0.36402	34207.7	6841.53
2591	0.18498	17382.8	8691.4
2592	0.20423	19191.3	4797.81
2593	0.31253	29369	7342.24
2594	0.21533	20234.5	10117.3
2595	0.21278	19995.4	6665.15
2596	0.15855	14898.9	7449.46
2597	0.39441	37063.1	9265.78
2598	0.15563	14624.4	4874.8
2599	0.31305	29417.4	7354.35
2600	0.35278	33151.5	8287.88
