#IID	F_ROH	ROH_length_kB	KBAVG
4551	0.29726	27937.6	6984.41
4552	0.12428	11680	5840.01
4553	0.22273	20932.9	5233.22
4554	0.14022	13178.1	4392.69
4555	0.52866	49685.6	8280.93
4556	0.12875	12100.3	6050.15
4557	0.16821	15809.3	5269.76
4558	0.18358	17253.3	17253.3
4559	0.17979	16897.8	5632.61
4560	0.16996	15973.2	7986.58
4561	0.60984	57315.7	14328.9
4562	0.20265	19045.6	6348.55
4563	0.12007	11284.5	5642.23
4564	0.19192	18037.2	9018.61
4565	0.32942	30960.1	15480
4566	0.26052	24484.9	6121.22
4567	0.28982	27238.7	13619.4
4568	0.09736	9150.3	4575.15
4569	0.24688	23202.5	5800.63
4570	0.30917	29057.6	7264.4
4571	0.12411	11664.6	5832.3
4572	0.20357	19132.1	6377.37
4573	0.17419	16371.2	5457.06
4574	0.29519	27743	9247.67
4575	0.42532	39973.7	7994.74
4576	0.13193	12399	6199.51
4577	0.62060	58326.9	7290.87
4578	0.29577	27797.6	9265.86
4579	0.08137	7647.63	3823.82
4580	0.07800	7331.14	3665.57
4581	0.09832	9240.76	4620.38
4582	0.25544	24007.4	6001.84
4583	0.45686	42937.9	8587.58
4584	0.27756	26086.8	5217.35
4585	0.11447	10758.5	5379.25
4586	0.22096	20767.3	6922.44
4587	0.34287	32224.2	8056.06
4588	0.08322	7821.16	7821.16
4589	0.36431	34239.2	11413.1
4590	0.22878	21501.9	5375.49
4591	0.17107	16078.2	16078.2
4592	0.29819	28025.7	7006.43
4593	0.16470	15479.6	7739.82
4594	0.49624	46639	11659.7
4595	0.17261	16223	5407.68
4596	0.36504	34308.3	6861.65
4597	0.27713	26046.4	13023.2
4598	0.19927	18728.7	6242.9
4599	0.38987	36642.2	12214.1
4600	0.26231	24652.8	6163.21
