#IID	F_ROH	ROH_length_kB	KBAVG
16551	0.07601	7135.05	3567.52
16552	0.90144	84623.3	42311.6
16553	0.15036	14114.8	4704.92
16554	0.28989	27213.7	6803.43
16555	0.09631	9041.35	4520.67
16556	0.27599	25908.9	6477.22
16557	0.36052	33844.2	11281.4
16558	0.32922	30905.5	7726.38
16559	0.34841	32707.1	10902.4
16560	0.23440	22004.6	11002.3
16561	0.23511	22071.6	5517.9
16562	0.21606	20283.2	5070.8
16563	0.36537	34299.9	11433.3
16564	0.26007	24414.5	4882.9
16565	0.38249	35906.5	5984.42
16566	0.47761	44836.3	11209.1
16567	0.36484	34249.8	6849.96
16568	0.12901	12111	4036.99
16569	0.23721	22268.1	7422.69
16570	0.11281	10590.1	3530.04
16571	0.17422	16354.9	5451.64
16572	0.20488	19233	3846.6
16573	0.30139	28293.7	5658.73
16574	0.10706	10050.7	5025.33
16575	0.15952	14975.3	7487.65
16576	0.27621	25929.4	12964.7
16577	0.19489	18295.2	6098.41
16578	0.36742	34492.1	6898.41
16579	0.18591	17452.1	8726.06
16580	0.32332	30351.8	6070.37
16581	0.28735	26975	6743.76
16582	0.12898	12107.7	4035.9
16583	0.21275	19972.5	6657.5
16584	0.52202	49005.3	12251.3
16585	0.22504	21125.7	7041.9
16586	0.42532	39927.1	6654.51
16587	0.22283	20918.5	6972.84
16588	0.22085	20732.7	6910.91
16589	0.23384	21952.4	5488.1
16590	0.15908	14933.4	3733.35
16591	0.37568	35267.8	7053.57
16592	0.16979	15939.2	5313.07
16593	0.42963	40332	8066.39
16594	0.13059	12259	6129.48
16595	0.20624	19360.9	4840.22
16596	0.08432	7915.2	3957.6
16597	0.14743	13840.5	6920.24
16598	0.34694	32569.2	6513.83
16599	0.15258	14323.3	3580.82
16600	0.31720	29777.8	7444.44
