#IID	F_ROH	ROH_length_kB	KBAVG
4551	0.37418	35160.6	7032.13
4552	0.15760	14809.1	7404.53
4553	0.03970	3730.43	3730.43
4554	0.20704	19455	9727.5
4555	0.06191	5817.85	5817.85
4556	0.22410	21057.8	5264.44
4557	0.04093	3846.18	3846.18
4558	0.30712	28858.9	5771.77
4559	0.30000	28190.4	9396.79
4560	0.29316	27547.8	9182.59
4561	0.06445	6056.13	6056.13
4562	0.18886	17746.4	5915.48
4563	0.14622	13739.9	6869.97
4564	0.23626	22200.4	11100.2
4565	0.35850	33686.8	8421.69
4566	0.05781	5432.63	5432.63
4567	0.28612	26886.3	8962.09
4568	0.27916	26231.6	8743.87
4569	0.31568	29663.5	14831.8
4570	0.28364	26652.8	13326.4
4571	0.49663	46667	9333.39
4572	0.15965	15002	5000.68
4573	0.10899	10241.8	10241.8
4574	0.25075	23562.5	5890.63
4575	0.02391	2246.46	2246.46
4576	0.17273	16230.8	5410.26
4577	0.17407	16356.5	8178.23
4578	0.10049	9443.21	4721.6
4579	0.24551	23069.5	11534.8
4580	0.45160	42435.7	21217.9
4581	0.17352	16304.8	5434.95
4582	0.15350	14424.1	4808.02
4583	0.50400	47359.4	23679.7
4584	0.16181	15205.1	7602.56
4585	0.09386	8819.93	4409.97
4586	0.14353	13487.4	4495.79
4587	0.08991	8448.39	8448.39
4588	0.44117	41455.4	8291.07
4589	0.20770	19517.3	9758.63
4590	0.06468	6077.71	6077.71
4591	0.25306	23779.3	7926.44
4592	0.08183	7689.61	7689.61
4593	0.12747	11977.9	3992.64
4594	0.06115	5745.93	5745.93
4595	0.10614	9973.83	4986.92
4596	0.14012	13166.3	4388.78
4597	0.24182	22722.9	7574.29
4598	0.30333	28502.7	7125.67
4599	0.15025	14118.3	4706.09
4600	0.27788	26111.7	6527.93
