#IID	F_ROH	ROH_length_kB	KBAVG
2551	0.33866	31789.4	6357.87
2552	0.50832	47715.3	15905.1
2553	0.08560	8035.38	8035.38
2554	0.20964	19678.4	6559.47
2555	0.51123	47988.2	11997.1
2556	0.44680	41940.5	8388.09
2557	0.23959	22489.9	22489.9
2558	0.42398	39798.2	7959.64
2559	0.23997	22525.3	7508.43
2560	0.15280	14342.7	7171.35
2561	0.05056	4745.88	4745.88
2562	0.53055	49801.8	16600.6
2563	0.35889	33688.3	6737.65
2564	0.20367	19117.8	9558.91
2565	0.18503	17368.3	17368.3
2566	0.31452	29523.2	7380.81
2567	0.33566	31507.7	7876.92
2568	0.22571	21186.8	7062.28
2569	0.23798	22338.4	7446.15
2570	0.32404	30417.5	7604.36
2571	0.23031	21618.5	7206.17
2572	0.17257	16199.3	5399.77
2573	0.26596	24965	8321.68
2574	0.22976	21567.6	5391.91
2575	0.09284	8714.54	4357.27
2576	0.16973	15932.6	7966.29
2577	0.19684	18476.7	6158.88
2578	0.23716	22262.2	7420.74
2579	0.37937	35611.3	7122.26
2580	0.75860	71208.3	14241.7
2581	0.38869	36485.9	6080.98
2582	0.36696	34445.5	8611.38
2583	0.39318	36906.9	18453.4
2584	0.14529	13637.7	6818.84
2585	0.27975	26259.8	8753.27
2586	0.76922	72205.7	12034.3
2587	0.19194	18017.2	6005.73
2588	0.11572	10862.7	5431.34
2589	0.26551	24922.9	4984.58
2590	0.20867	19587.2	4896.81
2591	0.26006	24411	6102.74
2592	0.18510	17374.9	8687.45
2593	0.95979	90094.4	45047.2
2594	0.04687	4399.6	4399.6
2595	0.42672	40055.2	6675.86
2596	0.16114	15126.1	5042.04
2597	0.26129	24526.8	8175.6
2598	0.31841	29888.4	5977.68
2599	0.10601	9951.11	4975.55
2600	0.20061	18831	6277.01
