#IID	F_ROH	ROH_length_kB	KBAVG
24551	0.23476	22058.6	11029.3
24552	0.00000	0	0
24553	0.17765	16691.9	8345.93
24554	0.28442	26724.2	6681.04
24555	0.30059	28243.4	7060.86
24556	0.28326	26615	8871.66
24557	0.39321	36946.8	6157.8
24558	0.30304	28474.2	5694.85
24559	0.05439	5110.79	5110.79
24560	0.11842	11127.1	3709.05
24561	0.67394	63324.3	15831.1
24562	0.07585	7127.19	3563.6
24563	0.09679	9094.46	9094.46
24564	0.21712	20400.6	5100.14
24565	0.24862	23360.7	7786.89
24566	0.17496	16439.7	5479.89
24567	0.22499	21140.5	5285.14
24568	0.41727	39207.3	7841.46
24569	0.26010	24438.9	8146.29
24570	0.08383	7877.09	3938.55
24571	0.19804	18607.6	9303.8
24572	0.38774	36432.6	7286.52
24573	0.35937	33766.4	11255.5
24574	0.28583	26857	6714.24
24575	0.16146	15170.5	7585.27
24576	0.30221	28395.7	9465.23
24577	0.48661	45722.7	11430.7
24578	0.16451	15457.5	5152.48
24579	0.27905	26220	5244
24580	0.20246	19023.6	6341.19
24581	0.34637	32544.8	8136.2
24582	0.27332	25681.3	6420.32
24583	0.21366	20075.8	6691.93
24584	0.00000	0	0
24585	0.10747	10098.4	5049.2
24586	0.15731	14781.3	4927.11
24587	0.33112	31112.8	7778.21
24588	0.24144	22685.5	4537.09
24589	0.22342	20992.8	6997.6
24590	0.18929	17785.5	4446.39
24591	0.05892	5536.19	2768.1
24592	0.23640	22212.7	7404.23
24593	0.41805	39280.1	13093.4
24594	0.50460	47412.9	7902.15
24595	0.08243	7745.46	7745.46
24596	0.08525	8009.76	8009.76
24597	0.29550	27765.8	6941.46
24598	0.26811	25192.1	8397.35
24599	0.42218	39668.6	7933.72
24600	0.29978	28167.6	7041.9
