#IID	F_ROH	ROH_length_kB	KBAVG
40551	0.19722	18527.6	6175.86
40552	0.17069	16035	8017.5
40553	0.31325	29427.5	7356.88
40554	0.69496	65286.8	21762.3
40555	0.34690	32588.5	10862.8
40556	0.18085	16989.4	5663.13
40557	0.42216	39658.6	7931.71
40558	0.23802	22360.3	22360.3
40559	0.73370	68925.8	17231.5
40560	0.45763	42991.4	8598.27
40561	0.42071	39522.4	9880.6
40562	0.63255	59424	19808
40563	0.24664	23170.4	4634.07
40564	0.07439	6988.35	6988.35
40565	0.19847	18645.1	9322.55
40566	0.30508	28660.3	7165.08
40567	0.29910	28098.4	5619.68
40568	0.28369	26650.6	5330.12
40569	0.61646	57911.7	14477.9
40570	0.25416	23876.8	7958.94
40571	0.30638	28782.7	7195.68
40572	0.29887	28077.2	4679.53
40573	0.51334	48224.4	5358.26
40574	0.17549	16486	5495.32
40575	0.23484	22061.8	5515.44
40576	0.35873	33699.9	8424.98
40577	0.72614	68216	22738.7
40578	0.15247	14323.9	4774.62
40579	0.29490	27703.4	6925.85
40580	0.24546	23059.6	11529.8
40581	0.22363	21008.3	5252.08
40582	0.20826	19564.2	4891.05
40583	0.22153	20811.3	6937.11
40584	0.32819	30831.3	5138.55
40585	0.12552	11791.6	11791.6
40586	0.28338	26621.3	8873.78
40587	0.18964	17815.6	5938.53
40588	0.39489	37097	12365.7
40589	0.34235	32161	5360.17
40590	0.12423	11670.6	5835.3
40591	0.21424	20126.5	6708.83
40592	0.36218	34024	6804.81
40593	0.10710	10060.9	5030.46
40594	0.54735	51420.1	12855
40595	0.15582	14638.5	4879.51
40596	0.18206	17103	4275.74
40597	0.29012	27254.4	9084.8
40598	0.30665	28807.6	5761.51
40599	0.38723	36377.8	12125.9
40600	0.17388	16334.8	8167.42
