#IID	F_ROH	ROH_length_kB	KBAVG
2551	0.18849	17714.7	5904.89
2552	0.23199	21803.2	7267.74
2553	0.13853	13019.4	6509.71
2554	0.34246	32185.1	6437.02
2555	0.16544	15548.6	3887.15
2556	0.25033	23526.3	7842.1
2557	0.10237	9621.3	4810.65
2558	0.26931	25310.1	5062.02
2559	0.13114	12324.8	6162.41
2560	0.12617	11858	3952.67
2561	0.20442	19212.2	4803.04
2562	0.26694	25087.3	8362.45
2563	0.37890	35609.5	7121.9
2564	0.11930	11211.6	5605.79
2565	0.13014	12230.9	6115.45
2566	0.35687	33539.6	8384.89
2567	0.34283	32219.6	8054.89
2568	0.20316	19093.7	4773.43
2569	0.17403	16355.9	5451.96
2570	0.27494	25839.8	8613.26
2571	0.17892	16815.5	5605.17
2572	0.38583	36261.1	12087
2573	0.18195	17100.2	8550.09
2574	0.18372	17266.6	5755.52
2575	0.12894	12118.1	6059.03
2576	0.32212	30273.5	10091.2
2577	0.24681	23196.1	5799.02
2578	0.05601	5263.67	5263.67
2579	0.33026	31038.5	10346.2
2580	0.18854	17719.5	8859.75
2581	0.03513	3301.13	3301.13
2582	0.50119	47102.6	11775.7
2583	0.21793	20481.7	6827.22
2584	0.14609	13729.8	6864.9
2585	0.71522	67217.5	33608.8
2586	0.22398	21050.1	5262.52
2587	0.21211	19934.4	9967.18
2588	0.13374	12568.7	6284.35
2589	0.07184	6752.04	6752.04
2590	0.15831	14878.2	14878.2
2591	0.15405	14478.1	14478.1
2592	0.39465	37090.1	12363.4
2593	0.09896	9300.35	4650.18
2594	0.30627	28784.2	7196.04
2595	0.59696	56103.1	11220.6
2596	0.15955	14994.8	7497.39
2597	0.16506	15512.5	5170.84
2598	0.28118	26425.7	5285.14
2599	0.16771	15761.3	3940.32
2600	0.21084	19814.8	6604.92
