#IID	F_ROH	ROH_length_kB	KBAVG
2551	0.15730	14761	7380.52
2552	0.57179	53658.5	13414.6
2553	0.34680	32544.8	8136.19
2554	0.14189	13315.3	6657.63
2555	0.61789	57984.1	14496
2556	0.29274	27471.8	5494.35
2557	0.32657	30646	7661.51
2558	0.22824	21418.9	5354.72
2559	0.48126	45162.2	15054.1
2560	0.26310	24690	8229.99
2561	0.36208	33978.9	4854.13
2562	0.29632	27807.2	4634.53
2563	0.08402	7884.62	7884.62
2564	0.22073	20714.2	5178.55
2565	0.20888	19601.6	6533.85
2566	0.26869	25214.5	8404.83
2567	0.55157	51760.5	10352.1
2568	0.13537	12703.2	6351.59
2569	0.24285	22789.3	7596.43
2570	0.31773	29816.9	4969.48
2571	0.28995	27209.5	13604.7
2572	0.26118	24509.9	6127.47
2573	0.20868	19582.8	9791.42
2574	0.12605	11828.9	3942.98
2575	0.15985	15000.9	3750.21
2576	0.39071	36664.7	7332.95
2577	0.27992	26268	8755.99
2578	0.24642	23124.9	7708.31
2579	0.26172	24560.7	24560.7
2580	0.07296	6846.86	6846.86
2581	0.08328	7814.77	3907.38
2582	0.09124	8562.23	4281.11
2583	0.17342	16273.7	5424.56
2584	0.24179	22690.4	11345.2
2585	0.40627	38125.8	6354.31
2586	0.32666	30654.5	6130.9
2587	0.25595	24019.4	8006.45
2588	0.80368	75419.3	25139.8
2589	0.26015	24413.5	6103.38
2590	0.28146	26413.3	13206.6
2591	0.50082	46998.6	7833.11
2592	0.22001	20646.3	6882.08
2593	0.23862	22392.5	4478.51
2594	0.29147	27352.1	5470.42
2595	0.29199	27401.5	5480.3
2596	0.28518	26761.6	6690.39
2597	0.05181	4861.73	4861.73
2598	0.38181	35830.4	8957.61
2599	0.21016	19721.5	6573.85
2600	0.04536	4256.96	4256.96
