#IID	F_ROH	ROH_length_kB	KBAVG
2551	0.13641	12603.9	12603.9
2552	0.10872	10045.9	5022.97
2553	0.13707	12665.4	6332.7
2554	0.20038	18514.6	4628.64
2555	0.27297	25222	6305.49
2556	0.13810	12759.8	4253.27
2557	0.27097	25037.6	6259.39
2558	0.24820	22933	5733.25
2559	0.04545	4199.19	4199.19
2560	0.29180	26961.9	6740.47
2561	0.14581	13473	4491.01
2562	0.46325	42803.8	21401.9
2563	0.10184	9410.28	4705.14
2564	0.16515	15259.4	7629.68
2565	0.25551	23608.4	7869.46
2566	0.17396	16073.7	8036.84
2567	0.43630	40313	8062.6
2568	0.42471	39242.5	9810.62
2569	0.15619	14432	7216.02
2570	0.55260	51059.1	8509.86
2571	0.46333	42810.6	8562.12
2572	0.23401	21622.4	5405.6
2573	0.16481	15228.2	7614.1
2574	0.19840	18331.9	4582.98
2575	0.17341	16022.4	4005.61
2576	0.24277	22431.3	7477.11
2577	0.29825	27557.9	5511.58
2578	0.43504	40196.7	5742.39
2579	0.49484	45722.1	22861.1
2580	0.17794	16441.6	5480.54
2581	0.40531	37449.7	7489.94
2582	0.40538	37456	9363.99
2583	0.09210	8510.34	4255.17
2584	0.12438	11492.1	5746.04
2585	0.12000	11088	11088
2586	0.25744	23787.4	5946.84
2587	0.13430	12408.9	6204.43
2588	0.41897	38711.7	7742.34
2589	0.41072	37949.7	5421.38
2590	0.18364	16968	5656.01
2591	0.19800	18294.9	4573.73
2592	0.15804	14603	3650.75
2593	0.18375	16978.1	5659.38
2594	0.34575	31946.9	7986.72
2595	0.22996	21247.7	5311.91
2596	0.29536	27291.1	9097.02
2597	0.45738	42260.7	10565.2
2598	0.23142	21382.9	7127.64
2599	0.04786	4422.6	4422.6
2600	0.20387	18837.5	4709.36
