#IID	F_ROH	ROH_length_kB	KBAVG
6551	0.24413	22906.3	7635.44
6552	0.23310	21871.3	7290.44
6553	0.33300	31245.3	10415.1
6554	0.10737	10074.7	5037.33
6555	0.23833	22361.7	5590.42
6556	0.14432	13541.4	6770.7
6557	0.39218	36797.6	7359.52
6558	0.25540	23963.7	5990.93
6559	0.11645	10925.9	5462.94
6560	0.20578	19307.6	6435.88
6561	0.23154	21725.1	7241.7
6562	0.49506	46450.5	23225.2
6563	0.29645	27815.7	6953.93
6564	0.18759	17601.4	8800.7
6565	0.08276	7764.89	3882.44
6566	0.28599	26834	5366.8
6567	0.15644	14678.1	4892.7
6568	0.34561	32427.7	5404.62
6569	0.05781	5423.76	5423.76
6570	0.27376	25686.5	8562.16
6571	0.28414	26660.6	6665.14
6572	0.18955	17785.1	8892.54
6573	0.40153	37674.5	7534.9
6574	0.25763	24172.7	8057.57
6575	0.32033	30056.3	7514.06
6576	0.25724	24136.4	12068.2
6577	0.15849	14870.5	4956.85
6578	0.34878	32725.6	16362.8
6579	0.25730	24142.5	8047.49
6580	0.42110	39511.2	19755.6
6581	0.18285	17156.7	8578.36
6582	0.17982	16872.2	8436.09
6583	0.33882	31791.3	6358.27
6584	0.19838	18613.6	6204.52
6585	0.41627	39058.3	9764.56
6586	0.25572	23993.5	4798.7
6587	0.21517	20188.8	6729.6
6588	0.13081	12273.6	6136.79
6589	0.56309	52833.5	13208.4
6590	0.20772	19490.3	4872.58
6591	0.51677	48487.8	6926.83
6592	0.69248	64974.6	21658.2
6593	0.25406	23838.3	5959.58
6594	0.20010	18775.3	4693.83
6595	0.30592	28704.3	7176.07
6596	0.41718	39143.7	19571.8
6597	0.04066	3814.67	3814.67
6598	0.07251	6803.25	6803.25
6599	0.30113	28254.2	9418.05
6600	0.29953	28104.1	5620.81
