#IID	F_ROH	ROH_length_kB	KBAVG
6551	0.08053	7561.9	3780.95
6552	0.52293	49102.7	12275.7
6553	0.43110	40480	8096
6554	0.32236	30269.4	7567.35
6555	0.12661	11888.2	5944.09
6556	0.22194	20840.2	10420.1
6557	0.34708	32590.1	6518.02
6558	0.19355	18173.9	6057.98
6559	0.04980	4675.94	4675.94
6560	0.26449	24835.3	6208.82
6561	0.11323	10632.2	5316.12
6562	0.22529	21154.4	5288.59
6563	0.16966	15930.8	5310.25
6564	0.66099	62066.6	12413.3
6565	0.23553	22116.4	5529.09
6566	0.29502	27702.2	5540.44
6567	0.16613	15599.3	5199.78
6568	0.21528	20214.5	5053.63
6569	0.25731	24160.7	24160.7
6570	0.11740	11023.8	5511.88
6571	0.34824	32699.2	10899.7
6572	0.15543	14594.9	4864.98
6573	0.12052	11316.7	3772.22
6574	0.63793	59901.1	19967
6575	0.49257	46252.2	9250.45
6576	0.05645	5300.94	5300.94
6577	0.12764	11985.6	11985.6
6578	0.56505	53057.8	13264.5
6579	0.17479	16412.3	5470.78
6580	0.18506	17377.3	5792.43
6581	0.17876	16785.3	5595.08
6582	0.52818	49595.8	8265.97
6583	0.11875	11150.7	5575.37
6584	0.35159	33014	33014
6585	0.05999	5633.44	5633.44
6586	0.18821	17672.3	5890.77
6587	0.22019	20675.8	6891.94
6588	0.24834	23318.5	5829.62
6589	0.24825	23310	7770.01
6590	0.33876	31808.7	5301.46
6591	0.37914	35600.5	8900.11
6592	0.12556	11789.8	5894.88
6593	0.20880	19605.8	6535.27
6594	0.09765	9169.4	4584.7
6595	0.18869	17717.6	5905.86
6596	0.29436	27639.8	5527.96
6597	0.10151	9532.09	4766.04
6598	0.17736	16654.1	8327.06
6599	0.49944	46897.2	11724.3
6600	0.45948	43144.7	10786.2
