#IID	F_ROH	ROH_length_kB	KBAVG
8551	0.43479	40765.1	8153.01
8552	0.04463	4184.59	4184.59
8553	0.10561	9902.05	4951.03
8554	0.49043	45981.1	11495.3
8555	0.08235	7720.66	3860.33
8556	0.44288	41523.2	5931.89
8557	0.37069	34754.9	8688.73
8558	0.34322	32179.1	16089.6
8559	0.33846	31733.6	6346.73
8560	0.22392	20994.4	5248.6
8561	0.06757	6335.32	6335.32
8562	0.33739	31632.6	7908.14
8563	0.24450	22924.2	5731.04
8564	0.27020	25333.3	12666.6
8565	0.18418	17268.5	8634.25
8566	0.12447	11669.7	3889.89
8567	0.15138	14193.4	4731.15
8568	0.24308	22790.2	5697.55
8569	0.02901	2720.31	2720.31
8570	0.94014	88145.3	44072.6
8571	0.10683	10016.1	5008.03
8572	0.09967	9344.92	4672.46
8573	0.23685	22206.5	5551.63
8574	0.55231	51782.9	10356.6
8575	0.39732	37251.7	9312.93
8576	0.14577	13667	6833.52
8577	0.20259	18994	9497.01
8578	0.19124	17930.4	8965.18
8579	0.76051	71303.3	17825.8
8580	0.36737	34443.7	5740.62
8581	0.31643	29667.5	7416.87
8582	0.56571	53039.4	17679.8
8583	0.48397	45375.5	9075.09
8584	0.16314	15295.8	3823.95
8585	0.04856	4552.58	4552.58
8586	0.20188	18927.4	6309.13
8587	0.27104	25412.1	6353.03
8588	0.47850	44862.9	7477.14
8589	0.22002	20628.9	20628.9
8590	0.18847	17670.1	5890.02
8591	0.28117	26361.7	6590.43
8592	0.08898	8342.88	8342.88
8593	0.14100	13220.2	6610.1
8594	0.30744	28824.4	9608.14
8595	0.45525	42682.7	10670.7
8596	0.24017	22517.8	7505.92
8597	0.17503	16410.3	4102.57
8598	0.37714	35359.8	7071.97
8599	0.26890	25211.7	5042.35
8600	0.45404	42570.1	8514.02
