#IID	F_ROH	ROH_length_kB	KBAVG
8551	0.16328	15342.3	7671.14
8552	0.11971	11249	5624.5
8553	0.24153	22695.2	5673.8
8554	0.30936	29069.4	7267.35
8555	0.34713	32618.6	8154.65
8556	0.00000	0	0
8557	0.20476	19240.6	4810.14
8558	0.58327	54807.5	7829.64
8559	0.08857	8322.12	4161.06
8560	0.18959	17815.3	5938.44
8561	0.29895	28091.4	9363.81
8562	0.09492	8919.35	8919.35
8563	0.30886	29022.6	4837.09
8564	0.36071	33894.3	11298.1
8565	0.00000	0	0
8566	0.32649	30678.5	6135.7
8567	0.19724	18533.7	9266.84
8568	0.03802	3572.53	3572.53
8569	0.28654	26925.1	5385.01
8570	0.19822	18625.5	9312.74
8571	0.31607	29699.6	7424.89
8572	0.48245	45333.6	11333.4
8573	0.16151	15176.1	3794.03
8574	0.25394	23861.4	7953.81
8575	0.16325	15340.2	7670.09
8576	0.15200	14282.9	4760.98
8577	0.18656	17530.4	5843.47
8578	0.21897	20576	10288
8579	0.38275	35965	17982.5
8580	0.18773	17640.2	5880.06
8581	0.12702	11935.5	3978.5
8582	0.04690	4406.93	4406.93
8583	0.27292	25645.2	6411.31
8584	0.21336	20048.7	6682.89
8585	0.11831	11117.2	5558.58
8586	0.18371	17262.7	8631.34
8587	0.21498	20200.4	20200.4
8588	0.23705	22274.6	7424.86
8589	0.21571	20269	6756.33
8590	0.21633	20327.3	10163.7
8591	0.11955	11233.9	3744.63
8592	0.29894	28090.3	9363.45
8593	0.34780	32681.7	6536.33
8594	0.34320	32249.2	8062.29
8595	0.14817	13923.3	13923.3
8596	0.36221	34035.4	6807.08
8597	0.33551	31526.3	7881.56
8598	0.28372	26659.7	5331.94
8599	0.13764	12933.4	6466.68
8600	0.20294	19069	6356.33
