#IID	F_ROH	ROH_length_kB	KBAVG
2551	0.03140	2948.5	2948.5
2552	0.34709	32590.1	6518.03
2553	0.15250	14318.5	4772.82
2554	0.23101	21690.5	5422.62
2555	0.00000	0	0
2556	0.08193	7692.89	3846.45
2557	0.07523	7063.52	3531.76
2558	0.34346	32249.3	8062.33
2559	0.27808	26109.8	5221.97
2560	0.10995	10323.4	3441.14
2561	0.12572	11804.5	5902.23
2562	0.08682	8151.61	4075.81
2563	0.48950	45961.1	15320.4
2564	0.28920	27154.1	6788.52
2565	0.21323	20020.9	5005.22
2566	0.28917	27151.7	6787.93
2567	0.58077	54531.1	10906.2
2568	0.23474	22040.6	7346.88
2569	0.35786	33601.6	8400.39
2570	0.28049	26336.9	5267.38
2571	0.36680	34440.3	11480.1
2572	0.13163	12359.2	4119.73
2573	0.29433	27635.9	5527.17
2574	0.54185	50876.4	10175.3
2575	0.21892	20555.7	5138.93
2576	0.70968	66635.3	13327.1
2577	0.42184	39608.8	7921.75
2578	0.18033	16932.1	5644.02
2579	0.37029	34768.2	6953.64
2580	0.20970	19689.6	9844.8
2581	0.47078	44203.6	7367.27
2582	0.56465	53017.3	13254.3
2583	0.23918	22457.9	7485.98
2584	0.56789	53322	13330.5
2585	0.12235	11488.4	5744.19
2586	0.32030	30074.3	7518.57
2587	0.32544	30557.1	6111.42
2588	0.15998	15021.2	7510.62
2589	0.25739	24167.8	8055.94
2590	0.08860	8319.09	4159.54
2591	0.17915	16821.2	4205.29
2592	0.39262	36864.8	7372.95
2593	0.29907	28081.4	7020.36
2594	0.51583	48434.1	24217
2595	0.37340	35060.2	8765.05
2596	0.24890	23370.7	7790.23
2597	0.28638	26889.9	6722.48
2598	0.13045	12248.1	4082.71
2599	0.13846	13001.1	6500.57
2600	0.28524	26782.1	8927.37
