#IID	F_ROH	ROH_length_kB	KBAVG
32551	0.15249	14091.6	7045.82
32552	0.31738	29329.1	7332.28
32553	0.49673	45902.1	11475.5
32554	0.13989	12926.6	6463.28
32555	0.28273	26126.8	4354.46
32556	0.28534	26368	8789.34
32557	0.00000	0	0
32558	0.46965	43399.8	21699.9
32559	0.00000	0	0
32560	0.19892	18381.9	6127.31
32561	0.76431	70629.1	17657.3
32562	0.19217	17758	8879.01
32563	0.13379	12363.6	6181.8
32564	0.30527	28209.4	9403.13
32565	0.04174	3857.38	3857.38
32566	0.06884	6360.96	3180.48
32567	0.23760	21956.4	4391.27
32568	0.07936	7333.82	7333.82
32569	0.12227	11299	5649.48
32570	0.22163	20480.2	5120.05
32571	0.21685	20039	6679.65
32572	0.10312	9529.47	4764.73
32573	0.19174	17718.3	8859.13
32574	0.20199	18665.7	6221.91
32575	0.57805	53416.8	26708.4
32576	0.21685	20039	6679.65
32577	0.29485	27246.7	9082.25
32578	0.36244	33492.4	8373.09
32579	0.35754	33040	6608
32580	0.15034	13892.7	4630.92
32581	0.31370	28988.6	7247.14
32582	0.18333	16941.3	5647.08
32583	0.28821	26632.9	5326.58
32584	0.05550	5128.73	2564.37
32585	0.10874	10048.3	3349.44
32586	0.59659	55130.3	13782.6
32587	0.19072	17624.4	4406.1
32588	0.13152	12153.7	4051.23
32589	0.16228	14996.3	4998.78
32590	0.16749	15477.8	3869.46
32591	0.49127	45398	11349.5
32592	0.10730	9915.74	3305.25
32593	0.26668	24643.3	6160.83
32594	0.18174	16793.9	8396.95
32595	0.34985	32329.3	6465.87
32596	0.39780	36760.2	9190.06
32597	0.14013	12948.9	4316.31
32598	0.23205	21443.1	5360.78
32599	0.09303	8596.8	4298.4
32600	0.55874	51632.7	12908.2
