#IID	F_ROH	ROH_length_kB	KBAVG
2551	0.18501	17288	8644.01
2552	0.28696	26815.3	6703.81
2553	0.41092	38398.3	7679.66
2554	0.23654	22103.4	7367.8
2555	0.22171	20718	6906
2556	0.16457	15378.1	5126.03
2557	0.33390	31201.1	7800.27
2558	0.27581	25773.2	8591.06
2559	0.14184	13254.4	4418.14
2560	0.25668	23985.7	4797.15
2561	0.14728	13762.9	13762.9
2562	0.16885	15778.6	7889.31
2563	0.31186	29141.3	5828.26
2564	0.20950	19576.3	6525.43
2565	0.17791	16624.4	5541.46
2566	0.34752	32473.7	6494.74
2567	0.72808	68035	17008.8
2568	0.18303	17103.1	5701.04
2569	0.16919	15809.9	15809.9
2570	0.15700	14670.9	7335.44
2571	0.31699	29621.1	5924.23
2572	0.17032	15916	5305.32
2573	0.23751	22194	7398.01
2574	0.33991	31762.6	7940.64
2575	0.36777	34366.1	8591.52
2576	0.18990	17744.9	5914.97
2577	0.24496	22890.4	5722.6
2578	0.25281	23623.6	5905.89
2579	0.26132	24418.6	6104.65
2580	0.18986	17741.5	8870.76
2581	0.12591	11765.7	5882.87
2582	0.23837	22274.5	7424.84
2583	0.11025	10302.6	5151.31
2584	0.27952	26120.2	6530.04
2585	0.36496	34103.8	11367.9
2586	0.48276	45111.7	11277.9
2587	0.12837	11995.3	5997.65
2588	0.48250	45087	22543.5
2589	0.33142	30969.8	10323.3
2590	0.17686	16526.9	5508.98
2591	0.20079	18762.8	6254.26
2592	0.22524	21047.6	10523.8
2593	0.28071	26230.8	6557.69
2594	0.28556	26684.5	6671.12
2595	0.33565	31364.5	6272.9
2596	0.23937	22368.1	5592.03
2597	0.33404	31214.6	7803.65
2598	0.17076	15957	5319.01
2599	0.49639	46384.7	11596.2
2600	0.22319	20855.8	6951.92
