#IID	F_ROH	ROH_length_kB	KBAVG
2551	0.68751	63551.4	12710.3
2552	0.27648	25556.5	12778.2
2553	0.25911	23951	7983.67
2554	0.57016	52704	10540.8
2555	0.45284	41858.7	20929.4
2556	0.33434	30905	15452.5
2557	0.71653	66234	16558.5
2558	0.47005	43450	10862.5
2559	0.41838	38673.7	12891.2
2560	0.69336	64091.5	16022.9
2561	0.50658	46826.6	15608.9
2562	0.52589	48611.5	16203.8
2563	0.54887	50735.6	25367.8
2564	0.40359	37306.6	12435.5
2565	0.63496	58693.7	11738.7
2566	0.43857	40539.7	8107.95
2567	0.49319	45588.9	11397.2
2568	0.14852	13728.5	13728.5
2569	0.23137	21386.6	10693.3
2570	0.37922	35053.4	17526.7
2571	0.64702	59808.6	19936.2
2572	0.53700	49638.7	16546.2
2573	0.64277	59415.3	29707.6
2574	0.53470	49425.9	24713
2575	0.57748	53380.6	17793.5
2576	0.38161	35274.3	8818.57
2577	0.23828	22025.9	5506.47
2578	0.59974	55438.1	13859.5
2579	0.44451	41088.8	13696.3
2580	0.50453	46637.3	15545.8
2581	0.42770	39535.2	9883.8
2582	0.32377	29928.3	14964.1
2583	0.50784	46943.1	11735.8
2584	0.53743	49677.8	16559.3
2585	0.43373	40092.9	10023.2
2586	0.32506	30047	7511.76
2587	0.55309	51125.5	12781.4
2588	0.36581	33813.9	6762.77
2589	0.32109	29680.2	14840.1
2590	0.55777	51558.8	10311.8
2591	0.53190	49167.2	12291.8
2592	0.44653	41276	10319
2593	0.37289	34468.5	11489.5
2594	0.49660	45904.1	11476
2595	0.50803	46960.9	9392.17
2596	0.33595	31054.3	10351.4
2597	0.51353	47469.2	7911.53
2598	0.39668	36668	9167.01
2599	0.39945	36923.4	6153.9
2600	0.39170	36207.4	12069.1
