#IID	F_ROH	ROH_length_kB	KBAVG
2551	0.28619	26892.2	6723.05
2552	0.30026	28214.1	7053.54
2553	0.17191	16154.2	4038.56
2554	0.00000	0	0
2555	0.02521	2369	2369
2556	0.27430	25775.2	5155.05
2557	0.76433	71821.8	23940.6
2558	0.09173	8619.3	4309.65
2559	0.51815	48689.3	12172.3
2560	0.24832	23334.1	5833.52
2561	0.25393	23860.6	7953.54
2562	0.19954	18750.6	3750.13
2563	0.32576	30610.6	7652.64
2564	0.15452	14519.9	4839.96
2565	0.19364	18196	4548.99
2566	0.43684	41048.4	8209.69
2567	0.22955	21570.4	10785.2
2568	0.04363	4099.61	4099.61
2569	0.54848	51538.7	12884.7
2570	0.19527	18349.1	4587.27
2571	0.20336	19109.6	6369.86
2572	0.00000	0	0
2573	0.29733	27939.3	5587.87
2574	0.13161	12366.7	6183.34
2575	0.74901	70382.1	23460.7
2576	0.29221	27457.7	3922.53
2577	0.24216	22755.3	11377.7
2578	0.21081	19809.1	9904.56
2579	0.31584	29678.1	5935.63
2580	0.13415	12605.9	3151.48
2581	0.46549	43741.1	8748.21
2582	0.20846	19588.1	4897.02
2583	0.07033	6608.29	6608.29
2584	0.09916	9317.34	9317.34
2585	0.25991	24422.8	8140.92
2586	0.18391	17281.3	4320.34
2587	0.06129	5758.94	2879.47
2588	0.29842	28041.4	5608.28
2589	0.12209	11472.1	5736.03
2590	0.15147	14233.5	4744.5
2591	0.33312	31302.2	7825.55
2592	0.21518	20219.9	5054.98
2593	0.20517	19279.2	6426.42
2594	0.05066	4760.44	4760.44
2595	0.20883	19622.8	4905.7
2596	0.33468	31448.6	10482.9
2597	0.18328	17222.1	5740.71
2598	0.42694	40118.6	8023.71
2599	0.31870	29947.6	9982.52
2600	0.12784	12013.1	6006.53
