#IID	F_ROH	ROH_length_kB	KBAVG
2551	0.26662	25042.1	6260.53
2552	0.44316	41623.2	13874.4
2553	0.32068	30118.7	7529.68
2554	0.26207	24614.2	6153.56
2555	0.54190	50896.7	25448.3
2556	0.23828	22379.6	7459.87
2557	0.15255	14327.8	7163.91
2558	0.25459	23911.4	5977.85
2559	0.07819	7344.11	7344.11
2560	0.60692	57003.2	11400.6
2561	0.23384	21962.7	5490.68
2562	0.17343	16288.9	5429.62
2563	0.25113	23586.6	4717.32
2564	0.13214	12410.7	6205.35
2565	0.39050	36676.4	12225.5
2566	0.08707	8177.74	4088.87
2567	0.13532	12709.6	6354.78
2568	0.11363	10672.7	5336.35
2569	0.17455	16394.5	8197.23
2570	0.00000	0	0
2571	0.27338	25676.5	8558.82
2572	0.20391	19151.9	6383.95
2573	0.44064	41386.3	5912.32
2574	0.18555	17426.9	4356.73
2575	0.16014	15040.4	7520.2
2576	0.63517	59656.7	19885.6
2577	0.11402	10709.3	5354.66
2578	0.48963	45987.5	15329.2
2579	0.08696	8167.86	8167.86
2580	0.19086	17926.3	8963.14
2581	0.31271	29370.4	7342.61
2582	0.49332	46334.3	9266.86
2583	0.16496	15493.1	5164.35
2584	0.18571	17442.5	4360.62
2585	0.37375	35103.8	11701.3
2586	0.25513	23962.2	7987.4
2587	0.34341	32253.5	8063.39
2588	0.22126	20781.2	5195.3
2589	0.38101	35785.8	7157.15
2590	0.14911	14005.2	7002.62
2591	0.16496	15493.6	5164.55
2592	0.50093	47048.6	15682.9
2593	0.27660	25979.2	6494.8
2594	0.20496	19250.3	9625.15
2595	0.07819	7344.11	7344.11
2596	0.11261	10576.5	5288.23
2597	0.12576	11812.1	5906.07
2598	0.13586	12760.3	12760.3
2599	0.43385	40748.5	6791.42
2600	0.55056	51709.9	12927.5
