#IID	F_ROH	ROH_length_kB	KBAVG
2551	0.39926	37492.3	7498.46
2552	0.12275	11526.9	5763.47
2553	0.22146	20796.2	5199.05
2554	0.04889	4591.2	4591.2
2555	0.08021	7531.81	7531.81
2556	0.22021	20678.6	6892.86
2557	0.05846	5489.34	5489.34
2558	0.17704	16625.2	5541.73
2559	0.11721	11006.3	5503.17
2560	0.17857	16768.3	8384.15
2561	0.04976	4672.75	4672.75
2562	0.29609	27803.9	5560.78
2563	0.26203	24605.6	4921.12
2564	0.27855	26157.5	26157.5
2565	0.21949	20611.5	6870.49
2566	0.03497	3283.53	3283.53
2567	0.13494	12671.4	6335.71
2568	0.28660	26913.6	8971.2
2569	0.20932	19656.6	9828.31
2570	0.28864	27105.1	9035.03
2571	0.10715	10061.8	5030.88
2572	0.11586	10880	5439.99
2573	0.38048	35728.9	17864.4
2574	0.20525	19273.7	4818.42
2575	0.13287	12477	4158.99
2576	0.29539	27738.8	9246.26
2577	0.05170	4854.78	4854.78
2578	0.23757	22309.1	5577.27
2579	0.25530	23974.3	11987.2
2580	0.17068	16027.8	8013.89
2581	0.05314	4989.75	4989.75
2582	0.04128	3876.82	3876.82
2583	0.10050	9437.16	4718.58
2584	0.11128	10449.7	5224.87
2585	0.27045	25396.9	6349.23
2586	0.12870	12086	12086
2587	0.00000	0	0
2588	0.09157	8598.91	4299.45
2589	0.12571	11805	5902.49
2590	0.23277	21858.5	5464.62
2591	0.03313	3111.31	3111.31
2592	0.20694	19432.6	4858.15
2593	0.05800	5446.57	5446.57
2594	0.07329	6882.03	6882.03
2595	0.19708	18507.1	18507.1
2596	0.09871	9269.41	4634.7
2597	0.09313	8744.99	4372.5
2598	0.53405	50150.4	50150.4
2599	0.15048	14130.4	14130.4
2600	0.31354	29443	7360.75
