#IID	F_ROH	ROH_length_kB	KBAVG
6551	0.07324	6868.66	6868.66
6552	0.19148	17958.7	4489.67
6553	0.26312	24677.9	4935.59
6554	0.03099	2906.55	2906.55
6555	0.15311	14360.3	4786.78
6556	0.39172	36739	9184.75
6557	0.06735	6316.94	6316.94
6558	0.10465	9815.31	4907.66
6559	0.08007	7510.06	3755.03
6560	0.22836	21417.6	7139.21
6561	0.15375	14419.7	4806.55
6562	0.24080	22584.3	7528.09
6563	0.24764	23226.2	5806.55
6564	0.09373	8790.84	8790.84
6565	0.15261	14313	4770.98
6566	0.23682	22210.9	22210.9
6567	0.07455	6991.77	6991.77
6568	0.29670	27827.5	9275.83
6569	0.05019	4707.38	4707.38
6570	0.30147	28274.7	28274.7
6571	0.59303	55619.8	18539.9
6572	0.22351	20962.3	5240.57
6573	0.28086	26341.9	26341.9
6574	0.27424	25720.6	12860.3
6575	0.20840	19545.5	6515.16
6576	0.35569	33359.4	11119.8
6577	0.16719	15680.9	5226.98
6578	0.18762	17597.1	5865.71
6579	0.18469	17321.4	4330.36
6580	0.00000	0	0
6581	0.13233	12411	6205.52
6582	0.17038	15979.4	7989.72
6583	0.40047	37559.2	18779.6
6584	0.34825	32662.2	16331.1
6585	0.19932	18694	9347.02
6586	0.06306	5914.29	5914.29
6587	0.22571	21169.5	7056.5
6588	0.07799	7314.48	7314.48
6589	0.67326	63144	12628.8
6590	0.24520	22997.3	7665.78
6591	0.11153	10460.4	5230.18
6592	0.60960	57174.1	28587.1
6593	0.00000	0	0
6594	0.21403	20073.6	6691.2
6595	0.00000	0	0
6596	0.24532	23007.9	7669.3
6597	0.30006	28142	14071
6598	0.11675	10949.6	10949.6
6599	0.14162	13282.8	4427.6
6600	0.19614	18395.6	6131.86
