#IID	F_ROH	ROH_length_kB	KBAVG
4551	0.43448	40809.1	6801.51
4552	0.15450	14511.6	7255.81
4553	0.21166	19880.4	6626.79
4554	0.33976	31912.7	6382.54
4555	0.29852	28039.4	7009.85
4556	0.30538	28683.5	5736.7
4557	0.30970	29089	7272.24
4558	0.11116	10440.8	5220.39
4559	0.38049	35738.7	7147.73
4560	0.18542	17415.8	5805.25
4561	0.24669	23170.7	4634.14
4562	0.38994	36626	6104.34
4563	0.19107	17947.1	8973.57
4564	0.15370	14436.2	7218.08
4565	0.23909	22457	5614.26
4566	0.74956	70403.9	35202
4567	0.82679	77657.6	25885.9
4568	0.33464	31431.9	10477.3
4569	0.28886	27131.8	6782.96
4570	0.29185	27412.4	9137.47
4571	0.35949	33765.8	5627.63
4572	0.21035	19758	6586
4573	0.14768	13871.5	6935.74
4574	0.21032	19754.8	4938.69
4575	0.61933	58171.7	14542.9
4576	0.32045	30099.3	10033.1
4577	0.28901	27145.4	4524.24
4578	0.33838	31783	5297.17
4579	0.86228	80991.1	26997
4580	0.20244	19014.5	4753.63
4581	0.13240	12435.6	4145.19
4582	0.12857	12076	6037.99
4583	0.13171	12370.7	6185.36
4584	0.41366	38853.6	12951.2
4585	0.43168	40546.2	10136.5
4586	0.13277	12470.4	6235.19
4587	0.23604	22170.8	7390.25
4588	0.53883	50610.9	16870.3
4589	0.36929	34686.4	6937.29
4590	0.58759	55190.3	9198.38
4591	0.10704	10053.8	5026.89
4592	0.34061	31992.9	6398.58
4593	0.33573	31533.8	7883.44
4594	0.40063	37630.2	7526.05
4595	0.46539	43712.7	8742.53
4596	0.14067	13212.6	4404.19
4597	0.54269	50973.5	16991.2
4598	0.18124	17023	5674.32
4599	0.51042	47941.8	9588.37
4600	0.41717	39183.4	9795.86
