#IID	F_ROH	ROH_length_kB	KBAVG
2551	0.36357	33601.9	5600.32
2552	0.51180	47301.9	7883.64
2553	0.16714	15447.6	3861.9
2554	0.33233	30714.5	10238.2
2555	0.27508	25423.1	6355.77
2556	0.27798	25691.1	6422.78
2557	0.07027	6494.8	3247.4
2558	0.39137	36171.3	7234.27
2559	0.15782	14586.4	3646.6
2560	0.56877	52566.6	8761.1
2561	0.33585	31039.6	10346.5
2562	0.17935	16576.1	8288.07
2563	0.16294	15059.1	5019.68
2564	0.33545	31002.9	7750.71
2565	0.41838	38667.8	9666.95
2566	0.34929	32282.5	6456.5
2567	0.32787	30302.6	7575.65
2568	0.39071	36110.6	9027.66
2569	0.43061	39797.5	9949.38
2570	0.29574	27333.2	9111.05
2571	0.38104	35216.1	17608.1
2572	0.15148	14000.3	7000.17
2573	0.19973	18459.3	6153.09
2574	0.29980	27708	5541.6
2575	0.36258	33510.4	11170.1
2576	0.13276	12269.9	6134.94
2577	0.20476	18924.1	9462.06
2578	0.03363	3108.32	3108.32
2579	0.24847	22963.8	7654.6
2580	0.41147	38028.7	12676.2
2581	0.12784	11815.5	3938.51
2582	0.43613	40308.2	10077
2583	0.00000	0	0
2584	0.32967	30468.6	10156.2
2585	0.37396	34562.6	8640.64
2586	0.40349	37291.5	6215.25
2587	0.36980	34177.8	8544.44
2588	0.07682	7099.95	3549.98
2589	0.79696	73656.5	18414.1
2590	0.12599	11644.6	5822.3
2591	0.23851	22043.5	7347.85
2592	0.20874	19292.3	9646.17
2593	0.14121	13050.9	3262.72
2594	0.11474	10604.5	5302.23
2595	0.12413	11472.4	5736.2
2596	0.09945	9190.98	3063.66
2597	0.08768	8103.4	8103.4
2598	0.20579	19019.4	9509.68
2599	0.17249	15941.7	5313.89
2600	0.30489	28178.4	5635.68
