#IID	F_ROH	ROH_length_kB	KBAVG
4551	0.41511	38977.8	6496.3
4552	0.03642	3419.37	3419.37
4553	0.49783	46744.7	9348.94
4554	0.21526	20212.8	6737.59
4555	0.30754	28877.5	14438.8
4556	0.11610	10901.6	10901.6
4557	0.26871	25231.6	12615.8
4558	0.35671	33493.9	11164.6
4559	0.50236	47170.6	11792.6
4560	0.11830	11107.9	5553.96
4561	0.21764	20436.1	6812.02
4562	0.33351	31315.9	10438.6
4563	0.32023	30068.9	7517.24
4564	0.32942	30931.2	6186.24
4565	0.18299	17182.1	5727.38
4566	0.26232	24630.8	6157.71
4567	0.48583	45617.9	22809
4568	0.14902	13992.5	6996.25
4569	0.37003	34744.7	8686.18
4570	0.38269	35933.9	8983.47
4571	0.23804	22351.3	7450.42
4572	0.37668	35369.7	11789.9
4573	0.23240	21822.2	5455.55
4574	0.28597	26851.7	6712.93
4575	0.16710	15690.3	5230.11
4576	0.36574	34341.8	8585.44
4577	0.11301	10611.5	5305.74
4578	0.27446	25770.8	6442.7
4579	0.27005	25357.4	6339.34
4580	0.21787	20457.1	5114.27
4581	0.26932	25288.1	6322.03
4582	0.23893	22435	5608.75
4583	0.27367	25697.1	8565.7
4584	0.31120	29221.2	7305.3
4585	0.26356	24747.4	6186.86
4586	0.17454	16388.6	8194.32
4587	0.19404	18220.3	6073.42
4588	0.19980	18760.3	4690.07
4589	0.44452	41739	10434.7
4590	0.23571	22132.5	7377.5
4591	0.35483	33317.9	6663.58
4592	0.13211	12404.9	6202.47
4593	0.24716	23208.1	5802.02
4594	0.36039	33839.4	11279.8
4595	0.25683	24116.1	6029.01
4596	0.22657	21274.3	5318.58
4597	0.25870	24291.2	6072.8
4598	0.53625	50352.7	25176.3
4599	0.29054	27281.3	5456.26
4600	0.29746	27930.3	9310.09
