#IID	F_ROH	ROH_length_kB	KBAVG
2551	0.46568	43755.4	14585.1
2552	0.33714	31678	10559.3
2553	0.22953	21567.3	7189.1
2554	0.17122	16088	5362.67
2555	0.26987	25357.5	6339.38
2556	0.13898	13058.4	6529.19
2557	0.11082	10413.2	5206.59
2558	0.42302	39747.3	9936.81
2559	0.31000	29127.6	7281.9
2560	0.30945	29075.9	7268.97
2561	0.19426	18253.1	9126.54
2562	0.18741	17609.3	8804.66
2563	0.14999	14092.8	7046.39
2564	0.19378	18208.1	9104.07
2565	0.53696	50453	12613.3
2566	0.31540	29634.9	9878.31
2567	0.33729	31692.4	10564.1
2568	0.02901	2726.1	2726.1
2569	0.12551	11793	5896.5
2570	0.10954	10292.7	5146.37
2571	0.47910	45016.3	11254.1
2572	0.47861	44970.5	8994.1
2573	0.08625	8103.79	8103.79
2574	0.08509	7994.78	7994.78
2575	0.14750	13859.2	6929.62
2576	0.42506	39939.5	13313.2
2577	0.02564	2409.26	2409.26
2578	0.19369	18199.1	9099.54
2579	0.72968	68561.8	17140.5
2580	0.40231	37801.5	12600.5
2581	0.36851	34626	11542
2582	0.41479	38973.8	7794.77
2583	0.62758	58967.8	14742
2584	0.37094	34853.9	11618
2585	0.23226	21823.5	7274.5
2586	0.18310	17204.5	4301.13
2587	0.38940	36588.6	9147.14
2588	0.37895	35606.5	17803.2
2589	0.25874	24311.3	8103.76
2590	0.00000	0	0
2591	0.15921	14959.5	7479.76
2592	0.31182	29298.6	9766.19
2593	0.30271	28442.5	9480.84
2594	0.32755	30777	6155.4
2595	0.11438	10747.6	5373.78
2596	0.38110	35808.6	11936.2
2597	0.00000	0	0
2598	0.27819	26139.1	8713.03
2599	0.26111	24533.9	8177.96
2600	0.06280	5900.54	5900.54
