#IID	F_ROH	ROH_length_kB	KBAVG
6551	0.09948	9190.99	4595.49
6552	0.14713	13593.9	6796.96
6553	0.19220	17758.4	8879.18
6554	0.14868	13737.1	6868.54
6555	0.27240	25168.3	8389.45
6556	0.29135	26919.1	5383.82
6557	0.34138	31541.6	7885.41
6558	0.41403	38253.4	7650.68
6559	0.10888	10060	5029.99
6560	0.33964	31380.7	7845.19
6561	0.34152	31554.6	7888.64
6562	0.36867	34062.6	8515.64
6563	0.06432	5943.19	5943.19
6564	0.35376	32685.4	8171.35
6565	0.57026	52688.4	17562.8
6566	0.12210	11281.7	11281.7
6567	0.25196	23279.3	5819.82
6568	0.25181	23265.7	5816.43
6569	0.17689	16343.2	16343.2
6570	0.23096	21339.6	10669.8
6571	0.12162	11237.2	5618.59
6572	0.25403	23470.9	7823.64
6573	0.16355	15110.8	5036.92
6574	0.24778	22893.2	7631.08
6575	0.18488	17081.6	5693.87
6576	0.46919	43349.9	10837.5
6577	0.29268	27041.9	9013.96
6578	0.24207	22365.4	11182.7
6579	0.32775	30281.7	6056.33
6580	0.26761	24725.8	8241.92
6581	0.21113	19506.8	4876.7
6582	0.33351	30813.9	7703.49
6583	0.24040	22211.3	5552.83
6584	0.58911	54430.5	10886.1
6585	0.07207	6659.22	3329.61
6586	0.33935	31353.8	6270.76
6587	0.04263	3938.35	3938.35
6588	0.20477	18919.5	9459.75
6589	0.22285	20590.3	5147.57
6590	0.26616	24591.3	6147.83
6591	0.12969	11982.8	5991.38
6592	0.23230	21462.9	7154.29
6593	0.46873	43308	43308
6594	0.63577	58740.9	58740.9
6595	0.38682	35739.5	8934.88
6596	0.38115	35216	7043.21
6597	0.09109	8416.01	8416.01
6598	0.09299	8592.01	4296.01
6599	0.12779	11806.7	5903.33
6600	0.15522	14341.1	7170.57
