#IID	F_ROH	ROH_length_kB	KBAVG
4551	0.41088	38578.6	12859.5
4552	0.30148	28307	9435.67
4553	0.20074	18848.5	4712.12
4554	0.27835	26135	5227
4555	0.26745	25111.7	6277.93
4556	0.29455	27656.6	5531.32
4557	0.24357	22869.5	4573.91
4558	0.21191	19896.4	6632.13
4559	0.16659	15641.8	5213.95
4560	0.29129	27350	6837.5
4561	0.15982	15005.8	5001.92
4562	0.36972	34714	5785.67
4563	0.10634	9984.97	4992.48
4564	0.36105	33899.7	8474.93
4565	0.54868	51516.9	17172.3
4566	0.67200	63095.7	15773.9
4567	0.51970	48795.9	8132.66
4568	0.36522	34291.8	8572.95
4569	0.02414	2266.96	2266.96
4570	0.17801	16713.7	16713.7
4571	0.32799	30796.1	6159.22
4572	0.17214	16163.2	4040.8
4573	0.11069	10393.3	5196.64
4574	0.48608	45639.1	9127.82
4575	0.20983	19701.2	4925.29
4576	0.22252	20892.9	5223.21
4577	0.35806	33619.3	6723.85
4578	0.49446	46426.6	23213.3
4579	0.14839	13932.7	4644.22
4580	0.41430	38899.8	12966.6
4581	0.19855	18642.2	4660.56
4582	0.14964	14050.5	4683.49
4583	0.94190	88437.7	44218.9
4584	0.47884	44959.8	8991.96
4585	0.55879	52466.1	13116.5
4586	0.10289	9661	4830.5
4587	0.23952	22489.2	4497.83
4588	0.12803	12021.3	4007.1
4589	0.18936	17779.6	4444.89
4590	0.14426	13544.6	4514.85
4591	0.15229	14299	4766.33
4592	0.19772	18564.8	6188.28
4593	0.23739	22289.3	5572.32
4594	0.17294	16237.9	8118.95
4595	0.26008	24420	6105
4596	0.14585	13694.3	4564.76
4597	0.08799	8262.04	4131.02
4598	0.67726	63589.9	31795
4599	0.21430	20121.3	6707.1
4600	0.22027	20681.6	10340.8
