#IID	F_ROH	ROH_length_kB	KBAVG
6551	0.12276	11524.2	11524.2
6552	0.30778	28894.4	5778.87
6553	0.18885	17729.3	5909.76
6554	0.23885	22422.7	7474.25
6555	0.23533	22092.7	7364.23
6556	0.32580	30585.6	10195.2
6557	0.00000	0	0
6558	0.07093	6658.57	6658.57
6559	0.18881	17725.4	5908.46
6560	0.30529	28660.9	9553.64
6561	0.12973	12179.3	6089.66
6562	0.16004	15024.4	5008.15
6563	0.19394	18206.7	6068.89
6564	0.00000	0	0
6565	0.18511	17378.4	8689.2
6566	0.15773	14807.6	7403.81
6567	0.25618	24050.2	6012.56
6568	0.43400	40744.1	13581.4
6569	0.19325	18142.3	4535.56
6570	0.18443	17314.3	4328.57
6571	0.16340	15339.8	5113.28
6572	0.19209	18033.7	6011.24
6573	0.17960	16861.1	8430.56
6574	0.46871	44002.2	8800.45
6575	0.20058	18830.1	4707.52
6576	0.48526	45556.3	22778.1
6577	0.20834	19559.1	4889.78
6578	0.11540	10833.6	5416.81
6579	0.32087	30123.1	7530.78
6580	0.19402	18214.2	4553.55
6581	0.10828	10165.1	5082.53
6582	0.49849	46798.4	15599.5
6583	0.24392	22899	4579.8
6584	0.19358	18172.9	6057.63
6585	0.14669	13771.2	4590.39
6586	0.24515	23015	7671.65
6587	0.16781	15753.9	5251.31
6588	0.08975	8425.6	8425.6
6589	0.23372	21941.7	7313.91
6590	0.42836	40214.5	10053.6
6591	0.31499	29571.3	7392.83
6592	0.19071	17904	8952.02
6593	0.24188	22707.1	11353.5
6594	0.14031	13172.1	13172.1
6595	0.50585	47489.1	7914.84
6596	0.05646	5300.49	5300.49
6597	0.05892	5531.58	5531.58
6598	0.24711	23198.7	11599.4
6599	0.08152	7653.03	3826.52
6600	0.26920	25272.3	5054.46
