#IID	F_ROH	ROH_length_kB	KBAVG
4551	0.04789	4426.54	4426.54
4552	0.36802	34019.5	5669.92
4553	0.22884	21153.7	5288.42
4554	0.32973	30480.3	7620.08
4555	0.28770	26595.3	4432.55
4556	0.41527	38387.9	7677.59
4557	0.02957	2733.7	2733.7
4558	0.40034	37007.8	7401.56
4559	0.12005	11097.4	5548.68
4560	0.11604	10726.7	5363.35
4561	0.15868	14668	3667.01
4562	0.23314	21551.5	5387.88
4563	0.67046	61977.7	12395.5
4564	0.37801	34943	8735.74
4565	0.61526	56875	18958.3
4566	0.10731	9919.75	4959.87
4567	0.16650	15391.1	3847.77
4568	0.38263	35370.7	11790.2
4569	0.36510	33750.2	11250.1
4570	0.08104	7490.92	3745.46
4571	0.18223	16845.1	4211.26
4572	0.25630	23692.4	5923.11
4573	0.02957	2733.7	2733.7
4574	0.22559	20853.6	10426.8
4575	0.20465	18918.1	6306.03
4576	0.71412	66013.2	22004.4
4577	0.05751	5316.66	2658.33
4578	0.08725	8065.61	4032.81
4579	0.24595	22735.2	7578.4
4580	0.65103	60181.3	15045.3
4581	0.28880	26696.7	5339.34
4582	0.81676	75501.5	18875.4
4583	0.27688	25594.3	6398.58
4584	0.27947	25833.9	6458.48
4585	0.16624	15367.1	5122.36
4586	0.12497	11551.8	3850.59
4587	0.33232	30719.8	6143.96
4588	0.17510	16186.6	4046.64
4589	0.47270	43696.8	8739.36
4590	0.34668	32046.9	5341.15
4591	0.43077	39820.5	9955.12
4592	0.35657	32961.5	6592.29
4593	0.35838	33128.5	5521.42
4594	0.35364	32690.2	16345.1
4595	0.37384	34557.3	11519.1
4596	0.26340	24348.6	8116.2
4597	0.64945	60035.5	10005.9
4598	0.34792	32161.3	10720.4
4599	0.67039	61970.8	20656.9
4600	0.04396	4063.54	4063.54
