#IID	F_ROH	ROH_length_kB	KBAVG
2551	0.28174	26205.4	6551.36
2552	0.35093	32641.1	10880.4
2553	0.20941	19477.6	4869.39
2554	0.38844	36130	7226
2555	0.25747	23947.8	11973.9
2556	0.12808	11912.8	5956.4
2557	0.08133	7564.72	3782.36
2558	0.40903	38045.3	9511.33
2559	0.33505	31163.9	15581.9
2560	0.32169	29921.8	7480.45
2561	0.25159	23400.9	4680.17
2562	0.13415	12478	6239.02
2563	0.16145	15017	5005.68
2564	0.29187	27148	6786.99
2565	0.40386	37564.5	12521.5
2566	0.19074	17741.5	4435.38
2567	0.32035	29796.7	5959.35
2568	0.24402	22697.5	5674.38
2569	0.39689	36916.5	7383.31
2570	0.18933	17609.9	5869.95
2571	0.33695	31341	5223.5
2572	0.24137	22450.6	7483.54
2573	0.19622	18250.9	6083.63
2574	0.27405	25490.1	6372.52
2575	0.11559	10751.6	5375.81
2576	0.28461	26472.6	6618.14
2577	0.29413	27358.2	6839.54
2578	0.14914	13871.6	6935.8
2579	0.19158	17819.6	4454.91
2580	0.07606	7074.21	7074.21
2581	0.15673	14577.9	4859.29
2582	0.24498	22786.3	5696.58
2583	0.19787	18405	6135.01
2584	0.32493	30222.4	6044.49
2585	0.07346	6833.07	6833.07
2586	0.14115	13128.4	6564.19
2587	0.09022	8391.67	8391.67
2588	0.44880	41744.7	8348.95
2589	0.12455	11584.7	5792.35
2590	0.33783	31422.9	10474.3
2591	0.15642	14549.2	7274.62
2592	0.17843	16595.9	16595.9
2593	0.21549	20043.9	10021.9
2594	0.16155	15026.5	5008.84
2595	0.25110	23356	7785.33
2596	0.20014	18615.3	6205.1
2597	0.15558	14470.9	4823.63
2598	0.20665	19221.4	9610.72
2599	0.40204	37394.7	7478.95
2600	0.45629	42440.9	8488.17
