#IID	F_ROH	ROH_length_kB	KBAVG
2551	0.52090	48957.1	9791.42
2552	0.49536	46556.6	15518.9
2553	0.36497	34302.1	5717.02
2554	0.49510	46531.6	7755.27
2555	0.43059	40469.2	10117.3
2556	0.53683	50454	7207.72
2557	0.29015	27269.6	13634.8
2558	0.31345	29459.2	5891.84
2559	0.24304	22842.5	11421.3
2560	0.37629	35365.2	7073.04
2561	0.27655	25991.5	6497.88
2562	0.39505	37128.8	7425.77
2563	0.67909	63823.8	21274.6
2564	0.27049	25422.1	8474.05
2565	0.32228	30289.5	7572.36
2566	0.61766	58050.6	19350.2
2567	0.57170	53730.8	8955.13
2568	0.47036	44206.6	11051.7
2569	0.40184	37767.3	7553.45
2570	0.44476	41800.9	6966.82
2571	0.70842	66580.6	11096.8
2572	0.46655	43848.3	8769.65
2573	0.48944	46000.1	9200.03
2574	0.71900	67575	16893.7
2575	0.42544	39984.6	9996.14
2576	0.53869	50628.4	10125.7
2577	0.47290	44445.8	6349.41
2578	0.53027	49837.4	9967.48
2579	0.52976	49789.3	12447.3
2580	0.27564	25905.6	6476.39
2581	0.25161	23647.1	5911.78
2582	0.31335	29449.8	5889.95
2583	0.39352	36985.3	7397.06
2584	0.40130	37716.1	7543.23
2585	0.41889	39369.1	13123
2586	0.30843	28987.8	5797.57
2587	0.39159	36803.3	9200.82
2588	0.54683	51394.2	10278.8
2589	0.53581	50357.9	25179
2590	0.75043	70529.1	14105.8
2591	0.47862	44982.9	8996.58
2592	0.35648	33503.5	8375.87
2593	0.30753	28903.6	5780.72
2594	0.24715	23228.7	5807.17
2595	0.48024	45135.7	9027.15
2596	0.33273	31271.2	6254.25
2597	0.40980	38514.9	7702.97
2598	0.34205	32147.4	8036.85
2599	0.32554	30595.7	6119.14
2600	0.33124	31131.1	7782.78
