#IID	F_ROH	ROH_length_kB	KBAVG
4551	0.35731	33572.8	11190.9
4552	0.22752	21377.1	7125.71
4553	0.08974	8431.75	8431.75
4554	0.42161	39614.3	7922.87
4555	0.28045	26350.7	13175.3
4556	0.30743	28885.5	14442.8
4557	0.33250	31241.8	7810.45
4558	0.33422	31403	10467.7
4559	0.16869	15849.7	7924.84
4560	0.24840	23339.4	11669.7
4561	0.24413	22937.9	5734.49
4562	0.31353	29459	9819.68
4563	0.05026	4722.83	4722.83
4564	0.24897	23393.2	5848.29
4565	0.21767	20452.4	5113.09
4566	0.47584	44709.7	8941.95
4567	0.33906	31857.6	7964.4
4568	0.56335	52932.1	10586.4
4569	0.18880	17739.7	8869.85
4570	0.11186	10510.2	5255.08
4571	0.31944	30014.6	10004.9
4572	0.17520	16461.8	5487.27
4573	0.35393	33255.3	11085.1
4574	0.19796	18600	6199.99
4575	0.57224	53767.2	53767.2
4576	0.24631	23143.3	5785.82
4577	0.36688	34472.1	6894.43
4578	0.22353	21002.6	7000.86
4579	0.11823	11108.6	3702.87
4580	0.45100	42375.3	14125.1
4581	0.18952	17806.8	5935.59
4582	0.00000	0	0
4583	0.32341	30387.4	7596.85
4584	0.25294	23766	7922
4585	0.11918	11198.4	5599.21
4586	0.53754	50506.3	8417.71
4587	0.34724	32626.6	6525.32
4588	0.32902	30914.2	7728.54
4589	0.36048	33870.6	11290.2
4590	0.26367	24774.3	12387.2
4591	0.29497	27715.5	6928.87
4592	0.19355	18186.1	6062.03
4593	0.54394	51108.4	10221.7
4594	0.38969	36615.3	6102.55
4595	0.13290	12487.6	6243.78
4596	0.28311	26601.1	13300.6
4597	0.33437	31416.6	7854.14
4598	0.27606	25937.9	5187.58
4599	0.14495	13619.3	4539.77
4600	0.25207	23684.3	7894.77
