#IID	F_ROH	ROH_length_kB	KBAVG
4551	0.32404	30447.5	5074.58
4552	0.16790	15776.5	5258.84
4553	0.88161	82837.9	27612.6
4554	0.23646	22218.4	5554.6
4555	0.20051	18840.3	6280.1
4556	0.39724	37325.9	9331.48
4557	0.40873	38405.3	12801.8
4558	0.22460	21103.7	5275.92
4559	0.59825	56213.3	14053.3
4560	0.23785	22349.4	5587.36
4561	0.08941	8401.53	4200.77
4562	0.21344	20055.2	5013.8
4563	0.05459	5129.23	5129.23
4564	0.07382	6936.58	6936.58
4565	0.24587	23102.9	5775.72
4566	0.23991	22542.8	7514.26
4567	0.35357	33222.3	8305.58
4568	0.34711	32615.2	6523.03
4569	0.21262	19977.9	3995.58
4570	0.27465	25807	6451.76
4571	0.18831	17693.9	8846.95
4572	0.33345	31331.9	6266.38
4573	0.14342	13475.7	4491.9
4574	0.34758	32659.2	8164.81
4575	0.21389	20097.6	6699.19
4576	0.40949	38477	7695.4
4577	0.20717	19466.6	9733.32
4578	0.36926	34696.4	11565.5
4579	0.06631	6230.53	6230.53
4580	0.17674	16607	8303.52
4581	0.60067	56440	11288
4582	0.29264	27497.5	9165.83
4583	0.08633	8111.92	4055.96
4584	0.16911	15890.4	7945.21
4585	0.56494	53083	8847.17
4586	0.05925	5567.7	5567.7
4587	0.14949	14046.2	4682.05
4588	0.19796	18601.1	9300.54
4589	0.33789	31749	7937.24
4590	0.40312	37878	7575.61
4591	0.24470	22992.2	5748.05
4592	0.21125	19849.4	6616.45
4593	0.13701	12873.8	6436.9
4594	0.32743	30766.3	7691.57
4595	0.15950	14987.4	4995.8
4596	0.14485	13610.3	6805.16
4597	0.42884	40295.1	10073.8
4598	0.29793	27993.9	9331.32
4599	0.28965	27216.3	9072.1
4600	0.00000	0	0
