#IID	F_ROH	ROH_length_kB	KBAVG
4551	0.19157	17582.3	8791.17
4552	0.09434	8658.23	4329.11
4553	0.07122	6536.8	3268.4
4554	0.06786	6228.68	6228.68
4555	0.19160	17585.5	17585.5
4556	0.20176	18517.7	6172.57
4557	0.16720	15345.9	7672.93
4558	0.09820	9013.14	4506.57
4559	0.23932	21965.4	10982.7
4560	0.09585	8797.11	4398.56
4561	0.16401	15053.1	5017.71
4562	0.07964	7309.61	7309.61
4563	0.16301	14961.4	7480.72
4564	0.31186	28622.6	7155.65
4565	0.15220	13969.4	4656.48
4566	0.08570	7865.99	3933
4567	0.33937	31147.9	15573.9
4568	0.04876	4475.66	4475.66
4569	0.18159	16666.3	8333.16
4570	0.00000	0	0
4571	0.31890	29269.4	5853.88
4572	0.37918	34801.4	17400.7
4573	0.12346	11331.7	5665.86
4574	0.29655	27217.5	9072.51
4575	0.23364	21444.1	10722
4576	0.10366	9514.43	4757.21
4577	0.19608	17996.6	5998.88
4578	0.38768	35582.3	8895.57
4579	0.18929	17372.9	5790.95
4580	0.32536	29862.3	9954.11
4581	0.04370	4010.49	4010.49
4582	0.22853	20974.5	5243.63
4583	0.19947	18307.9	6102.65
4584	0.19220	17640.5	5880.15
4585	0.19784	18157.9	4539.47
4586	0.00000	0	0
4587	0.09980	9159.4	4579.7
4588	0.28635	26281.6	26281.6
4589	0.21684	19901.8	6633.95
4590	0.07986	7329.22	7329.22
4591	0.20813	19102.7	6367.58
4592	0.33464	30714.2	6142.84
4593	0.20676	18976.5	4744.11
4594	0.43034	39497	9874.26
4595	0.00000	0	0
4596	0.16549	15189.1	5063.02
4597	0.08029	7368.77	7368.77
4598	0.04232	3884.32	3884.32
4599	0.31179	28616.8	14308.4
4600	0.15124	13881.4	6940.71
