#IID	F_ROH	ROH_length_kB	KBAVG
2551	0.37364	35077.3	11692.4
2552	0.46363	43525.8	8705.17
2553	0.42461	39862	9965.5
2554	0.43008	40375.7	8075.13
2555	0.12985	12190.4	6095.21
2556	0.16916	15881	7940.51
2557	0.17661	16580.5	8290.27
2558	0.78200	73414	24471.3
2559	0.23958	22491.4	7497.12
2560	0.19937	18716.8	9358.39
2561	0.17484	16413.8	8206.9
2562	0.34644	32523.8	8130.96
2563	0.34638	32518	10839.3
2564	0.28897	27128.9	9042.96
2565	0.32564	30571.4	10190.5
2566	0.17040	15997.3	7998.65
2567	0.23403	21970.9	5492.72
2568	0.23711	22260.2	7420.08
2569	0.31241	29329	9776.32
2570	0.38708	36338.7	12112.9
2571	0.17021	15979.1	7989.54
2572	0.07674	7203.96	7203.96
2573	0.23613	22168.2	7389.4
2574	0.29477	27673	13836.5
2575	0.49685	46644.6	9328.92
2576	0.04694	4406.68	4406.68
2577	0.13171	12365	6182.52
2578	0.36371	34144.7	8536.18
2579	0.27091	25432.7	8477.58
2580	0.32985	30966.6	7741.64
2581	0.16745	15719.8	5239.92
2582	0.19421	18232.5	6077.49
2583	0.15040	14119.2	7059.6
2584	0.17232	16177.5	8088.74
2585	0.38940	36556.6	12185.5
2586	0.09555	8970.37	4485.19
2587	0.20429	19178.9	6392.96
2588	0.17355	16292.7	8146.37
2589	0.40818	38320	9579.99
2590	0.29151	27367.2	6841.81
2591	0.45310	42537.2	10634.3
2592	0.26182	24580	8193.34
2593	0.18907	17749.4	5916.46
2594	0.84946	79747.3	26582.4
2595	0.19858	18642.5	6214.17
2596	0.17151	16101.7	5367.23
2597	0.22964	21558.4	7186.14
2598	0.28882	27114.5	5422.9
2599	0.24282	22795.5	4559.1
2600	0.34692	32568.6	5428.11
