#IID	F_ROH	ROH_length_kB	KBAVG
6551	0.52138	48130.3	16043.4
6552	0.25337	23389.6	5847.4
6553	0.40806	37669.5	7533.9
6554	0.26054	24051.4	4810.27
6555	0.23799	21969.3	7323.12
6556	0.26317	24293.6	8097.86
6557	0.15231	14059.7	4686.58
6558	0.54628	50428.7	10085.7
6559	0.44977	41519.2	13839.7
6560	0.41719	38511.8	9627.96
6561	0.33357	30793	10264.3
6562	0.27870	25727.7	5145.54
6563	0.16842	15547.3	5182.42
6564	0.19156	17683.6	5894.55
6565	0.34915	32231.2	8057.79
6566	0.20897	19290.3	6430.12
6567	0.22665	20922.5	5230.63
6568	0.53184	49095.2	16365.1
6569	0.33018	30479.5	7619.87
6570	0.28627	26426.6	8808.87
6571	0.34609	31948.3	7987.07
6572	0.53922	49776.9	9955.38
6573	0.37081	34230.1	8557.52
6574	0.09859	9101.53	4550.76
6575	0.33090	30546.1	10182
6576	0.14756	13621.4	4540.47
6577	0.54210	50042.9	8340.49
6578	0.52445	48413.8	6916.26
6579	0.20705	19113.8	6371.26
6580	0.51173	47239.3	15746.4
6581	0.33165	30615.3	6123.07
6582	0.31538	29114	5822.8
6583	0.33568	30987.8	10329.3
6584	0.32908	30378.5	7594.63
6585	0.25677	23703	5925.76
6586	0.21806	20129.7	5032.42
6587	0.22982	21215.3	7071.76
6588	0.53314	49215.7	8202.61
6589	0.22640	20899.5	5224.86
6590	0.42267	39017.4	7803.47
6591	0.31465	29046.1	4841.01
6592	0.26948	24876	4975.2
6593	0.37345	34474.5	8618.62
6594	0.21880	20197.9	5049.47
6595	0.19394	17903.1	3580.62
6596	0.58586	54082.3	13520.6
6597	0.44639	41207.1	5886.72
6598	0.35222	32514	6502.8
6599	0.33918	31310.5	7827.62
6600	0.20542	18962.6	6320.86
