#IID	F_ROH	ROH_length_kB	KBAVG
2551	0.13542	12727.8	6363.89
2552	0.18227	17130.7	4282.68
2553	0.03705	3482.34	3482.34
2554	0.23210	21814.1	7271.37
2555	0.04171	3919.65	3919.65
2556	0.04481	4211.32	4211.32
2557	0.09347	8784.71	4392.36
2558	0.38305	36001	12000.3
2559	0.19143	17991.5	4497.88
2560	0.38970	36625.8	9156.44
2561	0.44130	41474.9	20737.5
2562	0.18825	17692.1	4423.01
2563	0.16359	15374.6	7687.29
2564	0.31412	29522.3	9840.75
2565	0.15165	14252.4	4750.81
2566	0.37944	35661.4	11887.1
2567	0.19481	18309	4577.26
2568	0.45714	42964.2	7160.7
2569	0.19555	18378.8	9189.4
2570	0.38409	36098	18049
2571	0.37855	35577.4	11859.1
2572	0.19778	18588.4	4647.1
2573	0.08610	8091.93	4045.97
2574	0.34560	32481.4	8120.36
2575	0.26202	24626	4925.21
2576	0.20860	19605.2	4901.3
2577	0.12362	11618.2	3872.72
2578	0.16184	15210.3	7605.15
2579	0.26555	24957.1	8319.04
2580	0.24884	23386.8	5846.71
2581	0.17603	16543.7	5514.56
2582	0.30824	28969.6	7242.4
2583	0.46016	43247.6	8649.53
2584	0.39428	37055.9	6175.98
2585	0.34912	32811.5	5468.58
2586	0.21672	20368.1	6789.38
2587	0.27623	25961.5	8653.84
2588	0.09575	8999.31	4499.65
2589	0.26564	24965.9	6241.48
2590	0.14090	13242.5	4414.16
2591	0.31624	29722	5944.39
2592	0.39066	36715.9	6119.31
2593	0.24458	22986.7	5746.68
2594	0.19860	18665.6	18665.6
2595	0.32561	30602.4	6120.48
2596	0.10709	10064.7	5032.36
2597	0.09974	9374.06	4687.03
2598	0.39354	36986.5	9246.63
2599	0.23260	21860.9	5465.22
2600	1.00000	93984.3	93984.3
