#IID	F_ROH	ROH_length_kB	KBAVG
6551	0.24648	23167.3	7722.44
6552	0.36120	33950	8487.51
6553	0.21741	20435	4086.99
6554	0.14480	13609.7	4536.56
6555	0.12305	11565.4	5782.72
6556	0.51963	48841.5	9768.29
6557	0.19423	18256.2	18256.2
6558	0.37743	35475.5	8868.87
6559	0.33473	31462.1	5243.69
6560	0.10417	9791.07	4895.53
6561	0.25846	24293.3	6073.32
6562	0.43389	40782.2	8156.45
6563	0.11072	10406.6	5203.32
6564	0.21029	19765.4	4941.34
6565	0.46179	43405	8681
6566	0.18327	17225.6	8612.78
6567	0.22477	21126.5	7042.17
6568	0.43783	41152.6	10288.1
6569	0.10765	10118.3	5059.13
6570	0.38074	35787.1	7157.42
6571	0.31519	29625.1	9875.03
6572	0.15917	14960.7	4986.89
6573	0.57967	54484.8	18161.6
6574	0.32309	30368.2	6073.65
6575	0.27194	25559.9	6389.97
6576	0.30702	28857.9	9619.29
6577	0.11811	11101.5	3700.49
6578	0.27202	25567.6	8522.54
6579	0.30817	28965.9	7241.48
6580	0.32503	30550.1	6110.02
6581	0.41158	38685.1	12895
6582	0.22519	21166.4	5291.6
6583	0.32940	30960.8	6192.16
6584	0.44896	42199.2	8439.84
6585	0.15479	14549.5	7274.73
6586	0.24508	23035.3	5758.81
6587	0.60138	56525.7	14131.4
6588	0.27319	25677.6	6419.39
6589	0.16347	15364.6	7682.28
6590	0.17324	16283.5	5427.84
6591	0.46145	43373.1	10843.3
6592	0.16933	15915.7	5305.23
6593	0.27550	25894.9	8631.63
6594	0.22714	21349.8	5337.45
6595	0.37493	35241	5034.43
6596	0.19559	18383.8	6127.94
6597	0.29704	27919.9	6979.98
6598	0.32500	30547.2	4363.89
6599	0.13977	13137.1	4379.05
6600	0.23250	21853	4370.59
