#IID	F_ROH	ROH_length_kB	KBAVG
2551	0.32573	30613.6	7653.39
2552	0.37898	35618.4	8904.59
2553	0.23815	22382.4	7460.81
2554	0.27045	25418.4	8472.79
2555	0.18281	17181.2	5727.07
2556	0.23001	21617.3	7205.77
2557	0.60230	56606.9	9434.49
2558	0.26536	24940.1	6235.03
2559	0.48058	45166.8	11291.7
2560	0.57079	53645.6	8940.94
2561	0.48436	45521.9	9104.38
2562	0.47269	44425.7	11106.4
2563	0.42103	39570.1	7914.02
2564	0.13083	12296	4098.65
2565	0.16471	15480.2	5160.06
2566	0.12423	11675.4	5837.68
2567	0.33938	31896.3	7974.08
2568	0.26831	25217.1	6304.27
2569	0.23995	22551.3	7517.1
2570	0.35333	33207.2	11069.1
2571	0.41408	38916.9	7783.38
2572	0.25724	24176.3	8058.78
2573	0.63536	59714.1	11942.8
2574	0.15465	14534.9	7267.44
2575	0.57281	53835.1	10767
2576	0.33690	31663.4	10554.5
2577	0.49405	46433.2	11608.3
2578	0.36950	34727.7	5787.94
2579	0.32785	30812.4	7703.11
2580	0.38426	36114.2	12038.1
2581	0.35556	33417.4	6683.48
2582	0.29800	28007.6	7001.91
2583	0.37948	35665.4	8916.34
2584	0.27375	25728.6	6432.14
2585	0.12337	11594.7	5797.37
2586	0.31287	29404.8	9801.6
2587	0.26129	24557.1	8185.69
2588	0.37941	35658.2	8914.56
2589	0.02969	2789.99	2789.99
2590	0.29311	27547.6	6886.91
2591	0.22152	20819.5	5204.88
2592	0.30032	28225.2	7056.29
2593	0.37635	35371	7074.2
2594	0.34045	31997.1	6399.42
2595	0.10814	10163.5	10163.5
2596	0.27851	26175.6	8725.21
2597	0.39427	37054.9	18527.5
2598	0.28727	26999.3	6749.83
2599	0.32784	30811.5	15405.8
2600	0.42820	40243.9	13414.6
