#IID	F_ROH	ROH_length_kB	KBAVG
2551	0.36694	34480.7	6896.15
2552	0.40357	37923	9480.76
2553	0.43239	40631.6	8126.32
2554	0.08855	8320.83	4160.42
2555	0.31869	29947.3	5989.46
2556	0.13254	12454.8	12454.8
2557	0.09366	8801.2	4400.6
2558	0.32540	30577.2	10192.4
2559	0.60614	56958.4	14239.6
2560	0.29673	27883.1	6970.77
2561	0.29304	27536.8	6884.21
2562	0.48672	45736.6	11434.2
2563	0.41438	38939.3	6489.88
2564	0.32652	30683.2	10227.7
2565	0.21144	19868.7	19868.7
2566	0.35214	33090	11030
2567	0.22682	21314.3	7104.77
2568	0.17141	16107.2	8053.6
2569	0.14014	13168.4	4389.46
2570	0.02682	2520.56	2520.56
2571	0.21503	20206.5	6735.49
2572	0.32730	30755.6	7688.91
2573	0.44495	41811.4	8362.27
2574	0.19088	17936.4	5978.81
2575	0.19238	18077.9	6025.98
2576	0.23790	22355	11177.5
2577	0.07691	7226.86	3613.43
2578	0.41451	38951.3	9737.83
2579	0.35791	33632.4	8408.09
2580	0.42565	39998	7999.6
2581	0.26336	24747.7	6186.92
2582	0.14152	13298.6	4432.85
2583	0.11500	10806.6	5403.29
2584	0.23475	22059.2	7353.05
2585	0.70366	66122.2	33061.1
2586	0.21170	19893.1	9946.55
2587	0.13968	13126	6562.98
2588	0.23901	22459.4	7486.47
2589	0.56620	53205.5	17735.2
2590	0.24646	23160	11580
2591	0.20916	19654.4	6551.46
2592	0.29948	28141.6	7035.39
2593	0.08938	8399.21	4199.61
2594	0.11397	10709.8	5354.92
2595	0.40503	38059.8	9514.94
2596	0.24666	23178.5	7726.18
2597	0.34759	32662.9	5443.82
2598	0.14012	13167.1	6583.55
2599	0.94495	88795.6	44397.8
2600	0.40548	38103	7620.6
