#IID	F_ROH	ROH_length_kB	KBAVG
22551	0.08534	8012.52	2670.84
22552	0.48176	45231.2	15077.1
22553	0.30390	28532.4	5706.47
22554	0.37639	35338	5889.66
22555	0.19284	18105.1	4526.27
22556	0.07237	6795.07	3397.53
22557	0.51712	48551.2	16183.7
22558	0.08553	8030.06	4015.03
22559	0.62421	58605.6	29302.8
22560	0.27197	25534.6	6383.64
22561	0.10878	10213.1	5106.55
22562	0.20329	19086.6	3817.32
22563	0.15736	14774.2	4924.73
22564	0.48440	45479.2	7579.87
22565	0.08415	7900.54	3950.27
22566	0.83481	78377.7	39188.9
22567	0.13208	12400.6	4133.54
22568	0.14121	13257.9	13257.9
22569	0.12912	12122.8	4040.93
22570	0.20934	19654.1	4913.52
22571	0.10639	9988.34	4994.17
22572	0.17697	16615.1	8307.53
22573	0.29112	27332.5	6833.13
22574	0.15405	14463.3	7231.64
22575	0.17871	16778.1	4194.53
22576	0.50974	47858.1	9571.62
22577	0.50749	47646.7	15882.2
22578	0.28002	26290.2	8763.4
22579	0.08438	7922.14	3961.07
22580	0.10446	9807.84	4903.92
22581	0.30617	28745.3	7186.33
22582	0.24802	23285.9	11642.9
22583	0.37901	35584.3	11861.4
22584	0.47620	44708.8	14902.9
22585	0.50285	47211.2	11802.8
22586	0.20566	19309.2	6436.4
22587	0.30075	28236.9	14118.5
22588	0.47996	45062.2	11265.5
22589	0.19938	18719.5	6239.82
22590	0.29716	27899.5	9299.84
22591	0.10911	10243.6	3414.54
22592	0.22790	21397	7132.35
22593	0.03307	3105	3105
22594	0.10931	10262.7	5131.33
22595	0.15519	14570.3	4856.78
22596	0.16437	15432	3857.99
22597	0.11390	10693.7	5346.83
22598	0.27528	25844.9	6461.23
22599	0.15365	14425.8	7212.92
22600	0.12996	12201.7	6100.86
