#IID	F_ROH	ROH_length_kB	KBAVG
12551	0.05509	5088.42	5088.42
12552	0.39293	36291.2	6048.53
12553	0.08087	7469.44	7469.44
12554	0.17076	15771.2	5257.05
12555	0.32257	29793.2	9931.05
12556	0.04050	3740.61	3740.61
12557	0.02388	2205.42	2205.42
12558	0.09757	9011.82	4505.91
12559	0.27093	25022.9	8340.98
12560	0.00000	0	0
12561	0.43580	40251.1	10062.8
12562	0.14980	13835.9	13835.9
12563	0.40080	37018.5	12339.5
12564	0.24809	22913.5	7637.83
12565	0.25559	23606.4	11803.2
12566	0.06459	5965.85	5965.85
12567	0.12709	11738	11738
12568	0.54874	50682.1	12670.5
12569	0.34079	31475.5	10491.8
12570	0.18657	17231.3	5743.76
12571	0.04330	3999.34	3999.34
12572	0.37902	35006.7	8751.68
12573	0.03027	2796.19	2796.19
12574	0.21373	19740.6	4935.16
12575	0.04678	4320.34	4320.34
12576	0.25610	23653.7	7884.56
12577	0.44678	41264.8	8252.95
12578	0.00000	0	0
12579	0.10510	9707.45	4853.73
12580	0.07013	6477.61	3238.8
12581	0.28251	26092.8	8697.6
12582	0.26157	24158.9	4831.77
12583	0.19073	17615.6	8807.8
12584	0.08664	8001.91	4000.96
12585	0.00000	0	0
12586	0.27441	25344.9	6336.24
12587	0.11360	10492.1	10492.1
12588	0.47886	44227.8	11057
12589	0.38587	35639.1	8909.78
12590	0.18021	16644.1	8322.04
12591	0.37843	34951.9	11650.6
12592	0.16189	14952.5	4984.18
12593	0.24834	22937.3	7645.76
12594	0.08128	7506.84	7506.84
12595	0.12616	11652.5	5826.26
12596	0.00000	0	0
12597	0.09014	8325.39	4162.69
12598	0.30440	28114.5	9371.51
12599	0.12499	11544.5	5772.24
12600	0.25600	23643.9	5910.97
