#IID	F_ROH	ROH_length_kB	KBAVG
20551	0.28182	26059.6	8686.52
20552	0.44001	40688.1	10172
20553	0.39491	36517.6	7303.53
20554	0.10912	10090.4	5045.19
20555	0.11014	10184.5	5092.23
20556	0.23938	22135.6	11067.8
20557	0.33208	30708	6141.61
20558	0.13258	12260	6130
20559	0.08830	8164.9	4082.45
20560	0.32447	30003.8	7500.94
20561	0.52388	48443.7	16147.9
20562	0.31369	29007.1	7251.78
20563	0.16100	14888	3721.99
20564	0.13574	12551.8	4183.93
20565	0.24104	22288.8	5572.19
20566	0.27943	25839.4	6459.84
20567	0.44998	41609.7	20804.8
20568	0.31427	29060.8	7265.2
20569	0.36913	34133.8	8533.46
20570	0.36270	33539	8384.75
20571	0.18877	17455.7	4363.92
20572	0.26992	24959.2	6239.79
20573	0.20833	19264.2	9632.12
20574	0.30831	28509.7	14254.9
20575	0.39621	36637.9	18318.9
20576	0.40362	37323.2	7464.64
20577	0.26808	24789.4	8263.15
20578	0.27752	25662.4	5132.48
20579	0.12242	11320.5	5660.27
20580	0.22374	20688.9	5172.21
20581	0.31152	28806.6	5761.32
20582	0.20203	18682	9341.01
20583	0.22477	20784.4	4156.87
20584	0.20553	19005.6	4751.41
20585	0.19359	17901.1	5967.03
20586	0.18818	17401.5	4350.38
20587	0.23962	22157.6	5539.4
20588	0.15979	14775.5	7387.74
20589	0.07971	7370.59	3685.29
20590	0.20622	19069.5	9534.76
20591	0.27171	25124.8	5024.95
20592	0.34807	32186.1	6437.21
20593	0.35031	32393.3	8098.33
20594	0.33523	30998.9	6199.78
20595	0.39171	36221.7	18110.9
20596	0.26035	24074.4	6018.59
20597	0.11143	10303.7	5151.87
20598	0.23196	21449.4	7149.78
20599	0.16925	15650.4	7825.2
20600	0.39271	36313.7	6052.29
