#IID	F_ROH	ROH_length_kB	KBAVG
6551	0.32307	30366.1	10122
6552	0.23158	21766.3	10883.2
6553	0.56963	53539.9	10708
6554	0.12716	11952.1	5976.06
6555	0.23843	22409.9	7469.98
6556	0.15228	14312.6	4770.88
6557	0.21527	20233.5	10116.8
6558	0.21990	20668.6	6889.53
6559	0.24717	23231.4	5807.86
6560	0.11440	10753	5376.51
6561	0.52007	48882.2	16294.1
6562	0.27509	25855.9	8618.63
6563	0.64807	60913	10152.2
6564	0.53826	50591.2	12647.8
6565	0.38924	36585.5	7317.11
6566	0.29069	27322.4	9107.47
6567	0.14880	13985.7	4661.91
6568	0.24921	23423.5	11711.8
6569	0.27960	26279.7	6569.93
6570	0.16761	15754.1	5251.35
6571	0.22615	21255.9	7085.32
6572	0.33253	31254.9	6250.98
6573	0.52396	49247.6	6155.96
6574	0.23541	22126.4	11063.2
6575	0.29308	27546.9	9182.3
6576	0.45466	42734.1	8546.82
6577	0.22156	20824.4	5206.1
6578	0.34416	32348.4	6469.68
6579	0.38599	36279.5	7255.9
6580	0.23076	21689.2	5422.31
6581	0.39192	36836.9	7367.38
6582	0.24737	23250.9	5812.72
6583	0.37456	35205.6	11735.2
6584	0.45351	42626	6089.43
6585	0.34056	32009.3	8002.33
6586	0.36986	34763.1	6952.62
6587	0.28249	26551.3	6637.83
6588	0.46322	43538.4	10884.6
6589	0.40138	37726	12575.3
6590	0.11139	10469.4	5234.69
6591	0.31046	29180.5	9726.83
6592	0.96747	90933.3	90933.3
6593	0.32420	30471.6	10157.2
6594	0.34584	32506	10835.3
6595	0.33985	31942.4	6388.48
6596	0.40463	38031.4	6338.57
6597	0.26680	25076.8	6269.19
6598	0.64248	60387.3	12077.5
6599	0.59968	56364.2	8052.03
6600	0.09504	8933.25	4466.63
