#IID	F_ROH	ROH_length_kB	KBAVG
4551	0.29541	26939.7	6734.94
4552	0.20901	19060.5	6353.51
4553	0.11806	10766.6	5383.28
4554	0.16480	15028.9	5009.62
4555	0.30333	27662.1	6915.52
4556	0.09212	8400.5	8400.5
4557	0.33201	30277.7	7569.42
4558	0.27558	25131.1	5026.23
4559	0.25083	22874.5	5718.62
4560	0.27067	24683.5	6170.88
4561	0.25901	23620	5905
4562	0.25770	23501.2	7833.72
4563	0.49615	45246.1	9049.22
4564	0.02739	2497.94	2497.94
4565	0.15846	14450.9	4816.97
4566	0.28697	26169.7	6542.41
4567	0.05540	5052.58	5052.58
4568	0.14536	13255.9	6627.96
4569	0.59839	54569.5	9094.92
4570	0.35774	32623.6	10874.5
4571	0.25557	23306.2	7768.72
4572	0.26602	24259.9	6064.98
4573	0.41614	37949.9	12650
4574	0.32570	29701.8	9900.59
4575	0.23513	21442.7	10721.4
4576	0.11388	10385.6	3461.87
4577	0.09305	8485.93	4242.97
4578	0.46321	42242.5	14080.8
4579	0.34561	31517.8	6303.55
4580	0.31871	29064.6	7266.15
4581	0.44513	40593.6	10148.4
4582	0.26721	24368.1	12184
4583	0.32601	29730.3	14865.1
4584	0.00000	0	0
4585	0.16788	15310	7654.99
4586	0.24058	21939.4	4387.89
4587	0.19779	18037.2	6012.41
4588	0.14064	12825.9	6412.95
4589	0.16077	14661	7330.52
4590	0.39018	35582.3	7116.46
4591	0.29257	26681	6670.25
4592	0.41846	38160.8	5451.54
4593	0.07136	6507.55	6507.55
4594	0.17508	15966.4	7983.2
4595	0.27713	25272.7	8424.24
4596	0.51961	47385.4	7897.57
4597	0.12779	11654	5827.02
4598	0.16843	15360	5119.99
4599	0.68348	62329	15582.2
4600	0.23105	21070.2	4214.04
