#IID	F_ROH	ROH_length_kB	KBAVG
2551	0.11396	10711.7	5355.84
2552	0.33978	31938	6387.6
2553	0.15945	14987.6	4995.87
2554	0.19918	18722.2	4680.55
2555	0.30594	28757	4792.84
2556	0.30840	28988.5	14494.2
2557	0.31453	29564.3	29564.3
2558	0.22307	20967.9	4193.58
2559	0.87458	82206.2	27402.1
2560	0.30474	28644	7161.01
2561	0.13291	12493.1	6246.55
2562	0.39083	36736.4	7347.28
2563	0.28012	26329.9	13164.9
2564	0.25910	24353.9	8117.96
2565	0.16751	15745.3	5248.43
2566	0.14698	13815.2	6907.61
2567	0.23607	22189.1	5547.28
2568	0.27174	25542.6	5108.53
2569	0.31996	30075.2	4296.46
2570	0.35237	33120.8	6624.16
2571	0.05067	4762.54	4762.54
2572	0.22378	21034.1	5258.53
2573	0.17052	16028.3	4007.08
2574	0.12712	11948.8	11948.8
2575	0.17539	16486	5495.33
2576	0.29533	27759.4	6939.84
2577	0.39818	37427.2	9356.79
2578	0.03327	3126.86	3126.86
2579	0.18088	17001.8	17001.8
2580	0.16602	15605	7802.51
2581	0.10437	9809.82	4904.91
2582	0.12261	11524.4	5762.18
2583	0.08421	7915.44	3957.72
2584	0.26462	24872.6	6218.15
2585	0.14668	13787.5	3446.88
2586	0.03852	3620.86	3620.86
2587	0.35614	33475.7	6695.15
2588	0.14893	13998.6	4666.19
2589	0.24183	22731	7577.01
2590	0.23688	22265.7	11132.8
2591	0.07603	7146.33	7146.33
2592	0.04974	4675.21	4675.21
2593	0.34499	32427.9	8106.98
2594	0.04989	4689.2	4689.2
2595	0.17294	16255.7	8127.87
2596	0.34416	32349.8	8087.46
2597	0.31672	29770.2	5954.03
2598	0.15273	14355.8	3588.95
2599	0.11343	10662.3	5331.14
2600	0.25551	24016.3	8005.42
