#IID	F_ROH	ROH_length_kB	KBAVG
4551	0.26044	24472.7	8157.57
4552	0.36900	34674.3	34674.3
4553	0.40772	38312.1	9578.02
4554	0.23326	21919.1	7306.35
4555	0.19615	18431.4	18431.4
4556	0.45659	42904.9	21452.4
4557	0.49761	46759.2	15586.4
4558	0.28022	26331.7	13165.8
4559	0.11929	11209.3	11209.3
4560	0.07381	6935.93	6935.93
4561	0.06169	5797.18	5797.18
4562	0.24359	22890	5722.49
4563	0.27638	25971.2	5194.24
4564	0.09020	8475.65	4237.82
4565	0.25415	23881.8	7960.6
4566	0.25367	23837.1	23837.1
4567	0.03614	3395.89	3395.89
4568	0.05304	4984.24	4984.24
4569	0.71878	67542.3	33771.2
4570	0.05441	5112.4	5112.4
4571	0.13310	12507.4	6253.72
4572	0.13880	13042.9	4347.65
4573	0.16436	15444.2	7722.12
4574	0.07565	7108.62	7108.62
4575	0.10008	9404.27	4702.14
4576	0.08718	8192.09	4096.05
4577	0.61634	57916.2	28958.1
4578	0.16977	15952.9	5317.63
4579	0.28167	26467.7	6616.92
4580	0.18335	17229	8614.49
4581	0.50956	47881.9	15960.6
4582	0.38330	36017.5	9004.37
4583	0.30405	28570.9	14285.4
4584	0.17272	16230.5	5410.15
4585	0.15605	14663.7	4887.89
4586	0.11225	10547.8	5273.91
4587	0.18658	17532.6	5844.22
4588	0.22444	21090.1	7030.04
4589	0.20184	18966.8	18966.8
4590	0.17013	15986.7	5328.9
4591	0.25223	23701.4	7900.48
4592	0.11000	10336.5	10336.5
4593	0.10664	10021.1	5010.53
4594	0.10308	9685.9	4842.95
4595	0.17236	16196.4	5398.81
4596	0.08217	7721.09	3860.54
4597	0.34185	32123	10707.7
4598	0.35329	33197.7	8299.42
4599	0.03614	3395.89	3395.89
4600	0.29008	27258	5451.59
