#IID	F_ROH	ROH_length_kB	KBAVG
4551	0.42912	40284	10071
4552	0.35131	32979.2	10993.1
4553	0.27269	25598.8	8532.94
4554	0.50633	47531.7	15843.9
4555	0.32721	30717.1	7679.28
4556	0.26569	24942.1	4988.42
4557	0.15953	14976	7488.02
4558	0.43123	40481.7	8096.35
4559	0.38392	36040.3	6006.71
4560	0.26835	25191	6297.76
4561	0.29527	27718.1	6929.53
4562	0.18406	17279	5759.68
4563	0.10853	10188.3	5094.14
4564	0.42585	39976.4	7995.28
4565	0.34002	31919.5	15959.7
4566	0.19376	18189.2	6063.07
4567	0.46316	43479	8695.8
4568	0.06909	6485.79	6485.79
4569	0.25743	24165.9	6041.48
4570	0.15333	14393.8	7196.92
4571	0.32148	30179	6035.79
4572	0.27270	25599.9	6399.97
4573	0.40151	37692.1	9423.01
4574	0.63598	59703	11940.6
4575	0.52324	49119.1	12279.8
4576	0.20606	19343.9	6447.96
4577	0.33495	31443.3	6288.67
4578	0.45646	42850.3	7141.72
4579	0.14745	13842.3	6921.13
4580	0.26110	24510.9	6127.74
4581	0.29753	27930.5	6982.64
4582	0.25620	24050.5	6012.64
4583	0.23636	22188.8	7396.26
4584	0.29313	27517.9	13758.9
4585	0.28794	27030.1	6757.53
4586	0.24991	23460.6	5865.14
4587	0.30980	29082.1	9694.03
4588	0.73506	69004.2	9857.75
4589	0.21531	20212	6737.32
4590	0.18191	17076.7	5692.23
4591	0.30685	28806	5761.21
4592	0.30563	28691.2	5738.23
4593	0.38283	35938	5133.99
4594	0.24072	22597.3	5649.32
4595	0.35609	33428.1	8357.02
4596	0.29509	27701.7	6925.43
4597	0.32265	30289	15144.5
4598	0.23168	21749.1	7249.7
4599	0.33838	31765.5	6353.1
4600	0.15580	14626	7313.01
