#IID	F_ROH	ROH_length_kB	KBAVG
20551	0.29700	27911.3	6977.83
20552	0.26452	24858.5	8286.17
20553	0.23746	22315.9	7438.62
20554	0.05060	4755.68	4755.68
20555	0.00000	0	0
20556	0.17061	16032.9	16032.9
20557	0.26016	24449	8149.66
20558	0.25492	23956.1	7985.36
20559	0.11846	11132.9	3710.95
20560	0.30917	29054.6	7263.65
20561	0.26753	25141.7	8380.57
20562	0.21553	20254.4	10127.2
20563	0.19538	18361.5	6120.49
20564	0.27500	25843.2	12921.6
20565	0.09366	8801.73	8801.73
20566	0.14613	13732.4	6866.22
20567	0.17551	16494.3	5498.11
20568	0.31750	29837.2	4972.86
20569	0.09366	8801.73	8801.73
20570	0.06392	6007.34	6007.34
20571	0.08770	8241.42	8241.42
20572	0.20757	19506.3	6502.1
20573	0.08841	8308.73	4154.37
20574	0.28628	26903.8	6725.94
20575	0.17475	16422.7	5474.23
20576	0.31249	29367	7341.74
20577	0.28029	26340.6	6585.16
20578	0.31994	30066.8	7516.71
20579	0.13331	12528.4	12528.4
20580	0.04766	4478.72	4478.72
20581	0.26719	25109.7	8369.91
20582	0.36430	34235.8	11411.9
20583	0.16289	15307.4	7653.7
20584	0.16516	15520.8	7760.39
20585	0.17025	16000	8000
20586	0.22599	21237.4	7079.14
20587	0.13150	12358.3	6179.16
20588	0.15626	14684.7	14684.7
20589	0.49589	46601.8	9320.36
20590	0.41926	39400.3	7880.07
20591	0.16798	15786.6	7893.29
20592	0.08160	7668.96	3834.48
20593	0.24897	23397.7	5849.41
20594	0.21429	20138.5	6712.82
20595	0.30291	28466.1	7116.52
20596	0.37633	35366.1	5052.3
20597	0.18736	17607.3	4401.83
20598	0.21827	20511.9	6837.31
20599	0.43152	40552.5	13517.5
20600	0.15959	14997.9	7498.94
