#IID	F_ROH	ROH_length_kB	KBAVG
8551	0.25402	23843.1	5960.78
8552	0.19788	18573.8	6191.27
8553	0.37118	34839.8	8709.94
8554	0.19967	18741.4	6247.12
8555	0.10483	9839.51	4919.76
8556	0.22293	20924.9	10462.5
8557	0.20475	19218.5	4804.63
8558	0.13630	12793.2	6396.59
8559	0.34888	32746.6	5457.77
8560	0.29305	27506.9	9168.95
8561	0.18359	17232.5	5744.17
8562	0.14980	14060.6	7030.29
8563	0.17591	16511.1	5503.71
8564	0.29349	27548	6886.99
8565	0.05419	5086.35	5086.35
8566	0.21931	20585	5146.26
8567	0.22035	20682.6	5170.64
8568	0.27917	26203.6	6550.91
8569	0.05450	5115.54	5115.54
8570	0.31133	29222.4	7305.61
8571	0.29271	27475	4579.16
8572	0.39781	37339.4	7467.89
8573	0.25735	24155.8	8051.93
8574	0.41435	38892.4	7778.48
8575	0.23319	21887.5	5471.87
8576	0.27242	25569.7	6392.43
8577	0.12416	11654.4	11654.4
8578	0.38845	36460.7	5208.67
8579	0.36739	34484.7	11494.9
8580	0.31805	29853.3	5970.66
8581	0.18675	17528.9	8764.45
8582	0.44244	41528.2	8305.65
8583	0.13620	12784.4	4261.48
8584	0.13347	12527.4	6263.72
8585	0.28794	27026.5	9008.83
8586	0.13965	13108.3	4369.42
8587	0.30009	28167.1	9389.03
8588	0.14024	13163.7	6581.85
8589	0.37140	34860.7	8715.19
8590	0.23570	22123.1	4424.63
8591	0.22106	20749.3	10374.7
8592	0.14594	13698.6	4566.2
8593	0.26437	24814.1	8271.35
8594	0.37571	35265	8816.25
8595	0.29908	28072.2	7018.05
8596	0.21185	19884.7	3976.94
8597	0.22202	20839.1	5209.77
8598	0.10501	9857	4928.5
8599	0.20336	19088.4	9544.18
8600	0.26379	24759.6	6189.9
