#IID	F_ROH	ROH_length_kB	KBAVG
6551	0.45976	43205	21602.5
6552	0.34519	32438.1	10812.7
6553	0.34192	32130.8	5355.13
6554	0.15924	14964.1	7482.05
6555	0.44855	42150.9	14050.3
6556	0.33085	31091	15545.5
6557	0.16485	15491.5	5163.83
6558	0.31464	29567	5913.41
6559	0.20993	19727.5	9863.76
6560	0.20548	19309.3	9654.64
6561	0.21605	20302.8	5075.69
6562	0.33446	31430.2	6286.03
6563	0.08916	8378.67	4189.33
6564	0.24627	23142.4	5785.59
6565	0.38153	35853.4	11951.1
6566	0.36044	33871.6	8467.89
6567	0.25451	23916.5	7972.15
6568	0.12768	11998.6	5999.29
6569	0.24823	23326.7	7775.56
6570	0.08464	7953.76	7953.76
6571	0.18242	17142.5	8571.24
6572	0.35105	32989	6597.79
6573	0.48961	46009.6	6572.81
6574	0.13880	13042.9	6521.44
6575	0.12853	12078	4026.01
6576	0.10936	10276.7	10276.7
6577	0.53696	50459.4	12614.8
6578	0.21712	20403.5	10201.7
6579	0.25029	23520.6	7840.19
6580	0.36249	34064	11354.7
6581	0.25164	23646.7	5911.67
6582	0.19134	17980.6	5993.52
6583	0.17240	16200.6	5400.21
6584	0.54805	51501.5	17167.2
6585	0.21275	19992.4	6664.13
6586	0.18614	17491.6	5830.55
6587	0.23553	22133.6	5533.41
6588	0.23676	22248.7	7416.22
6589	0.41471	38971.6	9742.91
6590	0.27472	25816.1	5163.21
6591	0.29816	28018.4	14009.2
6592	0.28161	26463.6	8821.21
6593	0.33248	31243.9	15621.9
6594	0.43060	40464.1	6744.02
6595	0.32080	30146.2	6029.23
6596	0.25419	23886.8	7962.27
6597	0.34594	32509.2	8127.31
6598	0.12169	11435.5	5717.75
6599	0.00000	0	0
6600	0.13629	12807.4	4269.15
