#IID	F_ROH	ROH_length_kB	KBAVG
4551	0.29018	27274.9	6818.73
4552	0.40870	38414.8	9603.7
4553	0.34934	32834.7	8208.69
4554	0.04311	4052.37	4052.37
4555	0.43017	40432.2	8086.45
4556	0.36544	34348.9	11449.6
4557	0.12234	11498.8	5749.39
4558	0.30929	29071.2	9690.41
4559	0.43941	41300.6	8260.13
4560	0.13794	12965.5	6482.76
4561	0.23185	21792	5448.01
4562	0.15834	14883.1	14883.1
4563	0.19982	18781.2	6260.41
4564	0.12365	11622	5811.02
4565	0.14322	13461.7	6730.86
4566	0.18148	17057.2	8528.58
4567	0.25183	23669.7	5917.42
4568	0.26085	24517.4	4903.47
4569	0.08817	8287.73	4143.86
4570	0.35702	33557	6711.4
4571	0.19931	18733.6	6244.52
4572	0.34245	32187.2	8046.81
4573	0.08008	7526.89	3763.45
4574	0.32010	30086.4	30086.4
4575	0.39215	36859.4	7371.88
4576	0.10076	9470.42	4735.21
4577	0.12189	11456.7	5728.36
4578	0.52291	49148.9	6143.61
4579	0.24577	23100.8	5775.2
4580	0.29040	27295.2	13647.6
4581	0.42106	39576.3	9894.09
4582	0.34546	32470.8	10823.6
4583	0.33171	31178	7794.51
4584	0.21190	19917.2	6639.08
4585	0.15211	14297.3	4765.78
4586	0.31241	29363.7	9787.89
4587	0.24501	23028.8	5757.2
4588	0.32707	30741.9	6148.37
4589	0.03984	3744.85	3744.85
4590	0.85176	80058.2	26686.1
4591	0.27238	25601.5	6400.37
4592	0.36478	34286.1	17143.1
4593	0.63899	60060.4	8580.06
4594	0.17401	16356	5451.99
4595	0.16866	15852.5	7926.27
4596	0.28862	27128.2	9042.72
4597	0.23726	22301	7433.68
4598	0.31306	29424.7	9808.23
4599	0.62589	58828.8	7353.6
4600	0.24764	23275.8	5818.95
