#IID	F_ROH	ROH_length_kB	KBAVG
2551	0.24468	22642.3	22642.3
2552	0.21342	19749.3	6583.09
2553	0.22279	20616.8	5154.19
2554	0.19010	17591.1	8795.53
2555	0.17542	16232.7	4058.17
2556	0.23947	22160.1	11080
2557	0.44097	40806	8161.21
2558	0.23804	22027.5	5506.87
2559	0.35779	33109.1	8277.26
2560	0.27581	25523	5104.59
2561	0.06841	6330.32	6330.32
2562	0.08150	7541.4	3770.7
2563	0.16955	15689.8	5229.92
2564	0.30300	28038.6	7009.64
2565	0.26156	24203.9	4840.79
2566	0.31850	29472.7	9824.22
2567	0.31648	29286	5857.21
2568	0.16471	15241.7	3810.43
2569	0.08902	8237.52	8237.52
2570	0.27431	25383.5	6345.86
2571	0.18340	16971.6	5657.21
2572	0.07053	6526.95	6526.95
2573	0.10170	9411.36	4705.68
2574	0.25062	23192	5798
2575	0.16962	15696.2	7848.1
2576	0.12355	11433.3	3811.09
2577	0.20320	18803.1	6267.7
2578	0.30298	28036.7	7009.17
2579	0.11055	10229.8	3409.93
2580	0.28993	26829	6707.24
2581	0.29963	27726.5	6931.62
2582	0.37658	34847.8	4978.25
2583	0.20544	19010.6	6336.87
2584	0.27729	25660	4276.66
2585	0.15431	14279.2	7139.58
2586	0.13045	12071.8	6035.89
2587	0.16866	15607.7	7803.87
2588	0.27512	25458.8	8486.27
2589	0.43703	40441.7	20220.9
2590	0.35611	32953	6590.61
2591	0.40499	37476.2	6246.03
2592	0.14924	13810.2	13810.2
2593	0.41398	38308.6	6384.77
2594	0.61761	57151.9	14288
2595	0.10202	9440.71	4720.35
2596	0.19323	17881.2	5960.39
2597	0.09785	9055.11	4527.55
2598	0.03887	3597.24	3597.24
2599	0.15706	14533.8	4844.61
2600	0.26169	24215.7	6053.94
