#IID	F_ROH	ROH_length_kB	KBAVG
6551	0.14691	13805.7	6902.83
6552	0.05157	4846.02	4846.02
6553	0.37883	35599.3	35599.3
6554	0.21796	20481.8	10240.9
6555	0.13064	12276.4	4092.14
6556	0.19074	17924.4	8962.22
6557	0.00000	0	0
6558	0.05728	5383.09	5383.09
6559	0.04423	4156.78	4156.78
6560	0.30149	28331.2	9443.75
6561	0.19793	18600.1	9300.07
6562	0.17002	15977.3	5325.75
6563	0.15818	14864.5	4954.82
6564	0.17789	16716.6	8358.3
6565	0.08152	7660.09	3830.05
6566	0.00000	0	0
6567	0.37271	35024.3	8756.08
6568	0.11328	10644.9	5322.46
6569	0.09397	8830.82	4415.41
6570	0.11877	11161	3720.33
6571	0.13037	12250.7	6125.35
6572	0.00000	0	0
6573	0.12713	11946.8	11946.8
6574	0.27832	26153.9	8717.98
6575	0.07344	6901.13	6901.13
6576	0.17714	16646.2	8323.1
6577	0.07141	6710.09	6710.09
6578	0.07865	7390.91	7390.91
6579	0.00000	0	0
6580	0.10646	10003.9	10003.9
6581	0.14019	13173.5	6586.75
6582	0.09676	9092.79	4546.4
6583	0.28315	26607.9	13304
6584	0.21900	20579.6	5144.9
6585	0.08231	7734.36	3867.18
6586	0.41426	38928.3	19464.1
6587	0.00000	0	0
6588	0.24965	23459.5	5864.88
6589	0.10842	10188.6	5094.31
6590	0.15402	14473.7	14473.7
6591	0.19752	18560.8	4640.2
6592	0.13100	12310.7	6155.36
6593	0.12268	11528.5	5764.23
6594	0.26115	24540.5	8180.16
6595	0.22732	21361.4	5340.35
6596	0.04221	3966.71	3966.71
6597	0.05058	4752.95	4752.95
6598	0.28533	26813.2	8937.73
6599	0.12283	11542.7	5771.37
6600	0.00000	0	0
