#IID	F_ROH	ROH_length_kB	KBAVG
10551	0.42496	39904.2	13301.4
10552	0.21876	20541.3	6847.1
10553	0.19584	18389.7	6129.91
10554	0.44265	41565	8312.99
10555	0.04486	4212.55	4212.55
10556	0.10397	9762.48	4881.24
10557	0.16258	15266.1	3816.53
10558	0.14817	13913.1	6956.57
10559	0.04151	3897.89	3897.89
10560	0.25909	24328.1	8109.37
10561	0.49524	46502.6	11625.7
10562	0.36015	33817.7	8454.42
10563	0.30108	28271.3	5654.26
10564	0.17374	16314.6	5438.2
10565	0.42389	39803.7	6633.95
10566	0.22019	20675.4	10337.7
10567	0.08497	7978.49	3989.24
10568	0.37943	35628.4	5938.07
10569	0.05299	4976.12	4976.12
10570	0.13868	13022.5	6511.24
10571	0.25021	23494.3	4698.86
10572	0.20774	19507	4876.74
10573	0.24061	22593.6	7531.2
10574	0.32570	30583.3	7645.83
10575	0.15631	14677.7	7338.84
10576	0.34187	32101.8	8025.44
10577	0.46292	43468.4	10867.1
10578	0.16703	15684	5227.99
10579	0.13719	12882.5	6441.23
10580	0.20596	19339.9	4834.98
10581	0.23447	22016.4	5504.11
10582	0.28269	26544.3	13272.2
10583	0.23647	22204.1	4440.81
10584	0.24170	22695.7	7565.23
10585	0.28110	26395.5	6598.86
10586	0.02635	2473.8	2473.8
10587	0.24313	22829.5	7609.85
10588	0.23883	22426.3	5606.58
10589	0.06330	5943.79	5943.79
10590	0.15788	14824.7	4941.56
10591	0.09787	9190.43	9190.43
10592	0.38528	36177.4	6029.57
10593	0.32272	30303.7	10101.2
10594	0.09655	9065.81	4532.9
10595	0.29189	27408.7	9136.25
10596	0.47022	44154.1	14718
10597	0.37274	35000.1	7000.01
10598	0.33113	31092.8	5182.13
10599	0.05084	4774.03	4774.03
10600	0.21613	20294.5	6764.84
