#IID	F_ROH	ROH_length_kB	KBAVG
6551	0.00000	0	0
6552	0.17057	16008.7	5336.23
6553	0.22193	20828.8	6942.92
6554	0.21736	20399.2	5099.81
6555	0.26672	25031.9	8343.98
6556	0.44031	41323.7	13774.6
6557	0.34191	32089.1	10696.4
6558	0.29292	27491	9163.65
6559	0.35471	33290.4	11096.8
6560	0.25542	23971.2	7990.41
6561	0.23414	21974.6	7324.87
6562	0.10685	10027.7	5013.84
6563	0.54931	51553.5	17184.5
6564	0.14936	14017.9	14017.9
6565	0.15402	14455.1	7227.55
6566	0.08056	7560.88	3780.44
6567	0.53138	49870.5	8311.75
6568	0.24326	22830.4	5707.6
6569	0.08600	8070.88	8070.88
6570	0.29139	27347.7	27347.7
6571	0.28514	26760.4	4460.06
6572	0.20966	19677	4919.24
6573	0.22289	20918.4	5229.61
6574	0.36964	34691.4	17345.7
6575	0.33475	31416.6	7854.15
6576	0.41723	39157.5	7831.5
6577	0.30912	29011	7252.75
6578	0.33144	31106.1	10368.7
6579	0.26685	25043.9	8347.96
6580	0.51428	48265.8	24132.9
6581	0.17601	16518.7	8259.37
6582	0.55626	52206	17402
6583	0.55206	51811.5	12952.9
6584	0.03551	3333.12	3333.12
6585	0.42371	39765.7	6627.62
6586	0.20605	19338.3	6446.09
6587	0.42249	39651.1	7930.21
6588	0.59697	56026.1	18675.4
6589	0.12332	11573.5	5786.73
6590	0.10020	9403.62	4701.81
6591	0.28419	26671.5	8890.5
6592	0.32045	30074.5	6014.89
6593	0.28185	26452	5290.41
6594	0.29841	28005.9	9335.31
6595	0.58851	55233	9205.5
6596	0.18973	17806.3	8903.15
6597	0.26509	24878.8	6219.69
6598	0.62251	58423.8	19474.6
6599	0.18019	16911.2	5637.05
6600	0.32961	30934.6	7733.65
