#IID	F_ROH	ROH_length_kB	KBAVG
2551	0.27166	25492.8	6373.19
2552	0.35539	33350.1	6670.02
2553	0.26358	24734	8244.65
2554	0.08790	8248.81	4124.41
2555	0.25923	24326.3	12163.2
2556	0.28607	26845.2	5369.03
2557	0.22204	20835.8	5208.95
2558	0.36395	34152.8	8538.19
2559	0.28587	26826.2	6706.56
2560	0.24107	22622.1	5655.54
2561	0.21942	20590.4	5147.59
2562	0.08740	8201.49	4100.74
2563	0.10218	9588.85	9588.85
2564	0.41524	38966.2	5566.59
2565	0.47082	44181.5	5522.69
2566	0.13129	12319.9	6159.97
2567	0.28589	26827.9	5365.59
2568	0.14470	13578.4	4526.13
2569	0.21798	20455.6	6818.54
2570	0.35910	33698.2	6739.63
2571	0.37158	34869.2	11623.1
2572	0.22538	21149.8	5287.45
2573	0.24924	23388.2	5847.06
2574	0.42024	39435.4	19717.7
2575	0.35388	33207.7	6641.54
2576	0.18631	17483	4370.76
2577	0.45567	42760	10690
2578	0.12944	12146.6	12146.6
2579	0.27040	25374	6343.49
2580	0.13988	13126.7	4375.58
2581	0.26399	24772.8	6193.19
2582	0.35480	33294.2	5549.04
2583	0.10218	9588.85	9588.85
2584	0.32978	30946.3	6189.26
2585	0.37656	35336.4	35336.4
2586	0.32950	30920	4417.15
2587	0.18201	17080.2	4270.04
2588	0.12545	11772.6	3924.2
2589	0.07206	6761.68	3380.84
2590	0.12876	12082.9	4027.62
2591	0.22611	21218.5	5304.63
2592	0.16162	15166.4	5055.45
2593	0.32372	30377.5	7594.37
2594	0.68706	64473.8	21491.3
2595	0.30802	28904.2	4817.37
2596	0.31541	29598	7399.51
2597	0.44340	41608.8	5944.12
2598	0.15633	14670	4889.99
2599	0.23488	22041.1	5510.28
2600	0.70593	66244.2	11040.7
