#IID	F_ROH	ROH_length_kB	KBAVG
6551	0.16347	15116	5038.68
6552	0.14654	13550.4	4516.81
6553	0.13846	12803.4	6401.7
6554	0.14603	13503.4	4501.15
6555	0.33192	30691.8	5115.3
6556	0.17085	15797.7	5265.89
6557	0.25540	23616.1	7872.03
6558	0.42901	39669.9	6611.65
6559	0.34701	32087.4	8021.84
6560	0.35683	32995.2	6599.04
6561	0.32497	30049.6	6009.91
6562	0.37562	34732.4	8683.09
6563	0.21175	19580.3	4895.07
6564	0.49565	45831.2	7638.54
6565	0.19639	18159.8	6053.28
6566	0.34563	31959.3	7989.83
6567	0.28909	26731.3	4455.21
6568	0.16329	15098.6	5032.85
6569	0.16768	15505.1	7752.53
6570	0.08957	8282.34	8282.34
6571	0.19711	18226.1	3645.23
6572	0.84931	78533.4	15706.7
6573	0.30520	28221.5	5644.3
6574	0.27010	24975.7	8325.23
6575	0.12380	11447.2	5723.59
6576	0.15206	14060.6	4686.86
6577	0.37130	34333.1	8583.27
6578	0.11713	10831	5415.49
6579	0.05262	4865.25	4865.25
6580	0.52198	48266.3	8044.38
6581	0.20837	19267.8	9633.88
6582	0.44799	41425	6904.16
6583	0.15932	14732.2	4910.73
6584	0.28500	26353.3	13176.7
6585	0.47949	44337.6	8867.51
6586	0.41295	38184.2	7636.84
6587	0.36403	33660.7	4808.67
6588	0.36335	33597.9	6719.58
6589	0.25753	23813.5	11906.7
6590	0.20253	18727.7	18727.7
6591	0.18145	16778.2	8389.1
6592	0.89682	82926.6	41463.3
6593	0.14262	13187.6	6593.79
6594	0.22052	20390.5	4078.1
6595	0.11878	10983.5	5491.77
6596	0.10924	10101.3	5050.67
6597	0.00000	0	0
6598	0.36247	33516.7	11172.2
6599	0.46212	42731.2	8546.24
6600	0.20240	18715.8	6238.61
