#IID	F_ROH	ROH_length_kB	KBAVG
4551	0.56048	51793.6	12948.4
4552	0.18961	17521.7	5840.58
4553	0.42828	39576.7	7915.34
4554	0.18334	16942.3	5647.45
4555	0.16749	15478	3869.51
4556	0.17638	16299.3	8149.65
4557	0.27308	25235	6308.75
4558	0.17177	15873.2	5291.08
4559	0.28293	26145.4	8715.15
4560	0.34353	31745.5	6349.09
4561	0.12849	11873.4	11873.4
4562	0.13393	12376.5	4125.49
4563	0.18248	16862.8	4215.71
4564	0.22980	21236.1	5309.02
4565	0.09011	8326.92	4163.46
4566	0.10591	9786.79	4893.39
4567	0.16541	15285.5	3821.37
4568	0.45020	41602.4	10400.6
4569	0.15844	14641.7	4880.55
4570	0.14088	13018.9	6509.46
4571	0.43688	40371.7	5046.46
4572	0.33072	30561.9	7640.49
4573	0.09556	8830.66	4415.33
4574	0.37506	34659.2	8664.8
4575	0.36588	33810.3	5635.06
4576	0.22360	20662.8	5165.7
4577	0.26403	24399.3	12199.6
4578	0.27660	25560.3	8520.1
4579	0.11310	10451.1	5225.55
4580	0.05192	4797.7	4797.7
4581	0.05088	4701.35	4701.35
4582	0.26244	24251.5	6062.87
4583	0.29948	27674.8	9224.92
4584	0.53503	49441.5	12360.4
4585	0.03180	2938.61	2938.61
4586	0.53417	49361.9	12340.5
4587	0.27315	25241.7	6310.43
4588	0.43565	40258.1	8051.62
4589	0.24758	22879.1	7626.37
4590	0.22739	21013.1	4202.63
4591	0.51453	47547.1	7924.52
4592	0.17176	15872.1	7936.06
4593	0.09835	9088.21	4544.1
4594	0.14357	13266.9	4422.3
4595	0.13380	12364.2	4121.4
4596	0.18258	16872	4218.01
4597	0.21671	20026.4	20026.4
4598	0.07425	6861.72	6861.72
4599	0.55479	51268.1	12817
4600	0.26988	24939.6	8313.21
