#IID	F_ROH	ROH_length_kB	KBAVG
6551	0.21691	20054.4	6684.79
6552	0.32683	30216.2	7554.04
6553	0.45344	41922.2	8384.44
6554	0.14277	13199.4	4399.81
6555	0.27217	25163.5	5032.71
6556	0.38136	35258.1	8814.51
6557	0.35968	33253.8	6650.76
6558	0.32113	29689.8	5937.97
6559	0.26694	24679.3	6169.83
6560	0.33218	30710.9	6142.18
6561	0.22700	20987	6995.68
6562	0.13634	12605.5	4201.84
6563	0.47350	43777.1	14592.4
6564	0.30265	27981.1	13990.5
6565	0.17436	16120.5	16120.5
6566	0.39170	36214.2	12071.4
6567	0.22352	20665.1	10332.6
6568	0.16421	15181.9	7590.96
6569	0.53135	49125.2	7017.89
6570	0.33239	30730.3	10243.4
6571	0.30476	28175.9	4695.98
6572	0.22506	20807.3	6935.76
6573	0.10846	10027.1	5013.56
6574	0.48624	44954.9	8990.98
6575	0.44590	41225.4	8245.07
6576	0.24915	23034.9	4606.99
6577	0.49855	46092.6	9218.52
6578	0.43861	40550.7	10137.7
6579	0.14616	13512.7	4504.24
6580	0.38011	35142.6	5857.11
6581	0.27264	25206.2	12603.1
6582	0.28258	26125.2	13062.6
6583	0.13859	12813.1	4271.04
6584	0.48353	44704.4	11176.1
6585	0.23254	21499.3	10749.7
6586	0.47820	44211.3	14737.1
6587	0.33692	31149.4	10383.1
6588	0.43617	40325.7	8065.15
6589	0.03758	3474.38	3474.38
6590	0.07683	7103.67	3551.83
6591	0.23277	21520.2	7173.41
6592	0.48394	44741.8	8948.37
6593	0.07831	7240.45	3620.22
6594	0.09525	8805.96	4402.98
6595	0.48167	44532	14844
6596	0.40210	37175.6	12391.9
6597	0.23142	21395.9	7131.97
6598	0.14163	13094.3	13094.3
6599	0.56312	52062.5	7437.5
6600	0.36021	33302.9	6660.58
