#IID	F_ROH	ROH_length_kB	KBAVG
4551	0.14243	13382.5	4460.83
4552	0.28190	26486.4	8828.79
4553	0.28786	27046.4	9015.46
4554	0.17769	16695	5564.99
4555	0.15817	14861.3	7430.63
4556	0.25754	24197.6	6049.4
4557	0.30745	28886.9	7221.73
4558	0.15997	15030.1	7515.07
4559	0.17916	16833.3	8416.65
4560	0.23150	21750.4	5437.59
4561	0.88355	83014.2	41507.1
4562	0.28286	26576.7	8858.92
4563	0.20718	19465.6	6488.52
4564	0.24187	22725.3	7575.1
4565	0.11099	10428.5	5214.27
4566	0.83120	78096.1	19524
4567	0.28544	26818.6	8939.53
4568	0.26634	25024.2	6256.05
4569	0.36720	34500.5	8625.12
4570	0.38727	36385.8	7277.16
4571	0.42820	40231.5	10057.9
4572	0.53430	50200.7	25100.4
4573	0.24973	23463.3	5865.82
4574	0.18833	17694.2	5898.06
4575	0.19338	18169.3	6056.43
4576	0.35161	33035.6	6607.11
4577	0.30043	28227.4	14113.7
4578	0.28305	26594.6	5318.91
4579	0.11233	10554.2	10554.2
4580	0.38579	36247.6	7249.51
4581	0.27403	25746.7	6436.67
4582	0.07470	7018.17	7018.17
4583	0.07277	6837.23	3418.62
4584	0.26701	25087.5	5017.49
4585	0.20654	19405.8	9702.9
4586	0.34646	32551.6	16275.8
4587	0.04905	4608.64	4608.64
4588	0.16124	15149.7	5049.9
4589	0.77286	72614.3	36307.2
4590	0.13692	12864	6432
4591	0.08924	8384.61	4192.31
4592	0.05915	5557.08	5557.08
4593	0.49570	46573.9	9314.77
4594	0.07861	7385.91	3692.95
4595	0.04773	4484.51	4484.51
4596	0.24609	23121.5	7707.16
4597	0.13397	12587.7	6293.83
4598	0.16412	15420.1	5140.03
4599	0.16243	15261.3	3815.33
4600	0.11108	10436.3	10436.3
