#IID	F_ROH	ROH_length_kB	KBAVG
12551	0.55504	52107.2	13026.8
12552	0.05211	4891.7	4891.7
12553	0.06739	6327.01	6327.01
12554	0.25646	24076.2	8025.4
12555	0.31263	29349.8	7337.44
12556	0.17196	16143.3	8071.64
12557	0.35010	32867.7	10955.9
12558	0.25118	23580.8	11790.4
12559	0.17355	16293.2	8146.62
12560	0.29965	28130.8	7032.7
12561	0.36377	34150.6	11383.5
12562	0.13872	13022.7	6511.33
12563	0.16619	15602.3	5200.78
12564	0.39529	37109.7	9277.42
12565	0.36305	34082.8	5680.46
12566	0.08161	7661.44	3830.72
12567	0.23230	21808.3	5452.08
12568	0.31857	29906.9	7476.72
12569	0.54327	51002.2	10200.4
12570	0.20081	18851.7	9425.84
12571	0.35941	33741.8	8435.44
12572	0.28529	26783	8927.67
12573	0.56845	53366.3	8894.39
12574	0.00000	0	0
12575	0.45941	43129.3	14376.4
12576	0.39758	37324.6	7464.91
12577	0.60149	56467.4	18822.5
12578	0.29410	27610.4	9203.46
12579	0.39973	37527	9381.75
12580	0.40858	38357.5	9589.37
12581	0.25661	24090.8	6022.69
12582	0.17257	16200.8	8100.41
12583	0.16829	15798.7	5266.22
12584	0.29464	27660.4	5532.08
12585	0.46653	43798	8759.6
12586	0.22212	20852.2	10426.1
12587	0.37978	35653.8	5942.29
12588	0.28575	26826	8942
12589	0.12663	11887.9	5943.96
12590	0.33383	31340.2	5223.36
12591	0.30294	28440.3	7110.09
12592	0.19206	18030.9	6010.29
12593	0.33504	31453.1	6290.62
12594	0.00000	0	0
12595	0.13480	12654.7	12654.7
12596	0.17867	16773.6	16773.6
12597	0.45996	43181.1	8636.23
12598	0.19138	17966.5	5988.83
12599	0.45702	42904.7	8580.93
12600	0.23214	21793.2	7264.41
