#IID	F_ROH	ROH_length_kB	KBAVG
2551	0.17852	16747	4186.76
2552	0.20532	19260.7	4815.17
2553	0.43938	41218.4	6869.73
2554	0.33921	31821.8	6364.37
2555	0.12233	11475.4	3825.13
2556	0.53747	50419.9	10084
2557	0.23343	21897.8	4379.56
2558	0.35905	33682.4	6736.48
2559	0.74355	69753	17438.3
2560	0.53754	50426.8	10085.4
2561	0.13553	12714	6357.02
2562	0.34391	32262.4	8065.61
2563	0.19863	18633.5	4658.39
2564	0.39769	37307.3	5329.61
2565	0.41794	39207.4	7841.49
2566	0.55753	52301.9	8716.99
2567	0.26404	24769.5	6192.37
2568	0.44119	41387.8	13795.9
2569	0.21655	20314.4	4062.87
2570	0.16074	15079.3	5026.43
2571	0.18959	17785.1	5928.35
2572	0.30757	28852.8	5770.56
2573	0.23738	22268.3	5567.07
2574	0.20681	19400.8	6466.95
2575	0.24949	23405.1	7801.71
2576	0.75784	71093.1	23697.7
2577	0.22661	21258.3	4251.67
2578	0.38715	36318.8	7263.76
2579	0.29249	27439	4573.16
2580	0.06612	6202.36	6202.36
2581	0.23175	21740.1	4348.02
2582	0.19379	18179.4	6059.81
2583	0.31116	29189.7	9729.91
2584	0.37473	35153.1	5021.87
2585	0.34222	32103.5	5350.58
2586	0.18514	17367.9	5789.29
2587	0.37179	34877.7	8719.43
2588	0.16851	15807.8	5269.28
2589	0.04093	3839.55	3839.55
2590	0.43465	40774.9	5096.86
2591	0.18897	17727.5	4431.89
2592	0.23262	21821.9	7273.98
2593	0.20968	19670.4	4917.59
2594	0.28563	26795.5	6698.86
2595	0.35366	33177.1	5529.51
2596	0.25930	24325.1	8108.37
2597	0.37772	35433.7	7086.73
2598	0.42974	40314.1	6719.02
2599	0.34034	31927.2	7981.8
2600	0.30296	28421.1	7105.28
