#IID	F_ROH	ROH_length_kB	KBAVG
2551	0.17532	16209.3	5403.1
2552	0.17228	15928.8	5309.6
2553	0.08282	7657.39	3828.69
2554	0.27305	25245.1	5049.03
2555	0.11866	10970.9	3656.97
2556	0.05262	4865.41	2432.71
2557	0.00000	0	0
2558	0.14547	13449.6	13449.6
2559	0.15474	14306.3	4768.76
2560	0.37659	34818.5	5803.09
2561	0.20177	18654.6	3730.91
2562	0.20291	18760.5	6253.51
2563	0.27718	25626.7	6406.67
2564	0.08405	7771	3885.5
2565	0.13262	12261.7	6130.85
2566	0.20024	18513.7	4628.44
2567	0.41399	38275.9	6379.31
2568	0.33904	31346.4	6269.28
2569	0.17680	16346.3	4086.57
2570	0.21374	19761.5	6587.16
2571	0.14378	13293.6	6646.79
2572	0.34700	32082.1	8020.53
2573	0.21707	20069.3	10034.7
2574	0.28361	26221.5	8740.5
2575	0.29996	27733	9244.33
2576	0.08355	7725.12	3862.56
2577	0.38038	35168.8	8792.2
2578	0.09491	8774.8	4387.4
2579	0.19134	17690.3	8845.14
2580	0.40359	37314.1	6219.02
2581	0.12115	11201.3	5600.67
2582	0.27278	25220.5	4203.41
2583	0.33099	30602.2	7650.56
2584	0.23559	21782.2	7260.75
2585	0.22487	20790.8	10395.4
2586	0.21313	19705.6	4926.41
2587	0.07183	6640.8	3320.4
2588	0.27362	25297.9	5059.58
2589	0.08190	7571.95	3785.98
2590	0.45252	41838	8367.61
2591	0.51945	48026	9605.19
2592	0.22575	20872.4	10436.2
2593	0.35226	32569	6513.81
2594	0.37740	34893.2	6978.64
2595	0.21211	19610.5	19610.5
2596	0.20732	19167.9	6389.3
2597	0.29911	27654.3	4609.05
2598	0.13621	12593.6	6296.78
2599	0.05849	5407.45	2703.72
2600	0.44196	40862.4	6810.41
