#IID	F_ROH	ROH_length_kB	KBAVG
4551	0.16093	15117.7	7558.83
4552	0.25921	24350.1	6087.52
4553	0.43243	40621.6	8124.32
4554	0.31344	29444.1	9814.69
4555	0.19725	18529.7	4632.42
4556	0.24107	22645.3	11322.6
4557	0.26117	24534.2	6133.56
4558	0.14057	13204.6	6602.3
4559	0.36402	34194.9	6838.98
4560	0.43488	40852.2	10213
4561	0.22951	21560.2	5390.06
4562	0.18286	17177.2	4294.31
4563	0.37437	35167.6	8791.91
4564	0.10249	9628.17	4814.08
4565	0.18711	17576.6	5858.88
4566	0.15667	14717.4	4905.81
4567	0.17740	16664.4	5554.78
4568	0.40314	37870.4	6311.74
4569	0.17186	16144.3	4036.07
4570	0.36260	34062	6812.4
4571	0.09148	8593.8	4296.9
4572	0.21836	20511.9	10255.9
4573	0.30365	28524.7	5704.94
4574	0.76840	72182.3	36091.2
4575	0.16495	15494.9	5164.98
4576	0.14413	13539.1	6769.53
4577	0.19953	18743.5	9371.73
4578	0.22497	21133.3	7044.44
4579	0.24248	22777.8	5694.46
4580	0.09223	8664.07	4332.03
4581	0.44397	41705.4	10426.3
4582	0.21379	20082.6	6694.19
4583	0.30455	28608.6	5721.71
4584	0.39130	36757.9	18378.9
4585	0.48553	45609.4	45609.4
4586	0.22885	21497.8	7165.95
4587	0.46711	43879.8	8775.96
4588	0.48657	45707.8	15235.9
4589	0.21700	20384.8	5096.21
4590	0.45310	42563.8	8512.75
4591	0.26279	24686	6171.49
4592	0.22094	20754.5	4150.9
4593	0.24482	22997.9	5749.49
4594	0.28770	27026.3	9008.78
4595	0.21003	19730	4932.5
4596	0.18769	17631	8815.48
4597	0.25682	24125.5	8041.82
4598	0.22510	21145.5	7048.5
4599	0.51821	48680	12170
4600	0.34022	31959.2	10653.1
