#IID	F_ROH	ROH_length_kB	KBAVG
2551	0.61199	56576.9	9429.49
2552	0.66606	61576.1	10262.7
2553	0.47344	43768.8	14589.6
2554	0.49023	45320.8	9064.17
2555	0.37587	34748.3	6949.66
2556	0.27596	25512.1	5102.41
2557	0.53427	49392.1	8232.01
2558	0.46415	42910	8581.99
2559	0.31887	29478.7	5895.75
2560	0.46888	43347.4	7224.57
2561	0.55714	51506.6	10301.3
2562	0.46546	43031.1	10757.8
2563	0.58563	54140.1	6767.51
2564	0.71863	66435.7	13287.1
2565	0.54274	50175.6	6271.95
2566	0.56043	51810.2	6476.27
2567	0.36099	33372.6	6674.52
2568	0.42102	38922	6487
2569	0.64337	59477.9	9912.98
2570	0.46607	43087.2	8617.44
2571	0.66443	61425.6	10237.6
2572	0.57359	53027.3	8837.88
2573	0.58632	54204	7743.43
2574	0.55824	51608.3	12902.1
2575	0.51248	47377.5	7896.24
2576	0.59975	55446.1	7920.87
2577	0.36667	33898	5649.66
2578	0.55642	51439.8	8573.3
2579	0.47031	43479.4	10869.8
2580	0.45854	42391.2	6055.88
2581	0.55714	51506.6	10301.3
2582	0.50759	46926	7821.01
2583	0.36839	34057.2	6811.45
2584	0.58409	53998.2	6749.77
2585	0.54134	50046.1	8341.02
2586	0.41763	38608.7	9652.18
2587	0.69702	64437.7	16109.4
2588	0.56671	52391.3	8731.88
2589	0.39372	36398.4	6066.4
2590	0.36687	33916.6	11305.5
2591	0.46189	42701	10675.2
2592	0.37917	35053.5	5842.25
2593	0.36539	33779.5	6755.89
2594	0.63948	59118.5	8445.5
2595	0.66851	61802	15450.5
2596	0.33469	30941.4	6188.28
2597	0.61176	56555.7	11311.1
2598	0.39192	36232.2	7246.44
2599	0.44360	41009.9	6834.98
2600	0.36852	34068.7	5678.12
