#IID	F_ROH	ROH_length_kB	KBAVG
4551	0.25792	24239.1	4847.82
4552	0.27000	25374.8	6343.69
4553	0.35243	33121.7	6624.34
4554	0.32845	30868.2	7717.05
4555	0.32623	30659.2	15329.6
4556	0.28493	26777.8	13388.9
4557	0.36937	34713.8	6942.76
4558	0.32525	30567.3	6113.46
4559	0.16343	15359.4	7679.71
4560	0.37322	35075.9	7015.18
4561	0.14705	13819.8	6909.89
4562	0.05994	5632.84	5632.84
4563	0.33181	31183.9	7795.97
4564	0.22842	21467.4	7155.81
4565	0.29110	27358	9119.34
4566	0.30377	28548.1	28548.1
4567	0.44762	42067.4	14022.5
4568	0.48285	45378.2	11344.6
4569	0.40057	37645.5	9411.36
4570	0.27018	25391.8	8463.92
4571	0.36108	33934.5	11311.5
4572	0.34529	32450.2	10816.7
4573	0.22421	21071.5	7023.83
4574	0.39858	37458.5	7491.7
4575	0.58598	55070.6	18356.9
4576	0.25243	23723.6	11861.8
4577	0.37125	34890.8	11630.3
4578	0.13905	13068.2	6534.11
4579	0.55717	52363.7	6545.46
4580	0.22052	20724.2	6908.08
4581	0.18777	17647	8823.52
4582	0.28149	26454.3	13227.2
4583	0.35384	33253.8	6650.76
4584	0.40798	38342.6	12780.9
4585	0.29513	27737	9245.67
4586	0.43404	40791.5	10197.9
4587	0.27298	25655	8551.67
4588	0.48512	45591.6	7598.6
4589	0.43429	40815	10203.7
4590	0.40393	37961.2	12653.7
4591	0.10198	9584.25	9584.25
4592	0.25801	24248.2	6062.05
4593	0.39459	37084.1	9271.03
4594	0.55975	52605.4	17535.1
4595	0.25732	24183.6	8061.19
4596	0.29043	27294.9	5458.97
4597	0.31653	29747.9	5949.58
4598	0.58272	54764.7	27382.3
4599	0.25045	23537.4	5884.34
4600	0.18317	17214.5	8607.23
