#IID	F_ROH	ROH_length_kB	KBAVG
14551	0.38532	35624.1	5937.35
14552	0.50431	46624.7	11656.2
14553	0.48520	44857.5	8971.49
14554	0.20664	19104.7	6368.24
14555	0.34201	31619.6	6323.93
14556	0.20112	18594.1	6198.03
14557	0.28325	26186.8	6546.71
14558	0.19825	18328.5	9164.27
14559	0.33171	30667.7	10222.6
14560	0.11710	10826	5413.01
14561	0.16723	15460.8	5153.59
14562	0.47150	43591.3	6227.33
14563	0.25285	23377	11688.5
14564	0.18227	16851.4	4212.85
14565	0.30167	27889.7	6972.42
14566	0.34191	31610.4	5268.4
14567	0.30777	28454	9484.66
14568	0.46634	43114.5	7185.75
14569	0.30490	28188.7	7047.18
14570	0.44328	40981.8	6830.29
14571	0.77927	72045.1	18011.3
14572	0.26123	24151	6037.74
14573	0.12248	11324	5662.02
14574	0.43741	40439.4	8087.89
14575	0.23163	21414.5	7138.18
14576	0.48717	45040	5629.99
14577	0.18226	16850.1	8425.06
14578	0.21868	20217.3	5054.34
14579	0.24934	23052.2	7684.07
14580	0.30934	28599.2	5719.85
14581	0.38573	35661.6	11887.2
14582	0.14643	13537.5	6768.76
14583	0.48505	44843.6	8968.71
14584	0.26217	24238.1	12119.1
14585	0.16621	15366.4	7683.19
14586	0.08212	7592.13	7592.13
14587	0.40060	37036.5	9259.14
14588	0.42085	38908.6	9727.16
14589	0.22917	21187	7062.34
14590	0.24688	22824.2	4564.84
14591	0.76937	71129.9	17782.5
14592	0.25465	23543.1	7847.69
14593	0.11096	10258.9	5129.44
14594	0.21076	19485.1	9742.55
14595	0.12048	11138.9	5569.44
14596	0.44281	40938.6	8187.72
14597	0.21018	19431.4	9715.7
14598	0.50389	46586.1	9317.23
14599	0.28812	26637.3	6659.31
14600	0.52508	48544.6	8090.77
