#IID	F_ROH	ROH_length_kB	KBAVG
4551	0.22240	20855.1	5213.77
4552	0.10953	10271	5135.49
4553	0.36822	34528.9	6905.79
4554	0.27333	25630.6	8543.52
4555	0.30923	28996.9	7249.22
4556	0.45275	42456	14152
4557	0.13358	12525.9	6262.96
4558	0.36376	34111	8527.74
4559	0.34333	32195.4	8048.85
4560	0.42924	40250.9	10062.7
4561	0.06723	6304.35	6304.35
4562	0.28362	26596.1	6649.02
4563	0.24273	22761.3	4552.27
4564	0.40585	38057.7	7611.55
4565	0.29977	28110	7027.49
4566	0.14376	13480.3	4493.44
4567	0.21288	19962.1	6654.02
4568	0.49585	46496.8	7749.46
4569	0.35255	33060	11020
4570	0.35887	33651.8	8412.96
4571	0.30403	28509.5	5701.9
4572	0.36170	33917.8	6783.55
4573	0.08866	8313.81	4156.91
4574	0.35143	32955	8238.76
4575	0.30707	28794.7	7198.68
4576	0.29780	27925.4	6981.34
4577	0.16158	15151.7	5050.58
4578	0.25905	24291.6	8097.21
4579	0.15126	14184.4	7092.21
4580	0.20824	19527	6509
4581	0.19997	18751.8	6250.61
4582	0.33632	31537.8	15768.9
4583	0.26561	24907	12453.5
4584	0.20890	19588.8	9794.42
4585	0.77976	73120.1	24373.4
4586	0.56555	53032.9	17677.6
4587	0.12590	11805.6	5902.8
4588	0.25712	24111.2	4822.25
4589	0.35755	33528.3	8382.08
4590	0.15333	14377.9	4792.64
4591	0.09819	9207.28	4603.64
4592	0.24771	23228.5	5807.12
4593	0.51496	48289.2	9657.83
4594	0.15271	14320.1	7160.03
4595	0.40594	38065.9	9516.48
4596	0.27539	25823.9	5164.78
4597	0.31782	29802.5	7450.62
4598	0.38817	36399.7	12133.2
4599	0.49046	45991.9	11498
4600	0.22221	20837.2	5209.31
