#IID	F_ROH	ROH_length_kB	KBAVG
8551	0.22765	21391	7130.33
8552	0.22414	21061.6	7020.52
8553	0.44815	42110.9	10527.7
8554	0.27334	25684.3	8561.43
8555	0.25481	23942.8	7980.94
8556	0.35750	33592.2	8398.05
8557	0.35400	33263.5	8315.88
8558	0.44759	42057.6	8411.53
8559	0.31153	29273.3	5854.67
8560	0.32642	30672.5	7668.13
8561	0.47119	44275.4	8855.08
8562	0.28528	26806.3	6701.56
8563	0.41473	38969.9	9742.48
8564	0.20418	19186	4796.49
8565	0.31770	29852.4	14926.2
8566	0.38781	36440.5	7288.1
8567	0.23996	22547.9	4509.59
8568	0.28892	27148	5429.59
8569	0.39752	37352.6	7470.52
8570	0.38146	35844.1	8961.02
8571	0.59859	56246.2	14061.5
8572	0.18847	17709.9	5903.3
8573	0.13523	12707	6353.5
8574	0.26447	24851.3	6212.84
8575	0.41694	39177.6	6529.6
8576	0.19531	18351.9	9175.95
8577	0.23285	21880.2	4376.03
8578	0.22550	21189.1	5297.28
8579	0.21337	20049.8	5012.44
8580	0.38325	36012.5	18006.3
8581	0.23750	22316.3	7438.77
8582	0.19220	18059.7	6019.89
8583	0.51311	48214.1	12053.5
8584	0.30941	29073.8	7268.45
8585	0.16868	15850.3	5283.42
8586	0.36774	34554.4	4936.34
8587	0.41192	38706.2	6451.03
8588	0.14941	14038.9	4679.62
8589	0.12911	12131.5	6065.75
8590	0.18179	17082.1	5694.05
8591	0.40027	37611.6	9402.91
8592	0.11078	10409.4	5204.7
8593	0.22768	21393.6	5348.41
8594	0.27664	25994.1	6498.53
8595	0.09275	8715.43	8715.43
8596	0.36891	34664.7	11554.9
8597	0.20117	18902.5	9451.25
8598	0.37482	35220.2	5870.03
8599	0.39662	37268.7	6211.46
8600	0.12164	11429.9	5714.94
