#IID	F_ROH	ROH_length_kB	KBAVG
2551	0.19808	18597.5	6199.17
2552	0.17860	16769.2	4192.31
2553	0.13649	12815.3	4271.75
2554	0.21865	20529.5	4105.9
2555	0.15184	14256.5	14256.5
2556	0.18228	17114.1	5704.7
2557	0.06264	5881.18	2940.59
2558	0.16196	15206.5	5068.84
2559	0.08718	8185.68	4092.84
2560	0.11429	10730.7	3576.91
2561	0.22080	20730.8	6910.27
2562	0.16636	15619.8	5206.59
2563	0.29032	27258.8	5451.77
2564	0.14090	13229.5	4409.82
2565	0.41562	39022.6	9755.64
2566	0.11535	10830.4	5415.18
2567	0.24775	23261.2	5815.31
2568	0.12455	11694.2	5847.11
2569	0.21909	20570.1	5142.53
2570	0.24061	22590.9	5647.73
2571	0.40928	38427.8	9606.95
2572	0.22281	20920.2	6973.41
2573	0.25830	24251.7	8083.91
2574	0.22747	21356.9	5339.21
2575	0.13830	12985.1	6492.55
2576	0.43614	40949.7	13649.9
2577	0.28364	26630.8	6657.69
2578	0.07367	6916.49	3458.24
2579	0.10591	9943.59	4971.8
2580	0.15365	14426.1	7213.07
2581	0.11187	10503.6	5251.81
2582	0.17093	16048.8	8024.42
2583	0.07802	7324.94	3662.47
2584	0.26451	24835.2	6208.81
2585	0.14677	13780.2	4593.41
2586	0.25040	23510.7	5877.67
2587	0.08464	7946.58	3973.29
2588	0.32139	30175.2	6035.03
2589	0.13465	12642.3	6321.15
2590	0.16159	15171.7	5057.22
2591	0.27259	25594	6398.51
2592	0.37049	34785.8	8696.45
2593	0.17347	16287.1	4071.78
2594	0.18826	17675.9	4418.96
2595	0.14262	13390.9	4463.64
2596	0.44791	42054.5	10513.6
2597	0.13378	12560.3	4186.76
2598	0.28437	26699.4	13349.7
2599	0.10802	10141.8	5070.9
2600	0.18383	17260	8629.98
