#IID	F_ROH	ROH_length_kB	KBAVG
6551	0.62180	57466.1	28733
6552	0.29366	27139.4	5427.87
6553	0.42122	38928.8	9732.2
6554	0.24131	22301.3	22301.3
6555	0.37721	34861	6972.2
6556	0.65266	60318.1	6702.01
6557	0.41810	38640.1	6440.01
6558	0.36838	34045.4	6809.08
6559	0.27862	25749.7	25749.7
6560	0.33523	30981.6	6196.32
6561	0.32535	30068	10022.7
6562	0.43639	40330.9	6721.81
6563	0.58748	54294.1	10858.8
6564	0.48063	44418.8	6345.55
6565	0.33197	30680.5	6136.11
6566	0.37167	34349.2	6869.83
6567	0.21182	19575.9	4893.99
6568	0.53306	49264.5	9852.9
6569	0.46708	43166.8	7194.47
6570	0.60968	56345.7	9390.95
6571	0.24077	22251.5	7417.16
6572	0.41373	38236	12745.3
6573	0.23389	21615.6	7205.2
6574	0.34265	31667.1	6333.43
6575	0.33897	31327.3	10442.4
6576	0.33625	31076.1	15538.1
6577	0.84555	78144.7	19536.2
6578	0.22649	20931.8	6977.25
6579	0.39114	36148.2	4518.53
6580	0.50317	46502.5	7750.41
6581	0.33861	31293.4	7823.36
6582	0.66503	61460.7	15365.2
6583	0.49416	45669.4	11417.4
6584	0.55314	51120.2	8520.03
6585	0.31762	29354	9784.65
6586	0.47256	43673.4	14557.8
6587	0.35056	32398.4	6479.67
6588	0.38093	35204.8	8801.21
6589	0.24360	22513.1	4502.61
6590	0.27879	25765.5	8588.49
6591	0.56675	52378.2	7482.6
6592	0.50405	46583.4	9316.68
6593	0.50247	46437.5	9287.5
6594	0.49467	45716.3	6530.9
6595	0.32291	29843.2	5968.64
6596	0.38218	35320.8	5886.8
6597	0.37901	35027.8	5837.97
6598	0.40880	37781.1	12593.7
6599	0.46541	43012.3	7168.71
6600	0.45372	41932.5	6988.74
