#IID	F_ROH	ROH_length_kB	KBAVG
8551	0.03438	3221.11	3221.11
8552	0.16863	15800.5	5266.85
8553	0.17792	16671.1	8335.55
8554	0.40990	38406.5	12802.2
8555	0.26263	24607.9	6151.98
8556	0.29533	27672.1	5534.43
8557	0.48541	45481.3	22740.7
8558	0.26280	24623.9	8207.97
8559	0.25667	24049.3	6012.33
8560	0.35258	33035.6	5505.93
8561	0.25185	23598	7865.99
8562	0.34677	32491.9	8122.99
8563	0.23468	21988.6	10994.3
8564	0.31386	29408.3	9802.78
8565	0.25169	23582.3	5895.57
8566	0.32505	30456.6	10152.2
8567	0.21480	20126.6	6708.88
8568	0.20456	19166.5	19166.5
8569	0.28468	26673.9	6668.47
8570	0.50417	47239.9	9447.98
8571	0.21972	20587.1	6862.37
8572	0.18139	16995.8	4248.94
8573	0.26013	24373.2	4062.2
8574	0.08890	8330.01	4165.01
8575	0.21778	20405.6	10202.8
8576	0.11063	10366	5183.01
8577	0.35215	32995.8	8248.94
8578	0.23109	21652.4	7217.45
8579	0.17874	16747.2	5582.41
8580	0.08795	8240.34	4120.17
8581	0.09719	9106.22	4553.11
8582	0.34091	31942.2	6388.43
8583	0.61523	57645.2	9607.54
8584	0.30682	28748.1	7187.03
8585	0.13409	12563.8	6281.89
8586	0.23589	22102.3	7367.44
8587	0.52154	48867.3	16289.1
8588	0.06638	6219.67	3109.84
8589	0.27145	25434.4	6358.6
8590	0.10597	9928.78	4964.39
8591	0.30857	28912.7	7228.18
8592	0.29935	28048.4	14024.2
8593	0.32133	30108.2	6021.64
8594	0.00000	0	0
8595	0.11207	10500.7	5250.37
8596	0.20221	18947	4736.74
8597	0.18174	17029	5676.33
8598	0.22719	21286.8	7095.59
8599	0.22115	20721.6	6907.19
8600	0.23890	22384.7	7461.58
