#IID	F_ROH	ROH_length_kB	KBAVG
4551	0.16544	15540	3885
4552	0.35132	32999.6	5499.94
4553	0.29018	27256.5	13628.3
4554	0.20279	19048.2	6349.4
4555	0.44022	41349.4	5907.06
4556	0.33771	31720.6	4531.52
4557	0.36073	33883.4	6776.68
4558	0.07717	7248.67	3624.34
4559	0.16868	15843.7	5281.23
4560	0.32248	30290	7572.5
4561	0.25643	24086.1	6021.52
4562	0.17697	16622.9	5540.98
4563	0.25729	24167.4	8055.82
4564	0.55087	51742.4	12935.6
4565	0.28654	26914.2	4485.7
4566	0.14950	14042.6	4680.87
4567	0.35669	33504.1	5584.02
4568	0.32681	30697.3	6139.46
4569	0.40259	37814.7	9453.66
4570	0.47843	44938.7	44938.7
4571	0.27160	25510.8	5102.17
4572	0.38671	36323.3	7264.66
4573	0.09917	9314.9	4657.45
4574	0.17732	16655.5	8327.76
4575	0.23272	21859	7286.35
4576	0.24672	23174.7	7724.9
4577	0.17420	16362.6	5454.19
4578	0.38802	36446.4	9111.59
4579	0.33358	31333.3	6266.66
4580	0.10101	9487.33	9487.33
4581	0.16103	15125.1	5041.69
4582	0.05581	5242.54	5242.54
4583	0.21379	20080.7	6693.57
4584	0.20556	19308.4	9654.18
4585	0.12599	11834.2	5917.09
4586	0.38249	35927.4	7185.48
4587	0.23124	21719.8	4343.97
4588	0.28584	26849	6712.25
4589	0.37946	35642.2	5940.36
4590	0.13044	12252.2	4084.07
4591	0.42780	40183.1	10045.8
4592	0.11866	11145.4	5572.71
4593	0.19872	18665.2	4666.29
4594	0.40882	38400	7680.01
4595	0.25730	24168.2	6042.05
4596	0.77645	72931.1	24310.4
4597	0.32250	30291.8	10097.3
4598	0.23446	22022.9	7340.96
4599	0.22083	20742.2	10371.1
4600	0.23153	21747.3	5436.82
