#IID	F_ROH	ROH_length_kB	KBAVG
10551	0.09126	8576.29	4288.15
10552	0.00000	0	0
10553	0.33084	31091.7	7772.91
10554	0.13623	12803.1	6401.56
10555	0.31700	29791.6	7447.91
10556	0.14450	13580	4526.68
10557	0.47610	44743.9	11186
10558	0.14146	13294.5	6647.25
10559	0.16556	15559.1	7779.57
10560	0.26966	25342.6	8447.55
10561	0.17685	16619.8	5539.93
10562	0.35158	33041.6	33041.6
10563	0.04395	4130.71	4130.71
10564	0.24389	22920.9	5730.23
10565	0.29751	27960	9320
10566	0.31038	29169.7	7292.42
10567	0.09734	9147.72	4573.86
10568	0.19260	18100.4	6033.46
10569	0.09814	9222.7	4611.35
10570	0.11802	11091.1	3697.03
10571	0.20440	19209.8	9604.9
10572	0.18790	17658.7	5886.24
10573	0.37730	35458	8864.5
10574	0.57830	54348.5	13587.1
10575	0.13909	13071.9	6535.97
10576	0.27111	25478.5	5095.71
10577	0.48396	45482.4	11370.6
10578	0.21533	20236.7	5059.17
10579	0.18505	17391.2	8695.61
10580	0.24948	23446.4	7815.48
10581	0.08695	8171.55	4085.78
10582	0.36430	34236.6	6847.31
10583	0.07549	7094.2	7094.2
10584	0.16092	15122.9	7561.46
10585	0.19517	18342.3	9171.15
10586	0.13105	12315.6	6157.82
10587	0.39838	37439.7	9359.93
10588	0.67976	63883.8	21294.6
10589	0.35755	33602.1	11200.7
10590	0.33487	31470.9	10490.3
10591	0.31846	29929	9976.33
10592	0.15755	14806.3	4935.45
10593	0.14560	13683.3	6841.65
10594	0.29064	27314.3	9104.76
10595	0.04889	4594.84	4594.84
10596	0.19991	18787.5	6262.49
10597	0.36572	34370	6874
10598	0.17853	16778.3	5592.75
10599	0.28269	26566.6	6641.64
10600	0.16693	15687.8	5229.28
