#IID	F_ROH	ROH_length_kB	KBAVG
2551	0.16407	15421	7710.48
2552	0.19543	18368.6	9184.31
2553	0.00000	0	0
2554	0.33448	31438.6	10479.5
2555	0.23529	22115.9	7371.98
2556	0.50828	47774.4	15924.8
2557	0.09622	9044.32	4522.16
2558	0.23030	21646.8	5411.7
2559	0.10177	9565.33	4782.67
2560	0.27796	26126.3	6531.56
2561	0.18335	17233.4	8616.71
2562	0.08589	8073.17	4036.58
2563	0.26983	25361.7	6340.42
2564	0.19815	18624.9	4656.23
2565	0.16290	15311.7	7655.87
2566	0.16715	15711	7855.52
2567	0.20483	19252.6	6417.53
2568	0.22417	21070	7023.35
2569	0.03840	3609.04	3609.04
2570	0.54086	50836.6	25418.3
2571	0.15462	14533.5	14533.5
2572	0.33867	31832.6	10610.9
2573	0.46093	43324.5	14441.5
2574	0.27842	26169.9	8723.29
2575	0.00000	0	0
2576	0.23219	21824.2	7274.74
2577	0.03840	3609.04	3609.04
2578	0.30465	28635.3	7158.83
2579	0.39075	36728.1	12242.7
2580	0.45333	42609.4	10652.4
2581	0.77472	72817.8	24272.6
2582	0.13780	12952.4	6476.19
2583	0.21866	20552.9	5138.21
2584	0.28208	26513.9	8837.97
2585	0.22812	21441.3	10720.6
2586	0.22454	21105.2	7035.07
2587	0.03840	3609.04	3609.04
2588	0.12932	12154.9	4051.64
2589	0.24100	22651.8	7550.6
2590	0.08417	7911.16	3955.58
2591	0.59167	55613	27806.5
2592	0.21644	20343.4	5085.85
2593	0.47255	44416.1	14805.4
2594	0.19733	18547.9	9273.95
2595	0.15403	14478	7238.99
2596	0.58438	54927.5	18309.2
2597	0.35433	33304.4	5550.73
2598	0.34762	32673.8	10891.3
2599	0.19647	18466.4	4616.61
2600	0.27181	25547.8	8515.93
