#IID	F_ROH	ROH_length_kB	KBAVG
2551	0.15345	14384.7	4794.92
2552	0.19067	17873.6	4468.4
2553	0.09067	8499.73	8499.73
2554	0.28496	26712	5342.4
2555	0.37119	34795.7	8698.92
2556	0.04049	3795.1	3795.1
2557	0.20807	19504.1	4876.03
2558	0.15341	14381.1	3595.28
2559	0.28814	27009.8	9003.25
2560	0.12822	12019.2	6009.6
2561	0.05061	4744.31	4744.31
2562	0.06424	6021.59	6021.59
2563	0.25156	23581.5	5895.37
2564	0.11519	10798.3	5399.14
2565	0.26213	24572.4	12286.2
2566	0.21662	20305.8	5076.45
2567	0.22260	20866.7	10433.4
2568	0.13890	13020.5	6510.25
2569	0.13308	12475	6237.5
2570	0.13406	12567.1	6283.56
2571	0.13818	12953.1	6476.53
2572	0.12230	11464.4	3821.47
2573	0.09364	8778.02	4389.01
2574	0.64287	60262.9	20087.6
2575	0.07915	7419.11	3709.56
2576	0.07110	6664.51	6664.51
2577	0.04619	4330.31	4330.31
2578	0.10666	9998.71	4999.35
2579	0.18009	16882.1	5627.36
2580	0.24627	23085.3	11542.6
2581	0.20567	19279.2	6426.4
2582	0.30421	28516.4	5703.29
2583	0.31230	29275.4	9758.47
2584	0.22369	20968.8	6989.59
2585	0.26507	24847.9	8282.64
2586	0.00000	0	0
2587	0.11626	10897.8	10897.8
2588	0.41433	38839.3	6473.21
2589	0.21376	20038	6679.34
2590	0.21319	19984.8	3996.96
2591	0.55024	51579.2	25789.6
2592	0.40539	38001.5	7600.29
2593	0.39311	36850.2	12283.4
2594	0.13272	12441.5	12441.5
2595	0.39981	37478.4	9369.61
2596	0.12643	11851.1	3950.36
2597	0.31351	29388.2	9796.05
2598	0.17311	16227.8	5409.25
2599	0.22671	21251.5	5312.87
2600	0.34275	32129	5354.83
