#IID	F_ROH	ROH_length_kB	KBAVG
2551	0.19884	18666.1	6222.04
2552	0.37578	35276.5	8819.12
2553	0.44039	41342.2	10335.6
2554	0.31341	29421.7	9807.23
2555	0.46882	44011	11002.8
2556	0.21287	19983.2	4995.81
2557	0.27661	25967	5193.39
2558	0.48294	45336.9	9067.37
2559	0.10126	9506.04	4753.02
2560	0.22309	20943.2	5235.81
2561	0.31106	29201	7300.25
2562	0.11369	10673	5336.51
2563	0.26903	25255.3	6313.83
2564	0.36201	33984.2	6796.84
2565	0.26018	24424.5	12212.2
2566	0.26019	24425.8	4885.17
2567	0.19198	18022.3	9011.17
2568	0.41641	39090.7	7818.13
2569	0.41662	39110.4	13036.8
2570	0.23300	21873.2	5468.3
2571	0.37856	35538.1	7107.61
2572	0.22457	21081.9	5270.47
2573	0.34110	32020.8	8005.21
2574	0.45325	42549.6	8509.93
2575	0.06882	6460.88	3230.44
2576	0.32667	30666.2	6133.23
2577	0.30526	28657	7164.25
2578	0.48408	45443.8	11361
2579	0.25827	24245.8	8081.93
2580	0.11911	11181.2	11181.2
2581	0.15334	14395.3	4798.43
2582	0.11911	11181.2	11181.2
2583	0.73797	69277.7	23092.6
2584	0.17594	16516.9	5505.62
2585	0.26738	25101.1	6275.27
2586	0.23098	21683.2	7227.73
2587	0.17650	16569	5522.99
2588	0.62598	58764.9	11753
2589	0.16129	15141	5047
2590	0.17113	16064.6	5354.86
2591	0.44656	41921.3	6986.89
2592	0.37104	34832.1	8708.02
2593	0.31237	29323.7	5864.75
2594	0.10313	9681.65	4840.83
2595	0.40419	37943.9	7588.78
2596	0.27312	25639.5	6409.87
2597	0.03365	3158.57	3158.57
2598	0.30371	28511.1	7127.78
2599	0.40850	38348.7	7669.74
2600	0.30964	29067.6	7266.91
