#IID	F_ROH	ROH_length_kB	KBAVG
4551	0.18216	16826.6	4206.65
4552	0.42484	39242.9	9810.74
4553	0.26936	24880.8	6220.19
4554	0.43263	39962.5	5708.93
4555	0.00000	0	0
4556	0.31033	28665.7	7166.42
4557	0.24593	22716.4	7572.12
4558	0.20160	18622.1	6207.35
4559	0.44659	41251.9	8250.38
4560	0.51763	47813.9	9562.78
4561	0.31559	29151.1	5830.23
4562	0.51166	47262.5	9452.5
4563	0.22793	21054.6	10527.3
4564	0.34803	32147.9	6429.57
4565	0.13511	12480.6	4160.19
4566	0.51283	47370.5	6767.21
4567	0.30219	27913.7	5582.73
4568	0.48819	45094.4	7515.74
4569	0.26725	24686.1	6171.52
4570	0.55584	51343.9	7334.84
4571	0.33979	31386.6	5231.1
4572	0.35200	32514.4	5419.06
4573	0.66593	61512.8	15378.2
4574	0.29296	27060.8	4510.14
4575	0.54902	50713.6	6339.2
4576	0.42383	39150	4350
4577	0.00000	0	0
4578	0.46685	43123.9	10781
4579	0.38175	35262.9	5877.14
4580	0.27184	25110.3	12555.1
4581	0.18296	16900.5	5633.5
4582	0.52771	48744.8	12186.2
4583	0.28904	26699.1	4449.85
4584	0.58841	54352.4	9058.73
4585	0.37083	34254.3	5709.05
4586	0.42171	38954	6492.33
4587	0.29123	26901.2	6725.3
4588	0.02672	2467.9	2467.9
4589	0.26331	24322.6	4864.51
4590	0.23047	21288.5	5322.12
4591	0.51893	47934.3	15978.1
4592	0.12600	11639.2	3879.72
4593	0.48196	44519.4	7419.9
4594	0.33209	30675.4	7668.85
4595	0.20679	19101.1	6367.02
4596	0.17163	15853.8	3963.44
4597	0.25231	23306.6	5826.65
4598	0.44859	41436.9	5179.61
4599	0.50912	47028.3	6718.33
4600	0.16418	15165.6	5055.2
