CHR	POS	COUNT	FREQUENCY	Length_kb	Hotspot_interval
3	47500001	399	0.938824	100	[47500001,47600000]
3	47600001	412	0.969412	400	[47600001,48000000]
3	48000001	384	0.903529	600	[48000001,48600000]
3	47600000	399	0.938824	100	[47500001,47600000]
3	48000000	412	0.969412	400	[47600001,48000000]
3	48600000	384	0.903529	600	[48000001,48600000]
