CHR	POS	COUNT	FREQUENCY	Length_kb	Hotspot_interval
3	57300001	419	0.985882	800	[57300001,58100000]
3	58100001	418	0.983529	300	[58100001,58400000]
3	58100000	419	0.985882	800	[57300001,58100000]
3	58400000	418	0.983529	300	[58100001,58400000]
