CHR	POS	COUNT	FREQUENCY	Length_kb	Hotspot_interval
3	32400001	423	0.995294	900	[32400001,33300000]
3	33300001	413	0.971765	200	[33300001,33500000]
3	33300000	423	0.995294	900	[32400001,33300000]
3	33500000	413	0.971765	200	[33300001,33500000]
