CHR	POS	COUNT	FREQUENCY	Length_kb	Hotspot_interval
3	58700001	359	0.844706	300	[58700001,59000000]
3	59000001	386	0.908235	600	[59000001,59600000]
3	59600001	346	0.814118	300	[59600001,59900000]
3	59000000	359	0.844706	300	[58700001,59000000]
3	59600000	386	0.908235	600	[59000001,59600000]
3	59900000	346	0.814118	300	[59600001,59900000]
