CHR	POS	COUNT	FREQUENCY	Length_kb	Hotspot_interval
3	70500001	412	0.969412	200	[70500001,70700000]
3	70700001	415	0.976471	200	[70700001,70900000]
3	70900001	417	0.981176	200	[70900001,71100000]
3	71100001	401	0.943529	1100	[71100001,72200000]
3	70700000	412	0.969412	200	[70500001,70700000]
3	70900000	415	0.976471	200	[70700001,70900000]
3	71100000	417	0.981176	200	[70900001,71100000]
3	72200000	401	0.943529	1100	[71100001,72200000]
