CHR	POS	COUNT	FREQUENCY	Length_kb	Hotspot_interval
3	34100001	224	0.527059	100	[34100001,34200000]
3	37100001	224	0.527059	600	[37100001,37700000]
3	40100001	235	0.552941	400	[40100001,40500000]
3	34200000	224	0.527059	100	[34100001,34200000]
3	37700000	224	0.527059	600	[37100001,37700000]
3	40500000	235	0.552941	400	[40100001,40500000]
