CHR	POS	COUNT	FREQUENCY	Length_kb	Hotspot_interval
3	58700001	406	0.955294	300	[58700001,59000000]
3	59000001	407	0.957647	100	[59000001,59100000]
3	59100001	412	0.969412	300	[59100001,59400000]
3	59400001	416	0.978824	400	[59400001,59800000]
3	59000000	406	0.955294	300	[58700001,59000000]
3	59100000	407	0.957647	100	[59000001,59100000]
3	59400000	412	0.969412	300	[59100001,59400000]
3	59800000	416	0.978824	400	[59400001,59800000]
