CHR	POS	COUNT	FREQUENCY	Length_kb	Hotspot_interval
3	24300001	417	0.981176	800	[24300001,25100000]
3	25100001	403	0.948235	200	[25100001,25300000]
3	25100000	417	0.981176	800	[24300001,25100000]
3	25300000	403	0.948235	200	[25100001,25300000]
