CHR	POS	COUNT	FREQUENCY	Length_kb	Hotspot_interval
3	700001	421	0.990588	1000	[700001,1700000]
3	1700000	421	0.990588	1000	[700001,1700000]
