CHR	POS	COUNT	FREQUENCY	Length_kb	Hotspot_interval
3	65200001	425	1	800	[65200001,66000000]
3	66000001	415	0.976471	200	[66000001,66200000]
3	66000000	425	1	800	[65200001,66000000]
3	66200000	415	0.976471	200	[66000001,66200000]
