CHR	POS	COUNT	FREQUENCY	Length_kb	Hotspot_interval
3	26700001	422	0.992941	1000	[26700001,27700000]
3	27700000	422	0.992941	1000	[26700001,27700000]
