CHR	POS	COUNT	FREQUENCY	Length_kb	Hotspot_interval
3	51400001	412	0.969412	300	[51400001,51700000]
3	52000001	425	1	700	[52000001,52700000]
3	51700000	412	0.969412	300	[51400001,51700000]
3	52700000	425	1	700	[52000001,52700000]
