CHR	POS	COUNT	FREQUENCY	Length_kb	Hotspot_interval
3	51500001	423	0.995294	200	[51500001,51700000]
3	52000001	411	0.967059	600	[52000001,52600000]
3	52600001	413	0.971765	100	[52600001,52700000]
3	52700001	409	0.962353	600	[52700001,53300000]
3	51700000	423	0.995294	200	[51500001,51700000]
3	52600000	411	0.967059	600	[52000001,52600000]
3	52700000	413	0.971765	100	[52600001,52700000]
3	53300000	409	0.962353	600	[52700001,53300000]
