CHR	POS	COUNT	FREQUENCY	Length_kb	Hotspot_interval
3	87200001	421	0.990588	800	[87200001,88000000]
3	88700001	423	0.995294	900	[88700001,89600000]
3	88000000	421	0.990588	800	[87200001,88000000]
3	89600000	423	0.995294	900	[88700001,89600000]
