CHR	POS	COUNT	FREQUENCY	Length_kb	Hotspot_interval
3	76800001	420	0.988235	700	[76800001,77500000]
3	77500001	419	0.985882	700	[77500001,78200000]
3	77500000	420	0.988235	700	[76800001,77500000]
3	78200000	419	0.985882	700	[77500001,78200000]
