CHR	POS	COUNT	FREQUENCY	Length_kb	Hotspot_interval
3	18200001	332	0.781176	300	[18200001,18500000]
3	18500001	367	0.863529	300	[18500001,18800000]
3	18800001	355	0.835294	500	[18800001,19300000]
3	19300001	333	0.783529	100	[19300001,19400000]
3	18500000	332	0.781176	300	[18200001,18500000]
3	18800000	367	0.863529	300	[18500001,18800000]
3	19300000	355	0.835294	500	[18800001,19300000]
3	19400000	333	0.783529	100	[19300001,19400000]
