CHR	POS	COUNT	FREQUENCY	Length_kb	Hotspot_interval
3	76200001	416	0.978824	700	[76200001,76900000]
3	81400001	417	0.981176	500	[81400001,81900000]
3	76900000	416	0.978824	700	[76200001,76900000]
3	81900000	417	0.981176	500	[81400001,81900000]
