CHR	POS	COUNT	FREQUENCY	Length_kb	Hotspot_interval
3	27000001	419	0.985882	700	[27000001,27700000]
3	27700001	418	0.983529	1200	[27700001,28900000]
3	29500001	418	0.983529	900	[29500001,30400000]
3	27700000	419	0.985882	700	[27000001,27700000]
3	28900000	418	0.983529	1200	[27700001,28900000]
3	30400000	418	0.983529	900	[29500001,30400000]
