CHR	POS	COUNT	FREQUENCY	Length_kb	Hotspot_interval
3	42200001	392	0.922353	300	[42200001,42500000]
3	42500001	401	0.943529	700	[42500001,43200000]
3	42500000	392	0.922353	300	[42200001,42500000]
3	43200000	401	0.943529	700	[42500001,43200000]
