CHR	POS	COUNT	FREQUENCY	Length_kb	Hotspot_interval
3	17200001	398	0.936471	700	[17200001,17900000]
3	17900001	382	0.898824	100	[17900001,18000000]
3	18800001	353	0.830588	200	[18800001,19000000]
3	17900000	398	0.936471	700	[17200001,17900000]
3	18000000	382	0.898824	100	[17900001,18000000]
3	19000000	353	0.830588	200	[18800001,19000000]
