CHR	POS	COUNT	FREQUENCY	Length_kb	Hotspot_interval
3	63800001	423	0.995294	100	[63800001,63900000]
3	64900001	424	0.997647	900	[64900001,65800000]
3	63900000	423	0.995294	100	[63800001,63900000]
3	65800000	424	0.997647	900	[64900001,65800000]
