CHR	POS	COUNT	FREQUENCY	Length_kb	Hotspot_interval
3	8300001	424	0.997647	1000	[8300001,9300000]
3	9300000	424	0.997647	1000	[8300001,9300000]
