CHR	POS	COUNT	FREQUENCY	Length_kb	Hotspot_interval
3	14100001	425	1	900	[14100001,15000000]
3	15300001	417	0.981176	800	[15300001,16100000]
3	15000000	425	1	900	[14100001,15000000]
3	16100000	417	0.981176	800	[15300001,16100000]
