CHR	POS	COUNT	FREQUENCY	Length_kb	Hotspot_interval
3	46200001	424	0.997647	600	[46200001,46800000]
3	47400001	423	0.995294	900	[47400001,48300000]
3	46800000	424	0.997647	600	[46200001,46800000]
3	48300000	423	0.995294	900	[47400001,48300000]
