CHR	POS	COUNT	FREQUENCY	Length_kb	Hotspot_interval
3	43800001	421	0.990588	100	[43800001,43900000]
3	45100001	425	1	700	[45100001,45800000]
3	45800001	419	0.985882	800	[45800001,46600000]
3	43900000	421	0.990588	100	[43800001,43900000]
3	45800000	425	1	700	[45100001,45800000]
3	46600000	419	0.985882	800	[45800001,46600000]
