CHR	POS	COUNT	FREQUENCY	Length_kb	Hotspot_interval
3	50700001	387	0.910588	100	[50700001,50800000]
3	50800001	393	0.924706	100	[50800001,50900000]
3	50900001	394	0.927059	100	[50900001,51000000]
3	51000001	407	0.957647	700	[51000001,51700000]
3	50800000	387	0.910588	100	[50700001,50800000]
3	50900000	393	0.924706	100	[50800001,50900000]
3	51000000	394	0.927059	100	[50900001,51000000]
3	51700000	407	0.957647	700	[51000001,51700000]
