CHR	POS	COUNT	FREQUENCY	Length_kb	Hotspot_interval
3	55100001	422	0.992941	100	[55100001,55200000]
3	55200001	419	0.985882	600	[55200001,55800000]
3	55800001	425	1	400	[55800001,56200000]
3	57100001	421	0.990588	200	[57100001,57300000]
3	55200000	422	0.992941	100	[55100001,55200000]
3	55800000	419	0.985882	600	[55200001,55800000]
3	56200000	425	1	400	[55800001,56200000]
3	57300000	421	0.990588	200	[57100001,57300000]
