CHR	POS	COUNT	FREQUENCY	Length_kb	Hotspot_interval
3	2700001	422	0.992941	500	[2700001,3200000]
3	3200001	411	0.967059	200	[3200001,3400000]
3	3400001	388	0.912941	200	[3400001,3600000]
3	3600001	391	0.92	100	[3600001,3700000]
3	3200000	422	0.992941	500	[2700001,3200000]
3	3400000	411	0.967059	200	[3200001,3400000]
3	3600000	388	0.912941	200	[3400001,3600000]
3	3700000	391	0.92	100	[3600001,3700000]
